Team,Map,Year,Composition Key,Agent,Total Wins By Map,Total Loss By Map,Total Maps Played,Winrate,Context Played,Usage Ratio,Reliability,Effective Usage,Duelist Count,Initiator Count,Controller Count,Sentinel Count,Role Pattern,Pattern Played,Pattern Usage,Team Overall WR,Team Map WR,Agent Usage Mean,Agent Usage Min,Composition Strength
100 Thieves,Abyss,2024,cypher|gekko|jett|omen|sova,"['cypher', 'gekko', 'jett', 'omen', 'sova']",0,1,1,0.0,1,1.0,0.2181,0.2181,1,2,1,1,1D-2I-1C-1S,1,1.0,0.5263,0.4615,1.0,1.0,45.96
100 Thieves,Ascent,2024,jett|kayo|killjoy|omen|sova,"['jett', 'kayo', 'killjoy', 'omen', 'sova']",5,2,7,0.7142857142857143,7,1.0,0.6543,0.6543,1,2,1,1,1D-2I-1C-1S,7,1.0,0.5263,0.6111,1.0,1.0,65.81
100 Thieves,Bind,2024,brimstone|fade|gekko|raze|viper,"['brimstone', 'fade', 'gekko', 'raze', 'viper']",8,6,14,0.5714285714285714,14,1.0,0.8521,0.8521,1,2,2,0,1D-2I-2C-0S,14,1.0,0.5263,0.5946,1.0,1.0,53.3
100 Thieves,Breeze,2024,cypher|jett|kayo|sova|viper,"['cypher', 'jett', 'kayo', 'sova', 'viper']",3,0,3,1.0,3,1.0,0.4362,0.4362,1,2,1,1,1D-2I-1C-1S,3,1.0,0.5263,0.6,1.0,1.0,70.34
100 Thieves,Haven,2024,cypher|iso|omen|sova|yoru,"['cypher', 'iso', 'omen', 'sova', 'yoru']",1,0,1,1.0,3,0.3333,0.2181,0.0727,2,1,1,1,2D-1I-1C-1S,1,0.3333,0.5263,0.4815,0.6,0.3333,53.87
100 Thieves,Haven,2024,jett|kayo|killjoy|omen|sova,"['jett', 'kayo', 'killjoy', 'omen', 'sova']",0,2,2,0.0,3,0.6667,0.3457,0.2305,1,2,1,1,1D-2I-1C-1S,2,0.6667,0.5263,0.4815,0.8,0.6667,39.51
100 Thieves,Icebox,2024,gekko|jett|killjoy|sova|viper,"['gekko', 'jett', 'killjoy', 'sova', 'viper']",6,4,10,0.6,10,1.0,0.7545,0.7545,1,2,1,1,1D-2I-1C-1S,10,1.0,0.5263,0.5,1.0,1.0,56.41
100 Thieves,Lotus,2024,chamber|fade|omen|raze|viper,"['chamber', 'fade', 'omen', 'raze', 'viper']",0,1,1,0.0,5,0.2,0.2181,0.0436,1,1,2,1,1D-1I-2C-1S,5,1.0,0.5263,0.4286,0.84,0.2,37.74
100 Thieves,Lotus,2024,fade|killjoy|omen|raze|viper,"['fade', 'killjoy', 'omen', 'raze', 'viper']",1,3,4,0.25,5,0.8,0.5064,0.4051,1,1,2,1,1D-1I-2C-1S,5,1.0,0.5263,0.4286,0.96,0.8,37.05
100 Thieves,Split,2024,astra|breach|fade|raze|viper,"['astra', 'breach', 'fade', 'raze', 'viper']",1,0,1,1.0,8,0.125,0.2181,0.0273,1,2,2,0,1D-2I-2C-0S,8,1.0,0.5263,0.5667,0.825,0.125,60.95
100 Thieves,Split,2024,astra|fade|gekko|raze|viper,"['astra', 'fade', 'gekko', 'raze', 'viper']",4,3,7,0.5714285714285714,8,0.875,0.6543,0.5725,1,2,2,0,1D-2I-2C-0S,8,1.0,0.5263,0.5667,0.975,0.875,57.96
100 Thieves,Sunset,2024,cypher|fade|gekko|omen|raze,"['cypher', 'fade', 'gekko', 'omen', 'raze']",0,2,2,0.0,5,0.4,0.3457,0.1383,1,2,1,1,1D-2I-1C-1S,5,1.0,0.5263,0.3684,0.88,0.4,37.49
100 Thieves,Sunset,2024,cypher|gekko|omen|raze|sova,"['cypher', 'gekko', 'omen', 'raze', 'sova']",1,2,3,0.3333333333333333,5,0.6,0.4362,0.2617,1,2,1,1,1D-2I-1C-1S,5,1.0,0.5263,0.3684,0.92,0.6,40.96
All Gamers,Ascent,2024,jett|kayo|killjoy|omen|sova,"['jett', 'kayo', 'killjoy', 'omen', 'sova']",0,1,1,0.0,2,0.5,0.2181,0.109,1,2,1,1,1D-2I-1C-1S,1,0.5,0.44,0.3571,0.9,0.5,25.4
All Gamers,Ascent,2024,jett|killjoy|omen|reyna|sova,"['jett', 'killjoy', 'omen', 'reyna', 'sova']",0,1,1,0.0,2,0.5,0.2181,0.109,2,1,1,1,2D-1I-1C-1S,1,0.5,0.44,0.3571,0.9,0.5,43.1
All Gamers,Bind,2024,brimstone|gekko|raze|skye|viper,"['brimstone', 'gekko', 'raze', 'skye', 'viper']",1,1,2,0.5,2,1.0,0.3457,0.3457,1,2,2,0,1D-2I-2C-0S,2,1.0,0.44,0.4783,1.0,1.0,42.39
All Gamers,Breeze,2024,cypher|harbor|sova|viper|yoru,"['cypher', 'harbor', 'sova', 'viper', 'yoru']",1,2,3,0.3333333333333333,3,1.0,0.4362,0.4362,1,1,2,1,1D-1I-2C-1S,3,1.0,0.44,0.4667,1.0,1.0,43.32
All Gamers,Haven,2024,breach|cypher|jett|omen|sova,"['breach', 'cypher', 'jett', 'omen', 'sova']",1,2,3,0.3333333333333333,3,1.0,0.4362,0.4362,1,2,1,1,1D-2I-1C-1S,3,1.0,0.44,0.45,1.0,1.0,34.11
All Gamers,Icebox,2024,gekko|jett|kayo|killjoy|viper,"['gekko', 'jett', 'kayo', 'killjoy', 'viper']",2,1,3,0.6666666666666666,7,0.4286,0.4362,0.187,1,2,1,1,1D-2I-1C-1S,3,0.4286,0.44,0.4762,0.7714,0.4286,46.07
All Gamers,Icebox,2024,harbor|kayo|killjoy|raze|viper,"['harbor', 'kayo', 'killjoy', 'raze', 'viper']",0,4,4,0.0,7,0.5714,0.5064,0.2894,1,1,2,1,1D-1I-2C-1S,4,0.5714,0.44,0.4762,0.8286,0.5714,34.61
All Gamers,Lotus,2024,cypher|deadlock|fade|omen|raze,"['cypher', 'deadlock', 'fade', 'omen', 'raze']",0,1,1,0.0,3,0.3333,0.2181,0.0727,1,1,1,2,1D-1I-1C-2S,1,0.3333,0.44,0.5172,0.7333,0.3333,31.88
All Gamers,Lotus,2024,fade|killjoy|omen|raze|viper,"['fade', 'killjoy', 'omen', 'raze', 'viper']",2,0,2,1.0,3,0.6667,0.3457,0.2305,1,1,2,1,1D-1I-2C-1S,2,0.6667,0.44,0.5172,0.8667,0.6667,55.19
All Gamers,Split,2024,astra|breach|cypher|raze|skye,"['astra', 'breach', 'cypher', 'raze', 'skye']",1,0,1,1.0,1,1.0,0.2181,0.2181,1,2,1,1,1D-2I-1C-1S,1,1.0,0.44,0.5417,1.0,1.0,41.04
All Gamers,Sunset,2024,breach|cypher|gekko|omen|raze,"['breach', 'cypher', 'gekko', 'omen', 'raze']",2,3,5,0.4,10,0.5,0.5638,0.2819,1,2,1,1,1D-2I-1C-1S,10,1.0,0.44,0.4348,0.9,0.5,34.2
All Gamers,Sunset,2024,breach|cypher|omen|raze|sova,"['breach', 'cypher', 'omen', 'raze', 'sova']",1,4,5,0.2,10,0.5,0.5638,0.2819,1,2,1,1,1D-2I-1C-1S,10,1.0,0.44,0.4348,0.9,0.5,29.2
BBL Esports,Ascent,2024,cypher|jett|kayo|omen|sova,"['cypher', 'jett', 'kayo', 'omen', 'sova']",1,2,3,0.3333333333333333,6,0.5,0.4362,0.2181,1,2,1,1,1D-2I-1C-1S,6,1.0,0.5039,0.4231,0.9,0.5,34.98
BBL Esports,Ascent,2024,jett|kayo|killjoy|omen|sova,"['jett', 'kayo', 'killjoy', 'omen', 'sova']",0,3,3,0.0,6,0.5,0.4362,0.2181,1,2,1,1,1D-2I-1C-1S,6,1.0,0.5039,0.4231,0.9,0.5,29.42
BBL Esports,Bind,2024,breach|brimstone|raze|skye|viper,"['breach', 'brimstone', 'raze', 'skye', 'viper']",1,3,4,0.25,5,0.8,0.5064,0.4051,1,2,2,0,1D-2I-2C-0S,5,1.0,0.5039,0.4211,0.92,0.8,44.75
BBL Esports,Bind,2024,brimstone|fade|gekko|raze|viper,"['brimstone', 'fade', 'gekko', 'raze', 'viper']",1,0,1,1.0,5,0.2,0.2181,0.0436,1,2,2,0,1D-2I-2C-0S,5,1.0,0.5039,0.4211,0.68,0.2,53.14
BBL Esports,Breeze,2024,cypher|jett|kayo|sova|viper,"['cypher', 'jett', 'kayo', 'sova', 'viper']",0,1,1,0.0,2,0.5,0.2181,0.109,1,2,1,1,1D-2I-1C-1S,1,0.5,0.5039,0.5263,0.8,0.5,39.62
BBL Esports,Breeze,2024,cypher|omen|sova|viper|yoru,"['cypher', 'omen', 'sova', 'viper', 'yoru']",1,0,1,1.0,2,0.5,0.2181,0.109,1,1,2,1,1D-1I-2C-1S,1,0.5,0.5039,0.5263,0.8,0.5,66.41
BBL Esports,Icebox,2024,killjoy|omen|sage|sova|viper,"['killjoy', 'omen', 'sage', 'sova', 'viper']",1,1,2,0.5,2,1.0,0.3457,0.3457,0,1,2,2,0D-1I-2C-2S,2,1.0,0.5039,0.55,1.0,1.0,48.11
BBL Esports,Lotus,2024,breach|cypher|fade|neon|omen,"['breach', 'cypher', 'fade', 'neon', 'omen']",1,1,2,0.5,4,0.5,0.3457,0.1728,1,2,1,1,1D-2I-1C-1S,4,1.0,0.5039,0.5217,0.9,0.5,48.28
BBL Esports,Lotus,2024,breach|cypher|fade|omen|raze,"['breach', 'cypher', 'fade', 'omen', 'raze']",0,2,2,0.0,4,0.5,0.3457,0.1728,1,2,1,1,1D-2I-1C-1S,4,1.0,0.5039,0.5217,0.9,0.5,43.2
BBL Esports,Split,2024,breach|omen|raze|skye|viper,"['breach', 'omen', 'raze', 'skye', 'viper']",2,1,3,0.6666666666666666,3,1.0,0.4362,0.4362,1,2,2,0,1D-2I-2C-0S,3,1.0,0.5039,0.5,1.0,1.0,56.0
BBL Esports,Sunset,2024,breach|cypher|gekko|omen|raze,"['breach', 'cypher', 'gekko', 'omen', 'raze']",0,1,1,0.0,6,0.1667,0.2181,0.0364,1,2,1,1,1D-2I-1C-1S,6,1.0,0.5039,0.5238,0.7667,0.1667,44.82
BBL Esports,Sunset,2024,cypher|gekko|kayo|omen|raze,"['cypher', 'gekko', 'kayo', 'omen', 'raze']",3,1,4,0.75,6,0.6667,0.5064,0.3376,1,2,1,1,1D-2I-1C-1S,6,1.0,0.5039,0.5238,0.9,0.8333,53.53
BBL Esports,Sunset,2024,cypher|kayo|neon|omen|sova,"['cypher', 'kayo', 'neon', 'omen', 'sova']",0,1,1,0.0,6,0.1667,0.2181,0.0364,1,2,1,1,1D-2I-1C-1S,6,1.0,0.5039,0.5238,0.6333,0.1667,44.82
BLEED,Ascent,2024,jett|kayo|killjoy|omen|sova,"['jett', 'kayo', 'killjoy', 'omen', 'sova']",3,3,6,0.5,6,1.0,0.6123,0.6123,1,2,1,1,1D-2I-1C-1S,6,1.0,0.3171,0.5,1.0,1.0,44.47
BLEED,Bind,2024,breach|brimstone|cypher|gekko|raze,"['breach', 'brimstone', 'cypher', 'gekko', 'raze']",0,1,1,0.0,4,0.25,0.2181,0.0545,1,2,1,1,1D-2I-1C-1S,1,0.25,0.3171,0.3571,0.7,0.25,32.05
BLEED,Bind,2024,brimstone|cypher|deadlock|raze|skye,"['brimstone', 'cypher', 'deadlock', 'raze', 'skye']",0,1,1,0.0,4,0.25,0.2181,0.0545,1,1,1,2,1D-1I-1C-2S,1,0.25,0.3171,0.3571,0.7,0.25,37.19
BLEED,Bind,2024,brimstone|gekko|raze|skye|viper,"['brimstone', 'gekko', 'raze', 'skye', 'viper']",0,2,2,0.0,4,0.5,0.3457,0.1728,1,2,2,0,1D-2I-2C-0S,2,0.5,0.3171,0.3571,0.8,0.5,28.31
BLEED,Breeze,2024,cypher|jett|sova|viper|yoru,"['cypher', 'jett', 'sova', 'viper', 'yoru']",0,1,1,0.0,2,0.5,0.2181,0.109,2,1,1,1,2D-1I-1C-1S,1,0.5,0.3171,0.4167,0.7,0.5,40.32
BLEED,Breeze,2024,harbor|neon|skye|sova|viper,"['harbor', 'neon', 'skye', 'sova', 'viper']",0,1,1,0.0,2,0.5,0.2181,0.109,1,2,2,0,1D-2I-2C-0S,1,0.5,0.3171,0.4167,0.7,0.5,32.82
BLEED,Icebox,2024,gekko|harbor|jett|kayo|killjoy,"['gekko', 'harbor', 'jett', 'kayo', 'killjoy']",0,1,1,0.0,4,0.25,0.2181,0.0545,1,2,1,1,1D-2I-1C-1S,3,0.75,0.3171,0.4286,0.75,0.5,27.12
BLEED,Icebox,2024,gekko|jett|kayo|killjoy|viper,"['gekko', 'jett', 'kayo', 'killjoy', 'viper']",0,1,1,0.0,4,0.25,0.2181,0.0545,1,2,1,1,1D-2I-1C-1S,3,0.75,0.3171,0.4286,0.8,0.5,27.12
BLEED,Icebox,2024,harbor|jett|killjoy|sova|viper,"['harbor', 'jett', 'killjoy', 'sova', 'viper']",1,0,1,1.0,4,0.25,0.2181,0.0545,1,1,2,1,1D-1I-2C-1S,1,0.25,0.3171,0.4286,0.75,0.5,48.47
BLEED,Icebox,2024,jett|kayo|killjoy|sova|viper,"['jett', 'kayo', 'killjoy', 'sova', 'viper']",0,1,1,0.0,4,0.25,0.2181,0.0545,1,2,1,1,1D-2I-1C-1S,3,0.75,0.3171,0.4286,0.8,0.5,27.12
BLEED,Lotus,2024,breach|killjoy|neon|omen|sova,"['breach', 'killjoy', 'neon', 'omen', 'sova']",1,0,1,1.0,7,0.1429,0.2181,0.0312,1,2,1,1,1D-2I-1C-1S,2,0.2857,0.3171,0.4118,0.4857,0.1429,43.45
BLEED,Lotus,2024,breach|killjoy|omen|raze|skye,"['breach', 'killjoy', 'omen', 'raze', 'skye']",0,1,1,0.0,7,0.1429,0.2181,0.0312,1,2,1,1,1D-2I-1C-1S,2,0.2857,0.3171,0.4118,0.6286,0.1429,37.2
BLEED,Lotus,2024,cypher|fade|omen|raze|viper,"['cypher', 'fade', 'omen', 'raze', 'viper']",0,1,1,0.0,7,0.1429,0.2181,0.0312,1,1,2,1,1D-1I-2C-1S,5,0.7143,0.3171,0.4118,0.6857,0.1429,30.96
BLEED,Lotus,2024,fade|killjoy|omen|raze|viper,"['fade', 'killjoy', 'omen', 'raze', 'viper']",1,3,4,0.25,7,0.5714,0.5064,0.2894,1,1,2,1,1D-1I-2C-1S,5,0.7143,0.3171,0.4118,0.8286,0.7143,31.34
BLEED,Split,2024,cypher|deadlock|fade|omen|raze,"['cypher', 'deadlock', 'fade', 'omen', 'raze']",0,1,1,0.0,3,0.3333,0.2181,0.0727,1,1,1,2,1D-1I-1C-2S,1,0.3333,0.3171,0.4615,0.6667,0.3333,37.19
BLEED,Split,2024,cypher|omen|raze|skye|viper,"['cypher', 'omen', 'raze', 'skye', 'viper']",0,1,1,0.0,3,0.3333,0.2181,0.0727,1,1,2,1,1D-1I-2C-1S,1,0.3333,0.3171,0.4615,0.8,0.6667,33.7
BLEED,Split,2024,jett|omen|raze|skye|viper,"['jett', 'omen', 'raze', 'skye', 'viper']",1,0,1,1.0,3,0.3333,0.2181,0.0727,2,1,2,0,2D-1I-2C-0S,1,0.3333,0.3171,0.4615,0.7333,0.3333,61.56
BLEED,Sunset,2024,cypher|gekko|kayo|omen|raze,"['cypher', 'gekko', 'kayo', 'omen', 'raze']",0,1,1,0.0,5,0.2,0.2181,0.0436,1,2,1,1,1D-2I-1C-1S,4,0.8,0.3171,0.4,0.76,0.2,31.88
BLEED,Sunset,2024,cypher|jett|kayo|omen|sova,"['cypher', 'jett', 'kayo', 'omen', 'sova']",1,0,1,1.0,5,0.2,0.2181,0.0436,1,2,1,1,1D-2I-1C-1S,4,0.8,0.3171,0.4,0.76,0.2,38.13
BLEED,Sunset,2024,cypher|kayo|omen|raze|sova,"['cypher', 'kayo', 'omen', 'raze', 'sova']",0,2,2,0.0,5,0.4,0.3457,0.1383,1,2,1,1,1D-2I-1C-1S,4,0.8,0.3171,0.4,0.88,0.8,30.01
BLEED,Sunset,2024,cypher|omen|raze|sova|viper,"['cypher', 'omen', 'raze', 'sova', 'viper']",0,1,1,0.0,5,0.2,0.2181,0.0436,1,1,2,1,1D-1I-2C-1S,1,0.2,0.3171,0.4,0.76,0.2,33.7
Bilibili Gaming,Ascent,2024,jett|kayo|killjoy|omen|sova,"['jett', 'kayo', 'killjoy', 'omen', 'sova']",3,2,5,0.6,5,1.0,0.5638,0.5638,1,2,1,1,1D-2I-1C-1S,5,1.0,0.5212,0.5455,1.0,1.0,56.06
Bilibili Gaming,Bind,2024,brimstone|cypher|gekko|viper|yoru,"['brimstone', 'cypher', 'gekko', 'viper', 'yoru']",0,2,2,0.0,9,0.2222,0.3457,0.0768,1,1,2,1,1D-1I-2C-1S,8,0.8889,0.5212,0.4828,0.6889,0.2222,45.22
Bilibili Gaming,Bind,2024,brimstone|cypher|raze|skye|viper,"['brimstone', 'cypher', 'raze', 'skye', 'viper']",4,2,6,0.6666666666666666,9,0.6667,0.6123,0.4082,1,1,2,1,1D-1I-2C-1S,8,0.8889,0.5212,0.4828,0.8889,0.7778,55.16
Bilibili Gaming,Bind,2024,brimstone|gekko|raze|skye|viper,"['brimstone', 'gekko', 'raze', 'skye', 'viper']",0,1,1,0.0,9,0.1111,0.2181,0.0242,1,2,2,0,1D-2I-2C-0S,1,0.1111,0.5212,0.4828,0.7778,0.3333,46.88
Bilibili Gaming,Breeze,2024,cypher|omen|sova|viper|yoru,"['cypher', 'omen', 'sova', 'viper', 'yoru']",0,1,1,0.0,1,1.0,0.2181,0.2181,1,1,2,1,1D-1I-2C-1S,1,1.0,0.5212,0.5,1.0,1.0,41.01
Bilibili Gaming,Haven,2024,breach|cypher|jett|omen|sova,"['breach', 'cypher', 'jett', 'omen', 'sova']",0,1,1,0.0,1,1.0,0.2181,0.2181,1,2,1,1,1D-2I-1C-1S,1,1.0,0.5212,0.4074,1.0,1.0,36.86
Bilibili Gaming,Icebox,2024,harbor|jett|killjoy|sova|viper,"['harbor', 'jett', 'killjoy', 'sova', 'viper']",2,3,5,0.4,10,0.5,0.5638,0.2819,1,1,2,1,1D-1I-2C-1S,5,0.5,0.5212,0.5517,0.84,0.5,56.14
Bilibili Gaming,Icebox,2024,jett|kayo|killjoy|sage|viper,"['jett', 'kayo', 'killjoy', 'sage', 'viper']",2,1,3,0.6666666666666666,10,0.3,0.4362,0.1309,1,1,1,2,1D-1I-1C-2S,3,0.3,0.5212,0.5517,0.72,0.3,60.93
Bilibili Gaming,Icebox,2024,jett|killjoy|reyna|sova|viper,"['jett', 'killjoy', 'reyna', 'sova', 'viper']",1,1,2,0.5,10,0.2,0.3457,0.0691,2,1,1,1,2D-1I-1C-1S,2,0.2,0.5212,0.5517,0.78,0.2,56.59
Bilibili Gaming,Lotus,2024,breach|cypher|fade|neon|omen,"['breach', 'cypher', 'fade', 'neon', 'omen']",0,1,1,0.0,11,0.0909,0.2181,0.0198,1,2,1,1,1D-2I-1C-1S,4,0.3636,0.5212,0.5263,0.6,0.1818,40.47
Bilibili Gaming,Lotus,2024,breach|cypher|fade|omen|raze,"['breach', 'cypher', 'fade', 'omen', 'raze']",1,2,3,0.3333333333333333,11,0.2727,0.4362,0.119,1,2,1,1,1D-2I-1C-1S,4,0.3636,0.5212,0.5263,0.7273,0.3636,41.53
Bilibili Gaming,Lotus,2024,breach|fade|neon|omen|viper,"['breach', 'fade', 'neon', 'omen', 'viper']",0,1,1,0.0,11,0.0909,0.2181,0.0198,1,2,2,0,1D-2I-2C-0S,1,0.0909,0.5212,0.5263,0.6545,0.1818,43.76
Bilibili Gaming,Lotus,2024,fade|killjoy|omen|raze|viper,"['fade', 'killjoy', 'omen', 'raze', 'viper']",4,2,6,0.6666666666666666,11,0.5455,0.6123,0.334,1,1,2,1,1D-1I-2C-1S,6,0.5455,0.5212,0.5263,0.8,0.5455,58.97
Bilibili Gaming,Split,2024,cypher|omen|raze|skye|viper,"['cypher', 'omen', 'raze', 'skye', 'viper']",1,1,2,0.5,2,1.0,0.3457,0.3457,1,1,2,1,1D-1I-2C-1S,2,1.0,0.5212,0.3684,1.0,1.0,45.61
Bilibili Gaming,Sunset,2024,breach|cypher|fade|omen|raze,"['breach', 'cypher', 'fade', 'omen', 'raze']",1,2,3,0.3333333333333333,6,0.5,0.4362,0.2181,1,2,1,1,1D-2I-1C-1S,3,0.5,0.5212,0.5217,0.7,0.5,47.4
Bilibili Gaming,Sunset,2024,chamber|gekko|omen|raze|sage,"['chamber', 'gekko', 'omen', 'raze', 'sage']",2,1,3,0.6666666666666666,6,0.5,0.4362,0.2181,1,1,1,2,1D-1I-1C-2S,3,0.5,0.5212,0.5217,0.7,0.5,60.93
Cloud9,Abyss,2024,jett|kayo|killjoy|omen|sova,"['jett', 'kayo', 'killjoy', 'omen', 'sova']",0,1,1,0.0,1,1.0,0.2181,0.2181,1,2,1,1,1D-2I-1C-1S,1,1.0,0.4711,0.4,1.0,1.0,38.3
Cloud9,Ascent,2024,cypher|jett|kayo|omen|sova,"['cypher', 'jett', 'kayo', 'omen', 'sova']",0,1,1,0.0,8,0.125,0.2181,0.0273,1,2,1,1,1D-2I-1C-1S,7,0.875,0.4711,0.3333,0.775,0.125,27.03
Cloud9,Ascent,2024,jett|kayo|killjoy|omen|sova,"['jett', 'kayo', 'killjoy', 'omen', 'sova']",1,5,6,0.16666666666666666,8,0.75,0.6123,0.4592,1,2,1,1,1D-2I-1C-1S,7,0.875,0.4711,0.3333,0.925,0.875,25.36
Cloud9,Ascent,2024,jett|killjoy|omen|skye|viper,"['jett', 'killjoy', 'omen', 'skye', 'viper']",0,1,1,0.0,8,0.125,0.2181,0.0273,1,1,2,1,1D-1I-2C-1S,1,0.125,0.4711,0.3333,0.625,0.125,45.72
Cloud9,Bind,2024,brimstone|cypher|raze|skye|viper,"['brimstone', 'cypher', 'raze', 'skye', 'viper']",1,2,3,0.3333333333333333,5,0.6,0.4362,0.2617,1,1,2,1,1D-1I-2C-1S,3,0.6,0.4711,0.5263,0.92,0.6,51.46
Cloud9,Bind,2024,brimstone|raze|skye|viper|yoru,"['brimstone', 'raze', 'skye', 'viper', 'yoru']",1,1,2,0.5,5,0.4,0.3457,0.1383,2,1,2,0,2D-1I-2C-0S,2,0.4,0.4711,0.5263,0.88,0.4,48.22
Cloud9,Haven,2024,breach|gekko|jett|killjoy|omen,"['breach', 'gekko', 'jett', 'killjoy', 'omen']",0,1,1,0.0,2,0.5,0.2181,0.109,1,2,1,1,1D-2I-1C-1S,2,1.0,0.4711,0.4783,0.9,0.5,32.83
Cloud9,Haven,2024,breach|jett|killjoy|omen|sova,"['breach', 'jett', 'killjoy', 'omen', 'sova']",0,1,1,0.0,2,0.5,0.2181,0.109,1,2,1,1,1D-2I-1C-1S,2,1.0,0.4711,0.4783,0.9,0.5,32.83
Cloud9,Icebox,2024,gekko|killjoy|reyna|sova|viper,"['gekko', 'killjoy', 'reyna', 'sova', 'viper']",2,1,3,0.6666666666666666,6,0.5,0.4362,0.2181,1,2,1,1,1D-2I-1C-1S,3,0.5,0.4711,0.55,0.8,0.5,48.94
Cloud9,Icebox,2024,jett|killjoy|sage|sova|viper,"['jett', 'killjoy', 'sage', 'sova', 'viper']",2,1,3,0.6666666666666666,6,0.5,0.4362,0.2181,1,1,1,2,1D-1I-1C-2S,3,0.5,0.4711,0.55,0.8,0.5,54.99
Cloud9,Lotus,2024,breach|cypher|gekko|omen|raze,"['breach', 'cypher', 'gekko', 'omen', 'raze']",0,1,1,0.0,7,0.1429,0.2181,0.0312,1,2,1,1,1D-2I-1C-1S,2,0.2857,0.4711,0.4688,0.6571,0.1429,41.16
Cloud9,Lotus,2024,clove|gekko|killjoy|omen|raze,"['clove', 'gekko', 'killjoy', 'omen', 'raze']",1,0,1,1.0,7,0.1429,0.2181,0.0312,1,1,2,1,1D-1I-2C-1S,5,0.7143,0.4711,0.4688,0.8,0.1429,52.57
Cloud9,Lotus,2024,fade|gekko|killjoy|omen|raze,"['fade', 'gekko', 'killjoy', 'omen', 'raze']",1,0,1,1.0,7,0.1429,0.2181,0.0312,1,2,1,1,1D-2I-1C-1S,2,0.2857,0.4711,0.4688,0.8,0.1429,47.41
Cloud9,Lotus,2024,gekko|killjoy|omen|raze|viper,"['gekko', 'killjoy', 'omen', 'raze', 'viper']",2,2,4,0.5,7,0.5714,0.5064,0.2894,1,1,2,1,1D-1I-2C-1S,5,0.7143,0.4711,0.4688,0.8857,0.5714,49.54
Cloud9,Split,2024,astra|killjoy|raze|skye|viper,"['astra', 'killjoy', 'raze', 'skye', 'viper']",0,1,1,0.0,4,0.25,0.2181,0.0545,1,1,2,1,1D-1I-2C-1S,4,1.0,0.4711,0.5909,0.7,0.25,53.98
Cloud9,Split,2024,cypher|omen|raze|skye|viper,"['cypher', 'omen', 'raze', 'skye', 'viper']",1,2,3,0.3333333333333333,4,0.75,0.4362,0.3272,1,1,2,1,1D-1I-2C-1S,4,1.0,0.4711,0.5909,0.9,0.75,53.54
Cloud9,Sunset,2024,clove|cypher|omen|raze|skye,"['clove', 'cypher', 'omen', 'raze', 'skye']",1,0,1,1.0,5,0.2,0.2181,0.0436,1,1,2,1,1D-1I-2C-1S,4,0.8,0.4711,0.6,0.8,0.2,68.96
Cloud9,Sunset,2024,cypher|omen|raze|skye|viper,"['cypher', 'omen', 'raze', 'skye', 'viper']",3,0,3,1.0,5,0.6,0.4362,0.2617,1,1,2,1,1D-1I-2C-1S,4,0.8,0.4711,0.6,0.92,0.8,72.41
Cloud9,Sunset,2024,omen|raze|skye|viper|yoru,"['omen', 'raze', 'skye', 'viper', 'yoru']",0,1,1,0.0,5,0.2,0.2181,0.0436,2,1,2,0,2D-1I-2C-0S,1,0.2,0.4711,0.6,0.8,0.2,40.55
DRX,Abyss,2024,cypher|jett|kayo|omen|sova,"['cypher', 'jett', 'kayo', 'omen', 'sova']",5,1,6,0.8333333333333334,6,1.0,0.6123,0.6123,1,2,1,1,1D-2I-1C-1S,6,1.0,0.5844,0.7273,1.0,1.0,74.64
DRX,Ascent,2024,cypher|jett|kayo|omen|sova,"['cypher', 'jett', 'kayo', 'omen', 'sova']",0,2,2,0.0,9,0.2222,0.3457,0.0768,1,2,1,1,1D-2I-1C-1S,7,0.7778,0.5844,0.6296,0.8444,0.4444,57.72
DRX,Ascent,2024,cypher|jett|kayo|omen|viper,"['cypher', 'jett', 'kayo', 'omen', 'viper']",1,1,2,0.5,9,0.2222,0.3457,0.0768,1,1,2,1,1D-1I-2C-1S,2,0.2222,0.5844,0.6296,0.7333,0.2222,56.97
DRX,Ascent,2024,jett|kayo|killjoy|omen|sova,"['jett', 'kayo', 'killjoy', 'omen', 'sova']",4,1,5,0.8,9,0.5556,0.5638,0.3132,1,2,1,1,1D-2I-1C-1S,7,0.7778,0.5844,0.6296,0.8667,0.5556,66.95
DRX,Bind,2024,brimstone|cypher|gekko|viper|yoru,"['brimstone', 'cypher', 'gekko', 'viper', 'yoru']",0,1,1,0.0,10,0.1,0.2181,0.0218,1,1,2,1,1D-1I-2C-1S,7,0.7,0.5844,0.5667,0.64,0.1,58.95
DRX,Bind,2024,brimstone|cypher|kayo|raze|viper,"['brimstone', 'cypher', 'kayo', 'raze', 'viper']",4,1,5,0.8,10,0.5,0.5638,0.2819,1,1,2,1,1D-1I-2C-1S,7,0.7,0.5844,0.5667,0.82,0.5,67.16
DRX,Bind,2024,brimstone|cypher|raze|skye|viper,"['brimstone', 'cypher', 'raze', 'skye', 'viper']",0,1,1,0.0,10,0.1,0.2181,0.0218,1,1,2,1,1D-1I-2C-1S,7,0.7,0.5844,0.5667,0.74,0.1,58.95
DRX,Bind,2024,brimstone|fade|gekko|raze|viper,"['brimstone', 'fade', 'gekko', 'raze', 'viper']",2,1,3,0.6666666666666666,10,0.3,0.4362,0.1309,1,2,2,0,1D-2I-2C-0S,3,0.3,0.5844,0.5667,0.72,0.3,52.79
DRX,Breeze,2024,astra|cypher|jett|sova|viper,"['astra', 'cypher', 'jett', 'sova', 'viper']",2,0,2,1.0,4,0.5,0.3457,0.1728,1,1,2,1,1D-1I-2C-1S,2,0.5,0.5844,0.5714,0.9,0.5,70.2
DRX,Breeze,2024,cypher|jett|sova|viper|yoru,"['cypher', 'jett', 'sova', 'viper', 'yoru']",1,1,2,0.5,4,0.5,0.3457,0.1728,2,1,1,1,2D-1I-1C-1S,2,0.5,0.5844,0.5714,0.9,0.5,56.54
DRX,Haven,2024,breach|cypher|jett|omen|sova,"['breach', 'cypher', 'jett', 'omen', 'sova']",3,3,6,0.5,7,0.8571,0.6123,0.5248,1,2,1,1,1D-2I-1C-1S,6,0.8571,0.5844,0.5385,0.9714,0.8571,56.03
DRX,Haven,2024,clove|cypher|jett|omen|sova,"['clove', 'cypher', 'jett', 'omen', 'sova']",1,0,1,1.0,7,0.1429,0.2181,0.0312,1,1,2,1,1D-1I-2C-1S,1,0.1429,0.5844,0.5385,0.8286,0.1429,56.35
DRX,Icebox,2024,clove|jett|kayo|killjoy|viper,"['clove', 'jett', 'kayo', 'killjoy', 'viper']",3,1,4,0.75,7,0.5714,0.5064,0.2894,1,1,2,1,1D-1I-2C-1S,4,0.5714,0.5844,0.5,0.8571,0.5714,61.99
DRX,Icebox,2024,gekko|jett|killjoy|sova|viper,"['gekko', 'jett', 'killjoy', 'sova', 'viper']",1,1,2,0.5,7,0.2857,0.3457,0.0988,1,2,1,1,1D-2I-1C-1S,3,0.4286,0.5844,0.5,0.7429,0.2857,46.98
DRX,Icebox,2024,jett|kayo|killjoy|sova|viper,"['jett', 'kayo', 'killjoy', 'sova', 'viper']",0,1,1,0.0,7,0.1429,0.2181,0.0312,1,2,1,1,1D-2I-1C-1S,3,0.4286,0.5844,0.5,0.8286,0.4286,43.66
DRX,Lotus,2024,breach|chamber|fade|neon|omen,"['breach', 'chamber', 'fade', 'neon', 'omen']",0,2,2,0.0,9,0.2222,0.3457,0.0768,1,2,1,1,1D-2I-1C-1S,2,0.2222,0.5844,0.5,0.5778,0.2222,41.1
DRX,Lotus,2024,chamber|fade|omen|raze|viper,"['chamber', 'fade', 'omen', 'raze', 'viper']",2,0,2,1.0,9,0.2222,0.3457,0.0768,1,1,2,1,1D-1I-2C-1S,7,0.7778,0.5844,0.5,0.8,0.4444,67.7
DRX,Lotus,2024,cypher|fade|omen|raze|viper,"['cypher', 'fade', 'omen', 'raze', 'viper']",0,1,1,0.0,9,0.1111,0.2181,0.0242,1,1,2,1,1D-1I-2C-1S,7,0.7778,0.5844,0.5,0.7333,0.1111,59.44
DRX,Lotus,2024,fade|killjoy|omen|raze|viper,"['fade', 'killjoy', 'omen', 'raze', 'viper']",3,1,4,0.75,9,0.4444,0.5064,0.225,1,1,2,1,1D-1I-2C-1S,7,0.7778,0.5844,0.5,0.8,0.4444,64.33
DRX,Split,2024,breach|cypher|omen|raze|viper,"['breach', 'cypher', 'omen', 'raze', 'viper']",1,0,1,1.0,5,0.2,0.2181,0.0436,1,1,2,1,1D-1I-2C-1S,5,1.0,0.5844,0.5789,0.76,0.2,62.17
DRX,Split,2024,clove|cypher|omen|raze|skye,"['clove', 'cypher', 'omen', 'raze', 'skye']",0,2,2,0.0,5,0.4,0.3457,0.1383,1,1,2,1,1D-1I-2C-1S,5,1.0,0.5844,0.5789,0.84,0.4,52.63
DRX,Split,2024,cypher|omen|raze|skye|viper,"['cypher', 'omen', 'raze', 'skye', 'viper']",2,0,2,1.0,5,0.4,0.3457,0.1383,1,1,2,1,1D-1I-2C-1S,5,1.0,0.5844,0.5789,0.88,0.6,64.4
DRX,Sunset,2024,breach|cypher|gekko|omen|raze,"['breach', 'cypher', 'gekko', 'omen', 'raze']",0,1,1,0.0,7,0.1429,0.2181,0.0312,1,2,1,1,1D-2I-1C-1S,6,0.8571,0.5844,0.4211,0.6857,0.2857,38.21
DRX,Sunset,2024,breach|cypher|jett|omen|sova,"['breach', 'cypher', 'jett', 'omen', 'sova']",0,1,1,0.0,7,0.1429,0.2181,0.0312,1,2,1,1,1D-2I-1C-1S,6,0.8571,0.5844,0.4211,0.6857,0.1429,38.21
DRX,Sunset,2024,breach|cypher|neon|omen|sova,"['breach', 'cypher', 'neon', 'omen', 'sova']",1,2,3,0.3333333333333333,7,0.4286,0.4362,0.187,1,2,1,1,1D-2I-1C-1S,6,0.8571,0.5844,0.4211,0.7429,0.4286,39.52
DRX,Sunset,2024,cypher|fade|omen|raze|viper,"['cypher', 'fade', 'omen', 'raze', 'viper']",1,0,1,1.0,7,0.1429,0.2181,0.0312,1,1,2,1,1D-1I-2C-1S,1,0.1429,0.5844,0.4211,0.5429,0.1429,65.46
DRX,Sunset,2024,cypher|gekko|kayo|omen|raze,"['cypher', 'gekko', 'kayo', 'omen', 'raze']",0,1,1,0.0,7,0.1429,0.2181,0.0312,1,2,1,1,1D-2I-1C-1S,6,0.8571,0.5844,0.4211,0.5714,0.1429,38.21
DetonatioN FocusMe,Ascent,2024,cypher|kayo|omen|raze|viper,"['cypher', 'kayo', 'omen', 'raze', 'viper']",1,2,3,0.3333333333333333,6,0.5,0.4362,0.2181,1,1,2,1,1D-1I-2C-1S,3,0.5,0.3679,0.4762,0.7,0.5,33.53
DetonatioN FocusMe,Ascent,2024,jett|kayo|killjoy|omen|sova,"['jett', 'kayo', 'killjoy', 'omen', 'sova']",2,1,3,0.6666666666666666,6,0.5,0.4362,0.2181,1,2,1,1,1D-2I-1C-1S,3,0.5,0.3679,0.4762,0.7,0.5,43.51
DetonatioN FocusMe,Breeze,2024,cypher|harbor|sova|viper|yoru,"['cypher', 'harbor', 'sova', 'viper', 'yoru']",0,2,2,0.0,3,0.6667,0.3457,0.2305,1,1,2,1,1D-1I-2C-1S,3,1.0,0.3679,0.4,0.9333,0.6667,29.61
DetonatioN FocusMe,Breeze,2024,cypher|omen|sova|viper|yoru,"['cypher', 'omen', 'sova', 'viper', 'yoru']",1,0,1,1.0,3,0.3333,0.2181,0.0727,1,1,2,1,1D-1I-2C-1S,3,1.0,0.3679,0.4,0.8667,0.3333,37.72
DetonatioN FocusMe,Haven,2024,breach|jett|killjoy|omen|sova,"['breach', 'jett', 'killjoy', 'omen', 'sova']",0,2,2,0.0,2,1.0,0.3457,0.3457,1,2,1,1,1D-2I-1C-1S,2,1.0,0.3679,0.381,1.0,1.0,26.13
DetonatioN FocusMe,Icebox,2024,harbor|jett|killjoy|sova|viper,"['harbor', 'jett', 'killjoy', 'sova', 'viper']",0,3,3,0.0,3,1.0,0.4362,0.4362,1,1,2,1,1D-1I-2C-1S,3,1.0,0.3679,0.4667,1.0,1.0,36.82
DetonatioN FocusMe,Lotus,2024,breach|cypher|deadlock|neon|omen,"['breach', 'cypher', 'deadlock', 'neon', 'omen']",0,1,1,0.0,8,0.125,0.2181,0.0273,1,1,1,2,1D-1I-1C-2S,1,0.125,0.3679,0.2812,0.3,0.125,37.96
DetonatioN FocusMe,Lotus,2024,fade|killjoy|omen|raze|viper,"['fade', 'killjoy', 'omen', 'raze', 'viper']",1,4,5,0.2,8,0.625,0.5638,0.3524,1,1,2,1,1D-1I-2C-1S,7,0.875,0.3679,0.2812,0.85,0.625,20.58
DetonatioN FocusMe,Lotus,2024,killjoy|omen|raze|skye|viper,"['killjoy', 'omen', 'raze', 'skye', 'viper']",0,2,2,0.0,8,0.25,0.3457,0.0864,1,1,2,1,1D-1I-2C-1S,7,0.875,0.3679,0.2812,0.775,0.25,18.33
DetonatioN FocusMe,Split,2024,cypher|omen|raze|skye|viper,"['cypher', 'omen', 'raze', 'skye', 'viper']",1,2,3,0.3333333333333333,3,1.0,0.4362,0.4362,1,1,2,1,1D-1I-2C-1S,3,1.0,0.3679,0.5263,1.0,1.0,33.53
DetonatioN FocusMe,Sunset,2024,breach|cypher|gekko|omen|raze,"['breach', 'cypher', 'gekko', 'omen', 'raze']",1,2,3,0.3333333333333333,5,0.6,0.4362,0.2617,1,2,1,1,1D-2I-1C-1S,3,0.6,0.3679,0.4706,0.92,0.6,36.64
DetonatioN FocusMe,Sunset,2024,cypher|gekko|omen|raze|viper,"['cypher', 'gekko', 'omen', 'raze', 'viper']",1,1,2,0.5,5,0.4,0.3457,0.1383,1,1,2,1,1D-1I-2C-1S,2,0.4,0.3679,0.4706,0.88,0.4,39.68
Dragon Ranger Gaming,Ascent,2024,cypher|jett|kayo|omen|sova,"['cypher', 'jett', 'kayo', 'omen', 'sova']",3,4,7,0.42857142857142855,9,0.7778,0.6543,0.5089,1,2,1,1,1D-2I-1C-1S,9,1.0,0.4817,0.5357,0.9556,0.7778,43.59
Dragon Ranger Gaming,Ascent,2024,jett|kayo|killjoy|omen|sova,"['jett', 'kayo', 'killjoy', 'omen', 'sova']",1,1,2,0.5,9,0.2222,0.3457,0.0768,1,2,1,1,1D-2I-1C-1S,9,1.0,0.4817,0.5357,0.8444,0.2222,44.65
Dragon Ranger Gaming,Bind,2024,brimstone|cypher|harbor|raze|skye,"['brimstone', 'cypher', 'harbor', 'raze', 'skye']",0,1,1,0.0,7,0.1429,0.2181,0.0312,1,1,2,1,1D-1I-2C-1S,7,1.0,0.4817,0.5217,0.8286,0.1429,50.39
Dragon Ranger Gaming,Bind,2024,brimstone|cypher|raze|skye|viper,"['brimstone', 'cypher', 'raze', 'skye', 'viper']",4,2,6,0.6666666666666666,7,0.8571,0.6123,0.5248,1,1,2,1,1D-1I-2C-1S,7,1.0,0.4817,0.5217,0.9714,0.8571,57.44
Dragon Ranger Gaming,Breeze,2024,cypher|harbor|sova|viper|yoru,"['cypher', 'harbor', 'sova', 'viper', 'yoru']",0,1,1,0.0,8,0.125,0.2181,0.0273,1,1,2,1,1D-1I-2C-1S,1,0.125,0.4817,0.4231,0.65,0.125,43.78
Dragon Ranger Gaming,Breeze,2024,cypher|jett|kayo|sova|viper,"['cypher', 'jett', 'kayo', 'sova', 'viper']",2,5,7,0.2857142857142857,8,0.875,0.6543,0.5725,1,2,1,1,1D-2I-1C-1S,7,0.875,0.4817,0.4231,0.95,0.875,34.55
Dragon Ranger Gaming,Haven,2024,breach|cypher|jett|omen|sova,"['breach', 'cypher', 'jett', 'omen', 'sova']",1,0,1,1.0,1,1.0,0.2181,0.2181,1,2,1,1,1D-2I-1C-1S,1,1.0,0.4817,0.5769,1.0,1.0,51.74
Dragon Ranger Gaming,Icebox,2024,gekko|jett|killjoy|sova|viper,"['gekko', 'jett', 'killjoy', 'sova', 'viper']",1,0,1,1.0,7,0.1429,0.2181,0.0312,1,2,1,1,1D-2I-1C-1S,2,0.2857,0.4817,0.4762,0.8286,0.1429,48.02
Dragon Ranger Gaming,Icebox,2024,harbor|jett|killjoy|sova|viper,"['harbor', 'jett', 'killjoy', 'sova', 'viper']",3,2,5,0.6,7,0.7143,0.5638,0.4027,1,1,2,1,1D-1I-2C-1S,5,0.7143,0.4817,0.4762,0.9429,0.7143,50.9
Dragon Ranger Gaming,Icebox,2024,jett|kayo|killjoy|sova|viper,"['jett', 'kayo', 'killjoy', 'sova', 'viper']",0,1,1,0.0,7,0.1429,0.2181,0.0312,1,2,1,1,1D-2I-1C-1S,2,0.2857,0.4817,0.4762,0.8286,0.1429,41.77
Dragon Ranger Gaming,Lotus,2024,fade|killjoy|neon|omen|viper,"['fade', 'killjoy', 'neon', 'omen', 'viper']",1,2,3,0.3333333333333333,3,1.0,0.4362,0.4362,1,1,2,1,1D-1I-2C-1S,3,1.0,0.4817,0.5278,1.0,1.0,44.9
Dragon Ranger Gaming,Split,2024,breach|cypher|omen|raze|skye,"['breach', 'cypher', 'omen', 'raze', 'skye']",0,1,1,0.0,5,0.2,0.2181,0.0436,1,2,1,1,1D-2I-1C-1S,1,0.2,0.4817,0.4167,0.84,0.2,38.56
Dragon Ranger Gaming,Split,2024,cypher|omen|raze|skye|viper,"['cypher', 'omen', 'raze', 'skye', 'viper']",2,2,4,0.5,5,0.8,0.5064,0.4051,1,1,2,1,1D-1I-2C-1S,4,0.8,0.4817,0.4167,0.96,0.8,50.77
Dragon Ranger Gaming,Sunset,2024,breach|cypher|jett|omen|sova,"['breach', 'cypher', 'jett', 'omen', 'sova']",0,1,1,0.0,7,0.1429,0.2181,0.0312,1,2,1,1,1D-2I-1C-1S,7,1.0,0.4817,0.4783,0.7429,0.1429,35.0
Dragon Ranger Gaming,Sunset,2024,breach|cypher|neon|omen|sova,"['breach', 'cypher', 'neon', 'omen', 'sova']",1,0,1,1.0,7,0.1429,0.2181,0.0312,1,2,1,1,1D-2I-1C-1S,7,1.0,0.4817,0.4783,0.7714,0.2857,41.25
Dragon Ranger Gaming,Sunset,2024,breach|cypher|omen|raze|sova,"['breach', 'cypher', 'omen', 'raze', 'sova']",1,2,3,0.3333333333333333,7,0.4286,0.4362,0.187,1,2,1,1,1D-2I-1C-1S,7,1.0,0.4817,0.4783,0.8286,0.5714,36.67
Dragon Ranger Gaming,Sunset,2024,cypher|gekko|kayo|omen|raze,"['cypher', 'gekko', 'kayo', 'omen', 'raze']",0,1,1,0.0,7,0.1429,0.2181,0.0312,1,2,1,1,1D-2I-1C-1S,7,1.0,0.4817,0.4783,0.6,0.1429,35.0
Dragon Ranger Gaming,Sunset,2024,cypher|kayo|neon|omen|sova,"['cypher', 'kayo', 'neon', 'omen', 'sova']",0,1,1,0.0,7,0.1429,0.2181,0.0312,1,2,1,1,1D-2I-1C-1S,7,1.0,0.4817,0.4783,0.6857,0.2857,35.0
EDward Gaming,Abyss,2024,astra|jett|kayo|omen|sova,"['astra', 'jett', 'kayo', 'omen', 'sova']",2,0,2,1.0,4,0.5,0.3457,0.1728,1,2,2,0,1D-2I-2C-0S,2,0.5,0.6009,0.5714,0.8,0.5,75.82
EDward Gaming,Abyss,2024,gekko|jett|omen|sova|yoru,"['gekko', 'jett', 'omen', 'sova', 'yoru']",1,1,2,0.5,4,0.5,0.3457,0.1728,2,2,1,0,2D-2I-1C-0S,2,0.5,0.6009,0.5714,0.8,0.5,43.32
EDward Gaming,Ascent,2024,breach|jett|omen|sova|viper,"['breach', 'jett', 'omen', 'sova', 'viper']",1,1,2,0.5,7,0.2857,0.3457,0.0988,1,2,2,0,1D-2I-2C-0S,2,0.2857,0.6009,0.5417,0.7143,0.2857,59.03
EDward Gaming,Ascent,2024,jett|kayo|killjoy|omen|sova,"['jett', 'kayo', 'killjoy', 'omen', 'sova']",3,2,5,0.6,7,0.7143,0.5638,0.4027,1,2,1,1,1D-2I-1C-1S,5,0.7143,0.6009,0.5417,0.8857,0.7143,61.1
EDward Gaming,Bind,2024,brimstone|cypher|kayo|raze|skye,"['brimstone', 'cypher', 'kayo', 'raze', 'skye']",0,1,1,0.0,17,0.0588,0.2181,0.0128,1,2,1,1,1D-2I-1C-1S,4,0.2353,0.6009,0.55,0.5882,0.2353,60.65
EDward Gaming,Bind,2024,brimstone|cypher|kayo|raze|sova,"['brimstone', 'cypher', 'kayo', 'raze', 'sova']",3,0,3,1.0,17,0.1765,0.4362,0.077,1,2,1,1,1D-2I-1C-1S,4,0.2353,0.6009,0.55,0.5176,0.1765,70.58
EDward Gaming,Bind,2024,brimstone|fade|gekko|raze|viper,"['brimstone', 'fade', 'gekko', 'raze', 'viper']",3,2,5,0.6,17,0.2941,0.5638,0.1658,1,2,2,0,1D-2I-2C-0S,10,0.5882,0.6009,0.55,0.7176,0.4706,58.13
EDward Gaming,Bind,2024,brimstone|fade|jett|raze|skye,"['brimstone', 'fade', 'jett', 'raze', 'skye']",1,2,3,0.3333333333333333,17,0.1765,0.4362,0.077,2,2,1,0,2D-2I-1C-0S,3,0.1765,0.6009,0.55,0.6235,0.1765,38.19
EDward Gaming,Bind,2024,brimstone|gekko|raze|skye|viper,"['brimstone', 'gekko', 'raze', 'skye', 'viper']",3,1,4,0.75,17,0.2353,0.5064,0.1192,1,2,2,0,1D-2I-2C-0S,10,0.5882,0.6009,0.55,0.7294,0.5294,61.19
EDward Gaming,Bind,2024,gekko|omen|raze|skye|viper,"['gekko', 'omen', 'raze', 'skye', 'viper']",0,1,1,0.0,17,0.0588,0.2181,0.0128,1,2,2,0,1D-2I-2C-0S,10,0.5882,0.6009,0.55,0.5529,0.0588,53.92
EDward Gaming,Breeze,2024,cypher|jett|kayo|sova|viper,"['cypher', 'jett', 'kayo', 'sova', 'viper']",6,2,8,0.75,8,1.0,0.6914,0.6914,1,2,1,1,1D-2I-1C-1S,8,1.0,0.6009,0.6667,1.0,1.0,70.63
EDward Gaming,Haven,2024,breach|cypher|gekko|neon|omen,"['breach', 'cypher', 'gekko', 'neon', 'omen']",0,1,1,0.0,6,0.1667,0.2181,0.0364,1,2,1,1,1D-2I-1C-1S,6,1.0,0.6009,0.5278,0.8333,0.1667,54.18
EDward Gaming,Haven,2024,breach|cypher|neon|omen|sova,"['breach', 'cypher', 'neon', 'omen', 'sova']",2,3,5,0.4,6,0.8333,0.5638,0.4698,1,2,1,1,1D-2I-1C-1S,6,1.0,0.6009,0.5278,0.9667,0.8333,53.35
EDward Gaming,Icebox,2024,gekko|jett|kayo|killjoy|viper,"['gekko', 'jett', 'kayo', 'killjoy', 'viper']",2,1,3,0.6666666666666666,12,0.25,0.4362,0.109,1,2,1,1,1D-2I-1C-1S,11,0.9167,0.6009,0.4615,0.85,0.4167,53.79
EDward Gaming,Icebox,2024,gekko|jett|killjoy|sova|viper,"['gekko', 'jett', 'killjoy', 'sova', 'viper']",0,1,1,0.0,12,0.0833,0.2181,0.0182,1,2,1,1,1D-2I-1C-1S,11,0.9167,0.6009,0.4615,0.8,0.4167,48.02
EDward Gaming,Icebox,2024,gekko|kayo|killjoy|omen|viper,"['gekko', 'kayo', 'killjoy', 'omen', 'viper']",1,0,1,1.0,12,0.0833,0.2181,0.0182,0,2,2,1,0D-2I-2C-1S,1,0.0833,0.6009,0.4615,0.6833,0.0833,57.62
EDward Gaming,Icebox,2024,jett|kayo|killjoy|sova|viper,"['jett', 'kayo', 'killjoy', 'sova', 'viper']",2,5,7,0.2857142857142857,12,0.5833,0.6543,0.3817,1,2,1,1,1D-2I-1C-1S,11,0.9167,0.6009,0.4615,0.9,0.6667,44.01
EDward Gaming,Lotus,2024,breach|chamber|neon|omen|sova,"['breach', 'chamber', 'neon', 'omen', 'sova']",1,1,2,0.5,9,0.2222,0.3457,0.0768,1,2,1,1,1D-2I-1C-1S,2,0.2222,0.6009,0.4872,0.6667,0.2222,59.5
EDward Gaming,Lotus,2024,breach|clove|fade|neon|omen,"['breach', 'clove', 'fade', 'neon', 'omen']",6,0,6,1.0,9,0.6667,0.6123,0.4082,1,2,2,0,1D-2I-2C-0S,6,0.6667,0.6009,0.4872,0.8444,0.6667,65.3
EDward Gaming,Lotus,2024,breach|omen|raze|reyna|sage,"['breach', 'omen', 'raze', 'reyna', 'sage']",0,1,1,0.0,9,0.1111,0.2181,0.0242,2,1,1,1,2D-1I-1C-1S,1,0.1111,0.6009,0.4872,0.4667,0.1111,40.65
EDward Gaming,Split,2024,breach|omen|raze|skye|viper,"['breach', 'omen', 'raze', 'skye', 'viper']",2,1,3,0.6666666666666666,8,0.375,0.4362,0.1636,1,2,2,0,1D-2I-2C-0S,3,0.375,0.6009,0.6061,0.875,0.375,63.09
EDward Gaming,Split,2024,cypher|omen|raze|skye|viper,"['cypher', 'omen', 'raze', 'skye', 'viper']",4,1,5,0.8,8,0.625,0.5638,0.3524,1,1,2,1,1D-1I-2C-1S,5,0.625,0.6009,0.6061,0.925,0.625,70.19
EDward Gaming,Sunset,2024,astra|cypher|gekko|omen|raze,"['astra', 'cypher', 'gekko', 'omen', 'raze']",0,1,1,0.0,16,0.0625,0.2181,0.0136,1,1,2,1,1D-1I-2C-1S,6,0.375,0.6009,0.6452,0.6,0.0625,58.82
EDward Gaming,Sunset,2024,cypher|gekko|omen|raze|viper,"['cypher', 'gekko', 'omen', 'raze', 'viper']",4,1,5,0.8,16,0.3125,0.5638,0.1762,1,1,2,1,1D-1I-2C-1S,6,0.375,0.6009,0.6452,0.65,0.3125,67.06
EDward Gaming,Sunset,2024,cypher|kayo|neon|omen|sova,"['cypher', 'kayo', 'neon', 'omen', 'sova']",7,0,7,1.0,16,0.4375,0.6543,0.2863,1,2,1,1,1D-2I-1C-1S,10,0.625,0.6009,0.6452,0.7375,0.4375,78.98
EDward Gaming,Sunset,2024,cypher|kayo|omen|raze|sova,"['cypher', 'kayo', 'omen', 'raze', 'sova']",1,2,3,0.3333333333333333,16,0.1875,0.4362,0.0818,1,2,1,1,1D-2I-1C-1S,10,0.625,0.6009,0.6452,0.7625,0.5625,63.2
Evil Geniuses,Ascent,2024,cypher|jett|kayo|omen|sova,"['cypher', 'jett', 'kayo', 'omen', 'sova']",1,1,2,0.5,3,0.6667,0.3457,0.2305,1,2,1,1,1D-2I-1C-1S,3,1.0,0.4257,0.5625,0.9333,0.6667,56.94
Evil Geniuses,Ascent,2024,jett|kayo|killjoy|omen|sova,"['jett', 'kayo', 'killjoy', 'omen', 'sova']",1,0,1,1.0,3,0.3333,0.2181,0.0727,1,2,1,1,1D-2I-1C-1S,3,1.0,0.4257,0.5625,0.8667,0.3333,58.68
Evil Geniuses,Bind,2024,brimstone|gekko|omen|raze|skye,"['brimstone', 'gekko', 'omen', 'raze', 'skye']",2,1,3,0.6666666666666666,4,0.75,0.4362,0.3272,1,2,2,0,1D-2I-2C-0S,4,1.0,0.4257,0.4211,0.95,0.75,56.68
Evil Geniuses,Bind,2024,brimstone|gekko|raze|skye|viper,"['brimstone', 'gekko', 'raze', 'skye', 'viper']",1,0,1,1.0,4,0.25,0.2181,0.0545,1,2,2,0,1D-2I-2C-0S,4,1.0,0.4257,0.4211,0.85,0.25,57.52
Evil Geniuses,Breeze,2024,astra|jett|sova|viper|yoru,"['astra', 'jett', 'sova', 'viper', 'yoru']",0,1,1,0.0,1,1.0,0.2181,0.2181,2,1,2,0,2D-1I-2C-0S,1,1.0,0.4257,0.4167,1.0,1.0,30.28
Evil Geniuses,Icebox,2024,clove|harbor|iso|killjoy|sova,"['clove', 'harbor', 'iso', 'killjoy', 'sova']",1,0,1,1.0,5,0.2,0.2181,0.0436,1,1,2,1,1D-1I-2C-1S,2,0.4,0.4257,0.5294,0.56,0.2,45.57
Evil Geniuses,Icebox,2024,clove|harbor|killjoy|sage|sova,"['clove', 'harbor', 'killjoy', 'sage', 'sova']",0,1,1,0.0,5,0.2,0.2181,0.0436,0,1,2,2,0D-1I-2C-2S,1,0.2,0.4257,0.5294,0.56,0.2,36.35
Evil Geniuses,Icebox,2024,deadlock|gekko|kayo|killjoy|viper,"['deadlock', 'gekko', 'kayo', 'killjoy', 'viper']",1,1,2,0.5,5,0.4,0.3457,0.1383,0,2,1,2,0D-2I-1C-2S,2,0.4,0.4257,0.5294,0.56,0.4,41.62
Evil Geniuses,Icebox,2024,harbor|jett|killjoy|sova|viper,"['harbor', 'jett', 'killjoy', 'sova', 'viper']",0,1,1,0.0,5,0.2,0.2181,0.0436,1,1,2,1,1D-1I-2C-1S,2,0.4,0.4257,0.5294,0.6,0.2,39.32
Evil Geniuses,Lotus,2024,breach|cypher|fade|iso|omen,"['breach', 'cypher', 'fade', 'iso', 'omen']",0,1,1,0.0,9,0.1111,0.2181,0.0242,1,2,1,1,1D-2I-1C-1S,4,0.4444,0.4257,0.4138,0.7111,0.1111,39.83
Evil Geniuses,Lotus,2024,breach|cypher|fade|neon|omen,"['breach', 'cypher', 'fade', 'neon', 'omen']",1,2,3,0.3333333333333333,9,0.3333,0.4362,0.1454,1,2,1,1,1D-2I-1C-1S,4,0.4444,0.4257,0.4138,0.7556,0.3333,40.96
Evil Geniuses,Lotus,2024,cypher|fade|omen|raze|viper,"['cypher', 'fade', 'omen', 'raze', 'viper']",1,4,5,0.2,9,0.5556,0.5638,0.3132,1,1,2,1,1D-1I-2C-1S,5,0.5556,0.4257,0.4138,0.8222,0.5556,30.14
Evil Geniuses,Split,2024,cypher|omen|raze|skye|viper,"['cypher', 'omen', 'raze', 'skye', 'viper']",0,1,1,0.0,1,1.0,0.2181,0.2181,1,1,2,1,1D-1I-2C-1S,1,1.0,0.4257,0.4,1.0,1.0,29.09
Evil Geniuses,Sunset,2024,breach|cypher|fade|neon|omen,"['breach', 'cypher', 'fade', 'neon', 'omen']",1,1,2,0.5,7,0.2857,0.3457,0.0988,1,2,1,1,1D-2I-1C-1S,7,1.0,0.4257,0.5,0.8571,0.2857,49.74
Evil Geniuses,Sunset,2024,breach|cypher|fade|omen|raze,"['breach', 'cypher', 'fade', 'omen', 'raze']",3,2,5,0.6,7,0.7143,0.5638,0.4027,1,2,1,1,1D-2I-1C-1S,7,1.0,0.4257,0.5,0.9429,0.7143,52.28
FNATIC,Abyss,2024,astra|killjoy|sova|viper|yoru,"['astra', 'killjoy', 'sova', 'viper', 'yoru']",0,2,2,0.0,2,1.0,0.3457,0.3457,1,1,2,1,1D-1I-2C-1S,2,1.0,0.5953,0.5217,1.0,1.0,39.05
FNATIC,Ascent,2024,astra|cypher|iso|sova|yoru,"['astra', 'cypher', 'iso', 'sova', 'yoru']",0,1,1,0.0,6,0.1667,0.2181,0.0364,2,1,1,1,2D-1I-1C-1S,1,0.1667,0.5953,0.4828,0.3667,0.1667,50.71
FNATIC,Ascent,2024,cypher|deadlock|jett|omen|sova,"['cypher', 'deadlock', 'jett', 'omen', 'sova']",1,0,1,1.0,6,0.1667,0.2181,0.0364,1,1,1,2,1D-1I-1C-2S,1,0.1667,0.5953,0.4828,0.6333,0.1667,61.98
FNATIC,Ascent,2024,jett|kayo|killjoy|omen|sova,"['jett', 'kayo', 'killjoy', 'omen', 'sova']",2,2,4,0.5,6,0.6667,0.5064,0.3376,1,2,1,1,1D-2I-1C-1S,4,0.6667,0.5953,0.4828,0.8,0.6667,47.51
FNATIC,Bind,2024,astra|fade|gekko|raze|viper,"['astra', 'fade', 'gekko', 'raze', 'viper']",3,0,3,1.0,12,0.25,0.4362,0.109,1,2,2,0,1D-2I-2C-0S,12,1.0,0.5953,0.5833,0.7,0.25,69.12
FNATIC,Bind,2024,brimstone|gekko|raze|skye|viper,"['brimstone', 'gekko', 'raze', 'skye', 'viper']",4,4,8,0.5,12,0.6667,0.6914,0.461,1,2,2,0,1D-2I-2C-0S,12,1.0,0.5953,0.5833,0.8833,0.6667,58.44
FNATIC,Bind,2024,clove|gekko|raze|skye|viper,"['clove', 'gekko', 'raze', 'skye', 'viper']",1,0,1,1.0,12,0.0833,0.2181,0.0182,1,2,2,0,1D-2I-2C-0S,12,1.0,0.5953,0.5833,0.7667,0.0833,65.26
FNATIC,Breeze,2024,cypher|kayo|sova|viper|yoru,"['cypher', 'kayo', 'sova', 'viper', 'yoru']",5,3,8,0.625,8,1.0,0.6914,0.6914,1,2,1,1,1D-2I-1C-1S,8,1.0,0.5953,0.5417,1.0,1.0,59.77
FNATIC,Haven,2024,cypher|iso|omen|sova|yoru,"['cypher', 'iso', 'omen', 'sova', 'yoru']",7,0,7,1.0,7,1.0,0.6543,0.6543,2,1,1,1,2D-1I-1C-1S,7,1.0,0.5953,0.6,1.0,1.0,72.32
FNATIC,Icebox,2024,gekko|iso|killjoy|sova|viper,"['gekko', 'iso', 'killjoy', 'sova', 'viper']",1,1,2,0.5,7,0.2857,0.3457,0.0988,1,2,1,1,1D-2I-1C-1S,3,0.4286,0.5953,0.56,0.7429,0.2857,49.97
FNATIC,Icebox,2024,gekko|killjoy|reyna|sova|viper,"['gekko', 'killjoy', 'reyna', 'sova', 'viper']",0,1,1,0.0,7,0.1429,0.2181,0.0312,1,2,1,1,1D-2I-1C-1S,3,0.4286,0.5953,0.56,0.7143,0.1429,46.85
FNATIC,Icebox,2024,harbor|jett|killjoy|sova|viper,"['harbor', 'jett', 'killjoy', 'sova', 'viper']",0,1,1,0.0,7,0.1429,0.2181,0.0312,1,1,2,1,1D-1I-2C-1S,1,0.1429,0.5953,0.56,0.7429,0.1429,45.27
FNATIC,Icebox,2024,jett|killjoy|sage|sova|viper,"['jett', 'killjoy', 'sage', 'sova', 'viper']",1,2,3,0.3333333333333333,7,0.4286,0.4362,0.187,1,1,1,2,1D-1I-1C-2S,3,0.4286,0.5953,0.56,0.8,0.4286,69.85
FNATIC,Lotus,2024,fade|killjoy|omen|raze|viper,"['fade', 'killjoy', 'omen', 'raze', 'viper']",13,8,21,0.6190476190476191,21,1.0,0.9726,0.9726,1,1,2,1,1D-1I-2C-1S,21,1.0,0.5953,0.5918,1.0,1.0,60.73
FNATIC,Split,2024,breach|cypher|omen|raze|skye,"['breach', 'cypher', 'omen', 'raze', 'skye']",0,1,1,0.0,6,0.1667,0.2181,0.0364,1,2,1,1,1D-2I-1C-1S,1,0.1667,0.5953,0.6875,0.8333,0.1667,46.84
FNATIC,Split,2024,breach|cypher|omen|raze|yoru,"['breach', 'cypher', 'omen', 'raze', 'yoru']",4,1,5,0.8,6,0.8333,0.5638,0.4698,2,1,1,1,2D-1I-1C-1S,5,0.8333,0.5953,0.6875,0.9667,0.8333,63.47
FNATIC,Sunset,2024,astra|breach|cypher|raze|sova,"['astra', 'breach', 'cypher', 'raze', 'sova']",3,2,5,0.6,6,0.8333,0.5638,0.4698,1,2,1,1,1D-2I-1C-1S,6,1.0,0.5953,0.3636,0.9,0.8333,52.48
FNATIC,Sunset,2024,breach|deadlock|omen|sova|yoru,"['breach', 'deadlock', 'omen', 'sova', 'yoru']",0,1,1,0.0,6,0.1667,0.2181,0.0364,1,2,1,1,1D-2I-1C-1S,6,1.0,0.5953,0.3636,0.5,0.1667,46.85
FURIA,Ascent,2024,jett|kayo|killjoy|omen|sova,"['jett', 'kayo', 'killjoy', 'omen', 'sova']",1,1,2,0.5,2,1.0,0.3457,0.3457,1,2,1,1,1D-2I-1C-1S,2,1.0,0.3592,0.3889,1.0,1.0,35.76
FURIA,Bind,2024,brimstone|cypher|raze|skye|viper,"['brimstone', 'cypher', 'raze', 'skye', 'viper']",0,1,1,0.0,3,0.3333,0.2181,0.0727,1,1,2,1,1D-1I-2C-1S,1,0.3333,0.3592,0.375,0.8667,0.3333,28.02
FURIA,Bind,2024,brimstone|fade|raze|skye|viper,"['brimstone', 'fade', 'raze', 'skye', 'viper']",1,1,2,0.5,3,0.6667,0.3457,0.2305,1,2,2,0,1D-2I-2C-0S,2,0.6667,0.3592,0.375,0.9333,0.6667,51.77
FURIA,Breeze,2024,cypher|jett|kayo|sova|viper,"['cypher', 'jett', 'kayo', 'sova', 'viper']",0,3,3,0.0,4,0.75,0.4362,0.3272,1,2,1,1,1D-2I-1C-1S,3,0.75,0.3592,0.4091,0.95,0.75,19.74
FURIA,Breeze,2024,cypher|jett|sova|viper|yoru,"['cypher', 'jett', 'sova', 'viper', 'yoru']",0,1,1,0.0,4,0.25,0.2181,0.0545,2,1,1,1,2D-1I-1C-1S,1,0.25,0.3592,0.4091,0.85,0.25,39.22
FURIA,Haven,2024,breach|gekko|killjoy|neon|omen,"['breach', 'gekko', 'killjoy', 'neon', 'omen']",1,1,2,0.5,2,1.0,0.3457,0.3457,1,2,1,1,1D-2I-1C-1S,2,1.0,0.3592,0.4348,1.0,1.0,37.9
FURIA,Icebox,2024,gekko|kayo|killjoy|omen|viper,"['gekko', 'kayo', 'killjoy', 'omen', 'viper']",1,1,2,0.5,7,0.2857,0.3457,0.0988,0,2,2,1,0D-2I-2C-1S,2,0.2857,0.3592,0.4737,0.6,0.2857,47.12
FURIA,Icebox,2024,gekko|killjoy|reyna|sova|viper,"['gekko', 'killjoy', 'reyna', 'sova', 'viper']",0,1,1,0.0,7,0.1429,0.2181,0.0312,1,2,1,1,1D-2I-1C-1S,1,0.1429,0.3592,0.4737,0.6571,0.1429,24.06
FURIA,Icebox,2024,jett|killjoy|sage|sova|viper,"['jett', 'killjoy', 'sage', 'sova', 'viper']",3,1,4,0.75,7,0.5714,0.5064,0.2894,1,1,1,2,1D-1I-1C-2S,4,0.5714,0.3592,0.4737,0.7714,0.5714,58.51
FURIA,Lotus,2024,breach|cypher|kayo|neon|omen,"['breach', 'cypher', 'kayo', 'neon', 'omen']",0,1,1,0.0,4,0.25,0.2181,0.0545,1,2,1,1,1D-2I-1C-1S,1,0.25,0.3592,0.381,0.4,0.25,31.87
FURIA,Lotus,2024,fade|killjoy|omen|raze|viper,"['fade', 'killjoy', 'omen', 'raze', 'viper']",0,2,2,0.0,4,0.5,0.3457,0.1728,1,1,2,1,1D-1I-2C-1S,3,0.75,0.3592,0.381,0.75,0.5,26.98
FURIA,Lotus,2024,killjoy|omen|raze|skye|viper,"['killjoy', 'omen', 'raze', 'skye', 'viper']",0,1,1,0.0,4,0.25,0.2181,0.0545,1,1,2,1,1D-1I-2C-1S,3,0.75,0.3592,0.381,0.7,0.25,28.66
FURIA,Split,2024,astra|jett|raze|skye|viper,"['astra', 'jett', 'raze', 'skye', 'viper']",0,1,1,0.0,3,0.3333,0.2181,0.0727,2,1,2,0,2D-1I-2C-0S,3,1.0,0.3592,0.4545,0.8,0.3333,39.96
FURIA,Split,2024,jett|omen|raze|skye|viper,"['jett', 'omen', 'raze', 'skye', 'viper']",0,1,1,0.0,3,0.3333,0.2181,0.0727,2,1,2,0,2D-1I-2C-0S,3,1.0,0.3592,0.4545,0.8667,0.6667,39.96
FURIA,Split,2024,omen|raze|skye|viper|yoru,"['omen', 'raze', 'skye', 'viper', 'yoru']",0,1,1,0.0,3,0.3333,0.2181,0.0727,2,1,2,0,2D-1I-2C-0S,3,1.0,0.3592,0.4545,0.8,0.3333,39.96
FURIA,Sunset,2024,cypher|jett|kayo|omen|sova,"['cypher', 'jett', 'kayo', 'omen', 'sova']",1,1,2,0.5,2,1.0,0.3457,0.3457,1,2,1,1,1D-2I-1C-1S,2,1.0,0.3592,0.4286,1.0,1.0,33.57
FUT Esports,Abyss,2024,cypher|deadlock|gekko|jett|omen,"['cypher', 'deadlock', 'gekko', 'jett', 'omen']",0,1,1,0.0,1,1.0,0.2181,0.2181,1,1,1,2,1D-1I-1C-2S,1,1.0,0.4685,0.4,1.0,1.0,37.96
FUT Esports,Ascent,2024,jett|kayo|killjoy|omen|sova,"['jett', 'kayo', 'killjoy', 'omen', 'sova']",4,0,4,1.0,4,1.0,0.5064,0.5064,1,2,1,1,1D-2I-1C-1S,4,1.0,0.4685,0.5714,1.0,1.0,62.8
FUT Esports,Bind,2024,brimstone|fade|gekko|raze|viper,"['brimstone', 'fade', 'gekko', 'raze', 'viper']",0,2,2,0.0,11,0.1818,0.3457,0.0628,1,2,2,0,1D-2I-2C-0S,10,0.9091,0.4685,0.4828,0.5818,0.1818,34.15
FUT Esports,Bind,2024,gekko|kayo|neon|omen|viper,"['gekko', 'kayo', 'neon', 'omen', 'viper']",0,1,1,0.0,11,0.0909,0.2181,0.0198,1,2,2,0,1D-2I-2C-0S,10,0.9091,0.4685,0.4828,0.6909,0.0909,36.28
FUT Esports,Bind,2024,gekko|kayo|omen|raze|viper,"['gekko', 'kayo', 'omen', 'raze', 'viper']",2,2,4,0.5,11,0.3636,0.5064,0.1841,1,2,2,0,1D-2I-2C-0S,10,0.9091,0.4685,0.4828,0.8364,0.7273,41.08
FUT Esports,Bind,2024,gekko|kayo|omen|sage|viper,"['gekko', 'kayo', 'omen', 'sage', 'viper']",0,1,1,0.0,11,0.0909,0.2181,0.0198,0,2,2,1,0D-2I-2C-1S,1,0.0909,0.4685,0.4828,0.6909,0.0909,35.1
FUT Esports,Bind,2024,kayo|omen|raze|skye|viper,"['kayo', 'omen', 'raze', 'skye', 'viper']",2,1,3,0.6666666666666666,11,0.2727,0.4362,0.119,1,2,2,0,1D-2I-2C-0S,10,0.9091,0.4685,0.4828,0.7455,0.2727,43.36
FUT Esports,Breeze,2024,cypher|jett|kayo|sova|viper,"['cypher', 'jett', 'kayo', 'sova', 'viper']",1,1,2,0.5,2,1.0,0.3457,0.3457,1,2,1,1,1D-2I-1C-1S,2,1.0,0.4685,0.5,1.0,1.0,48.72
FUT Esports,Haven,2024,jett|killjoy|omen|sage|sova,"['jett', 'killjoy', 'omen', 'sage', 'sova']",0,1,1,0.0,1,1.0,0.2181,0.2181,1,1,1,2,1D-1I-1C-2S,1,1.0,0.4685,0.4762,1.0,1.0,42.61
FUT Esports,Icebox,2024,chamber|fade|phoenix|sova|viper,"['chamber', 'fade', 'phoenix', 'sova', 'viper']",0,1,1,0.0,8,0.125,0.2181,0.0273,1,2,1,1,1D-2I-1C-1S,8,1.0,0.4685,0.45,0.475,0.125,43.55
FUT Esports,Icebox,2024,jett|kayo|killjoy|sova|viper,"['jett', 'kayo', 'killjoy', 'sova', 'viper']",3,2,5,0.6,8,0.625,0.5638,0.3524,1,2,1,1,1D-2I-1C-1S,8,1.0,0.4685,0.45,0.875,0.625,49.84
FUT Esports,Icebox,2024,jett|kayo|sage|sova|viper,"['jett', 'kayo', 'sage', 'sova', 'viper']",1,1,2,0.5,8,0.25,0.3457,0.0864,1,2,1,1,1D-2I-1C-1S,8,1.0,0.4685,0.45,0.8,0.25,46.87
FUT Esports,Lotus,2024,astra|breach|gekko|killjoy|yoru,"['astra', 'breach', 'gekko', 'killjoy', 'yoru']",0,1,1,0.0,12,0.0833,0.2181,0.0182,1,2,1,1,1D-2I-1C-1S,2,0.1667,0.4685,0.5,0.2333,0.0833,43.16
FUT Esports,Lotus,2024,breach|cypher|gekko|omen|raze,"['breach', 'cypher', 'gekko', 'omen', 'raze']",0,1,1,0.0,12,0.0833,0.2181,0.0182,1,2,1,1,1D-2I-1C-1S,2,0.1667,0.4685,0.5,0.5667,0.0833,43.16
FUT Esports,Lotus,2024,breach|cypher|jett|omen|viper,"['breach', 'cypher', 'jett', 'omen', 'viper']",4,3,7,0.5714285714285714,12,0.5833,0.6543,0.3817,1,1,2,1,1D-1I-2C-1S,7,0.5833,0.4685,0.5,0.85,0.75,56.87
FUT Esports,Lotus,2024,cypher|jett|omen|sage|viper,"['cypher', 'jett', 'omen', 'sage', 'viper']",2,1,3,0.6666666666666666,12,0.25,0.4362,0.109,1,0,2,2,1D-0I-2C-2S,3,0.25,0.4685,0.5,0.75,0.25,58.24
FUT Esports,Split,2024,breach|cypher|gekko|omen|raze,"['breach', 'cypher', 'gekko', 'omen', 'raze']",3,1,4,0.75,10,0.4,0.5064,0.2026,1,2,1,1,1D-2I-1C-1S,4,0.4,0.4685,0.4688,0.64,0.4,56.98
FUT Esports,Split,2024,chamber|omen|raze|skye|viper,"['chamber', 'omen', 'raze', 'skye', 'viper']",3,3,6,0.5,10,0.6,0.6123,0.3674,1,1,2,1,1D-1I-2C-1S,6,0.6,0.4685,0.4688,0.76,0.6,46.57
FUT Esports,Sunset,2024,breach|cypher|gekko|omen|raze,"['breach', 'cypher', 'gekko', 'omen', 'raze']",4,6,10,0.4,13,0.7692,0.7545,0.5804,1,2,1,1,1D-2I-1C-1S,10,0.7692,0.4685,0.4231,0.9231,0.7692,41.63
FUT Esports,Sunset,2024,cypher|deadlock|gekko|omen|raze,"['cypher', 'deadlock', 'gekko', 'omen', 'raze']",0,1,1,0.0,13,0.0769,0.2181,0.0168,1,1,1,2,1D-1I-1C-2S,1,0.0769,0.4685,0.4231,0.7846,0.0769,37.96
FUT Esports,Sunset,2024,cypher|fade|omen|raze|viper,"['cypher', 'fade', 'omen', 'raze', 'viper']",1,1,2,0.5,13,0.1538,0.3457,0.0532,1,1,2,1,1D-1I-2C-1S,2,0.1538,0.4685,0.4231,0.6615,0.1538,51.56
FunPlus Phoenix,Abyss,2024,cypher|fade|omen|viper|yoru,"['cypher', 'fade', 'omen', 'viper', 'yoru']",2,1,3,0.6666666666666666,3,1.0,0.4362,0.4362,1,1,2,1,1D-1I-2C-1S,3,1.0,0.4681,0.4667,1.0,1.0,60.15
FunPlus Phoenix,Ascent,2024,astra|jett|kayo|omen|sova,"['astra', 'jett', 'kayo', 'omen', 'sova']",2,3,5,0.4,11,0.4545,0.5638,0.2562,1,2,2,0,1D-2I-2C-0S,5,0.4545,0.4681,0.5,0.6,0.4545,42.74
FunPlus Phoenix,Ascent,2024,cypher|fade|jett|omen|yoru,"['cypher', 'fade', 'jett', 'omen', 'yoru']",1,1,2,0.5,11,0.1818,0.3457,0.0628,2,1,1,1,2D-1I-1C-1S,2,0.1818,0.4681,0.5,0.5818,0.1818,50.49
FunPlus Phoenix,Ascent,2024,fade|killjoy|omen|viper|yoru,"['fade', 'killjoy', 'omen', 'viper', 'yoru']",3,1,4,0.75,11,0.3636,0.5064,0.1841,1,1,2,1,1D-1I-2C-1S,4,0.3636,0.4681,0.5,0.5636,0.3636,64.56
FunPlus Phoenix,Bind,2024,brimstone|cypher|gekko|jett|sova,"['brimstone', 'cypher', 'gekko', 'jett', 'sova']",1,1,2,0.5,8,0.25,0.3457,0.0864,1,2,1,1,1D-2I-1C-1S,2,0.25,0.4681,0.4167,0.425,0.25,42.59
FunPlus Phoenix,Bind,2024,brimstone|gekko|kayo|raze|viper,"['brimstone', 'gekko', 'kayo', 'raze', 'viper']",2,1,3,0.6666666666666666,8,0.375,0.4362,0.1636,1,2,2,0,1D-2I-2C-0S,3,0.375,0.4681,0.4167,0.6,0.375,53.09
FunPlus Phoenix,Bind,2024,chamber|fade|omen|viper|yoru,"['chamber', 'fade', 'omen', 'viper', 'yoru']",1,1,2,0.5,8,0.25,0.3457,0.0864,1,1,2,1,1D-1I-2C-1S,2,0.25,0.4681,0.4167,0.4,0.25,54.77
FunPlus Phoenix,Bind,2024,gekko|omen|raze|viper|yoru,"['gekko', 'omen', 'raze', 'viper', 'yoru']",0,1,1,0.0,8,0.125,0.2181,0.0273,2,1,2,0,2D-1I-2C-0S,1,0.125,0.4681,0.4167,0.55,0.375,22.13
FunPlus Phoenix,Breeze,2024,astra|cypher|harbor|sova|yoru,"['astra', 'cypher', 'harbor', 'sova', 'yoru']",1,1,2,0.5,7,0.2857,0.3457,0.0988,1,1,2,1,1D-1I-2C-1S,2,0.2857,0.4681,0.4706,0.7143,0.2857,54.77
FunPlus Phoenix,Breeze,2024,astra|jett|sova|viper|yoru,"['astra', 'jett', 'sova', 'viper', 'yoru']",2,3,5,0.4,7,0.7143,0.5638,0.4027,2,1,2,0,2D-1I-2C-0S,5,0.7143,0.4681,0.4706,0.8857,0.7143,37.7
FunPlus Phoenix,Haven,2024,breach|cypher|jett|kayo|omen,"['breach', 'cypher', 'jett', 'kayo', 'omen']",3,4,7,0.42857142857142855,7,1.0,0.6543,0.6543,1,2,1,1,1D-2I-1C-1S,7,1.0,0.4681,0.4444,1.0,1.0,40.12
FunPlus Phoenix,Icebox,2024,clove|gekko|harbor|kayo|omen,"['clove', 'gekko', 'harbor', 'kayo', 'omen']",3,2,5,0.6,11,0.4545,0.5638,0.2562,0,2,3,0,0D-2I-3C-0S,5,0.4545,0.4681,0.4615,0.6727,0.4545,55.51
FunPlus Phoenix,Icebox,2024,clove|jett|kayo|killjoy|viper,"['clove', 'jett', 'kayo', 'killjoy', 'viper']",2,1,3,0.6666666666666666,11,0.2727,0.4362,0.119,1,1,2,1,1D-1I-2C-1S,3,0.2727,0.4681,0.4615,0.5636,0.2727,53.61
FunPlus Phoenix,Icebox,2024,gekko|jett|omen|reyna|viper,"['gekko', 'jett', 'omen', 'reyna', 'viper']",1,2,3,0.3333333333333333,11,0.2727,0.4362,0.119,2,1,2,0,2D-1I-2C-0S,3,0.2727,0.4681,0.4615,0.5636,0.2727,34.66
FunPlus Phoenix,Lotus,2024,astra|gekko|omen|raze|viper,"['astra', 'gekko', 'omen', 'raze', 'viper']",8,5,13,0.6153846153846154,17,0.7647,0.8304,0.635,1,1,3,0,1D-1I-3C-0S,13,0.7647,0.4681,0.5,0.9412,0.7647,59.12
FunPlus Phoenix,Lotus,2024,breach|chamber|gekko|omen|viper,"['breach', 'chamber', 'gekko', 'omen', 'viper']",0,1,1,0.0,17,0.0588,0.2181,0.0128,0,2,2,1,0D-2I-2C-1S,1,0.0588,0.4681,0.5,0.6588,0.0588,35.1
FunPlus Phoenix,Lotus,2024,chamber|gekko|omen|raze|viper,"['chamber', 'gekko', 'omen', 'raze', 'viper']",2,1,3,0.6666666666666666,17,0.1765,0.4362,0.077,1,1,2,1,1D-1I-2C-1S,3,0.1765,0.4681,0.5,0.8353,0.2353,60.15
FunPlus Phoenix,Split,2024,breach|cypher|omen|raze|yoru,"['breach', 'cypher', 'omen', 'raze', 'yoru']",0,1,1,0.0,1,1.0,0.2181,0.2181,2,1,1,1,2D-1I-1C-1S,1,1.0,0.4681,0.4118,1.0,1.0,43.28
FunPlus Phoenix,Sunset,2024,astra|jett|omen|sova|yoru,"['astra', 'jett', 'omen', 'sova', 'yoru']",2,2,4,0.5,12,0.3333,0.5064,0.1688,2,1,2,0,2D-1I-2C-0S,4,0.3333,0.4681,0.5,0.5333,0.3333,41.77
FunPlus Phoenix,Sunset,2024,chamber|harbor|phoenix|sova|viper,"['chamber', 'harbor', 'phoenix', 'sova', 'viper']",2,1,3,0.6666666666666666,12,0.25,0.4362,0.109,1,1,2,1,1D-1I-2C-1S,7,0.5833,0.4681,0.5,0.4,0.25,53.51
FunPlus Phoenix,Sunset,2024,cypher|fade|harbor|omen|yoru,"['cypher', 'fade', 'harbor', 'omen', 'yoru']",1,2,3,0.3333333333333333,12,0.25,0.4362,0.109,1,1,2,1,1D-1I-2C-1S,7,0.5833,0.4681,0.5,0.5167,0.3333,47.95
FunPlus Phoenix,Sunset,2024,cypher|fade|omen|viper|yoru,"['cypher', 'fade', 'omen', 'viper', 'yoru']",0,1,1,0.0,12,0.0833,0.2181,0.0182,1,1,2,1,1D-1I-2C-1S,7,0.5833,0.4681,0.5,0.5,0.3333,47.7
FunPlus Phoenix,Sunset,2024,gekko|kayo|omen|raze|viper,"['gekko', 'kayo', 'omen', 'raze', 'viper']",1,0,1,1.0,12,0.0833,0.2181,0.0182,1,2,2,0,1D-2I-2C-0S,1,0.0833,0.4681,0.5,0.2833,0.0833,53.54
G2 Esports,Abyss,2024,astra|killjoy|sova|viper|yoru,"['astra', 'killjoy', 'sova', 'viper', 'yoru']",1,1,2,0.5,2,1.0,0.3457,0.3457,1,1,2,1,1D-1I-2C-1S,2,1.0,0.631,0.6087,1.0,1.0,56.32
G2 Esports,Ascent,2024,cypher|jett|kayo|omen|viper,"['cypher', 'jett', 'kayo', 'omen', 'viper']",1,0,1,1.0,10,0.1,0.2181,0.0218,1,1,2,1,1D-1I-2C-1S,1,0.1,0.631,0.6667,0.62,0.1,64.71
G2 Esports,Ascent,2024,jett|kayo|killjoy|omen|sova,"['jett', 'kayo', 'killjoy', 'omen', 'sova']",5,3,8,0.625,10,0.8,0.6914,0.5531,1,2,1,1,1D-2I-1C-1S,9,0.9,0.631,0.6667,0.94,0.9,66.98
G2 Esports,Ascent,2024,kayo|killjoy|neon|omen|sova,"['kayo', 'killjoy', 'neon', 'omen', 'sova']",1,0,1,1.0,10,0.1,0.2181,0.0218,1,2,1,1,1D-2I-1C-1S,9,0.9,0.631,0.6667,0.78,0.1,71.28
G2 Esports,Bind,2024,brimstone|fade|kayo|viper|yoru,"['brimstone', 'fade', 'kayo', 'viper', 'yoru']",0,1,1,0.0,15,0.0667,0.2181,0.0145,1,2,2,0,1D-2I-2C-0S,15,1.0,0.631,0.6,0.44,0.0667,53.98
G2 Esports,Bind,2024,brimstone|gekko|raze|skye|viper,"['brimstone', 'gekko', 'raze', 'skye', 'viper']",9,5,14,0.6428571428571429,15,0.9333,0.8521,0.7953,1,2,2,0,1D-2I-2C-0S,15,1.0,0.631,0.6,0.96,0.9333,60.82
G2 Esports,Breeze,2024,astra|cypher|sova|viper|yoru,"['astra', 'cypher', 'sova', 'viper', 'yoru']",2,1,3,0.6666666666666666,6,0.5,0.4362,0.2181,1,1,2,1,1D-1I-2C-1S,6,1.0,0.631,0.5652,0.9,0.5,58.74
G2 Esports,Breeze,2024,cypher|harbor|sova|viper|yoru,"['cypher', 'harbor', 'sova', 'viper', 'yoru']",1,2,3,0.3333333333333333,6,0.5,0.4362,0.2181,1,1,2,1,1D-1I-2C-1S,6,1.0,0.631,0.5652,0.9,0.5,53.18
G2 Esports,Haven,2024,breach|jett|killjoy|omen|sova,"['breach', 'jett', 'killjoy', 'omen', 'sova']",1,1,2,0.5,4,0.5,0.3457,0.1728,1,2,1,1,1D-2I-1C-1S,2,0.5,0.631,0.6486,0.8,0.5,61.94
G2 Esports,Haven,2024,killjoy|omen|sova|viper|yoru,"['killjoy', 'omen', 'sova', 'viper', 'yoru']",1,1,2,0.5,4,0.5,0.3457,0.1728,1,1,2,1,1D-1I-2C-1S,2,0.5,0.631,0.6486,0.8,0.5,62.25
G2 Esports,Icebox,2024,brimstone|jett|killjoy|sova|viper,"['brimstone', 'jett', 'killjoy', 'sova', 'viper']",0,2,2,0.0,17,0.1176,0.3457,0.0407,1,1,2,1,1D-1I-2C-1S,2,0.1176,0.631,0.4839,0.6471,0.1176,43.08
G2 Esports,Icebox,2024,gekko|harbor|killjoy|sova|viper,"['gekko', 'harbor', 'killjoy', 'sova', 'viper']",6,7,13,0.46153846153846156,17,0.7647,0.8304,0.635,0,2,2,1,0D-2I-2C-1S,14,0.8235,0.631,0.4839,0.9294,0.7647,47.84
G2 Esports,Icebox,2024,gekko|killjoy|omen|sova|viper,"['gekko', 'killjoy', 'omen', 'sova', 'viper']",1,0,1,1.0,17,0.0588,0.2181,0.0128,0,2,2,1,0D-2I-2C-1S,14,0.8235,0.631,0.4839,0.7882,0.0588,52.47
G2 Esports,Icebox,2024,gekko|killjoy|sage|sova|viper,"['gekko', 'killjoy', 'sage', 'sova', 'viper']",0,1,1,0.0,17,0.0588,0.2181,0.0128,0,2,1,2,0D-2I-1C-2S,1,0.0588,0.631,0.4839,0.7882,0.0588,28.14
G2 Esports,Lotus,2024,fade|killjoy|omen|raze|viper,"['fade', 'killjoy', 'omen', 'raze', 'viper']",11,6,17,0.6470588235294118,17,1.0,0.9095,0.9095,1,1,2,1,1D-1I-2C-1S,17,1.0,0.631,0.6727,1.0,1.0,65.43
G2 Esports,Split,2024,breach|cypher|omen|raze|viper,"['breach', 'cypher', 'omen', 'raze', 'viper']",3,1,4,0.75,8,0.5,0.5064,0.2532,1,1,2,1,1D-1I-2C-1S,4,0.5,0.631,0.5128,0.9,0.5,60.91
G2 Esports,Split,2024,breach|fade|omen|raze|viper,"['breach', 'fade', 'omen', 'raze', 'viper']",2,2,4,0.5,8,0.5,0.5064,0.2532,1,2,2,0,1D-2I-2C-0S,4,0.5,0.631,0.5128,0.9,0.5,52.95
G2 Esports,Sunset,2024,breach|cypher|gekko|omen|raze,"['breach', 'cypher', 'gekko', 'omen', 'raze']",0,1,1,0.0,6,0.1667,0.2181,0.0364,1,2,1,1,1D-2I-1C-1S,1,0.1667,0.631,0.5263,0.6667,0.1667,54.04
G2 Esports,Sunset,2024,cypher|omen|raze|sova|viper,"['cypher', 'omen', 'raze', 'sova', 'viper']",2,3,5,0.4,6,0.8333,0.5638,0.4698,1,1,2,1,1D-1I-2C-1S,5,0.8333,0.631,0.5263,0.9333,0.8333,49.3
GIANTX,Ascent,2024,cypher|jett|kayo|omen|sova,"['cypher', 'jett', 'kayo', 'omen', 'sova']",1,1,2,0.5,2,1.0,0.3457,0.3457,1,2,1,1,1D-2I-1C-1S,2,1.0,0.4462,0.5909,1.0,1.0,62.72
GIANTX,Bind,2024,omen|raze|skye|viper|yoru,"['omen', 'raze', 'skye', 'viper', 'yoru']",1,2,3,0.3333333333333333,3,1.0,0.4362,0.4362,2,1,2,0,2D-1I-2C-0S,3,1.0,0.4462,0.36,1.0,1.0,44.17
GIANTX,Breeze,2024,cypher|jett|sova|viper|yoru,"['cypher', 'jett', 'sova', 'viper', 'yoru']",2,2,4,0.5,4,1.0,0.5064,0.5064,2,1,1,1,2D-1I-1C-1S,4,1.0,0.4462,0.3889,1.0,1.0,50.52
GIANTX,Haven,2024,breach|killjoy|neon|omen|sova,"['breach', 'killjoy', 'neon', 'omen', 'sova']",0,1,1,0.0,1,1.0,0.2181,0.2181,1,2,1,1,1D-2I-1C-1S,1,1.0,0.4462,0.5385,1.0,1.0,47.37
GIANTX,Icebox,2024,chamber|gekko|kayo|killjoy|viper,"['chamber', 'gekko', 'kayo', 'killjoy', 'viper']",0,1,1,0.0,3,0.3333,0.2181,0.0727,0,2,1,2,0D-2I-1C-2S,1,0.3333,0.4462,0.4667,0.6,0.3333,28.14
GIANTX,Icebox,2024,jett|killjoy|sage|sova|viper,"['jett', 'killjoy', 'sage', 'sova', 'viper']",0,1,1,0.0,3,0.3333,0.2181,0.0727,1,1,1,2,1D-1I-1C-2S,1,0.3333,0.4462,0.4667,0.6667,0.3333,40.57
GIANTX,Icebox,2024,killjoy|omen|raze|sova|viper,"['killjoy', 'omen', 'raze', 'sova', 'viper']",1,0,1,1.0,3,0.3333,0.2181,0.0727,1,1,2,1,1D-1I-2C-1S,1,0.3333,0.4462,0.4667,0.6667,0.3333,49.59
GIANTX,Lotus,2024,fade|killjoy|neon|omen|skye,"['fade', 'killjoy', 'neon', 'omen', 'skye']",1,1,2,0.5,5,0.4,0.3457,0.1383,1,2,1,1,1D-2I-1C-1S,2,0.4,0.4462,0.4286,0.76,0.4,50.66
GIANTX,Lotus,2024,fade|killjoy|omen|raze|viper,"['fade', 'killjoy', 'omen', 'raze', 'viper']",2,0,2,1.0,5,0.4,0.3457,0.1383,1,1,2,1,1D-1I-2C-1S,3,0.6,0.4462,0.4286,0.8,0.6,45.17
GIANTX,Lotus,2024,killjoy|omen|raze|skye|viper,"['killjoy', 'omen', 'raze', 'skye', 'viper']",0,1,1,0.0,5,0.2,0.2181,0.0436,1,1,2,1,1D-1I-2C-1S,3,0.6,0.4462,0.4286,0.76,0.6,35.49
GIANTX,Split,2024,breach|cypher|jett|omen|raze,"['breach', 'cypher', 'jett', 'omen', 'raze']",1,1,2,0.5,6,0.3333,0.3457,0.1152,2,1,1,1,2D-1I-1C-1S,3,0.5,0.4462,0.4167,0.8333,0.5,47.24
GIANTX,Split,2024,breach|cypher|omen|raze|skye,"['breach', 'cypher', 'omen', 'raze', 'skye']",0,2,2,0.0,6,0.3333,0.3457,0.1152,1,2,1,1,1D-2I-1C-1S,2,0.3333,0.4462,0.4167,0.8333,0.5,35.91
GIANTX,Split,2024,breach|jett|killjoy|omen|raze,"['breach', 'jett', 'killjoy', 'omen', 'raze']",0,1,1,0.0,6,0.1667,0.2181,0.0364,2,1,1,1,2D-1I-1C-1S,3,0.5,0.4462,0.4167,0.7333,0.1667,43.94
GIANTX,Split,2024,breach|omen|raze|skye|viper,"['breach', 'omen', 'raze', 'skye', 'viper']",0,1,1,0.0,6,0.1667,0.2181,0.0364,1,2,2,0,1D-2I-2C-0S,1,0.1667,0.4462,0.4167,0.7333,0.1667,36.48
GIANTX,Sunset,2024,breach|cypher|gekko|omen|raze,"['breach', 'cypher', 'gekko', 'omen', 'raze']",2,2,4,0.5,7,0.5714,0.5064,0.2894,1,2,1,1,1D-2I-1C-1S,7,1.0,0.4462,0.5385,0.8571,0.5714,53.36
GIANTX,Sunset,2024,breach|cypher|omen|raze|sova,"['breach', 'cypher', 'omen', 'raze', 'sova']",0,1,1,0.0,7,0.1429,0.2181,0.0312,1,2,1,1,1D-2I-1C-1S,7,1.0,0.4462,0.5385,0.7714,0.1429,50.86
GIANTX,Sunset,2024,breach|fade|omen|raze|sage,"['breach', 'fade', 'omen', 'raze', 'sage']",1,1,2,0.5,7,0.2857,0.3457,0.0988,1,2,1,1,1D-2I-1C-1S,7,1.0,0.4462,0.5385,0.7143,0.2857,53.75
Gen.G,Abyss,2024,astra|jett|sova|viper|yoru,"['astra', 'jett', 'sova', 'viper', 'yoru']",1,0,1,1.0,1,1.0,0.2181,0.2181,2,1,2,0,2D-1I-2C-0S,1,1.0,0.5857,0.4667,1.0,1.0,61.96
Gen.G,Ascent,2024,jett|kayo|killjoy|omen|sova,"['jett', 'kayo', 'killjoy', 'omen', 'sova']",15,3,18,0.8333333333333334,18,1.0,0.9265,0.9265,1,2,1,1,1D-2I-1C-1S,18,1.0,0.5857,0.6667,1.0,1.0,75.66
Gen.G,Bind,2024,brimstone|cypher|raze|skye|viper,"['brimstone', 'cypher', 'raze', 'skye', 'viper']",8,5,13,0.6153846153846154,13,1.0,0.8304,0.8304,1,1,2,1,1D-1I-2C-1S,13,1.0,0.5857,0.5,1.0,1.0,61.58
Gen.G,Breeze,2024,astra|cypher|jett|skye|viper,"['astra', 'cypher', 'jett', 'skye', 'viper']",1,2,3,0.3333333333333333,12,0.25,0.4362,0.109,1,1,2,1,1D-1I-2C-1S,3,0.25,0.5857,0.5926,0.7,0.25,51.54
Gen.G,Breeze,2024,astra|jett|sova|viper|yoru,"['astra', 'jett', 'sova', 'viper', 'yoru']",7,2,9,0.7777777777777778,12,0.75,0.7245,0.5434,2,1,2,0,2D-1I-2C-0S,9,0.75,0.5857,0.5926,0.9,0.75,74.57
Gen.G,Haven,2024,jett|killjoy|omen|skye|viper,"['jett', 'killjoy', 'omen', 'skye', 'viper']",3,1,4,0.75,4,1.0,0.5064,0.5064,1,1,2,1,1D-1I-2C-1S,4,1.0,0.5857,0.6667,1.0,1.0,72.67
Gen.G,Icebox,2024,gekko|jett|kayo|killjoy|viper,"['gekko', 'jett', 'kayo', 'killjoy', 'viper']",10,6,16,0.625,17,0.9412,0.8915,0.8391,1,2,1,1,1D-2I-1C-1S,16,0.9412,0.5857,0.5455,0.9882,0.9412,62.66
Gen.G,Icebox,2024,gekko|kayo|killjoy|omen|viper,"['gekko', 'kayo', 'killjoy', 'omen', 'viper']",0,1,1,0.0,17,0.0588,0.2181,0.0128,0,2,2,1,0D-2I-2C-1S,1,0.0588,0.5857,0.5455,0.8118,0.0588,35.1
Gen.G,Lotus,2024,fade|killjoy|omen|raze|viper,"['fade', 'killjoy', 'omen', 'raze', 'viper']",16,7,23,0.6956521739130435,23,1.0,1.0,1.0,1,1,2,1,1D-1I-2C-1S,23,1.0,0.5857,0.6458,1.0,1.0,68.31
Gen.G,Split,2024,astra|jett|raze|skye|viper,"['astra', 'jett', 'raze', 'skye', 'viper']",0,2,2,0.0,14,0.1429,0.3457,0.0494,2,1,2,0,2D-1I-2C-0S,11,0.7857,0.5857,0.4516,0.7857,0.1429,42.26
Gen.G,Split,2024,cypher|omen|raze|skye|viper,"['cypher', 'omen', 'raze', 'skye', 'viper']",2,1,3,0.6666666666666666,14,0.2143,0.4362,0.0935,1,1,2,1,1D-1I-2C-1S,3,0.2143,0.5857,0.4516,0.8143,0.2143,56.08
Gen.G,Split,2024,jett|omen|raze|skye|viper,"['jett', 'omen', 'raze', 'skye', 'viper']",5,4,9,0.5555555555555556,14,0.6429,0.7245,0.4658,2,1,2,0,2D-1I-2C-0S,11,0.7857,0.5857,0.4516,0.9286,0.7857,50.77
Gen.G,Sunset,2024,cypher|jett|kayo|omen|sova,"['cypher', 'jett', 'kayo', 'omen', 'sova']",4,4,8,0.5,10,0.8,0.6914,0.5531,1,2,1,1,1D-2I-1C-1S,8,0.8,0.5857,0.48,0.88,0.8,54.42
Gen.G,Sunset,2024,cypher|omen|raze|skye|viper,"['cypher', 'omen', 'raze', 'skye', 'viper']",1,1,2,0.5,10,0.2,0.3457,0.0691,1,1,2,1,1D-1I-2C-1S,2,0.2,0.5857,0.48,0.52,0.2,53.5
Gentle Mates,Ascent,2024,cypher|jett|kayo|omen|sova,"['cypher', 'jett', 'kayo', 'omen', 'sova']",1,0,1,1.0,2,0.5,0.2181,0.109,1,2,1,1,1D-2I-1C-1S,1,0.5,0.4359,0.5294,0.8,0.5,46.39
Gentle Mates,Ascent,2024,cypher|omen|phoenix|sova|yoru,"['cypher', 'omen', 'phoenix', 'sova', 'yoru']",1,0,1,1.0,2,0.5,0.2181,0.109,2,1,1,1,2D-1I-1C-1S,1,0.5,0.4359,0.5294,0.8,0.5,57.91
Gentle Mates,Breeze,2024,cypher|kayo|sova|viper|yoru,"['cypher', 'kayo', 'sova', 'viper', 'yoru']",0,1,1,0.0,3,0.3333,0.2181,0.0727,1,2,1,1,1D-2I-1C-1S,1,0.3333,0.4359,0.4615,0.8667,0.3333,34.04
Gentle Mates,Breeze,2024,cypher|phoenix|sova|viper|yoru,"['cypher', 'phoenix', 'sova', 'viper', 'yoru']",1,1,2,0.5,3,0.6667,0.3457,0.2305,2,1,1,1,2D-1I-1C-1S,2,0.6667,0.4359,0.4615,0.9333,0.6667,51.2
Gentle Mates,Icebox,2024,gekko|kayo|killjoy|omen|viper,"['gekko', 'kayo', 'killjoy', 'omen', 'viper']",1,0,1,1.0,4,0.25,0.2181,0.0545,0,2,2,1,0D-2I-2C-1S,1,0.25,0.4359,0.5294,0.75,0.25,57.62
Gentle Mates,Icebox,2024,gekko|kayo|killjoy|sage|viper,"['gekko', 'kayo', 'killjoy', 'sage', 'viper']",1,1,2,0.5,4,0.5,0.3457,0.1728,0,2,1,2,0D-2I-1C-2S,2,0.5,0.4359,0.5294,0.85,0.75,41.62
Gentle Mates,Icebox,2024,jett|killjoy|sage|sova|viper,"['jett', 'killjoy', 'sage', 'sova', 'viper']",0,1,1,0.0,4,0.25,0.2181,0.0545,1,1,1,2,1D-1I-1C-2S,1,0.25,0.4359,0.5294,0.65,0.25,44.05
Gentle Mates,Lotus,2024,breach|cypher|omen|phoenix|raze,"['breach', 'cypher', 'omen', 'phoenix', 'raze']",0,1,1,0.0,5,0.2,0.2181,0.0436,2,1,1,1,2D-1I-1C-1S,3,0.6,0.4359,0.28,0.76,0.6,32.27
Gentle Mates,Lotus,2024,breach|cypher|omen|raze|sage,"['breach', 'cypher', 'omen', 'raze', 'sage']",0,1,1,0.0,5,0.2,0.2181,0.0436,1,1,1,2,1D-1I-1C-2S,1,0.2,0.4359,0.28,0.68,0.2,44.05
Gentle Mates,Lotus,2024,breach|killjoy|omen|phoenix|raze,"['breach', 'killjoy', 'omen', 'phoenix', 'raze']",0,2,2,0.0,5,0.4,0.3457,0.1383,2,1,1,1,2D-1I-1C-1S,3,0.6,0.4359,0.28,0.72,0.4,30.37
Gentle Mates,Lotus,2024,cypher|fade|neon|omen|viper,"['cypher', 'fade', 'neon', 'omen', 'viper']",0,1,1,0.0,5,0.2,0.2181,0.0436,1,1,2,1,1D-1I-2C-1S,1,0.2,0.4359,0.28,0.44,0.2,26.55
Gentle Mates,Split,2024,breach|cypher|omen|raze|yoru,"['breach', 'cypher', 'omen', 'raze', 'yoru']",2,2,4,0.5,5,0.8,0.5064,0.4051,2,1,1,1,2D-1I-1C-1S,4,0.8,0.4359,0.4783,0.84,0.8,50.92
Gentle Mates,Split,2024,jett|omen|phoenix|skye|viper,"['jett', 'omen', 'phoenix', 'skye', 'viper']",0,1,1,0.0,5,0.2,0.2181,0.0436,2,1,2,0,2D-1I-2C-0S,1,0.2,0.4359,0.4783,0.36,0.2,43.35
Gentle Mates,Sunset,2024,breach|cypher|omen|raze|yoru,"['breach', 'cypher', 'omen', 'raze', 'yoru']",0,2,2,0.0,9,0.2222,0.3457,0.0768,2,1,1,1,2D-1I-1C-1S,5,0.5556,0.4359,0.381,0.6222,0.2222,36.26
Gentle Mates,Sunset,2024,cypher|kayo|neon|omen|raze,"['cypher', 'kayo', 'neon', 'omen', 'raze']",1,2,3,0.3333333333333333,9,0.3333,0.4362,0.1454,2,1,1,1,2D-1I-1C-1S,5,0.5556,0.4359,0.381,0.8222,0.6667,39.8
Gentle Mates,Sunset,2024,cypher|kayo|neon|omen|sage,"['cypher', 'kayo', 'neon', 'omen', 'sage']",1,0,1,1.0,9,0.1111,0.2181,0.0242,1,1,1,2,1D-1I-1C-2S,2,0.2222,0.4359,0.381,0.7333,0.2222,62.25
Gentle Mates,Sunset,2024,cypher|kayo|neon|omen|sova,"['cypher', 'kayo', 'neon', 'omen', 'sova']",0,2,2,0.0,9,0.2222,0.3457,0.0768,1,2,1,1,1D-2I-1C-1S,2,0.2222,0.4359,0.381,0.7333,0.2222,27.11
Gentle Mates,Sunset,2024,cypher|kayo|omen|raze|sage,"['cypher', 'kayo', 'omen', 'raze', 'sage']",1,0,1,1.0,9,0.1111,0.2181,0.0242,1,1,1,2,1D-1I-1C-2S,2,0.2222,0.4359,0.381,0.7333,0.2222,62.25
Global Esports,Ascent,2024,jett|kayo|killjoy|omen|sova,"['jett', 'kayo', 'killjoy', 'omen', 'sova']",1,5,6,0.16666666666666666,6,1.0,0.6123,0.6123,1,2,1,1,1D-2I-1C-1S,6,1.0,0.4074,0.3333,1.0,1.0,22.39
Global Esports,Bind,2024,cypher|gekko|kayo|raze|viper,"['cypher', 'gekko', 'kayo', 'raze', 'viper']",0,2,2,0.0,2,1.0,0.3457,0.3457,1,2,1,1,1D-2I-1C-1S,2,1.0,0.4074,0.3529,1.0,1.0,26.44
Global Esports,Breeze,2024,cypher|jett|kayo|sova|viper,"['cypher', 'jett', 'kayo', 'sova', 'viper']",0,1,1,0.0,1,1.0,0.2181,0.2181,1,2,1,1,1D-2I-1C-1S,1,1.0,0.4074,0.5263,1.0,1.0,27.23
Global Esports,Icebox,2024,gekko|jett|killjoy|sage|viper,"['gekko', 'jett', 'killjoy', 'sage', 'viper']",3,1,4,0.75,7,0.5714,0.5064,0.2894,1,1,1,2,1D-1I-1C-2S,5,0.7143,0.4074,0.5263,0.8571,0.5714,65.11
Global Esports,Icebox,2024,jett|kayo|killjoy|sage|viper,"['jett', 'kayo', 'killjoy', 'sage', 'viper']",1,0,1,1.0,7,0.1429,0.2181,0.0312,1,1,1,2,1D-1I-1C-2S,5,0.7143,0.4074,0.5263,0.8286,0.4286,64.82
Global Esports,Icebox,2024,jett|kayo|killjoy|sova|viper,"['jett', 'kayo', 'killjoy', 'sova', 'viper']",0,2,2,0.0,7,0.2857,0.3457,0.0988,1,2,1,1,1D-2I-1C-1S,2,0.2857,0.4074,0.5263,0.7429,0.2857,23.49
Global Esports,Lotus,2024,breach|cypher|fade|neon|omen,"['breach', 'cypher', 'fade', 'neon', 'omen']",1,2,3,0.3333333333333333,8,0.375,0.4362,0.1636,1,2,1,1,1D-2I-1C-1S,4,0.5,0.4074,0.3704,0.65,0.375,31.02
Global Esports,Lotus,2024,cypher|fade|gekko|omen|raze,"['cypher', 'fade', 'gekko', 'omen', 'raze']",0,1,1,0.0,8,0.125,0.2181,0.0273,1,2,1,1,1D-2I-1C-1S,4,0.5,0.4074,0.3704,0.65,0.125,28.65
Global Esports,Lotus,2024,fade|killjoy|omen|raze|viper,"['fade', 'killjoy', 'omen', 'raze', 'viper']",2,2,4,0.5,8,0.5,0.5064,0.2532,1,1,2,1,1D-1I-2C-1S,4,0.5,0.4074,0.3704,0.725,0.5,46.47
Global Esports,Split,2024,breach|cypher|gekko|omen|raze,"['breach', 'cypher', 'gekko', 'omen', 'raze']",1,0,1,1.0,2,0.5,0.2181,0.109,1,2,1,1,1D-2I-1C-1S,1,0.5,0.4074,0.48,0.8,0.5,42.0
Global Esports,Split,2024,cypher|omen|raze|skye|viper,"['cypher', 'omen', 'raze', 'skye', 'viper']",0,1,1,0.0,2,0.5,0.2181,0.109,1,1,2,1,1D-1I-2C-1S,1,0.5,0.4074,0.48,0.8,0.5,45.52
Global Esports,Sunset,2024,cypher|jett|kayo|omen|sova,"['cypher', 'jett', 'kayo', 'omen', 'sova']",0,1,1,0.0,5,0.2,0.2181,0.0436,1,2,1,1,1D-2I-1C-1S,2,0.4,0.4074,0.4667,0.56,0.2,32.77
Global Esports,Sunset,2024,cypher|kayo|neon|omen|sova,"['cypher', 'kayo', 'neon', 'omen', 'sova']",1,0,1,1.0,5,0.2,0.2181,0.0436,1,2,1,1,1D-2I-1C-1S,2,0.4,0.4074,0.4667,0.56,0.2,39.02
Global Esports,Sunset,2024,fade|gekko|omen|raze|viper,"['fade', 'gekko', 'omen', 'raze', 'viper']",1,0,1,1.0,5,0.2,0.2181,0.0436,1,2,2,0,1D-2I-2C-0S,2,0.4,0.4074,0.4667,0.52,0.2,47.58
Global Esports,Sunset,2024,gekko|kayo|killjoy|omen|sage,"['gekko', 'kayo', 'killjoy', 'omen', 'sage']",0,1,1,0.0,5,0.2,0.2181,0.0436,0,2,1,2,0D-2I-1C-2S,1,0.2,0.4074,0.4667,0.52,0.2,28.14
Global Esports,Sunset,2024,gekko|omen|raze|sova|viper,"['gekko', 'omen', 'raze', 'sova', 'viper']",0,1,1,0.0,5,0.2,0.2181,0.0436,1,2,2,0,1D-2I-2C-0S,2,0.4,0.4074,0.4667,0.6,0.4,41.33
JDG Esports,Ascent,2024,jett|kayo|killjoy|omen|sova,"['jett', 'kayo', 'killjoy', 'omen', 'sova']",1,2,3,0.3333333333333333,3,1.0,0.4362,0.4362,1,2,1,1,1D-2I-1C-1S,3,1.0,0.453,0.4667,1.0,1.0,42.53
JDG Esports,Bind,2024,astra|breach|cypher|deadlock|raze,"['astra', 'breach', 'cypher', 'deadlock', 'raze']",1,0,1,1.0,6,0.1667,0.2181,0.0364,1,1,1,2,1D-1I-1C-2S,1,0.1667,0.453,0.4545,0.3333,0.1667,60.26
JDG Esports,Bind,2024,brimstone|gekko|raze|skye|viper,"['brimstone', 'gekko', 'raze', 'skye', 'viper']",1,2,3,0.3333333333333333,6,0.5,0.4362,0.2181,1,2,2,0,1D-2I-2C-0S,5,0.8333,0.453,0.4545,0.8,0.5,44.46
JDG Esports,Bind,2024,brimstone|raze|skye|sova|viper,"['brimstone', 'raze', 'skye', 'sova', 'viper']",1,1,2,0.5,6,0.3333,0.3457,0.1152,1,2,2,0,1D-2I-2C-0S,5,0.8333,0.453,0.4545,0.7667,0.3333,47.08
JDG Esports,Breeze,2024,harbor|jett|sova|viper|yoru,"['harbor', 'jett', 'sova', 'viper', 'yoru']",0,1,1,0.0,1,1.0,0.2181,0.2181,2,1,2,0,2D-1I-2C-0S,1,1.0,0.453,0.4167,1.0,1.0,27.16
JDG Esports,Haven,2024,cypher|fade|gekko|jett|omen,"['cypher', 'fade', 'gekko', 'jett', 'omen']",3,1,4,0.75,4,1.0,0.5064,0.5064,1,2,1,1,1D-2I-1C-1S,4,1.0,0.453,0.4848,1.0,1.0,59.05
JDG Esports,Icebox,2024,deadlock|jett|kayo|killjoy|viper,"['deadlock', 'jett', 'kayo', 'killjoy', 'viper']",3,1,4,0.75,8,0.5,0.5064,0.2532,1,1,1,2,1D-1I-1C-2S,4,0.5,0.453,0.5455,0.8,0.5,66.05
JDG Esports,Icebox,2024,gekko|harbor|jett|killjoy|viper,"['gekko', 'harbor', 'jett', 'killjoy', 'viper']",1,1,2,0.5,8,0.25,0.3457,0.0864,1,1,2,1,1D-1I-2C-1S,4,0.5,0.453,0.5455,0.75,0.25,44.86
JDG Esports,Icebox,2024,harbor|jett|killjoy|sova|viper,"['harbor', 'jett', 'killjoy', 'sova', 'viper']",1,1,2,0.5,8,0.25,0.3457,0.0864,1,1,2,1,1D-1I-2C-1S,4,0.5,0.453,0.5455,0.75,0.25,44.86
JDG Esports,Lotus,2024,astra|fade|killjoy|raze|viper,"['astra', 'fade', 'killjoy', 'raze', 'viper']",0,2,2,0.0,5,0.4,0.3457,0.1383,1,1,2,1,1D-1I-2C-1S,5,1.0,0.453,0.4583,0.88,0.4,44.65
JDG Esports,Lotus,2024,fade|killjoy|omen|raze|viper,"['fade', 'killjoy', 'omen', 'raze', 'viper']",2,1,3,0.6666666666666666,5,0.6,0.4362,0.2617,1,1,2,1,1D-1I-2C-1S,5,1.0,0.453,0.4583,0.92,0.6,52.95
JDG Esports,Split,2024,jett|omen|raze|skye|viper,"['jett', 'omen', 'raze', 'skye', 'viper']",0,1,1,0.0,1,1.0,0.2181,0.2181,2,1,2,0,2D-1I-2C-0S,1,1.0,0.453,0.5333,1.0,1.0,32.28
JDG Esports,Sunset,2024,cypher|kayo|omen|raze|sova,"['cypher', 'kayo', 'omen', 'raze', 'sova']",0,1,1,0.0,5,0.2,0.2181,0.0436,1,2,1,1,1D-2I-1C-1S,1,0.2,0.453,0.4706,0.76,0.2,40.63
JDG Esports,Sunset,2024,cypher|neon|omen|sova|viper,"['cypher', 'neon', 'omen', 'sova', 'viper']",0,2,2,0.0,5,0.4,0.3457,0.1383,1,1,2,1,1D-1I-2C-1S,4,0.8,0.453,0.4706,0.84,0.4,38.98
JDG Esports,Sunset,2024,cypher|omen|raze|sova|viper,"['cypher', 'omen', 'raze', 'sova', 'viper']",2,0,2,1.0,5,0.4,0.3457,0.1383,1,1,2,1,1D-1I-2C-1S,4,0.8,0.453,0.4706,0.88,0.6,50.74
KOI,Ascent,2024,cypher|jett|kayo|omen|sova,"['cypher', 'jett', 'kayo', 'omen', 'sova']",0,1,1,0.0,1,1.0,0.2181,0.2181,1,2,1,1,1D-2I-1C-1S,1,1.0,0.3553,0.4286,1.0,1.0,31.66
KOI,Bind,2024,brimstone|fade|raze|skye|viper,"['brimstone', 'fade', 'raze', 'skye', 'viper']",1,2,3,0.3333333333333333,6,0.5,0.4362,0.2181,1,2,2,0,1D-2I-2C-0S,6,1.0,0.3553,0.3333,0.8,0.5,28.38
KOI,Bind,2024,brimstone|gekko|kayo|raze|viper,"['brimstone', 'gekko', 'kayo', 'raze', 'viper']",0,3,3,0.0,6,0.5,0.4362,0.2181,1,2,2,0,1D-2I-2C-0S,6,1.0,0.3553,0.3333,0.8,0.5,22.83
KOI,Breeze,2024,cypher|jett|sova|viper|yoru,"['cypher', 'jett', 'sova', 'viper', 'yoru']",0,1,1,0.0,3,0.3333,0.2181,0.0727,2,1,1,1,2D-1I-1C-1S,1,0.3333,0.3553,0.3846,0.8667,0.3333,43.86
KOI,Breeze,2024,cypher|kayo|sova|viper|yoru,"['cypher', 'kayo', 'sova', 'viper', 'yoru']",0,1,1,0.0,3,0.3333,0.2181,0.0727,1,2,1,1,1D-2I-1C-1S,1,0.3333,0.3553,0.3846,0.8667,0.3333,34.54
KOI,Breeze,2024,cypher|omen|sova|viper|yoru,"['cypher', 'omen', 'sova', 'viper', 'yoru']",0,1,1,0.0,3,0.3333,0.2181,0.0727,1,1,2,1,1D-1I-2C-1S,1,0.3333,0.3553,0.3846,0.8667,0.3333,25.65
KOI,Haven,2024,breach|cypher|jett|omen|sova,"['breach', 'cypher', 'jett', 'omen', 'sova']",0,1,1,0.0,1,1.0,0.2181,0.2181,1,2,1,1,1D-2I-1C-1S,1,1.0,0.3553,0.4,1.0,1.0,31.66
KOI,Icebox,2024,gekko|jett|kayo|killjoy|viper,"['gekko', 'jett', 'kayo', 'killjoy', 'viper']",5,0,5,1.0,9,0.5556,0.5638,0.3132,1,2,1,1,1D-2I-1C-1S,5,0.5556,0.3553,0.5,0.7778,0.5556,66.89
KOI,Icebox,2024,gekko|kayo|killjoy|omen|viper,"['gekko', 'kayo', 'killjoy', 'omen', 'viper']",0,1,1,0.0,9,0.1111,0.2181,0.0242,0,2,2,1,0D-2I-2C-1S,1,0.1111,0.3553,0.5,0.6889,0.1111,35.1
KOI,Icebox,2024,harbor|killjoy|sova|viper|yoru,"['harbor', 'killjoy', 'sova', 'viper', 'yoru']",0,3,3,0.0,9,0.3333,0.4362,0.1454,1,1,2,1,1D-1I-2C-1S,3,0.3333,0.3553,0.5,0.6,0.3333,19.29
KOI,Lotus,2024,cypher|fade|neon|omen|yoru,"['cypher', 'fade', 'neon', 'omen', 'yoru']",1,0,1,1.0,1,1.0,0.2181,0.2181,2,1,1,1,2D-1I-1C-1S,1,1.0,0.3553,0.4444,1.0,1.0,58.63
KOI,Split,2024,breach|fade|omen|raze|viper,"['breach', 'fade', 'omen', 'raze', 'viper']",3,2,5,0.6,7,0.7143,0.5638,0.4027,1,2,2,0,1D-2I-2C-0S,5,0.7143,0.3553,0.4737,0.9429,0.7143,45.58
KOI,Split,2024,fade|omen|raze|viper|yoru,"['fade', 'omen', 'raze', 'viper', 'yoru']",1,1,2,0.5,7,0.2857,0.3457,0.0988,2,1,2,0,2D-1I-2C-0S,2,0.2857,0.3553,0.4737,0.8571,0.2857,50.24
KOI,Sunset,2024,breach|cypher|fade|omen|raze,"['breach', 'cypher', 'fade', 'omen', 'raze']",1,2,3,0.3333333333333333,7,0.4286,0.4362,0.187,1,2,1,1,1D-2I-1C-1S,7,1.0,0.3553,0.3889,0.7143,0.4286,33.58
KOI,Sunset,2024,cypher|gekko|kayo|neon|omen,"['cypher', 'gekko', 'kayo', 'neon', 'omen']",0,2,2,0.0,7,0.2857,0.3457,0.0988,1,2,1,1,1D-2I-1C-1S,7,1.0,0.3553,0.3889,0.6286,0.2857,29.67
KOI,Sunset,2024,cypher|kayo|omen|raze|sova,"['cypher', 'kayo', 'omen', 'raze', 'sova']",1,1,2,0.5,7,0.2857,0.3457,0.0988,1,2,1,1,1D-2I-1C-1S,7,1.0,0.3553,0.3889,0.7143,0.2857,35.55
KRÜ Esports,Abyss,2024,cypher|harbor|kayo|omen|sova,"['cypher', 'harbor', 'kayo', 'omen', 'sova']",0,1,1,0.0,3,0.3333,0.2181,0.0727,0,2,2,1,0D-2I-2C-1S,1,0.3333,0.4815,0.5,0.8667,0.3333,29.7
KRÜ Esports,Abyss,2024,cypher|jett|kayo|omen|sova,"['cypher', 'jett', 'kayo', 'omen', 'sova']",1,1,2,0.5,3,0.6667,0.3457,0.2305,1,2,1,1,1D-2I-1C-1S,2,0.6667,0.4815,0.5,0.9333,0.6667,43.37
KRÜ Esports,Ascent,2024,jett|kayo|killjoy|omen|sova,"['jett', 'kayo', 'killjoy', 'omen', 'sova']",2,6,8,0.25,8,1.0,0.6914,0.6914,1,2,1,1,1D-2I-1C-1S,8,1.0,0.4815,0.4091,1.0,1.0,32.33
KRÜ Esports,Bind,2024,brimstone|fade|gekko|raze|viper,"['brimstone', 'fade', 'gekko', 'raze', 'viper']",0,1,1,0.0,1,1.0,0.2181,0.2181,1,2,2,0,1D-2I-2C-0S,1,1.0,0.4815,0.5,1.0,1.0,37.91
KRÜ Esports,Breeze,2024,cypher|jett|kayo|sova|viper,"['cypher', 'jett', 'kayo', 'sova', 'viper']",3,1,4,0.75,4,1.0,0.5064,0.5064,1,2,1,1,1D-2I-1C-1S,4,1.0,0.4815,0.4737,1.0,1.0,55.38
KRÜ Esports,Haven,2024,breach|cypher|neon|omen|sova,"['breach', 'cypher', 'neon', 'omen', 'sova']",3,1,4,0.75,4,1.0,0.5064,0.5064,1,2,1,1,1D-2I-1C-1S,4,1.0,0.4815,0.5185,1.0,1.0,57.56
KRÜ Esports,Icebox,2024,gekko|jett|kayo|killjoy|viper,"['gekko', 'jett', 'kayo', 'killjoy', 'viper']",0,1,1,0.0,10,0.1,0.2181,0.0218,1,2,1,1,1D-2I-1C-1S,10,1.0,0.4815,0.48,0.8,0.6,39.95
KRÜ Esports,Icebox,2024,gekko|jett|killjoy|sova|viper,"['gekko', 'jett', 'killjoy', 'sova', 'viper']",1,0,1,1.0,10,0.1,0.2181,0.0218,1,2,1,1,1D-2I-1C-1S,10,1.0,0.4815,0.48,0.76,0.6,46.2
KRÜ Esports,Icebox,2024,gekko|kayo|killjoy|reyna|viper,"['gekko', 'kayo', 'killjoy', 'reyna', 'viper']",1,2,3,0.3333333333333333,10,0.3,0.4362,0.1309,1,2,1,1,1D-2I-1C-1S,10,1.0,0.4815,0.48,0.76,0.4,41.07
KRÜ Esports,Icebox,2024,gekko|killjoy|reyna|sova|viper,"['gekko', 'killjoy', 'reyna', 'sova', 'viper']",0,1,1,0.0,10,0.1,0.2181,0.0218,1,2,1,1,1D-2I-1C-1S,10,1.0,0.4815,0.48,0.72,0.4,39.95
KRÜ Esports,Icebox,2024,jett|kayo|killjoy|sova|viper,"['jett', 'kayo', 'killjoy', 'sova', 'viper']",2,2,4,0.5,10,0.4,0.5064,0.2026,1,2,1,1,1D-2I-1C-1S,10,1.0,0.4815,0.48,0.8,0.6,44.17
KRÜ Esports,Lotus,2024,fade|killjoy|omen|raze|viper,"['fade', 'killjoy', 'omen', 'raze', 'viper']",6,4,10,0.6,10,1.0,0.7545,0.7545,1,1,2,1,1D-1I-2C-1S,10,1.0,0.4815,0.5161,1.0,1.0,61.7
KRÜ Esports,Split,2024,astra|jett|kayo|skye|viper,"['astra', 'jett', 'kayo', 'skye', 'viper']",0,1,1,0.0,7,0.1429,0.2181,0.0312,1,2,2,0,1D-2I-2C-0S,1,0.1429,0.4815,0.5,0.4857,0.1429,42.56
KRÜ Esports,Split,2024,cypher|omen|raze|skye|viper,"['cypher', 'omen', 'raze', 'skye', 'viper']",4,2,6,0.6666666666666666,7,0.8571,0.6123,0.5248,1,1,2,1,1D-1I-2C-1S,6,0.8571,0.4815,0.5,0.9143,0.8571,55.68
KRÜ Esports,Sunset,2024,breach|cypher|gekko|omen|raze,"['breach', 'cypher', 'gekko', 'omen', 'raze']",2,1,3,0.6666666666666666,9,0.3333,0.4362,0.1454,1,2,1,1,1D-2I-1C-1S,7,0.7778,0.4815,0.5238,0.6444,0.3333,52.89
KRÜ Esports,Sunset,2024,breach|cypher|neon|omen|sova,"['breach', 'cypher', 'neon', 'omen', 'sova']",2,1,3,0.6666666666666666,9,0.3333,0.4362,0.1454,1,2,1,1,1D-2I-1C-1S,7,0.7778,0.4815,0.5238,0.6444,0.3333,52.89
KRÜ Esports,Sunset,2024,chamber|fade|kayo|omen|viper,"['chamber', 'fade', 'kayo', 'omen', 'viper']",0,2,2,0.0,9,0.2222,0.3457,0.0768,0,2,2,1,0D-2I-2C-1S,2,0.2222,0.4815,0.5238,0.4,0.2222,25.62
KRÜ Esports,Sunset,2024,cypher|kayo|omen|raze|sova,"['cypher', 'kayo', 'omen', 'raze', 'sova']",0,1,1,0.0,9,0.1111,0.2181,0.0242,1,2,1,1,1D-2I-1C-1S,7,0.7778,0.4815,0.5238,0.6,0.3333,47.0
Karmine Corp,Ascent,2024,breach|fade|jett|kayo|omen,"['breach', 'fade', 'jett', 'kayo', 'omen']",0,1,1,0.0,2,0.5,0.2181,0.109,1,3,1,0,1D-3I-1C-0S,1,0.5,0.4621,0.4286,0.5,0.5,31.09
Karmine Corp,Ascent,2024,harbor|raze|reyna|skye|viper,"['harbor', 'raze', 'reyna', 'skye', 'viper']",1,0,1,1.0,2,0.5,0.2181,0.109,2,1,2,0,2D-1I-2C-0S,1,0.5,0.4621,0.4286,0.5,0.5,55.68
Karmine Corp,Bind,2024,fade|harbor|omen|sova|yoru,"['fade', 'harbor', 'omen', 'sova', 'yoru']",0,1,1,0.0,9,0.1111,0.2181,0.0242,1,2,2,0,1D-2I-2C-0S,6,0.6667,0.4621,0.5,0.3556,0.1111,39.54
Karmine Corp,Bind,2024,gekko|omen|raze|skye|viper,"['gekko', 'omen', 'raze', 'skye', 'viper']",3,2,5,0.6,9,0.5556,0.5638,0.3132,1,2,2,0,1D-2I-2C-0S,6,0.6667,0.4621,0.5,0.8444,0.5556,46.63
Karmine Corp,Bind,2024,omen|raze|skye|viper|yoru,"['omen', 'raze', 'skye', 'viper', 'yoru']",1,2,3,0.3333333333333333,9,0.3333,0.4362,0.1454,2,1,2,0,2D-1I-2C-0S,3,0.3333,0.4621,0.5,0.8222,0.4444,42.73
Karmine Corp,Breeze,2024,cypher|jett|kayo|sova|viper,"['cypher', 'jett', 'kayo', 'sova', 'viper']",1,1,2,0.5,3,0.6667,0.3457,0.2305,1,2,1,1,1D-2I-1C-1S,2,0.6667,0.4621,0.4,0.9333,0.6667,42.11
Karmine Corp,Breeze,2024,cypher|jett|sova|viper|yoru,"['cypher', 'jett', 'sova', 'viper', 'yoru']",0,1,1,0.0,3,0.3333,0.2181,0.0727,2,1,1,1,2D-1I-1C-1S,1,0.3333,0.4621,0.4,0.8667,0.3333,40.73
Karmine Corp,Haven,2024,gekko|harbor|killjoy|viper|yoru,"['gekko', 'harbor', 'killjoy', 'viper', 'yoru']",0,1,1,0.0,1,1.0,0.2181,0.2181,1,1,2,1,1D-1I-2C-1S,1,1.0,0.4621,0.5455,1.0,1.0,39.3
Karmine Corp,Icebox,2024,gekko|harbor|kayo|neon|skye,"['gekko', 'harbor', 'kayo', 'neon', 'skye']",0,1,1,0.0,8,0.125,0.2181,0.0273,1,3,1,0,1D-3I-1C-0S,1,0.125,0.4621,0.5833,0.275,0.125,31.09
Karmine Corp,Icebox,2024,gekko|jett|killjoy|sage|viper,"['gekko', 'jett', 'killjoy', 'sage', 'viper']",3,2,5,0.6,8,0.625,0.5638,0.3524,1,1,1,2,1D-1I-1C-2S,6,0.75,0.4621,0.5833,0.825,0.75,55.13
Karmine Corp,Icebox,2024,gekko|jett|killjoy|sova|viper,"['gekko', 'jett', 'killjoy', 'sova', 'viper']",1,0,1,1.0,8,0.125,0.2181,0.0273,1,2,1,1,1D-2I-1C-1S,1,0.125,0.4621,0.5833,0.725,0.25,48.24
Karmine Corp,Icebox,2024,killjoy|reyna|sage|sova|viper,"['killjoy', 'reyna', 'sage', 'sova', 'viper']",0,1,1,0.0,8,0.125,0.2181,0.0273,1,1,1,2,1D-1I-1C-2S,6,0.75,0.4621,0.5833,0.575,0.125,50.17
Karmine Corp,Lotus,2024,cypher|fade|omen|raze|viper,"['cypher', 'fade', 'omen', 'raze', 'viper']",1,0,1,1.0,14,0.0714,0.2181,0.0156,1,1,2,1,1D-1I-2C-1S,10,0.7143,0.4621,0.5,0.7571,0.3571,58.87
Karmine Corp,Lotus,2024,cypher|fade|omen|sova|yoru,"['cypher', 'fade', 'omen', 'sova', 'yoru']",2,2,4,0.5,14,0.2857,0.5064,0.1447,1,2,1,1,1D-2I-1C-1S,4,0.2857,0.4621,0.5,0.5857,0.2857,43.95
Karmine Corp,Lotus,2024,fade|killjoy|omen|raze|viper,"['fade', 'killjoy', 'omen', 'raze', 'viper']",6,3,9,0.6666666666666666,14,0.6429,0.7245,0.4658,1,1,2,1,1D-1I-2C-1S,10,0.7143,0.4621,0.5,0.8143,0.6429,60.08
Karmine Corp,Split,2024,astra|fade|omen|raze|yoru,"['astra', 'fade', 'omen', 'raze', 'yoru']",3,2,5,0.6,7,0.7143,0.5638,0.4027,2,1,2,0,2D-1I-2C-0S,7,1.0,0.4621,0.4286,0.9429,0.7143,51.67
Karmine Corp,Split,2024,fade|omen|raze|viper|yoru,"['fade', 'omen', 'raze', 'viper', 'yoru']",1,1,2,0.5,7,0.2857,0.3457,0.0988,2,1,2,0,2D-1I-2C-0S,7,1.0,0.4621,0.4286,0.8571,0.2857,46.29
Karmine Corp,Sunset,2024,breach|cypher|jett|omen|raze,"['breach', 'cypher', 'jett', 'omen', 'raze']",1,2,3,0.3333333333333333,13,0.2308,0.4362,0.1007,2,1,1,1,2D-1I-1C-1S,3,0.2308,0.4621,0.4815,0.6769,0.2308,43.69
Karmine Corp,Sunset,2024,cypher|gekko|kayo|omen|raze,"['cypher', 'gekko', 'kayo', 'omen', 'raze']",2,2,4,0.5,13,0.3077,0.5064,0.1558,1,2,1,1,1D-2I-1C-1S,5,0.3846,0.4621,0.4815,0.8,0.3846,41.72
Karmine Corp,Sunset,2024,cypher|gekko|omen|raze|viper,"['cypher', 'gekko', 'omen', 'raze', 'viper']",3,2,5,0.6,13,0.3846,0.5638,0.2168,1,1,2,1,1D-1I-2C-1S,5,0.3846,0.4621,0.4815,0.8,0.3846,55.15
Karmine Corp,Sunset,2024,cypher|kayo|neon|omen|sova,"['cypher', 'kayo', 'neon', 'omen', 'sova']",0,1,1,0.0,13,0.0769,0.2181,0.0168,1,2,1,1,1D-2I-1C-1S,5,0.3846,0.4621,0.4815,0.5077,0.0769,37.04
LEVIATÁN,Abyss,2024,cypher|harbor|jett|omen|sova,"['cypher', 'harbor', 'jett', 'omen', 'sova']",3,1,4,0.75,4,1.0,0.5064,0.5064,1,1,2,1,1D-1I-2C-1S,4,1.0,0.5503,0.5714,1.0,1.0,67.69
LEVIATÁN,Ascent,2024,cypher|deadlock|jett|omen|sova,"['cypher', 'deadlock', 'jett', 'omen', 'sova']",3,1,4,0.75,9,0.4444,0.5064,0.225,1,1,1,2,1D-1I-1C-2S,4,0.4444,0.5503,0.5556,0.7333,0.4444,58.19
LEVIATÁN,Ascent,2024,jett|kayo|killjoy|omen|sova,"['jett', 'kayo', 'killjoy', 'omen', 'sova']",2,2,4,0.5,9,0.4444,0.5064,0.225,1,2,1,1,1D-2I-1C-1S,4,0.4444,0.5503,0.5556,0.7556,0.4444,51.51
LEVIATÁN,Ascent,2024,kayo|omen|raze|sage|viper,"['kayo', 'omen', 'raze', 'sage', 'viper']",0,1,1,0.0,9,0.1111,0.2181,0.0242,1,1,2,1,1D-1I-2C-1S,1,0.1111,0.5503,0.5556,0.3778,0.1111,52.87
LEVIATÁN,Bind,2024,brimstone|fade|gekko|raze|viper,"['brimstone', 'fade', 'gekko', 'raze', 'viper']",1,2,3,0.3333333333333333,12,0.25,0.4362,0.109,1,2,2,0,1D-2I-2C-0S,12,1.0,0.5503,0.5484,0.8,0.25,45.3
LEVIATÁN,Bind,2024,brimstone|gekko|raze|skye|viper,"['brimstone', 'gekko', 'raze', 'skye', 'viper']",3,3,6,0.5,12,0.5,0.6123,0.3062,1,2,2,0,1D-2I-2C-0S,12,1.0,0.5503,0.5484,0.9,0.75,48.35
LEVIATÁN,Bind,2024,gekko|harbor|raze|skye|viper,"['gekko', 'harbor', 'raze', 'skye', 'viper']",2,1,3,0.6666666666666666,12,0.25,0.4362,0.109,1,2,2,0,1D-2I-2C-0S,12,1.0,0.5503,0.5484,0.8,0.25,50.86
LEVIATÁN,Breeze,2024,cypher|jett|kayo|sova|viper,"['cypher', 'jett', 'kayo', 'sova', 'viper']",3,3,6,0.5,6,1.0,0.6123,0.6123,1,2,1,1,1D-2I-1C-1S,6,1.0,0.5503,0.381,1.0,1.0,51.37
LEVIATÁN,Haven,2024,breach|cypher|neon|omen|sova,"['breach', 'cypher', 'neon', 'omen', 'sova']",2,1,3,0.6666666666666666,3,1.0,0.4362,0.4362,1,2,1,1,1D-2I-1C-1S,3,1.0,0.5503,0.5833,1.0,1.0,57.26
LEVIATÁN,Icebox,2024,harbor|jett|killjoy|sova|viper,"['harbor', 'jett', 'killjoy', 'sova', 'viper']",15,4,19,0.7894736842105263,20,0.95,0.9426,0.8955,1,1,2,1,1D-1I-2C-1S,20,1.0,0.5503,0.6,0.99,0.95,70.58
LEVIATÁN,Icebox,2024,harbor|killjoy|reyna|sova|viper,"['harbor', 'killjoy', 'reyna', 'sova', 'viper']",1,0,1,1.0,20,0.05,0.2181,0.0109,1,1,2,1,1D-1I-2C-1S,20,1.0,0.5503,0.6,0.81,0.05,71.3
LEVIATÁN,Lotus,2024,breach|cypher|fade|neon|omen,"['breach', 'cypher', 'fade', 'neon', 'omen']",2,0,2,1.0,12,0.1667,0.3457,0.0576,1,2,1,1,1D-2I-1C-1S,5,0.4167,0.5503,0.5517,0.6,0.1667,60.63
LEVIATÁN,Lotus,2024,breach|cypher|fade|omen|raze,"['breach', 'cypher', 'fade', 'omen', 'raze']",1,2,3,0.3333333333333333,12,0.25,0.4362,0.109,1,2,1,1,1D-2I-1C-1S,5,0.4167,0.5503,0.5517,0.7333,0.4167,51.7
LEVIATÁN,Lotus,2024,fade|killjoy|omen|raze|viper,"['fade', 'killjoy', 'omen', 'raze', 'viper']",4,3,7,0.5714285714285714,12,0.5833,0.6543,0.3817,1,1,2,1,1D-1I-2C-1S,7,0.5833,0.5503,0.5517,0.8,0.5833,61.05
LEVIATÁN,Split,2024,astra|jett|raze|skye|viper,"['astra', 'jett', 'raze', 'skye', 'viper']",0,2,2,0.0,3,0.6667,0.3457,0.2305,2,1,2,0,2D-1I-2C-0S,2,0.6667,0.5503,0.44,0.7333,0.6667,43.46
LEVIATÁN,Split,2024,breach|cypher|omen|raze|sova,"['breach', 'cypher', 'omen', 'raze', 'sova']",0,1,1,0.0,3,0.3333,0.2181,0.0727,1,2,1,1,1D-2I-1C-1S,1,0.3333,0.5503,0.44,0.4667,0.3333,45.23
LEVIATÁN,Sunset,2024,breach|cypher|gekko|omen|raze,"['breach', 'cypher', 'gekko', 'omen', 'raze']",4,1,5,0.8,13,0.3846,0.5638,0.2168,1,2,1,1,1D-2I-1C-1S,13,1.0,0.5503,0.6154,0.7538,0.3846,67.04
LEVIATÁN,Sunset,2024,breach|cypher|neon|omen|sova,"['breach', 'cypher', 'neon', 'omen', 'sova']",5,2,7,0.7142857142857143,13,0.5385,0.6543,0.3523,1,2,1,1,1D-2I-1C-1S,13,1.0,0.5503,0.6154,0.8308,0.5385,65.49
LEVIATÁN,Sunset,2024,breach|cypher|omen|phoenix|sova,"['breach', 'cypher', 'omen', 'phoenix', 'sova']",0,1,1,0.0,13,0.0769,0.2181,0.0168,1,2,1,1,1D-2I-1C-1S,13,1.0,0.5503,0.6154,0.7385,0.0769,58.8
LOUD,Ascent,2024,breach|kayo|omen|phoenix|viper,"['breach', 'kayo', 'omen', 'phoenix', 'viper']",2,2,4,0.5,8,0.5,0.5064,0.2532,1,2,2,0,1D-2I-2C-0S,6,0.75,0.4167,0.45,0.775,0.5,41.55
LOUD,Ascent,2024,breach|kayo|omen|viper|yoru,"['breach', 'kayo', 'omen', 'viper', 'yoru']",0,1,1,0.0,8,0.125,0.2181,0.0273,1,2,2,0,1D-2I-2C-0S,6,0.75,0.4167,0.45,0.7,0.125,36.84
LOUD,Ascent,2024,cypher|jett|kayo|omen|sova,"['cypher', 'jett', 'kayo', 'omen', 'sova']",1,1,2,0.5,8,0.25,0.3457,0.0864,1,2,1,1,1D-2I-1C-1S,2,0.25,0.4167,0.45,0.6,0.25,47.49
LOUD,Ascent,2024,jett|kayo|omen|sova|viper,"['jett', 'kayo', 'omen', 'sova', 'viper']",0,1,1,0.0,8,0.125,0.2181,0.0273,1,2,2,0,1D-2I-2C-0S,6,0.75,0.4167,0.45,0.7,0.375,36.84
LOUD,Bind,2024,breach|brimstone|kayo|phoenix|viper,"['breach', 'brimstone', 'kayo', 'phoenix', 'viper']",1,1,2,0.5,7,0.2857,0.3457,0.0988,1,2,2,0,1D-2I-2C-0S,7,1.0,0.4167,0.4348,0.6857,0.2857,44.9
LOUD,Bind,2024,breach|brimstone|kayo|raze|viper,"['breach', 'brimstone', 'kayo', 'raze', 'viper']",2,1,3,0.6666666666666666,7,0.4286,0.4362,0.187,1,2,2,0,1D-2I-2C-0S,7,1.0,0.4167,0.4348,0.7429,0.5714,47.96
LOUD,Bind,2024,brimstone|gekko|neon|omen|skye,"['brimstone', 'gekko', 'neon', 'omen', 'skye']",0,1,1,0.0,7,0.1429,0.2181,0.0312,1,2,2,0,1D-2I-2C-0S,7,1.0,0.4167,0.4348,0.4,0.1429,41.46
LOUD,Bind,2024,brimstone|gekko|omen|raze|skye,"['brimstone', 'gekko', 'omen', 'raze', 'skye']",1,0,1,1.0,7,0.1429,0.2181,0.0312,1,2,2,0,1D-2I-2C-0S,7,1.0,0.4167,0.4348,0.4857,0.2857,47.71
LOUD,Breeze,2024,cypher|jett|kayo|sova|viper,"['cypher', 'jett', 'kayo', 'sova', 'viper']",2,1,3,0.6666666666666666,3,1.0,0.4362,0.4362,1,2,1,1,1D-2I-1C-1S,3,1.0,0.4167,0.6111,1.0,1.0,53.14
LOUD,Haven,2024,cypher|neon|omen|skye|viper,"['cypher', 'neon', 'omen', 'skye', 'viper']",1,0,1,1.0,1,1.0,0.2181,0.2181,1,1,2,1,1D-1I-2C-1S,1,1.0,0.4167,0.3913,1.0,1.0,38.74
LOUD,Icebox,2024,gekko|harbor|kayo|killjoy|omen,"['gekko', 'harbor', 'kayo', 'killjoy', 'omen']",0,1,1,0.0,12,0.0833,0.2181,0.0182,0,2,2,1,0D-2I-2C-1S,3,0.25,0.4167,0.48,0.5167,0.1667,25.13
LOUD,Icebox,2024,gekko|kayo|killjoy|omen|viper,"['gekko', 'kayo', 'killjoy', 'omen', 'viper']",0,1,1,0.0,12,0.0833,0.2181,0.0182,0,2,2,1,0D-2I-2C-1S,3,0.25,0.4167,0.48,0.5,0.1667,25.13
LOUD,Icebox,2024,harbor|jett|killjoy|sova|viper,"['harbor', 'jett', 'killjoy', 'sova', 'viper']",6,3,9,0.6666666666666666,12,0.75,0.7245,0.5434,1,1,2,1,1D-1I-2C-1S,9,0.75,0.4167,0.48,0.8667,0.75,58.33
LOUD,Icebox,2024,harbor|kayo|killjoy|omen|sova,"['harbor', 'kayo', 'killjoy', 'omen', 'sova']",0,1,1,0.0,12,0.0833,0.2181,0.0182,0,2,2,1,0D-2I-2C-1S,3,0.25,0.4167,0.48,0.65,0.25,25.13
LOUD,Lotus,2024,breach|cypher|fade|omen|raze,"['breach', 'cypher', 'fade', 'omen', 'raze']",1,1,2,0.5,7,0.2857,0.3457,0.0988,1,2,1,1,1D-2I-1C-1S,4,0.5714,0.4167,0.5,0.6857,0.4286,55.35
LOUD,Lotus,2024,breach|omen|phoenix|skye|viper,"['breach', 'omen', 'phoenix', 'skye', 'viper']",0,1,1,0.0,7,0.1429,0.2181,0.0312,1,2,2,0,1D-2I-2C-0S,1,0.1429,0.4167,0.5,0.4286,0.1429,36.54
LOUD,Lotus,2024,cypher|fade|gekko|neon|omen,"['cypher', 'fade', 'gekko', 'neon', 'omen']",1,1,2,0.5,7,0.2857,0.3457,0.0988,1,2,1,1,1D-2I-1C-1S,4,0.5714,0.4167,0.5,0.6,0.2857,52.72
LOUD,Lotus,2024,deadlock|fade|omen|raze|viper,"['deadlock', 'fade', 'omen', 'raze', 'viper']",1,1,2,0.5,7,0.2857,0.3457,0.0988,1,1,2,1,1D-1I-2C-1S,2,0.2857,0.4167,0.5,0.6286,0.2857,42.35
LOUD,Split,2024,breach|omen|raze|skye|viper,"['breach', 'omen', 'raze', 'skye', 'viper']",2,3,5,0.4,5,1.0,0.5638,0.5638,1,2,2,0,1D-2I-2C-0S,5,1.0,0.4167,0.36,1.0,1.0,34.82
LOUD,Sunset,2024,breach|cypher|gekko|neon|omen,"['breach', 'cypher', 'gekko', 'neon', 'omen']",1,1,2,0.5,9,0.2222,0.3457,0.0768,1,2,1,1,1D-2I-1C-1S,2,0.2222,0.4167,0.4762,0.5333,0.2222,47.2
LOUD,Sunset,2024,breach|omen|phoenix|sova|viper,"['breach', 'omen', 'phoenix', 'sova', 'viper']",3,4,7,0.42857142857142855,9,0.7778,0.6543,0.5089,1,2,2,0,1D-2I-2C-0S,7,0.7778,0.4167,0.4762,0.8667,0.7778,42.86
MIBR,Ascent,2024,cypher|jett|omen|skye|viper,"['cypher', 'jett', 'omen', 'skye', 'viper']",1,1,2,0.5,4,0.5,0.3457,0.1728,1,1,2,1,1D-1I-2C-1S,2,0.5,0.4589,0.3,0.65,0.5,54.1
MIBR,Ascent,2024,iso|killjoy|omen|sova|yoru,"['iso', 'killjoy', 'omen', 'sova', 'yoru']",0,1,1,0.0,4,0.25,0.2181,0.0545,2,1,1,1,2D-1I-1C-1S,1,0.25,0.4589,0.3,0.5,0.25,38.52
MIBR,Ascent,2024,jett|kayo|killjoy|omen|sova,"['jett', 'kayo', 'killjoy', 'omen', 'sova']",0,1,1,0.0,4,0.25,0.2181,0.0545,1,2,1,1,1D-2I-1C-1S,1,0.25,0.4589,0.3,0.6,0.25,23.39
MIBR,Bind,2024,brimstone|cypher|deadlock|raze|skye,"['brimstone', 'cypher', 'deadlock', 'raze', 'skye']",1,0,1,1.0,5,0.2,0.2181,0.0436,1,1,1,2,1D-1I-1C-2S,1,0.2,0.4589,0.4583,0.68,0.2,48.51
MIBR,Bind,2024,brimstone|gekko|raze|skye|viper,"['brimstone', 'gekko', 'raze', 'skye', 'viper']",0,1,1,0.0,5,0.2,0.2181,0.0436,1,2,2,0,1D-2I-2C-0S,3,0.6,0.4589,0.4583,0.8,0.2,42.04
MIBR,Bind,2024,brimstone|jett|raze|skye|viper,"['brimstone', 'jett', 'raze', 'skye', 'viper']",0,1,1,0.0,5,0.2,0.2181,0.0436,2,1,2,0,2D-1I-2C-0S,1,0.2,0.4589,0.4583,0.8,0.2,43.16
MIBR,Bind,2024,brimstone|kayo|raze|skye|viper,"['brimstone', 'kayo', 'raze', 'skye', 'viper']",1,1,2,0.5,5,0.4,0.3457,0.1383,1,2,2,0,1D-2I-2C-0S,3,0.6,0.4589,0.4583,0.84,0.4,45.45
MIBR,Breeze,2024,cypher|jett|kayo|sova|viper,"['cypher', 'jett', 'kayo', 'sova', 'viper']",2,1,3,0.6666666666666666,3,1.0,0.4362,0.4362,1,2,1,1,1D-2I-1C-1S,3,1.0,0.4589,0.5263,1.0,1.0,51.11
MIBR,Icebox,2024,gekko|jett|killjoy|sova|viper,"['gekko', 'jett', 'killjoy', 'sova', 'viper']",0,3,3,0.0,6,0.5,0.4362,0.2181,1,2,1,1,1D-2I-1C-1S,3,0.5,0.4589,0.5,0.8333,0.6667,27.18
MIBR,Icebox,2024,gekko|kayo|killjoy|sage|viper,"['gekko', 'kayo', 'killjoy', 'sage', 'viper']",0,2,2,0.0,6,0.3333,0.3457,0.1152,0,2,1,2,0D-2I-1C-2S,2,0.3333,0.4589,0.5,0.7,0.3333,22.26
MIBR,Icebox,2024,harbor|jett|killjoy|sova|viper,"['harbor', 'jett', 'killjoy', 'sova', 'viper']",0,1,1,0.0,6,0.1667,0.2181,0.0364,1,1,2,1,1D-1I-2C-1S,1,0.1667,0.4589,0.5,0.7,0.1667,70.47
MIBR,Lotus,2024,fade|killjoy|omen|raze|viper,"['fade', 'killjoy', 'omen', 'raze', 'viper']",2,0,2,1.0,4,0.5,0.3457,0.1728,1,1,2,1,1D-1I-2C-1S,4,1.0,0.4589,0.4,0.9,0.5,56.22
MIBR,Lotus,2024,killjoy|omen|raze|skye|viper,"['killjoy', 'omen', 'raze', 'skye', 'viper']",0,2,2,0.0,4,0.5,0.3457,0.1728,1,1,2,1,1D-1I-2C-1S,4,1.0,0.4589,0.4,0.9,0.5,44.45
MIBR,Split,2024,astra|jett|raze|skye|viper,"['astra', 'jett', 'raze', 'skye', 'viper']",2,3,5,0.4,6,0.8333,0.5638,0.4698,2,1,2,0,2D-1I-2C-0S,6,1.0,0.4589,0.5,0.9667,0.8333,50.04
MIBR,Split,2024,jett|omen|raze|skye|viper,"['jett', 'omen', 'raze', 'skye', 'viper']",0,1,1,0.0,6,0.1667,0.2181,0.0364,2,1,2,0,2D-1I-2C-0S,6,1.0,0.4589,0.5,0.8333,0.1667,43.81
MIBR,Sunset,2024,breach|cypher|gekko|omen|raze,"['breach', 'cypher', 'gekko', 'omen', 'raze']",0,2,2,0.0,5,0.4,0.3457,0.1383,1,2,1,1,1D-2I-1C-1S,2,0.4,0.4589,0.4286,0.76,0.4,26.73
MIBR,Sunset,2024,cypher|omen|raze|skye|viper,"['cypher', 'omen', 'raze', 'skye', 'viper']",1,2,3,0.3333333333333333,5,0.6,0.4362,0.2617,1,1,2,1,1D-1I-2C-1S,3,0.6,0.4589,0.4286,0.84,0.6,55.33
NRG Esports,Ascent,2024,cypher|jett|kayo|omen|sova,"['cypher', 'jett', 'kayo', 'omen', 'sova']",2,0,2,1.0,6,0.3333,0.3457,0.1152,1,2,1,1,1D-2I-1C-1S,6,1.0,0.5,0.625,0.8667,0.3333,68.56
NRG Esports,Ascent,2024,jett|kayo|killjoy|omen|sova,"['jett', 'kayo', 'killjoy', 'omen', 'sova']",3,1,4,0.75,6,0.6667,0.5064,0.3376,1,2,1,1,1D-2I-1C-1S,6,1.0,0.5,0.625,0.9333,0.6667,66.61
NRG Esports,Bind,2024,brimstone|gekko|kayo|raze|viper,"['brimstone', 'gekko', 'kayo', 'raze', 'viper']",0,1,1,0.0,3,0.3333,0.2181,0.0727,1,2,2,0,1D-2I-2C-0S,2,0.6667,0.5,0.3846,0.8,0.3333,30.08
NRG Esports,Bind,2024,brimstone|gekko|raze|skye|viper,"['brimstone', 'gekko', 'raze', 'skye', 'viper']",0,1,1,0.0,3,0.3333,0.2181,0.0727,1,2,2,0,1D-2I-2C-0S,2,0.6667,0.5,0.3846,0.8667,0.6667,30.08
NRG Esports,Bind,2024,brimstone|raze|sage|skye|viper,"['brimstone', 'raze', 'sage', 'skye', 'viper']",0,1,1,0.0,3,0.3333,0.2181,0.0727,1,1,2,1,1D-1I-2C-1S,1,0.3333,0.5,0.3846,0.8,0.3333,37.24
NRG Esports,Breeze,2024,cypher|jett|kayo|sova|viper,"['cypher', 'jett', 'kayo', 'sova', 'viper']",1,0,1,1.0,4,0.25,0.2181,0.0545,1,2,1,1,1D-2I-1C-1S,1,0.25,0.5,0.6429,0.85,0.25,59.94
NRG Esports,Breeze,2024,cypher|jett|sova|viper|yoru,"['cypher', 'jett', 'sova', 'viper', 'yoru']",3,0,3,1.0,4,0.75,0.4362,0.3272,2,1,1,1,2D-1I-1C-1S,3,0.75,0.5,0.6429,0.95,0.75,73.46
NRG Esports,Haven,2024,clove|deadlock|fade|omen|yoru,"['clove', 'deadlock', 'fade', 'omen', 'yoru']",0,1,1,0.0,1,1.0,0.2181,0.2181,1,1,2,1,1D-1I-2C-1S,1,1.0,0.5,0.4545,1.0,1.0,37.24
NRG Esports,Icebox,2024,jett|kayo|killjoy|sova|viper,"['jett', 'kayo', 'killjoy', 'sova', 'viper']",0,1,1,0.0,1,1.0,0.2181,0.2181,1,2,1,1,1D-2I-1C-1S,1,1.0,0.5,0.4545,1.0,1.0,45.17
NRG Esports,Lotus,2024,breach|brimstone|cypher|gekko|raze,"['breach', 'brimstone', 'cypher', 'gekko', 'raze']",1,0,1,1.0,2,0.5,0.2181,0.109,1,2,1,1,1D-2I-1C-1S,2,1.0,0.5,0.5,0.8,0.5,55.47
NRG Esports,Lotus,2024,breach|clove|cypher|gekko|neon,"['breach', 'clove', 'cypher', 'gekko', 'neon']",0,1,1,0.0,2,0.5,0.2181,0.109,1,2,1,1,1D-2I-1C-1S,2,1.0,0.5,0.5,0.8,0.5,49.22
NRG Esports,Split,2024,breach|cypher|neon|omen|yoru,"['breach', 'cypher', 'neon', 'omen', 'yoru']",0,1,1,0.0,5,0.2,0.2181,0.0436,2,1,1,1,2D-1I-1C-1S,1,0.2,0.5,0.4667,0.4,0.2,49.94
NRG Esports,Split,2024,breach|omen|raze|skye|viper,"['breach', 'omen', 'raze', 'skye', 'viper']",0,1,1,0.0,5,0.2,0.2181,0.0436,1,2,2,0,1D-2I-2C-0S,1,0.2,0.5,0.4667,0.76,0.4,32.82
NRG Esports,Split,2024,jett|omen|raze|skye|viper,"['jett', 'omen', 'raze', 'skye', 'viper']",2,1,3,0.6666666666666666,5,0.6,0.4362,0.2617,2,1,2,0,2D-1I-2C-0S,3,0.6,0.5,0.4667,0.8,0.6,58.64
NRG Esports,Sunset,2024,breach|cypher|fade|neon|omen,"['breach', 'cypher', 'fade', 'neon', 'omen']",1,1,2,0.5,8,0.25,0.3457,0.0864,1,2,1,1,1D-2I-1C-1S,6,0.75,0.5,0.4444,0.575,0.25,46.14
NRG Esports,Sunset,2024,cypher|gekko|kayo|omen|raze,"['cypher', 'gekko', 'kayo', 'omen', 'raze']",1,2,3,0.3333333333333333,8,0.375,0.4362,0.1636,1,2,1,1,1D-2I-1C-1S,6,0.75,0.5,0.4444,0.65,0.375,43.57
NRG Esports,Sunset,2024,cypher|jett|omen|skye|viper,"['cypher', 'jett', 'omen', 'skye', 'viper']",1,1,2,0.5,8,0.25,0.3457,0.0864,1,1,2,1,1D-1I-2C-1S,2,0.25,0.5,0.4444,0.55,0.25,45.36
NRG Esports,Sunset,2024,cypher|kayo|neon|omen|sova,"['cypher', 'kayo', 'neon', 'omen', 'sova']",0,1,1,0.0,8,0.125,0.2181,0.0273,1,2,1,1,1D-2I-1C-1S,6,0.75,0.5,0.4444,0.6,0.125,42.77
Natus Vincere,Ascent,2024,cypher|fade|jett|kayo|omen,"['cypher', 'fade', 'jett', 'kayo', 'omen']",0,1,1,0.0,8,0.125,0.2181,0.0273,1,2,1,1,1D-2I-1C-1S,8,1.0,0.4628,0.5217,0.825,0.125,42.98
Natus Vincere,Ascent,2024,cypher|jett|kayo|omen|sova,"['cypher', 'jett', 'kayo', 'omen', 'sova']",4,3,7,0.5714285714285714,8,0.875,0.6543,0.5725,1,2,1,1,1D-2I-1C-1S,8,1.0,0.4628,0.5217,0.975,0.875,51.51
Natus Vincere,Bind,2024,brimstone|cypher|kayo|raze|viper,"['brimstone', 'cypher', 'kayo', 'raze', 'viper']",1,0,1,1.0,5,0.2,0.2181,0.0436,1,1,2,1,1D-1I-2C-1S,1,0.2,0.4628,0.44,0.8,0.2,55.09
Natus Vincere,Bind,2024,brimstone|fade|gekko|raze|viper,"['brimstone', 'fade', 'gekko', 'raze', 'viper']",0,1,1,0.0,5,0.2,0.2181,0.0436,1,2,2,0,1D-2I-2C-0S,4,0.8,0.4628,0.44,0.8,0.2,42.2
Natus Vincere,Bind,2024,brimstone|gekko|kayo|raze|viper,"['brimstone', 'gekko', 'kayo', 'raze', 'viper']",1,2,3,0.3333333333333333,5,0.6,0.4362,0.2617,1,2,2,0,1D-2I-2C-0S,4,0.8,0.4628,0.44,0.92,0.8,43.06
Natus Vincere,Breeze,2024,astra|cypher|jett|sova|yoru,"['astra', 'cypher', 'jett', 'sova', 'yoru']",0,1,1,0.0,4,0.25,0.2181,0.0545,2,1,1,1,2D-1I-1C-1S,1,0.25,0.4628,0.5294,0.7,0.25,50.54
Natus Vincere,Breeze,2024,cypher|omen|sova|viper|yoru,"['cypher', 'omen', 'sova', 'viper', 'yoru']",2,1,3,0.6666666666666666,4,0.75,0.4362,0.3272,1,1,2,1,1D-1I-2C-1S,3,0.75,0.4628,0.5294,0.9,0.75,57.87
Natus Vincere,Haven,2024,cypher|neon|omen|sova|yoru,"['cypher', 'neon', 'omen', 'sova', 'yoru']",1,0,1,1.0,1,1.0,0.2181,0.2181,2,1,1,1,2D-1I-1C-1S,1,1.0,0.4628,0.5,1.0,1.0,61.39
Natus Vincere,Icebox,2024,cypher|gekko|jett|sova|viper,"['cypher', 'gekko', 'jett', 'sova', 'viper']",0,1,1,0.0,1,1.0,0.2181,0.2181,1,2,1,1,1D-2I-1C-1S,1,1.0,0.4628,0.5789,1.0,1.0,30.92
Natus Vincere,Lotus,2024,breach|brimstone|gekko|killjoy|raze,"['breach', 'brimstone', 'gekko', 'killjoy', 'raze']",1,3,4,0.25,5,0.8,0.5064,0.4051,1,2,1,1,1D-2I-1C-1S,5,1.0,0.4628,0.3636,0.84,0.8,29.62
Natus Vincere,Lotus,2024,breach|cypher|jett|omen|sova,"['breach', 'cypher', 'jett', 'omen', 'sova']",0,1,1,0.0,5,0.2,0.2181,0.0436,1,2,1,1,1D-2I-1C-1S,5,1.0,0.4628,0.3636,0.36,0.2,28.93
Natus Vincere,Split,2024,astra|cypher|fade|raze|yoru,"['astra', 'cypher', 'fade', 'raze', 'yoru']",0,1,1,0.0,7,0.1429,0.2181,0.0312,2,1,1,1,2D-1I-1C-1S,1,0.1429,0.4628,0.5556,0.4857,0.1429,46.61
Natus Vincere,Split,2024,breach|fade|omen|raze|viper,"['breach', 'fade', 'omen', 'raze', 'viper']",4,2,6,0.6666666666666666,7,0.8571,0.6123,0.5248,1,2,2,0,1D-2I-2C-0S,6,0.8571,0.4628,0.5556,0.9143,0.8571,59.24
Natus Vincere,Sunset,2024,breach|chamber|fade|omen|viper,"['breach', 'chamber', 'fade', 'omen', 'viper']",0,1,1,0.0,6,0.1667,0.2181,0.0364,0,2,2,1,0D-2I-2C-1S,1,0.1667,0.4628,0.4,0.3333,0.1667,39.75
Natus Vincere,Sunset,2024,cypher|jett|kayo|omen|sova,"['cypher', 'jett', 'kayo', 'omen', 'sova']",0,1,1,0.0,6,0.1667,0.2181,0.0364,1,2,1,1,1D-2I-1C-1S,5,0.8333,0.4628,0.4,0.6667,0.1667,32.71
Natus Vincere,Sunset,2024,cypher|kayo|neon|omen|sova,"['cypher', 'kayo', 'neon', 'omen', 'sova']",1,1,2,0.5,6,0.3333,0.3457,0.1152,1,2,1,1,1D-2I-1C-1S,5,0.8333,0.4628,0.4,0.7667,0.5,32.8
Natus Vincere,Sunset,2024,kayo|killjoy|neon|omen|sova,"['kayo', 'killjoy', 'neon', 'omen', 'sova']",1,1,2,0.5,6,0.3333,0.3457,0.1152,1,2,1,1,1D-2I-1C-1S,5,0.8333,0.4628,0.4,0.7333,0.3333,36.66
Nova Esports,Ascent,2024,breach|cypher|jett|omen|sova,"['breach', 'cypher', 'jett', 'omen', 'sova']",0,2,2,0.0,8,0.25,0.3457,0.0864,1,2,1,1,1D-2I-1C-1S,8,1.0,0.3711,0.3636,0.85,0.25,26.57
Nova Esports,Ascent,2024,breach|jett|killjoy|omen|sova,"['breach', 'jett', 'killjoy', 'omen', 'sova']",2,4,6,0.3333333333333333,8,0.75,0.6123,0.4592,1,2,1,1,1D-2I-1C-1S,8,1.0,0.3711,0.3636,0.95,0.75,31.04
Nova Esports,Bind,2024,breach|gekko|omen|raze|skye,"['breach', 'gekko', 'omen', 'raze', 'skye']",2,3,5,0.4,5,1.0,0.5638,0.5638,1,3,1,0,1D-3I-1C-0S,5,1.0,0.3711,0.45,1.0,1.0,41.26
Nova Esports,Icebox,2024,chamber|gekko|kayo|omen|viper,"['chamber', 'gekko', 'kayo', 'omen', 'viper']",1,0,1,1.0,2,0.5,0.2181,0.109,0,2,2,1,0D-2I-2C-1S,1,0.5,0.3711,0.6,0.8,0.5,57.62
Nova Esports,Icebox,2024,gekko|jett|kayo|killjoy|viper,"['gekko', 'jett', 'kayo', 'killjoy', 'viper']",1,0,1,1.0,2,0.5,0.2181,0.109,1,2,1,1,1D-2I-1C-1S,1,0.5,0.3711,0.6,0.8,0.5,53.53
Nova Esports,Lotus,2024,breach|jett|killjoy|omen|raze,"['breach', 'jett', 'killjoy', 'omen', 'raze']",0,1,1,0.0,8,0.125,0.2181,0.0273,2,1,1,1,2D-1I-1C-1S,2,0.25,0.3711,0.32,0.65,0.125,29.35
Nova Esports,Lotus,2024,breach|killjoy|neon|omen|raze,"['breach', 'killjoy', 'neon', 'omen', 'raze']",0,1,1,0.0,8,0.125,0.2181,0.0273,2,1,1,1,2D-1I-1C-1S,2,0.25,0.3711,0.32,0.65,0.125,29.35
Nova Esports,Lotus,2024,cypher|fade|omen|raze|viper,"['cypher', 'fade', 'omen', 'raze', 'viper']",0,1,1,0.0,8,0.125,0.2181,0.0273,1,1,2,1,1D-1I-2C-1S,6,0.75,0.3711,0.32,0.725,0.125,37.66
Nova Esports,Lotus,2024,fade|killjoy|omen|raze|viper,"['fade', 'killjoy', 'omen', 'raze', 'viper']",2,3,5,0.4,8,0.625,0.5638,0.3524,1,1,2,1,1D-1I-2C-1S,6,0.75,0.3711,0.32,0.875,0.75,40.13
Nova Esports,Split,2024,astra|raze|sage|skye|viper,"['astra', 'raze', 'sage', 'skye', 'viper']",2,0,2,1.0,5,0.4,0.3457,0.1383,1,1,2,1,1D-1I-2C-1S,2,0.4,0.3711,0.4583,0.76,0.4,54.06
Nova Esports,Split,2024,jett|omen|raze|skye|viper,"['jett', 'omen', 'raze', 'skye', 'viper']",1,2,3,0.3333333333333333,5,0.6,0.4362,0.2617,2,1,2,0,2D-1I-2C-0S,3,0.6,0.3711,0.4583,0.84,0.6,30.85
Nova Esports,Sunset,2024,breach|fade|killjoy|neon|omen,"['breach', 'fade', 'killjoy', 'neon', 'omen']",0,2,2,0.0,4,0.5,0.3457,0.1728,1,2,1,1,1D-2I-1C-1S,2,0.5,0.3711,0.4667,0.6,0.5,26.66
Nova Esports,Sunset,2024,chamber|kayo|omen|phoenix|raze,"['chamber', 'kayo', 'omen', 'phoenix', 'raze']",2,0,2,1.0,4,0.5,0.3457,0.1728,2,1,1,1,2D-1I-1C-1S,2,0.5,0.3711,0.4667,0.6,0.5,52.03
Paper Rex,Abyss,2024,breach|kayo|neon|omen|phoenix,"['breach', 'kayo', 'neon', 'omen', 'phoenix']",1,0,1,1.0,1,1.0,0.2181,0.2181,2,2,1,0,2D-2I-1C-0S,1,1.0,0.6215,0.4615,1.0,1.0,59.97
Paper Rex,Ascent,2024,clove|fade|jett|kayo|omen,"['clove', 'fade', 'jett', 'kayo', 'omen']",0,2,2,0.0,12,0.1667,0.3457,0.0576,1,2,2,0,1D-2I-2C-0S,7,0.5833,0.6215,0.5,0.4833,0.1667,39.56
Paper Rex,Ascent,2024,fade|gekko|omen|raze|viper,"['fade', 'gekko', 'omen', 'raze', 'viper']",3,2,5,0.6,12,0.4167,0.5638,0.2349,1,2,2,0,1D-2I-2C-0S,7,0.5833,0.6215,0.5,0.6167,0.4167,46.31
Paper Rex,Ascent,2024,harbor|omen|raze|reyna|skye,"['harbor', 'omen', 'raze', 'reyna', 'skye']",1,1,2,0.5,12,0.1667,0.3457,0.0576,2,1,2,0,2D-1I-2C-0S,3,0.25,0.6215,0.5,0.4667,0.1667,57.64
Paper Rex,Ascent,2024,harbor|omen|raze|reyna|sova,"['harbor', 'omen', 'raze', 'reyna', 'sova']",0,1,1,0.0,12,0.0833,0.2181,0.0182,2,1,2,0,2D-1I-2C-0S,3,0.25,0.6215,0.5,0.4833,0.25,54.99
Paper Rex,Ascent,2024,jett|kayo|omen|sage|sova,"['jett', 'kayo', 'omen', 'sage', 'sova']",1,1,2,0.5,12,0.1667,0.3457,0.0576,1,2,1,1,1D-2I-1C-1S,2,0.1667,0.6215,0.5,0.4167,0.1667,56.38
Paper Rex,Bind,2024,brimstone|fade|gekko|raze|viper,"['brimstone', 'fade', 'gekko', 'raze', 'viper']",1,0,1,1.0,13,0.0769,0.2181,0.0168,1,2,2,0,1D-2I-2C-0S,7,0.5385,0.6215,0.5556,0.6,0.1538,50.62
Paper Rex,Bind,2024,brimstone|fade|gekko|raze|yoru,"['brimstone', 'fade', 'gekko', 'raze', 'yoru']",0,1,1,0.0,13,0.0769,0.2181,0.0168,2,2,1,0,2D-2I-1C-0S,1,0.0769,0.6215,0.5556,0.6,0.1538,45.2
Paper Rex,Bind,2024,brimstone|fade|harbor|raze|reyna,"['brimstone', 'fade', 'harbor', 'raze', 'reyna']",0,1,1,0.0,13,0.0769,0.2181,0.0168,2,1,2,0,2D-1I-2C-0S,5,0.3846,0.6215,0.5556,0.6462,0.2308,66.09
Paper Rex,Bind,2024,brimstone|gekko|harbor|raze|skye,"['brimstone', 'gekko', 'harbor', 'raze', 'skye']",3,3,6,0.5,13,0.4615,0.6123,0.2826,1,2,2,0,1D-2I-2C-0S,7,0.5385,0.6215,0.5556,0.8154,0.6923,45.9
Paper Rex,Bind,2024,brimstone|harbor|raze|reyna|skye,"['brimstone', 'harbor', 'raze', 'reyna', 'skye']",3,0,3,1.0,13,0.2308,0.4362,0.1007,2,1,2,0,2D-1I-2C-0S,5,0.3846,0.6215,0.5556,0.7385,0.3077,75.42
Paper Rex,Bind,2024,gekko|omen|raze|viper|yoru,"['gekko', 'omen', 'raze', 'viper', 'yoru']",0,1,1,0.0,13,0.0769,0.2181,0.0168,2,1,2,0,2D-1I-2C-0S,5,0.3846,0.6215,0.5556,0.4154,0.0769,66.09
Paper Rex,Breeze,2024,harbor|jett|reyna|sova|viper,"['harbor', 'jett', 'reyna', 'sova', 'viper']",0,1,1,0.0,2,0.5,0.2181,0.109,2,1,2,0,2D-1I-2C-0S,1,0.5,0.6215,0.56,0.8,0.5,61.04
Paper Rex,Breeze,2024,harbor|omen|sova|viper|yoru,"['harbor', 'omen', 'sova', 'viper', 'yoru']",0,1,1,0.0,2,0.5,0.2181,0.109,1,1,3,0,1D-1I-3C-0S,1,0.5,0.6215,0.56,0.8,0.5,37.08
Paper Rex,Haven,2024,fade|iso|killjoy|omen|yoru,"['fade', 'iso', 'killjoy', 'omen', 'yoru']",0,1,1,0.0,1,1.0,0.2181,0.2181,2,1,1,1,2D-1I-1C-1S,1,1.0,0.6215,0.5385,1.0,1.0,58.12
Paper Rex,Icebox,2024,jett|kayo|killjoy|sage|viper,"['jett', 'kayo', 'killjoy', 'sage', 'viper']",6,4,10,0.6,12,0.8333,0.7545,0.6287,1,1,1,2,1D-1I-1C-2S,12,1.0,0.6215,0.5862,0.9667,0.8333,58.76
Paper Rex,Icebox,2024,jett|killjoy|sage|sova|viper,"['jett', 'killjoy', 'sage', 'sova', 'viper']",1,1,2,0.5,12,0.1667,0.3457,0.0576,1,1,1,2,1D-1I-1C-2S,12,1.0,0.6215,0.5862,0.8333,0.1667,57.0
Paper Rex,Lotus,2024,astra|jett|omen|raze|skye,"['astra', 'jett', 'omen', 'raze', 'skye']",0,1,1,0.0,18,0.0556,0.2181,0.0121,2,1,2,0,2D-1I-2C-0S,1,0.0556,0.6215,0.6071,0.7111,0.0556,56.46
Paper Rex,Lotus,2024,breach|jett|omen|raze|skye,"['breach', 'jett', 'omen', 'raze', 'skye']",3,2,5,0.6,18,0.2778,0.5638,0.1566,2,2,1,0,2D-2I-1C-0S,9,0.5,0.6215,0.6071,0.7556,0.2778,59.62
Paper Rex,Lotus,2024,cypher|jett|omen|raze|skye,"['cypher', 'jett', 'omen', 'raze', 'skye']",2,5,7,0.2857142857142857,18,0.3889,0.6543,0.2545,2,1,1,1,2D-1I-1C-1S,8,0.4444,0.6215,0.6071,0.7889,0.4444,53.84
Paper Rex,Lotus,2024,cypher|omen|raze|reyna|skye,"['cypher', 'omen', 'raze', 'reyna', 'skye']",0,1,1,0.0,18,0.0556,0.2181,0.0121,2,1,1,1,2D-1I-1C-1S,8,0.4444,0.6215,0.6071,0.6111,0.0556,61.53
Paper Rex,Lotus,2024,fade|jett|kayo|neon|omen,"['fade', 'jett', 'kayo', 'neon', 'omen']",3,1,4,0.75,18,0.2222,0.5064,0.1125,2,2,1,0,2D-2I-1C-0S,9,0.5,0.6215,0.6071,0.5222,0.2222,62.76
Paper Rex,Split,2024,jett|omen|raze|skye|viper,"['jett', 'omen', 'raze', 'skye', 'viper']",5,1,6,0.8333333333333334,9,0.6667,0.6123,0.4082,2,1,2,0,2D-1I-2C-0S,6,0.6667,0.6215,0.6923,0.9333,0.6667,79.3
Paper Rex,Split,2024,jett|omen|raze|viper|yoru,"['jett', 'omen', 'raze', 'viper', 'yoru']",2,1,3,0.6666666666666666,9,0.3333,0.4362,0.1454,3,0,2,0,3D-0I-2C-0S,3,0.3333,0.6215,0.6923,0.8667,0.3333,58.24
Paper Rex,Sunset,2024,breach|gekko|omen|raze|sage,"['breach', 'gekko', 'omen', 'raze', 'sage']",11,1,12,0.9166666666666666,19,0.6316,0.8071,0.5098,1,2,1,1,1D-2I-1C-1S,12,0.6316,0.6215,0.75,0.8737,0.7368,84.07
Paper Rex,Sunset,2024,breach|gekko|omen|raze|viper,"['breach', 'gekko', 'omen', 'raze', 'viper']",1,1,2,0.5,19,0.1053,0.3457,0.0364,1,2,2,0,1D-2I-2C-0S,2,0.1053,0.6215,0.75,0.7684,0.3684,46.46
Paper Rex,Sunset,2024,gekko|kayo|omen|sage|viper,"['gekko', 'kayo', 'omen', 'sage', 'viper']",4,1,5,0.8,19,0.2632,0.5638,0.1484,0,2,2,1,0D-2I-2C-1S,5,0.2632,0.6215,0.75,0.7053,0.2632,68.43
Rex Regum Qeon,Ascent,2024,jett|kayo|killjoy|omen|sova,"['jett', 'kayo', 'killjoy', 'omen', 'sova']",4,1,5,0.8,5,1.0,0.5638,0.5638,1,2,1,1,1D-2I-1C-1S,5,1.0,0.4969,0.4828,1.0,1.0,61.43
Rex Regum Qeon,Bind,2024,cypher|deadlock|omen|raze|yoru,"['cypher', 'deadlock', 'omen', 'raze', 'yoru']",0,1,1,0.0,1,1.0,0.2181,0.2181,2,0,1,2,2D-0I-1C-2S,1,1.0,0.4969,0.3684,1.0,1.0,31.3
Rex Regum Qeon,Breeze,2024,cypher|jett|sova|viper|yoru,"['cypher', 'jett', 'sova', 'viper', 'yoru']",2,1,3,0.6666666666666666,3,1.0,0.4362,0.4362,2,1,1,1,2D-1I-1C-1S,3,1.0,0.4969,0.4211,1.0,1.0,57.08
Rex Regum Qeon,Haven,2024,breach|cypher|jett|omen|sova,"['breach', 'cypher', 'jett', 'omen', 'sova']",0,1,1,0.0,1,1.0,0.2181,0.2181,1,2,1,1,1D-2I-1C-1S,1,1.0,0.4969,0.5152,1.0,1.0,45.6
Rex Regum Qeon,Icebox,2024,gekko|jett|killjoy|sova|viper,"['gekko', 'jett', 'killjoy', 'sova', 'viper']",2,3,5,0.4,7,0.7143,0.5638,0.4027,1,2,1,1,1D-2I-1C-1S,5,0.7143,0.4969,0.5556,0.9429,0.7143,46.78
Rex Regum Qeon,Icebox,2024,gekko|kayo|killjoy|sova|viper,"['gekko', 'kayo', 'killjoy', 'sova', 'viper']",1,1,2,0.5,7,0.2857,0.3457,0.0988,0,3,1,1,0D-3I-1C-1S,2,0.2857,0.4969,0.5556,0.8571,0.2857,47.16
Rex Regum Qeon,Lotus,2024,breach|chamber|gekko|neon|omen,"['breach', 'chamber', 'gekko', 'neon', 'omen']",0,1,1,0.0,6,0.1667,0.2181,0.0364,1,2,1,1,1D-2I-1C-1S,2,0.3333,0.4969,0.4839,0.4667,0.1667,37.57
Rex Regum Qeon,Lotus,2024,breach|chamber|neon|omen|sova,"['breach', 'chamber', 'neon', 'omen', 'sova']",0,1,1,0.0,6,0.1667,0.2181,0.0364,1,2,1,1,1D-2I-1C-1S,2,0.3333,0.4969,0.4839,0.4667,0.1667,37.57
Rex Regum Qeon,Lotus,2024,chamber|fade|omen|raze|viper,"['chamber', 'fade', 'omen', 'raze', 'viper']",0,1,1,0.0,6,0.1667,0.2181,0.0364,1,1,2,1,1D-1I-2C-1S,4,0.6667,0.4969,0.4839,0.7,0.5,39.08
Rex Regum Qeon,Lotus,2024,fade|killjoy|omen|raze|viper,"['fade', 'killjoy', 'omen', 'raze', 'viper']",1,2,3,0.3333333333333333,6,0.5,0.4362,0.2181,1,1,2,1,1D-1I-2C-1S,4,0.6667,0.4969,0.4839,0.7,0.5,40.3
Rex Regum Qeon,Split,2024,astra|cypher|raze|skye|viper,"['astra', 'cypher', 'raze', 'skye', 'viper']",1,0,1,1.0,5,0.2,0.2181,0.0436,1,1,2,1,1D-1I-2C-1S,3,0.6,0.4969,0.6,0.76,0.2,54.96
Rex Regum Qeon,Split,2024,cypher|omen|raze|skye|viper,"['cypher', 'omen', 'raze', 'skye', 'viper']",1,1,2,0.5,5,0.4,0.3457,0.1383,1,1,2,1,1D-1I-2C-1S,3,0.6,0.4969,0.6,0.88,0.6,51.73
Rex Regum Qeon,Split,2024,jett|omen|raze|skye|viper,"['jett', 'omen', 'raze', 'skye', 'viper']",2,0,2,1.0,5,0.4,0.3457,0.1383,2,1,2,0,2D-1I-2C-0S,2,0.4,0.4969,0.6,0.84,0.4,67.83
Rex Regum Qeon,Sunset,2024,breach|cypher|gekko|omen|raze,"['breach', 'cypher', 'gekko', 'omen', 'raze']",2,1,3,0.6666666666666666,4,0.75,0.4362,0.3272,1,2,1,1,1D-2I-1C-1S,3,0.75,0.4969,0.5238,0.9,0.75,56.15
Rex Regum Qeon,Sunset,2024,cypher|fade|harbor|omen|raze,"['cypher', 'fade', 'harbor', 'omen', 'raze']",0,1,1,0.0,4,0.25,0.2181,0.0545,1,1,2,1,1D-1I-2C-1S,1,0.25,0.4969,0.5238,0.7,0.25,40.52
Sentinels,Abyss,2024,cypher|jett|kayo|omen|sova,"['cypher', 'jett', 'kayo', 'omen', 'sova']",0,1,1,0.0,1,1.0,0.2181,0.2181,1,2,1,1,1D-2I-1C-1S,1,1.0,0.5538,0.5294,1.0,1.0,43.99
Sentinels,Ascent,2024,cypher|deadlock|jett|omen|sova,"['cypher', 'deadlock', 'jett', 'omen', 'sova']",0,2,2,0.0,7,0.2857,0.3457,0.0988,1,1,1,2,1D-1I-1C-2S,2,0.2857,0.5538,0.4091,0.7429,0.2857,27.29
Sentinels,Ascent,2024,cypher|jett|kayo|omen|sova,"['cypher', 'jett', 'kayo', 'omen', 'sova']",0,1,1,0.0,7,0.1429,0.2181,0.0312,1,2,1,1,1D-2I-1C-1S,5,0.7143,0.5538,0.4091,0.8286,0.4286,45.21
Sentinels,Ascent,2024,jett|kayo|killjoy|omen|sova,"['jett', 'kayo', 'killjoy', 'omen', 'sova']",2,2,4,0.5,7,0.5714,0.5064,0.2894,1,2,1,1,1D-2I-1C-1S,5,0.7143,0.5538,0.4091,0.8571,0.5714,48.6
Sentinels,Bind,2024,brimstone|deadlock|fade|gekko|raze,"['brimstone', 'deadlock', 'fade', 'gekko', 'raze']",0,1,1,0.0,10,0.1,0.2181,0.0218,1,2,1,1,1D-2I-1C-1S,1,0.1,0.5538,0.48,0.62,0.1,43.99
Sentinels,Bind,2024,brimstone|fade|gekko|raze|viper,"['brimstone', 'fade', 'gekko', 'raze', 'viper']",1,1,2,0.5,10,0.2,0.3457,0.0691,1,2,2,0,1D-2I-2C-0S,6,0.6,0.5538,0.48,0.78,0.3,58.22
Sentinels,Bind,2024,brimstone|gekko|raze|skye|viper,"['brimstone', 'gekko', 'raze', 'skye', 'viper']",3,1,4,0.75,10,0.4,0.5064,0.2026,1,2,2,0,1D-2I-2C-0S,6,0.6,0.5538,0.48,0.86,0.7,62.62
Sentinels,Bind,2024,brimstone|raze|skye|viper|yoru,"['brimstone', 'raze', 'skye', 'viper', 'yoru']",1,2,3,0.3333333333333333,10,0.3,0.4362,0.1309,2,1,2,0,2D-1I-2C-0S,3,0.3,0.5538,0.48,0.78,0.3,39.49
Sentinels,Breeze,2024,cypher|jett|kayo|sova|viper,"['cypher', 'jett', 'kayo', 'sova', 'viper']",0,4,4,0.0,4,1.0,0.5064,0.5064,1,2,1,1,1D-2I-1C-1S,4,1.0,0.5538,0.3889,1.0,1.0,29.11
Sentinels,Haven,2024,breach|cypher|jett|omen|sova,"['breach', 'cypher', 'jett', 'omen', 'sova']",0,1,1,0.0,6,0.1667,0.2181,0.0364,1,2,1,1,1D-2I-1C-1S,6,1.0,0.5538,0.5333,0.8333,0.5,54.29
Sentinels,Haven,2024,breach|cypher|neon|omen|sova,"['breach', 'cypher', 'neon', 'omen', 'sova']",3,0,3,1.0,6,0.5,0.4362,0.2181,1,2,1,1,1D-2I-1C-1S,6,1.0,0.5538,0.5333,0.8333,0.5,66.76
Sentinels,Haven,2024,breach|jett|killjoy|omen|sova,"['breach', 'jett', 'killjoy', 'omen', 'sova']",1,1,2,0.5,6,0.3333,0.3457,0.1152,1,2,1,1,1D-2I-1C-1S,6,1.0,0.5538,0.5333,0.7667,0.3333,56.98
Sentinels,Icebox,2024,gekko|jett|kayo|killjoy|viper,"['gekko', 'jett', 'kayo', 'killjoy', 'viper']",3,4,7,0.42857142857142855,9,0.7778,0.6543,0.5089,1,2,1,1,1D-2I-1C-1S,9,1.0,0.5538,0.4231,0.9556,0.7778,44.87
Sentinels,Icebox,2024,jett|kayo|killjoy|sova|viper,"['jett', 'kayo', 'killjoy', 'sova', 'viper']",1,1,2,0.5,9,0.2222,0.3457,0.0768,1,2,1,1,1D-2I-1C-1S,9,1.0,0.5538,0.4231,0.8444,0.2222,43.73
Sentinels,Lotus,2024,breach|cypher|fade|omen|raze,"['breach', 'cypher', 'fade', 'omen', 'raze']",1,0,1,1.0,17,0.0588,0.2181,0.0128,1,2,1,1,1D-2I-1C-1S,1,0.0588,0.5538,0.6304,0.6471,0.0588,54.39
Sentinels,Lotus,2024,cypher|deadlock|fade|omen|raze,"['cypher', 'deadlock', 'fade', 'omen', 'raze']",1,1,2,0.5,17,0.1176,0.3457,0.0407,1,1,1,2,1D-1I-1C-2S,2,0.1176,0.5538,0.6304,0.6588,0.1176,42.79
Sentinels,Lotus,2024,fade|killjoy|omen|raze|viper,"['fade', 'killjoy', 'omen', 'raze', 'viper']",11,3,14,0.7857142857142857,17,0.8235,0.8521,0.7017,1,1,2,1,1D-1I-2C-1S,14,0.8235,0.5538,0.6304,0.9294,0.8235,74.71
Sentinels,Split,2024,cypher|omen|raze|skye|viper,"['cypher', 'omen', 'raze', 'skye', 'viper']",12,4,16,0.75,16,1.0,0.8915,0.8915,1,1,2,1,1D-1I-2C-1S,16,1.0,0.5538,0.6098,1.0,1.0,72.81
Sentinels,Sunset,2024,breach|cypher|fade|neon|omen,"['breach', 'cypher', 'fade', 'neon', 'omen']",1,1,2,0.5,11,0.1818,0.3457,0.0628,1,2,1,1,1D-2I-1C-1S,11,1.0,0.5538,0.6,0.5273,0.1818,58.0
Sentinels,Sunset,2024,breach|cypher|gekko|omen|raze,"['breach', 'cypher', 'gekko', 'omen', 'raze']",1,0,1,1.0,11,0.0909,0.2181,0.0198,1,2,1,1,1D-2I-1C-1S,11,1.0,0.5538,0.6,0.7818,0.2727,63.01
Sentinels,Sunset,2024,cypher|gekko|kayo|omen|raze,"['cypher', 'gekko', 'kayo', 'omen', 'raze']",6,2,8,0.75,11,0.7273,0.6914,0.5029,1,2,1,1,1D-2I-1C-1S,11,1.0,0.5538,0.6,0.8727,0.7273,65.57
T1,Ascent,2024,cypher|fade|jett|omen|viper,"['cypher', 'fade', 'jett', 'omen', 'viper']",0,2,2,0.0,7,0.2857,0.3457,0.0988,1,1,2,1,1D-1I-2C-1S,2,0.2857,0.5294,0.5455,0.5714,0.2857,38.72
T1,Ascent,2024,jett|kayo|killjoy|omen|sova,"['jett', 'kayo', 'killjoy', 'omen', 'sova']",4,1,5,0.8,7,0.7143,0.5638,0.4027,1,2,1,1,1D-2I-1C-1S,5,0.7143,0.5294,0.5455,0.8286,0.7143,61.48
T1,Bind,2024,brimstone|gekko|kayo|raze|viper,"['brimstone', 'gekko', 'kayo', 'raze', 'viper']",1,0,1,1.0,6,0.1667,0.2181,0.0364,1,2,2,0,1D-2I-2C-0S,6,1.0,0.5294,0.5312,0.7,0.1667,38.5
T1,Bind,2024,gekko|harbor|kayo|raze|viper,"['gekko', 'harbor', 'kayo', 'raze', 'viper']",0,1,1,0.0,6,0.1667,0.2181,0.0364,1,2,2,0,1D-2I-2C-0S,6,1.0,0.5294,0.5312,0.8333,0.3333,30.81
T1,Bind,2024,gekko|harbor|raze|skye|viper,"['gekko', 'harbor', 'raze', 'skye', 'viper']",0,4,4,0.0,6,0.6667,0.5064,0.3376,1,2,2,0,1D-2I-2C-0S,6,1.0,0.5294,0.5312,0.9,0.6667,25.95
T1,Breeze,2024,harbor|jett|sova|viper|yoru,"['harbor', 'jett', 'sova', 'viper', 'yoru']",3,2,5,0.6,5,1.0,0.5638,0.5638,2,1,2,0,2D-1I-2C-0S,5,1.0,0.5294,0.5217,1.0,1.0,53.43
T1,Haven,2024,breach|cypher|jett|omen|sova,"['breach', 'cypher', 'jett', 'omen', 'sova']",1,0,1,1.0,1,1.0,0.2181,0.2181,1,2,1,1,1D-2I-1C-1S,1,1.0,0.5294,0.5938,1.0,1.0,54.51
T1,Icebox,2024,chamber|gekko|iso|kayo|viper,"['chamber', 'gekko', 'iso', 'kayo', 'viper']",0,1,1,0.0,4,0.25,0.2181,0.0545,1,2,1,1,1D-2I-1C-1S,2,0.5,0.5294,0.3889,0.65,0.25,33.18
T1,Icebox,2024,chamber|gekko|jett|kayo|viper,"['chamber', 'gekko', 'jett', 'kayo', 'viper']",0,1,1,0.0,4,0.25,0.2181,0.0545,1,2,1,1,1D-2I-1C-1S,2,0.5,0.5294,0.3889,0.65,0.25,33.18
T1,Icebox,2024,chamber|reyna|sage|sova|viper,"['chamber', 'reyna', 'sage', 'sova', 'viper']",1,1,2,0.5,4,0.5,0.3457,0.1728,1,1,1,2,1D-1I-1C-2S,2,0.5,0.5294,0.3889,0.7,0.5,59.13
T1,Lotus,2024,breach|neon|omen|raze|skye,"['breach', 'neon', 'omen', 'raze', 'skye']",0,1,1,0.0,14,0.0714,0.2181,0.0156,2,2,1,0,2D-2I-1C-0S,1,0.0714,0.5294,0.5,0.4429,0.0714,33.68
T1,Lotus,2024,chamber|fade|omen|raze|viper,"['chamber', 'fade', 'omen', 'raze', 'viper']",8,5,13,0.6153846153846154,14,0.9286,0.8304,0.7711,1,1,2,1,1D-1I-2C-1S,13,0.9286,0.5294,0.5,0.9571,0.9286,58.86
T1,Split,2024,astra|jett|raze|skye|viper,"['astra', 'jett', 'raze', 'skye', 'viper']",0,1,1,0.0,4,0.25,0.2181,0.0545,2,1,2,0,2D-1I-2C-0S,2,0.5,0.5294,0.4643,0.75,0.25,47.84
T1,Split,2024,chamber|omen|raze|skye|viper,"['chamber', 'omen', 'raze', 'skye', 'viper']",0,2,2,0.0,4,0.5,0.3457,0.1728,1,1,2,1,1D-1I-2C-1S,2,0.5,0.5294,0.4643,0.85,0.5,40.6
T1,Split,2024,jett|omen|raze|skye|viper,"['jett', 'omen', 'raze', 'skye', 'viper']",0,1,1,0.0,4,0.25,0.2181,0.0545,2,1,2,0,2D-1I-2C-0S,2,0.5,0.5294,0.4643,0.85,0.5,47.84
T1,Sunset,2024,breach|gekko|omen|raze|sage,"['breach', 'gekko', 'omen', 'raze', 'sage']",0,2,2,0.0,8,0.25,0.3457,0.0864,1,2,1,1,1D-2I-1C-1S,7,0.875,0.5294,0.52,0.625,0.25,34.58
T1,Sunset,2024,cypher|gekko|kayo|omen|raze,"['cypher', 'gekko', 'kayo', 'omen', 'raze']",2,2,4,0.5,8,0.5,0.5064,0.2532,1,2,1,1,1D-2I-1C-1S,7,0.875,0.5294,0.52,0.8,0.625,41.47
T1,Sunset,2024,cypher|kayo|neon|omen|sova,"['cypher', 'kayo', 'neon', 'omen', 'sova']",0,1,1,0.0,8,0.125,0.2181,0.0273,1,2,1,1,1D-2I-1C-1S,7,0.875,0.5294,0.52,0.55,0.125,36.74
T1,Sunset,2024,cypher|omen|raze|sova|viper,"['cypher', 'omen', 'raze', 'sova', 'viper']",1,0,1,1.0,8,0.125,0.2181,0.0273,1,1,2,1,1D-1I-2C-1S,1,0.125,0.5294,0.52,0.6,0.125,59.65
TYLOO,Ascent,2024,cypher|jett|omen|phoenix|sova,"['cypher', 'jett', 'omen', 'phoenix', 'sova']",0,2,2,0.0,6,0.3333,0.3457,0.1152,2,1,1,1,2D-1I-1C-1S,2,0.3333,0.4561,0.4211,0.7333,0.3333,28.41
TYLOO,Ascent,2024,jett|kayo|killjoy|omen|sova,"['jett', 'kayo', 'killjoy', 'omen', 'sova']",2,2,4,0.5,6,0.6667,0.5064,0.3376,1,2,1,1,1D-2I-1C-1S,4,0.6667,0.4561,0.4211,0.8667,0.6667,45.1
TYLOO,Bind,2024,brimstone|cypher|raze|skye|viper,"['brimstone', 'cypher', 'raze', 'skye', 'viper']",2,1,3,0.6666666666666666,4,0.75,0.4362,0.3272,1,1,2,1,1D-1I-2C-1S,3,0.75,0.4561,0.5652,0.95,0.75,57.26
TYLOO,Bind,2024,brimstone|gekko|raze|skye|viper,"['brimstone', 'gekko', 'raze', 'skye', 'viper']",1,0,1,1.0,4,0.25,0.2181,0.0545,1,2,2,0,1D-2I-2C-0S,1,0.25,0.4561,0.5652,0.85,0.25,58.04
TYLOO,Breeze,2024,astra|jett|sova|viper|yoru,"['astra', 'jett', 'sova', 'viper', 'yoru']",1,0,1,1.0,1,1.0,0.2181,0.2181,2,1,2,0,2D-1I-2C-0S,1,1.0,0.4561,0.6667,1.0,1.0,67.65
TYLOO,Haven,2024,breach|cypher|jett|omen|sova,"['breach', 'cypher', 'jett', 'omen', 'sova']",1,1,2,0.5,2,1.0,0.3457,0.3457,1,2,1,1,1D-2I-1C-1S,2,1.0,0.4561,0.4074,1.0,1.0,31.09
TYLOO,Icebox,2024,gekko|jett|kayo|killjoy|viper,"['gekko', 'jett', 'kayo', 'killjoy', 'viper']",1,2,3,0.3333333333333333,6,0.5,0.4362,0.2181,1,2,1,1,1D-2I-1C-1S,5,0.8333,0.4561,0.4762,0.9,0.6667,38.76
TYLOO,Icebox,2024,gekko|jett|killjoy|reyna|viper,"['gekko', 'jett', 'killjoy', 'reyna', 'viper']",0,1,1,0.0,6,0.1667,0.2181,0.0364,2,1,1,1,2D-1I-1C-1S,1,0.1667,0.4561,0.4762,0.7667,0.1667,32.93
TYLOO,Icebox,2024,jett|kayo|killjoy|sova|viper,"['jett', 'kayo', 'killjoy', 'sova', 'viper']",0,2,2,0.0,6,0.3333,0.3457,0.1152,1,2,1,1,1D-2I-1C-1S,5,0.8333,0.4561,0.4762,0.8333,0.3333,33.83
TYLOO,Lotus,2024,fade|killjoy|omen|raze|viper,"['fade', 'killjoy', 'omen', 'raze', 'viper']",0,1,1,0.0,1,1.0,0.2181,0.2181,1,1,2,1,1D-1I-2C-1S,1,1.0,0.4561,0.5,1.0,1.0,48.21
TYLOO,Split,2024,cypher|omen|raze|skye|viper,"['cypher', 'omen', 'raze', 'skye', 'viper']",1,2,3,0.3333333333333333,3,1.0,0.4362,0.4362,1,1,2,1,1D-1I-2C-1S,3,1.0,0.4561,0.4783,1.0,1.0,45.29
TYLOO,Sunset,2024,breach|brimstone|cypher|neon|sova,"['breach', 'brimstone', 'cypher', 'neon', 'sova']",1,0,1,1.0,5,0.2,0.2181,0.0436,1,2,1,1,1D-2I-1C-1S,4,0.8,0.4561,0.4,0.48,0.2,39.08
TYLOO,Sunset,2024,breach|cypher|omen|raze|sova,"['breach', 'cypher', 'omen', 'raze', 'sova']",0,2,2,0.0,5,0.4,0.3457,0.1383,1,2,1,1,1D-2I-1C-1S,4,0.8,0.4561,0.4,0.68,0.6,30.9
TYLOO,Sunset,2024,cypher|gekko|kayo|omen|raze,"['cypher', 'gekko', 'kayo', 'omen', 'raze']",0,1,1,0.0,5,0.2,0.2181,0.0436,1,2,1,1,1D-2I-1C-1S,4,0.8,0.4561,0.4,0.6,0.4,32.83
TYLOO,Sunset,2024,gekko|kayo|omen|sage|viper,"['gekko', 'kayo', 'omen', 'sage', 'viper']",0,1,1,0.0,5,0.2,0.2181,0.0436,0,2,2,1,0D-2I-2C-1S,1,0.2,0.4561,0.4,0.4,0.2,35.1
Talon Esports,Abyss,2024,breach|cypher|jett|omen|sova,"['breach', 'cypher', 'jett', 'omen', 'sova']",1,0,1,1.0,2,0.5,0.2181,0.109,1,2,1,1,1D-2I-1C-1S,1,0.5,0.4679,0.5385,0.8,0.5,48.19
Talon Esports,Abyss,2024,cypher|iso|neon|omen|sova,"['cypher', 'iso', 'neon', 'omen', 'sova']",0,1,1,0.0,2,0.5,0.2181,0.109,2,1,1,1,2D-1I-1C-1S,1,0.5,0.4679,0.5385,0.8,0.5,47.74
Talon Esports,Ascent,2024,clove|kayo|phoenix|sage|sova,"['clove', 'kayo', 'phoenix', 'sage', 'sova']",1,2,3,0.3333333333333333,10,0.3,0.4362,0.1309,1,2,1,1,1D-2I-1C-1S,10,1.0,0.4679,0.3636,0.58,0.3,30.22
Talon Esports,Ascent,2024,jett|kayo|killjoy|omen|sova,"['jett', 'kayo', 'killjoy', 'omen', 'sova']",1,6,7,0.14285714285714285,10,0.7,0.6543,0.458,1,2,1,1,1D-2I-1C-1S,10,1.0,0.4679,0.3636,0.82,0.7,24.73
Talon Esports,Bind,2024,gekko|harbor|raze|skye|viper,"['gekko', 'harbor', 'raze', 'skye', 'viper']",3,0,3,1.0,4,0.75,0.4362,0.3272,1,2,2,0,1D-2I-2C-0S,3,0.75,0.4679,0.5652,0.85,0.75,75.38
Talon Esports,Bind,2024,neon|omen|skye|viper|yoru,"['neon', 'omen', 'skye', 'viper', 'yoru']",0,1,1,0.0,4,0.25,0.2181,0.0545,2,1,2,0,2D-1I-2C-0S,1,0.25,0.4679,0.5652,0.55,0.25,47.09
Talon Esports,Breeze,2024,cypher|jett|sova|viper|yoru,"['cypher', 'jett', 'sova', 'viper', 'yoru']",2,0,2,1.0,4,0.5,0.3457,0.1728,2,1,1,1,2D-1I-1C-1S,2,0.5,0.4679,0.5714,0.8,0.5,67.66
Talon Esports,Breeze,2024,harbor|neon|sova|viper|yoru,"['harbor', 'neon', 'sova', 'viper', 'yoru']",1,1,2,0.5,4,0.5,0.3457,0.1728,2,1,2,0,2D-1I-2C-0S,2,0.5,0.4679,0.5714,0.8,0.5,50.21
Talon Esports,Haven,2024,astra|breach|iso|killjoy|neon,"['astra', 'breach', 'iso', 'killjoy', 'neon']",0,2,2,0.0,2,1.0,0.3457,0.3457,2,1,1,1,2D-1I-1C-1S,2,1.0,0.4679,0.5238,1.0,1.0,41.61
Talon Esports,Icebox,2024,clove|harbor|iso|killjoy|sova,"['clove', 'harbor', 'iso', 'killjoy', 'sova']",1,1,2,0.5,5,0.4,0.3457,0.1383,1,1,2,1,1D-1I-2C-1S,2,0.4,0.4679,0.4348,0.52,0.4,44.3
Talon Esports,Icebox,2024,gekko|jett|kayo|killjoy|viper,"['gekko', 'jett', 'kayo', 'killjoy', 'viper']",1,2,3,0.3333333333333333,5,0.6,0.4362,0.2617,1,2,1,1,1D-2I-1C-1S,3,0.6,0.4679,0.4348,0.68,0.6,38.45
Talon Esports,Lotus,2024,astra|breach|cypher|neon|sova,"['astra', 'breach', 'cypher', 'neon', 'sova']",3,0,3,1.0,11,0.2727,0.4362,0.119,1,2,1,1,1D-2I-1C-1S,3,0.2727,0.4679,0.5667,0.2909,0.2727,55.49
Talon Esports,Lotus,2024,chamber|gekko|neon|omen|viper,"['chamber', 'gekko', 'neon', 'omen', 'viper']",1,0,1,1.0,11,0.0909,0.2181,0.0198,1,1,2,1,1D-1I-2C-1S,8,0.7273,0.4679,0.5667,0.3636,0.0909,51.53
Talon Esports,Lotus,2024,clove|deadlock|fade|omen|raze,"['clove', 'deadlock', 'fade', 'omen', 'raze']",1,1,2,0.5,11,0.1818,0.3457,0.0628,1,1,2,1,1D-1I-2C-1S,8,0.7273,0.4679,0.5667,0.4727,0.1818,48.66
Talon Esports,Lotus,2024,fade|killjoy|omen|raze|viper,"['fade', 'killjoy', 'omen', 'raze', 'viper']",2,3,5,0.4,11,0.4545,0.5638,0.2562,1,1,2,1,1D-1I-2C-1S,8,0.7273,0.4679,0.5667,0.6,0.4545,46.23
Talon Esports,Split,2024,astra|cypher|raze|skye|sova,"['astra', 'cypher', 'raze', 'skye', 'sova']",0,1,1,0.0,1,1.0,0.2181,0.2181,1,2,1,1,1D-2I-1C-1S,1,1.0,0.4679,0.4286,1.0,1.0,33.41
Talon Esports,Sunset,2024,breach|cypher|fade|omen|raze,"['breach', 'cypher', 'fade', 'omen', 'raze']",0,1,1,0.0,6,0.1667,0.2181,0.0364,1,2,1,1,1D-2I-1C-1S,5,0.8333,0.4679,0.3333,0.7,0.3333,30.75
Talon Esports,Sunset,2024,breach|cypher|gekko|omen|raze,"['breach', 'cypher', 'gekko', 'omen', 'raze']",0,1,1,0.0,6,0.1667,0.2181,0.0364,1,2,1,1,1D-2I-1C-1S,5,0.8333,0.4679,0.3333,0.6667,0.1667,30.75
Talon Esports,Sunset,2024,breach|cypher|neon|omen|sova,"['breach', 'cypher', 'neon', 'omen', 'sova']",1,1,2,0.5,6,0.3333,0.3457,0.1152,1,2,1,1,1D-2I-1C-1S,5,0.8333,0.4679,0.3333,0.7333,0.5,34.83
Talon Esports,Sunset,2024,cypher|deadlock|fade|omen|raze,"['cypher', 'deadlock', 'fade', 'omen', 'raze']",0,1,1,0.0,6,0.1667,0.2181,0.0364,1,1,1,2,1D-1I-1C-2S,1,0.1667,0.4679,0.3333,0.6,0.1667,45.91
Talon Esports,Sunset,2024,cypher|kayo|neon|omen|sova,"['cypher', 'kayo', 'neon', 'omen', 'sova']",0,1,1,0.0,6,0.1667,0.2181,0.0364,1,2,1,1,1D-2I-1C-1S,5,0.8333,0.4679,0.3333,0.6333,0.1667,30.75
Team Heretics,Abyss,2024,astra|breach|cypher|gekko|raze,"['astra', 'breach', 'cypher', 'gekko', 'raze']",1,0,1,1.0,8,0.125,0.2181,0.0273,1,2,1,1,1D-2I-1C-1S,8,1.0,0.5974,0.375,0.65,0.125,46.06
Team Heretics,Abyss,2024,astra|cypher|gekko|jett|sova,"['astra', 'cypher', 'gekko', 'jett', 'sova']",3,4,7,0.42857142857142855,8,0.875,0.6543,0.5725,1,2,1,1,1D-2I-1C-1S,8,1.0,0.5974,0.375,0.95,0.875,42.59
Team Heretics,Ascent,2024,cypher|jett|kayo|omen|sova,"['cypher', 'jett', 'kayo', 'omen', 'sova']",0,1,1,0.0,2,0.5,0.2181,0.109,1,2,1,1,1D-2I-1C-1S,2,1.0,0.5974,0.6,0.9,0.5,48.79
Team Heretics,Ascent,2024,jett|kayo|killjoy|omen|sova,"['jett', 'kayo', 'killjoy', 'omen', 'sova']",1,0,1,1.0,2,0.5,0.2181,0.109,1,2,1,1,1D-2I-1C-1S,2,1.0,0.5974,0.6,0.9,0.5,55.04
Team Heretics,Bind,2024,astra|gekko|skye|viper|yoru,"['astra', 'gekko', 'skye', 'viper', 'yoru']",1,0,1,1.0,16,0.0625,0.2181,0.0136,1,2,2,0,1D-2I-2C-0S,16,1.0,0.5974,0.6286,0.5,0.1875,74.3
Team Heretics,Bind,2024,astra|kayo|sova|viper|yoru,"['astra', 'kayo', 'sova', 'viper', 'yoru']",1,1,2,0.5,16,0.125,0.3457,0.0432,1,2,2,0,1D-2I-2C-0S,16,1.0,0.5974,0.6286,0.4125,0.125,69.93
Team Heretics,Bind,2024,brimstone|fade|gekko|raze|viper,"['brimstone', 'fade', 'gekko', 'raze', 'viper']",7,2,9,0.7777777777777778,16,0.5625,0.7245,0.4075,1,2,2,0,1D-2I-2C-0S,16,1.0,0.5974,0.6286,0.675,0.5625,76.49
Team Heretics,Bind,2024,omen|raze|skye|sova|viper,"['omen', 'raze', 'skye', 'sova', 'viper']",0,1,1,0.0,16,0.0625,0.2181,0.0136,1,2,2,0,1D-2I-2C-0S,16,1.0,0.5974,0.6286,0.5125,0.25,68.05
Team Heretics,Bind,2024,omen|skye|sova|viper|yoru,"['omen', 'skye', 'sova', 'viper', 'yoru']",3,0,3,1.0,16,0.1875,0.4362,0.0818,1,2,2,0,1D-2I-2C-0S,16,1.0,0.5974,0.6286,0.4625,0.25,77.16
Team Heretics,Breeze,2024,cypher|jett|skye|sova|viper,"['cypher', 'jett', 'skye', 'sova', 'viper']",0,1,1,0.0,5,0.2,0.2181,0.0436,1,2,1,1,1D-2I-1C-1S,5,1.0,0.5974,0.5263,0.68,0.2,48.54
Team Heretics,Breeze,2024,cypher|kayo|sova|viper|yoru,"['cypher', 'kayo', 'sova', 'viper', 'yoru']",2,2,4,0.5,5,0.8,0.5064,0.4051,1,2,1,1,1D-2I-1C-1S,5,1.0,0.5974,0.5263,0.92,0.8,51.4
Team Heretics,Haven,2024,breach|cypher|iso|neon|omen,"['breach', 'cypher', 'iso', 'neon', 'omen']",2,0,2,1.0,5,0.4,0.3457,0.1383,2,1,1,1,2D-1I-1C-1S,2,0.4,0.5974,0.6471,0.76,0.4,78.52
Team Heretics,Haven,2024,breach|cypher|neon|omen|sova,"['breach', 'cypher', 'neon', 'omen', 'sova']",1,1,2,0.5,5,0.4,0.3457,0.1383,1,2,1,1,1D-2I-1C-1S,2,0.4,0.5974,0.6471,0.76,0.4,51.81
Team Heretics,Haven,2024,gekko|killjoy|omen|raze|sage,"['gekko', 'killjoy', 'omen', 'raze', 'sage']",0,1,1,0.0,5,0.2,0.2181,0.0436,1,1,1,2,1D-1I-1C-2S,1,0.2,0.5974,0.6471,0.36,0.2,45.92
Team Heretics,Icebox,2024,gekko|kayo|killjoy|sage|viper,"['gekko', 'kayo', 'killjoy', 'sage', 'viper']",1,1,2,0.5,17,0.1176,0.3457,0.0407,0,2,1,2,0D-2I-1C-2S,2,0.1176,0.5974,0.5676,0.6353,0.1176,41.62
Team Heretics,Icebox,2024,gekko|killjoy|neon|sova|viper,"['gekko', 'killjoy', 'neon', 'sova', 'viper']",5,1,6,0.8333333333333334,17,0.3529,0.6123,0.2161,1,2,1,1,1D-2I-1C-1S,14,0.8235,0.5974,0.5676,0.7412,0.3529,62.26
Team Heretics,Icebox,2024,jett|kayo|killjoy|sova|viper,"['jett', 'kayo', 'killjoy', 'sova', 'viper']",5,2,7,0.7142857142857143,17,0.4118,0.6543,0.2694,1,2,1,1,1D-2I-1C-1S,14,0.8235,0.5974,0.5676,0.7882,0.4706,66.2
Team Heretics,Icebox,2024,jett|killjoy|reyna|sova|viper,"['jett', 'killjoy', 'reyna', 'sova', 'viper']",1,0,1,1.0,17,0.0588,0.2181,0.0128,2,1,1,1,2D-1I-1C-1S,1,0.0588,0.5974,0.5676,0.6824,0.0588,61.75
Team Heretics,Icebox,2024,kayo|killjoy|raze|sova|viper,"['kayo', 'killjoy', 'raze', 'sova', 'viper']",0,1,1,0.0,17,0.0588,0.2181,0.0128,1,2,1,1,1D-2I-1C-1S,14,0.8235,0.5974,0.5676,0.7059,0.0588,59.78
Team Heretics,Lotus,2024,breach|cypher|fade|neon|omen,"['breach', 'cypher', 'fade', 'neon', 'omen']",1,1,2,0.5,24,0.0833,0.3457,0.0288,1,2,1,1,1D-2I-1C-1S,9,0.375,0.5974,0.5769,0.5667,0.375,59.52
Team Heretics,Lotus,2024,breach|cypher|fade|omen|raze,"['breach', 'cypher', 'fade', 'omen', 'raze']",4,3,7,0.5714285714285714,24,0.2917,0.6543,0.1909,1,2,1,1,1D-2I-1C-1S,9,0.375,0.5974,0.5769,0.6167,0.375,59.63
Team Heretics,Lotus,2024,fade|killjoy|omen|raze|viper,"['fade', 'killjoy', 'omen', 'raze', 'viper']",5,3,8,0.625,24,0.3333,0.6914,0.2304,1,1,2,1,1D-1I-2C-1S,15,0.625,0.5974,0.5769,0.7167,0.625,52.28
Team Heretics,Lotus,2024,gekko|killjoy|neon|omen|viper,"['gekko', 'killjoy', 'neon', 'omen', 'viper']",4,3,7,0.5714285714285714,24,0.2917,0.6543,0.1909,1,1,2,1,1D-1I-2C-1S,15,0.625,0.5974,0.5769,0.5833,0.2917,52.49
Team Heretics,Split,2024,breach|cypher|iso|neon|omen,"['breach', 'cypher', 'iso', 'neon', 'omen']",1,1,2,0.5,12,0.1667,0.3457,0.0576,2,1,1,1,2D-1I-1C-1S,2,0.1667,0.5974,0.4643,0.55,0.1667,66.99
Team Heretics,Split,2024,breach|cypher|omen|raze|viper,"['breach', 'cypher', 'omen', 'raze', 'viper']",1,2,3,0.3333333333333333,12,0.25,0.4362,0.109,1,1,2,1,1D-1I-2C-1S,10,0.8333,0.5974,0.4643,0.8,0.4167,41.35
Team Heretics,Split,2024,brimstone|cypher|omen|raze|skye,"['brimstone', 'cypher', 'omen', 'raze', 'skye']",0,1,1,0.0,12,0.0833,0.2181,0.0182,1,1,2,1,1D-1I-2C-1S,10,0.8333,0.5974,0.4643,0.7,0.0833,40.27
Team Heretics,Split,2024,cypher|omen|raze|skye|viper,"['cypher', 'omen', 'raze', 'skye', 'viper']",3,3,6,0.5,12,0.5,0.6123,0.3062,1,1,2,1,1D-1I-2C-1S,10,0.8333,0.5974,0.4643,0.8333,0.5833,44.97
Team Heretics,Sunset,2024,cypher|kayo|neon|omen|sova,"['cypher', 'kayo', 'neon', 'omen', 'sova']",10,4,14,0.7142857142857143,22,0.6364,0.8521,0.5423,1,2,1,1,1D-2I-1C-1S,22,1.0,0.5974,0.6857,0.9273,0.6364,71.73
Team Heretics,Sunset,2024,cypher|kayo|omen|raze|sova,"['cypher', 'kayo', 'omen', 'raze', 'sova']",7,1,8,0.875,22,0.3636,0.6914,0.2514,1,2,1,1,1D-2I-1C-1S,22,1.0,0.5974,0.6857,0.8727,0.3636,77.4
Team Liquid,Ascent,2024,cypher|iso|jett|omen|sova,"['cypher', 'iso', 'jett', 'omen', 'sova']",0,1,1,0.0,5,0.2,0.2181,0.0436,2,1,1,1,2D-1I-1C-1S,1,0.2,0.5363,0.5833,0.72,0.2,46.0
Team Liquid,Ascent,2024,cypher|jett|kayo|omen|sova,"['cypher', 'jett', 'kayo', 'omen', 'sova']",0,1,1,0.0,5,0.2,0.2181,0.0436,1,2,1,1,1D-2I-1C-1S,1,0.2,0.5363,0.5833,0.72,0.2,62.94
Team Liquid,Ascent,2024,cypher|omen|sova|viper|yoru,"['cypher', 'omen', 'sova', 'viper', 'yoru']",2,1,3,0.6666666666666666,5,0.6,0.4362,0.2617,1,1,2,1,1D-1I-2C-1S,3,0.6,0.5363,0.5833,0.84,0.6,52.44
Team Liquid,Bind,2024,astra|fade|raze|skye|viper,"['astra', 'fade', 'raze', 'skye', 'viper']",1,0,1,1.0,3,0.3333,0.2181,0.0727,1,2,2,0,1D-2I-2C-0S,3,1.0,0.5363,0.6562,0.6667,0.3333,63.76
Team Liquid,Bind,2024,brimstone|gekko|raze|skye|viper,"['brimstone', 'gekko', 'raze', 'skye', 'viper']",1,0,1,1.0,3,0.3333,0.2181,0.0727,1,2,2,0,1D-2I-2C-0S,3,1.0,0.5363,0.6562,0.7333,0.3333,63.71
Team Liquid,Bind,2024,gekko|harbor|kayo|raze|viper,"['gekko', 'harbor', 'kayo', 'raze', 'viper']",0,1,1,0.0,3,0.3333,0.2181,0.0727,1,2,2,0,1D-2I-2C-0S,3,1.0,0.5363,0.6562,0.6667,0.3333,57.51
Team Liquid,Breeze,2024,cypher|kayo|sova|viper|yoru,"['cypher', 'kayo', 'sova', 'viper', 'yoru']",0,1,1,0.0,1,1.0,0.2181,0.2181,1,2,1,1,1D-2I-1C-1S,1,1.0,0.5363,0.5263,1.0,1.0,39.11
Team Liquid,Haven,2024,breach|jett|killjoy|omen|sova,"['breach', 'jett', 'killjoy', 'omen', 'sova']",0,1,1,0.0,1,1.0,0.2181,0.2181,1,2,1,1,1D-2I-1C-1S,1,1.0,0.5363,0.5,1.0,1.0,44.46
Team Liquid,Icebox,2024,chamber|reyna|sage|sova|viper,"['chamber', 'reyna', 'sage', 'sova', 'viper']",2,1,3,0.6666666666666666,8,0.375,0.4362,0.1636,1,1,1,2,1D-1I-1C-2S,6,0.75,0.5363,0.4615,0.675,0.375,63.69
Team Liquid,Icebox,2024,gekko|harbor|jett|killjoy|viper,"['gekko', 'harbor', 'jett', 'killjoy', 'viper']",0,1,1,0.0,8,0.125,0.2181,0.0273,1,1,2,1,1D-1I-2C-1S,2,0.25,0.5363,0.4615,0.525,0.125,43.17
Team Liquid,Icebox,2024,harbor|jett|killjoy|sova|viper,"['harbor', 'jett', 'killjoy', 'sova', 'viper']",1,0,1,1.0,8,0.125,0.2181,0.0273,1,1,2,1,1D-1I-2C-1S,2,0.25,0.5363,0.4615,0.675,0.25,49.42
Team Liquid,Icebox,2024,jett|killjoy|sage|sova|viper,"['jett', 'killjoy', 'sage', 'sova', 'viper']",2,1,3,0.6666666666666666,8,0.375,0.4362,0.1636,1,1,1,2,1D-1I-1C-2S,6,0.75,0.5363,0.4615,0.775,0.625,63.69
Team Liquid,Lotus,2024,breach|cypher|fade|omen|raze,"['breach', 'cypher', 'fade', 'omen', 'raze']",0,1,1,0.0,6,0.1667,0.2181,0.0364,1,2,1,1,1D-2I-1C-1S,5,0.8333,0.5363,0.5484,0.8333,0.3333,36.33
Team Liquid,Lotus,2024,breach|cypher|omen|raze|sova,"['breach', 'cypher', 'omen', 'raze', 'sova']",2,2,4,0.5,6,0.6667,0.5064,0.3376,1,2,1,1,1D-2I-1C-1S,5,0.8333,0.5363,0.5484,0.9,0.6667,41.12
Team Liquid,Lotus,2024,cypher|fade|omen|raze|yoru,"['cypher', 'fade', 'omen', 'raze', 'yoru']",0,1,1,0.0,6,0.1667,0.2181,0.0364,2,1,1,1,2D-1I-1C-1S,1,0.1667,0.5363,0.5484,0.7,0.1667,56.14
Team Liquid,Split,2024,cypher|omen|raze|skye|viper,"['cypher', 'omen', 'raze', 'skye', 'viper']",1,4,5,0.2,5,1.0,0.5638,0.5638,1,1,2,1,1D-1I-2C-1S,5,1.0,0.5363,0.5455,1.0,1.0,32.23
Team Liquid,Sunset,2024,breach|cypher|fade|omen|raze,"['breach', 'cypher', 'fade', 'omen', 'raze']",0,1,1,0.0,3,0.3333,0.2181,0.0727,1,2,1,1,1D-2I-1C-1S,2,0.6667,0.5363,0.4545,0.5333,0.3333,35.85
Team Liquid,Sunset,2024,cypher|gekko|omen|sova|yoru,"['cypher', 'gekko', 'omen', 'sova', 'yoru']",0,1,1,0.0,3,0.3333,0.2181,0.0727,1,2,1,1,1D-2I-1C-1S,2,0.6667,0.5363,0.4545,0.6,0.3333,35.85
Team Liquid,Sunset,2024,gekko|kayo|omen|sage|viper,"['gekko', 'kayo', 'omen', 'sage', 'viper']",1,0,1,1.0,3,0.3333,0.2181,0.0727,0,2,2,1,0D-2I-2C-1S,1,0.3333,0.5363,0.4545,0.5333,0.3333,57.62
Team Secret,Abyss,2024,cypher|jett|kayo|omen|sova,"['cypher', 'jett', 'kayo', 'omen', 'sova']",0,1,1,0.0,1,1.0,0.2181,0.2181,1,2,1,1,1D-2I-1C-1S,1,1.0,0.4078,0.4615,1.0,1.0,47.7
Team Secret,Ascent,2024,jett|kayo|killjoy|omen|sova,"['jett', 'kayo', 'killjoy', 'omen', 'sova']",3,2,5,0.6,5,1.0,0.5638,0.5638,1,2,1,1,1D-2I-1C-1S,5,1.0,0.4078,0.5263,1.0,1.0,53.44
Team Secret,Breeze,2024,cypher|jett|kayo|sova|viper,"['cypher', 'jett', 'kayo', 'sova', 'viper']",3,4,7,0.42857142857142855,7,1.0,0.6543,0.6543,1,2,1,1,1D-2I-1C-1S,7,1.0,0.4078,0.45,1.0,1.0,44.47
Team Secret,Haven,2024,breach|killjoy|neon|omen|sova,"['breach', 'killjoy', 'neon', 'omen', 'sova']",0,1,1,0.0,1,1.0,0.2181,0.2181,1,2,1,1,1D-2I-1C-1S,1,1.0,0.4078,0.3125,1.0,1.0,31.39
Team Secret,Icebox,2024,gekko|jett|kayo|killjoy|viper,"['gekko', 'jett', 'kayo', 'killjoy', 'viper']",1,0,1,1.0,6,0.1667,0.2181,0.0364,1,2,1,1,1D-2I-1C-1S,4,0.6667,0.4078,0.5,0.7667,0.1667,57.15
Team Secret,Icebox,2024,jett|kayo|killjoy|sova|viper,"['jett', 'kayo', 'killjoy', 'sova', 'viper']",2,1,3,0.6666666666666666,6,0.5,0.4362,0.2181,1,2,1,1,1D-2I-1C-1S,4,0.6667,0.4078,0.5,0.9,0.6667,56.36
Team Secret,Icebox,2024,jett|killjoy|sage|sova|viper,"['jett', 'killjoy', 'sage', 'sova', 'viper']",1,1,2,0.5,6,0.3333,0.3457,0.1152,1,1,1,2,1D-1I-1C-2S,2,0.3333,0.4078,0.5,0.8333,0.3333,37.11
Team Secret,Lotus,2024,cypher|neon|omen|skye|sova,"['cypher', 'neon', 'omen', 'skye', 'sova']",0,1,1,0.0,9,0.1111,0.2181,0.0242,1,2,1,1,1D-2I-1C-1S,2,0.2222,0.4078,0.3571,0.4222,0.1111,31.39
Team Secret,Lotus,2024,fade|killjoy|omen|raze|viper,"['fade', 'killjoy', 'omen', 'raze', 'viper']",1,3,4,0.25,9,0.4444,0.5064,0.225,1,1,2,1,1D-1I-2C-1S,7,0.7778,0.4078,0.3571,0.7778,0.4444,33.1
Team Secret,Lotus,2024,killjoy|neon|omen|skye|sova,"['killjoy', 'neon', 'omen', 'skye', 'sova']",0,1,1,0.0,9,0.1111,0.2181,0.0242,1,2,1,1,1D-2I-1C-1S,2,0.2222,0.4078,0.3571,0.5778,0.2222,31.39
Team Secret,Lotus,2024,killjoy|omen|raze|skye|viper,"['killjoy', 'omen', 'raze', 'skye', 'viper']",1,2,3,0.3333333333333333,9,0.3333,0.4362,0.1454,1,1,2,1,1D-1I-2C-1S,7,0.7778,0.4078,0.3571,0.8,0.5556,34.9
Team Secret,Split,2024,breach|cypher|fade|omen|raze,"['breach', 'cypher', 'fade', 'omen', 'raze']",1,0,1,1.0,4,0.25,0.2181,0.0545,1,2,1,1,1D-2I-1C-1S,1,0.25,0.4078,0.4545,0.7,0.25,54.72
Team Secret,Split,2024,cypher|omen|raze|skye|viper,"['cypher', 'omen', 'raze', 'skye', 'viper']",3,0,3,1.0,4,0.75,0.4362,0.3272,1,1,2,1,1D-1I-2C-1S,3,0.75,0.4078,0.4545,0.9,0.75,58.85
Team Secret,Sunset,2024,breach|cypher|neon|omen|sova,"['breach', 'cypher', 'neon', 'omen', 'sova']",1,0,1,1.0,9,0.1111,0.2181,0.0242,1,2,1,1,1D-2I-1C-1S,9,1.0,0.4078,0.619,0.8222,0.1111,61.46
Team Secret,Sunset,2024,breach|cypher|omen|raze|sova,"['breach', 'cypher', 'omen', 'raze', 'sova']",6,2,8,0.75,9,0.8889,0.6914,0.6146,1,2,1,1,1D-2I-1C-1S,9,1.0,0.4078,0.619,0.9778,0.8889,65.49
Team Vitality,Ascent,2024,cypher|jett|kayo|omen|sova,"['cypher', 'jett', 'kayo', 'omen', 'sova']",0,1,1,0.0,7,0.1429,0.2181,0.0312,1,2,1,1,1D-2I-1C-1S,7,1.0,0.5063,0.4545,0.8286,0.1429,48.68
Team Vitality,Ascent,2024,jett|kayo|killjoy|omen|sova,"['jett', 'kayo', 'killjoy', 'omen', 'sova']",3,3,6,0.5,7,0.8571,0.6123,0.5248,1,2,1,1,1D-2I-1C-1S,7,1.0,0.5063,0.4545,0.9714,0.8571,51.25
Team Vitality,Bind,2024,brimstone|deadlock|gekko|raze|viper,"['brimstone', 'deadlock', 'gekko', 'raze', 'viper']",0,1,1,0.0,4,0.25,0.2181,0.0545,1,1,2,1,1D-1I-2C-1S,1,0.25,0.5063,0.3846,0.7,0.25,41.14
Team Vitality,Bind,2024,fade|gekko|omen|raze|viper,"['fade', 'gekko', 'omen', 'raze', 'viper']",1,2,3,0.3333333333333333,4,0.75,0.4362,0.3272,1,2,2,0,1D-2I-2C-0S,3,0.75,0.5063,0.3846,0.9,0.75,40.84
Team Vitality,Breeze,2024,astra|cypher|jett|skye|viper,"['astra', 'cypher', 'jett', 'skye', 'viper']",1,1,2,0.5,5,0.4,0.3457,0.1383,1,1,2,1,1D-1I-2C-1S,5,1.0,0.5063,0.6087,0.76,0.4,60.39
Team Vitality,Breeze,2024,astra|cypher|sova|viper|yoru,"['astra', 'cypher', 'sova', 'viper', 'yoru']",3,0,3,1.0,5,0.6,0.4362,0.2617,1,1,2,1,1D-1I-2C-1S,5,1.0,0.5063,0.6087,0.84,0.6,68.14
Team Vitality,Haven,2024,breach|cypher|jett|omen|sova,"['breach', 'cypher', 'jett', 'omen', 'sova']",1,2,3,0.3333333333333333,4,0.75,0.4362,0.3272,1,2,1,1,1D-2I-1C-1S,3,0.75,0.5063,0.4,0.85,0.75,43.36
Team Vitality,Haven,2024,iso|killjoy|neon|omen|sova,"['iso', 'killjoy', 'neon', 'omen', 'sova']",0,1,1,0.0,4,0.25,0.2181,0.0545,2,1,1,1,2D-1I-1C-1S,1,0.25,0.5063,0.4,0.55,0.25,35.8
Team Vitality,Icebox,2024,gekko|iso|killjoy|sova|viper,"['gekko', 'iso', 'killjoy', 'sova', 'viper']",1,0,1,1.0,10,0.1,0.2181,0.0218,1,2,1,1,1D-2I-1C-1S,10,1.0,0.5063,0.4348,0.74,0.1,50.36
Team Vitality,Icebox,2024,gekko|jett|killjoy|sova|viper,"['gekko', 'jett', 'killjoy', 'sova', 'viper']",2,3,5,0.4,10,0.5,0.5638,0.2819,1,2,1,1,1D-2I-1C-1S,10,1.0,0.5063,0.4348,0.82,0.5,45.29
Team Vitality,Icebox,2024,gekko|kayo|killjoy|raze|viper,"['gekko', 'kayo', 'killjoy', 'raze', 'viper']",2,2,4,0.5,10,0.4,0.5064,0.2026,1,2,1,1,1D-2I-1C-1S,10,1.0,0.5063,0.4348,0.76,0.4,47.67
Team Vitality,Lotus,2024,breach|cypher|fade|omen|raze,"['breach', 'cypher', 'fade', 'omen', 'raze']",3,3,6,0.5,13,0.4615,0.6123,0.2826,1,2,1,1,1D-2I-1C-1S,8,0.6154,0.5063,0.5278,0.7077,0.4615,51.39
Team Vitality,Lotus,2024,cypher|fade|gekko|neon|omen,"['cypher', 'fade', 'gekko', 'neon', 'omen']",1,1,2,0.5,13,0.1538,0.3457,0.0532,1,2,1,1,1D-2I-1C-1S,8,0.6154,0.5063,0.5278,0.5538,0.2308,51.72
Team Vitality,Lotus,2024,fade|killjoy|omen|raze|viper,"['fade', 'killjoy', 'omen', 'raze', 'viper']",0,1,1,0.0,13,0.0769,0.2181,0.0168,1,1,2,1,1D-1I-2C-1S,5,0.3846,0.5063,0.5278,0.6462,0.3846,49.75
Team Vitality,Lotus,2024,gekko|killjoy|neon|omen|viper,"['gekko', 'killjoy', 'neon', 'omen', 'viper']",0,1,1,0.0,13,0.0769,0.2181,0.0168,1,1,2,1,1D-1I-2C-1S,5,0.3846,0.5063,0.5278,0.4462,0.2308,49.75
Team Vitality,Lotus,2024,killjoy|omen|raze|skye|viper,"['killjoy', 'omen', 'raze', 'skye', 'viper']",2,1,3,0.6666666666666666,13,0.2308,0.4362,0.1007,1,1,2,1,1D-1I-2C-1S,5,0.3846,0.5063,0.5278,0.5538,0.2308,55.33
Team Vitality,Split,2024,astra|killjoy|raze|skye|viper,"['astra', 'killjoy', 'raze', 'skye', 'viper']",0,1,1,0.0,1,1.0,0.2181,0.2181,1,1,2,1,1D-1I-2C-1S,1,1.0,0.5063,0.5,1.0,1.0,44.88
Team Vitality,Sunset,2024,cypher|kayo|neon|omen|sova,"['cypher', 'kayo', 'neon', 'omen', 'sova']",6,3,9,0.6666666666666666,17,0.5294,0.7245,0.3836,1,2,1,1,1D-2I-1C-1S,9,0.5294,0.5063,0.5714,0.7176,0.5294,60.47
Team Vitality,Sunset,2024,cypher|omen|raze|skye|viper,"['cypher', 'omen', 'raze', 'skye', 'viper']",3,1,4,0.75,17,0.2353,0.5064,0.1192,1,1,2,1,1D-1I-2C-1S,4,0.2353,0.5063,0.5714,0.5882,0.2353,62.4
Team Vitality,Sunset,2024,gekko|kayo|omen|raze|viper,"['gekko', 'kayo', 'omen', 'raze', 'viper']",2,2,4,0.5,17,0.2353,0.5064,0.1192,1,2,2,0,1D-2I-2C-0S,4,0.2353,0.5063,0.5714,0.5882,0.2353,48.53
Titan Esports Club,Ascent,2024,cypher|jett|kayo|omen|sova,"['cypher', 'jett', 'kayo', 'omen', 'sova']",0,1,1,0.0,3,0.3333,0.2181,0.0727,1,2,1,1,1D-2I-1C-1S,3,1.0,0.4,0.4667,0.8,0.3333,35.51
Titan Esports Club,Ascent,2024,gekko|jett|killjoy|omen|sova,"['gekko', 'jett', 'killjoy', 'omen', 'sova']",0,1,1,0.0,3,0.3333,0.2181,0.0727,1,2,1,1,1D-2I-1C-1S,3,1.0,0.4,0.4667,0.8,0.3333,37.73
Titan Esports Club,Ascent,2024,jett|kayo|killjoy|omen|sova,"['jett', 'kayo', 'killjoy', 'omen', 'sova']",1,0,1,1.0,3,0.3333,0.2181,0.0727,1,2,1,1,1D-2I-1C-1S,3,1.0,0.4,0.4667,0.8667,0.6667,43.98
Titan Esports Club,Bind,2024,brimstone|chamber|raze|skye|viper,"['brimstone', 'chamber', 'raze', 'skye', 'viper']",1,1,2,0.5,7,0.2857,0.3457,0.0988,1,1,2,1,1D-1I-2C-1S,6,0.8571,0.4,0.4762,0.8571,0.2857,50.84
Titan Esports Club,Bind,2024,brimstone|cypher|raze|skye|viper,"['brimstone', 'cypher', 'raze', 'skye', 'viper']",2,2,4,0.5,7,0.5714,0.5064,0.2894,1,1,2,1,1D-1I-2C-1S,6,0.8571,0.4,0.4762,0.9143,0.5714,50.76
Titan Esports Club,Bind,2024,brimstone|gekko|raze|skye|viper,"['brimstone', 'gekko', 'raze', 'skye', 'viper']",0,1,1,0.0,7,0.1429,0.2181,0.0312,1,2,2,0,1D-2I-2C-0S,1,0.1429,0.4,0.4762,0.8286,0.1429,27.07
Titan Esports Club,Breeze,2024,cypher|jett|kayo|sova|viper,"['cypher', 'jett', 'kayo', 'sova', 'viper']",1,0,1,1.0,2,0.5,0.2181,0.109,1,2,1,1,1D-2I-1C-1S,1,0.5,0.4,0.5,0.9,0.5,49.17
Titan Esports Club,Breeze,2024,cypher|jett|sova|viper|yoru,"['cypher', 'jett', 'sova', 'viper', 'yoru']",1,0,1,1.0,2,0.5,0.2181,0.109,2,1,1,1,2D-1I-1C-1S,1,0.5,0.4,0.5,0.9,0.5,58.18
Titan Esports Club,Haven,2024,breach|jett|killjoy|omen|sova,"['breach', 'jett', 'killjoy', 'omen', 'sova']",0,1,1,0.0,1,1.0,0.2181,0.2181,1,2,1,1,1D-2I-1C-1S,1,1.0,0.4,0.4286,1.0,1.0,27.03
Titan Esports Club,Icebox,2024,harbor|jett|killjoy|sova|viper,"['harbor', 'jett', 'killjoy', 'sova', 'viper']",1,2,3,0.3333333333333333,7,0.4286,0.4362,0.187,1,1,2,1,1D-1I-2C-1S,3,0.4286,0.4,0.4091,0.8857,0.4286,41.85
Titan Esports Club,Icebox,2024,jett|kayo|killjoy|sova|viper,"['jett', 'kayo', 'killjoy', 'sova', 'viper']",0,3,3,0.0,7,0.4286,0.4362,0.187,1,2,1,1,1D-2I-1C-1S,3,0.4286,0.4,0.4091,0.8857,0.4286,27.95
Titan Esports Club,Icebox,2024,jett|killjoy|reyna|sova|viper,"['jett', 'killjoy', 'reyna', 'sova', 'viper']",1,0,1,1.0,7,0.1429,0.2181,0.0312,2,1,1,1,2D-1I-1C-1S,1,0.1429,0.4,0.4091,0.8286,0.1429,58.18
Titan Esports Club,Lotus,2024,breach|chamber|fade|neon|omen,"['breach', 'chamber', 'fade', 'neon', 'omen']",1,1,2,0.5,9,0.2222,0.3457,0.0768,1,2,1,1,1D-2I-1C-1S,2,0.2222,0.4,0.3846,0.5333,0.2222,43.93
Titan Esports Club,Lotus,2024,fade|killjoy|omen|raze|viper,"['fade', 'killjoy', 'omen', 'raze', 'viper']",3,4,7,0.42857142857142855,9,0.7778,0.6543,0.5089,1,1,2,1,1D-1I-2C-1S,7,0.7778,0.4,0.3846,0.8667,0.7778,39.76
Titan Esports Club,Split,2024,astra|jett|raze|skye|viper,"['astra', 'jett', 'raze', 'skye', 'viper']",1,1,2,0.5,5,0.4,0.3457,0.1383,2,1,2,0,2D-1I-2C-0S,2,0.4,0.4,0.3913,0.76,0.4,34.61
Titan Esports Club,Split,2024,cypher|omen|raze|skye|viper,"['cypher', 'omen', 'raze', 'skye', 'viper']",0,3,3,0.0,5,0.6,0.4362,0.2617,1,1,2,1,1D-1I-2C-1S,3,0.6,0.4,0.3913,0.84,0.6,33.71
Titan Esports Club,Sunset,2024,breach|cypher|fade|neon|omen,"['breach', 'cypher', 'fade', 'neon', 'omen']",1,1,2,0.5,4,0.5,0.3457,0.1728,1,2,1,1,1D-2I-1C-1S,4,1.0,0.4,0.4706,0.8,0.5,41.39
Titan Esports Club,Sunset,2024,breach|cypher|omen|raze|sova,"['breach', 'cypher', 'omen', 'raze', 'sova']",1,1,2,0.5,4,0.5,0.3457,0.1728,1,2,1,1,1D-2I-1C-1S,4,1.0,0.4,0.4706,0.8,0.5,41.39
Trace Esports,Abyss,2024,astra|cypher|jett|kayo|sova,"['astra', 'cypher', 'jett', 'kayo', 'sova']",0,1,1,0.0,3,0.3333,0.2181,0.0727,1,2,1,1,1D-2I-1C-1S,1,0.3333,0.4904,0.35,0.5333,0.3333,42.57
Trace Esports,Abyss,2024,cypher|kayo|omen|raze|viper,"['cypher', 'kayo', 'omen', 'raze', 'viper']",0,1,1,0.0,3,0.3333,0.2181,0.0727,1,1,2,1,1D-1I-2C-1S,2,0.6667,0.4904,0.35,0.7333,0.6667,41.75
Trace Esports,Abyss,2024,cypher|omen|raze|skye|viper,"['cypher', 'omen', 'raze', 'skye', 'viper']",0,1,1,0.0,3,0.3333,0.2181,0.0727,1,1,2,1,1D-1I-2C-1S,2,0.6667,0.4904,0.35,0.6667,0.3333,41.75
Trace Esports,Ascent,2024,jett|kayo|killjoy|omen|sova,"['jett', 'kayo', 'killjoy', 'omen', 'sova']",7,0,7,1.0,7,1.0,0.6543,0.6543,1,2,1,1,1D-2I-1C-1S,7,1.0,0.4904,0.619,1.0,1.0,76.42
Trace Esports,Bind,2024,brimstone|cypher|deadlock|raze|skye,"['brimstone', 'cypher', 'deadlock', 'raze', 'skye']",2,2,4,0.5,12,0.3333,0.5064,0.1688,1,1,1,2,1D-1I-1C-2S,4,0.3333,0.4904,0.4375,0.75,0.3333,44.68
Trace Esports,Bind,2024,brimstone|cypher|raze|skye|viper,"['brimstone', 'cypher', 'raze', 'skye', 'viper']",0,1,1,0.0,12,0.0833,0.2181,0.0182,1,1,2,1,1D-1I-2C-1S,1,0.0833,0.4904,0.4375,0.8167,0.4167,45.55
Trace Esports,Bind,2024,brimstone|gekko|raze|skye|viper,"['brimstone', 'gekko', 'raze', 'skye', 'viper']",1,2,3,0.3333333333333333,12,0.25,0.4362,0.109,1,2,2,0,1D-2I-2C-0S,3,0.25,0.4904,0.4375,0.7833,0.25,46.7
Trace Esports,Bind,2024,brimstone|jett|raze|skye|viper,"['brimstone', 'jett', 'raze', 'skye', 'viper']",2,1,3,0.6666666666666666,12,0.25,0.4362,0.109,2,1,2,0,2D-1I-2C-0S,4,0.3333,0.4904,0.4375,0.7833,0.25,52.21
Trace Esports,Bind,2024,brimstone|raze|skye|viper|yoru,"['brimstone', 'raze', 'skye', 'viper', 'yoru']",0,1,1,0.0,12,0.0833,0.2181,0.0182,2,1,2,0,2D-1I-2C-0S,4,0.3333,0.4904,0.4375,0.75,0.0833,46.24
Trace Esports,Breeze,2024,cypher|jett|kayo|sova|viper,"['cypher', 'jett', 'kayo', 'sova', 'viper']",0,1,1,0.0,5,0.2,0.2181,0.0436,1,2,1,1,1D-2I-1C-1S,1,0.2,0.4904,0.4737,0.84,0.2,40.69
Trace Esports,Breeze,2024,cypher|jett|sova|viper|yoru,"['cypher', 'jett', 'sova', 'viper', 'yoru']",2,2,4,0.5,5,0.8,0.5064,0.4051,2,1,1,1,2D-1I-1C-1S,4,0.8,0.4904,0.4737,0.96,0.8,49.21
Trace Esports,Haven,2024,breach|jett|killjoy|omen|sova,"['breach', 'jett', 'killjoy', 'omen', 'sova']",3,3,6,0.5,6,1.0,0.6123,0.6123,1,2,1,1,1D-2I-1C-1S,6,1.0,0.4904,0.4231,1.0,1.0,49.19
Trace Esports,Lotus,2024,fade|killjoy|omen|raze|viper,"['fade', 'killjoy', 'omen', 'raze', 'viper']",8,4,12,0.6666666666666666,12,1.0,0.8071,0.8071,1,1,2,1,1D-1I-2C-1S,12,1.0,0.4904,0.561,1.0,1.0,63.55
Trace Esports,Split,2024,cypher|omen|raze|skye|viper,"['cypher', 'omen', 'raze', 'skye', 'viper']",3,2,5,0.6,5,1.0,0.5638,0.5638,1,1,2,1,1D-1I-2C-1S,5,1.0,0.4904,0.625,1.0,1.0,56.72
Trace Esports,Sunset,2024,breach|cypher|omen|raze|sova,"['breach', 'cypher', 'omen', 'raze', 'sova']",8,9,17,0.47058823529411764,17,1.0,0.9095,0.9095,1,2,1,1,1D-2I-1C-1S,17,1.0,0.4904,0.4667,1.0,1.0,47.18
Wolves Esports,Ascent,2024,cypher|jett|kayo|omen|sova,"['cypher', 'jett', 'kayo', 'omen', 'sova']",3,3,6,0.5,7,0.8571,0.6123,0.5248,1,2,1,1,1D-2I-1C-1S,7,1.0,0.4083,0.5217,0.9714,0.8571,50.74
Wolves Esports,Ascent,2024,jett|kayo|killjoy|omen|sova,"['jett', 'kayo', 'killjoy', 'omen', 'sova']",1,0,1,1.0,7,0.1429,0.2181,0.0312,1,2,1,1,1D-2I-1C-1S,7,1.0,0.4083,0.5217,0.8286,0.1429,54.09
Wolves Esports,Bind,2024,brimstone|fade|gekko|raze|viper,"['brimstone', 'fade', 'gekko', 'raze', 'viper']",1,1,2,0.5,4,0.5,0.3457,0.1728,1,2,2,0,1D-2I-2C-0S,2,0.5,0.4083,0.381,0.75,0.5,43.23
Wolves Esports,Bind,2024,fade|omen|raze|viper|yoru,"['fade', 'omen', 'raze', 'viper', 'yoru']",0,1,1,0.0,4,0.25,0.2181,0.0545,2,1,2,0,2D-1I-2C-0S,2,0.5,0.4083,0.381,0.75,0.5,22.5
Wolves Esports,Bind,2024,omen|raze|skye|viper|yoru,"['omen', 'raze', 'skye', 'viper', 'yoru']",0,1,1,0.0,4,0.25,0.2181,0.0545,2,1,2,0,2D-1I-2C-0S,2,0.5,0.4083,0.381,0.65,0.25,22.5
Wolves Esports,Breeze,2024,cypher|jett|sova|viper|yoru,"['cypher', 'jett', 'sova', 'viper', 'yoru']",1,1,2,0.5,2,1.0,0.3457,0.3457,2,1,1,1,2D-1I-1C-1S,2,1.0,0.4083,0.4,1.0,1.0,43.75
Wolves Esports,Icebox,2024,cypher|jett|killjoy|sova|viper,"['cypher', 'jett', 'killjoy', 'sova', 'viper']",1,1,2,0.5,6,0.3333,0.3457,0.1152,1,1,1,2,1D-1I-1C-2S,2,0.3333,0.4083,0.5,0.7333,0.3333,45.89
Wolves Esports,Icebox,2024,gekko|jett|kayo|killjoy|viper,"['gekko', 'jett', 'kayo', 'killjoy', 'viper']",3,1,4,0.75,6,0.6667,0.5064,0.3376,1,2,1,1,1D-2I-1C-1S,4,0.6667,0.4083,0.5,0.8667,0.6667,60.46
Wolves Esports,Lotus,2024,cypher|fade|omen|raze|viper,"['cypher', 'fade', 'omen', 'raze', 'viper']",0,2,2,0.0,4,0.5,0.3457,0.1728,1,1,2,1,1D-1I-2C-1S,2,0.5,0.4083,0.3333,0.8,0.5,23.9
Wolves Esports,Lotus,2024,cypher|jett|omen|raze|sova,"['cypher', 'jett', 'omen', 'raze', 'sova']",0,2,2,0.0,4,0.5,0.3457,0.1728,2,1,1,1,2D-1I-1C-1S,2,0.5,0.4083,0.3333,0.8,0.5,32.46
Wolves Esports,Split,2024,breach|cypher|omen|raze|yoru,"['breach', 'cypher', 'omen', 'raze', 'yoru']",0,1,1,0.0,3,0.3333,0.2181,0.0727,2,1,1,1,2D-1I-1C-1S,1,0.3333,0.4083,0.4286,0.7333,0.3333,35.37
Wolves Esports,Split,2024,cypher|omen|raze|skye|viper,"['cypher', 'omen', 'raze', 'skye', 'viper']",1,1,2,0.5,3,0.6667,0.3457,0.2305,1,1,2,1,1D-1I-2C-1S,2,0.6667,0.4083,0.4286,0.8667,0.6667,43.56
Wolves Esports,Sunset,2024,breach|gekko|omen|raze|sage,"['breach', 'gekko', 'omen', 'raze', 'sage']",0,2,2,0.0,4,0.5,0.3457,0.1728,1,2,1,1,1D-2I-1C-1S,2,0.5,0.4083,0.4375,0.75,0.5,38.13
Wolves Esports,Sunset,2024,cypher|omen|phoenix|raze|sova,"['cypher', 'omen', 'phoenix', 'raze', 'sova']",0,1,1,0.0,4,0.25,0.2181,0.0545,2,1,1,1,2D-1I-1C-1S,1,0.25,0.4083,0.4375,0.55,0.25,37.14
Wolves Esports,Sunset,2024,gekko|kayo|omen|raze|viper,"['gekko', 'kayo', 'omen', 'raze', 'viper']",1,0,1,1.0,4,0.25,0.2181,0.0545,1,2,2,0,1D-2I-2C-0S,1,0.25,0.4083,0.4375,0.65,0.25,53.15
ZETA DIVISION,Ascent,2024,jett|kayo|killjoy|omen|sova,"['jett', 'kayo', 'killjoy', 'omen', 'sova']",4,5,9,0.4444444444444444,9,1.0,0.7245,0.7245,1,2,1,1,1D-2I-1C-1S,9,1.0,0.39,0.5,1.0,1.0,43.08
ZETA DIVISION,Bind,2024,brimstone|cypher|raze|skye|viper,"['brimstone', 'cypher', 'raze', 'skye', 'viper']",2,0,2,1.0,3,0.6667,0.3457,0.2305,1,1,2,1,1D-1I-2C-1S,2,0.6667,0.39,0.5556,0.9333,0.6667,58.74
ZETA DIVISION,Bind,2024,brimstone|gekko|raze|skye|viper,"['brimstone', 'gekko', 'raze', 'skye', 'viper']",1,0,1,1.0,3,0.3333,0.2181,0.0727,1,2,2,0,1D-2I-2C-0S,1,0.3333,0.39,0.5556,0.8667,0.3333,62.75
ZETA DIVISION,Breeze,2024,cypher|jett|kayo|sova|viper,"['cypher', 'jett', 'kayo', 'sova', 'viper']",0,1,1,0.0,1,1.0,0.2181,0.2181,1,2,1,1,1D-2I-1C-1S,1,1.0,0.39,0.5,1.0,1.0,29.44
ZETA DIVISION,Haven,2024,breach|killjoy|neon|omen|sova,"['breach', 'killjoy', 'neon', 'omen', 'sova']",2,0,2,1.0,2,1.0,0.3457,0.3457,1,2,1,1,1D-2I-1C-1S,2,1.0,0.39,0.35,1.0,1.0,43.85
ZETA DIVISION,Icebox,2024,gekko|jett|kayo|killjoy|viper,"['gekko', 'jett', 'kayo', 'killjoy', 'viper']",0,2,2,0.0,6,0.3333,0.3457,0.1152,1,2,1,1,1D-2I-1C-1S,2,0.3333,0.39,0.3684,0.7667,0.5,25.4
ZETA DIVISION,Icebox,2024,gekko|kayo|killjoy|omen|viper,"['gekko', 'kayo', 'killjoy', 'omen', 'viper']",0,1,1,0.0,6,0.1667,0.2181,0.0364,0,2,2,1,0D-2I-2C-1S,1,0.1667,0.39,0.3684,0.6333,0.1667,35.1
ZETA DIVISION,Icebox,2024,harbor|jett|killjoy|sova|viper,"['harbor', 'jett', 'killjoy', 'sova', 'viper']",1,2,3,0.3333333333333333,6,0.5,0.4362,0.2181,1,1,2,1,1D-1I-2C-1S,3,0.5,0.39,0.3684,0.7667,0.5,35.49
ZETA DIVISION,Lotus,2024,chamber|gekko|neon|omen|viper,"['chamber', 'gekko', 'neon', 'omen', 'viper']",2,1,3,0.6666666666666666,7,0.4286,0.4362,0.187,1,1,2,1,1D-1I-2C-1S,7,1.0,0.39,0.4615,0.6571,0.4286,50.23
ZETA DIVISION,Lotus,2024,fade|killjoy|omen|raze|viper,"['fade', 'killjoy', 'omen', 'raze', 'viper']",1,3,4,0.25,7,0.5714,0.5064,0.2894,1,1,2,1,1D-1I-2C-1S,7,1.0,0.39,0.4615,0.7429,0.5714,42.32
ZETA DIVISION,Split,2024,astra|breach|chamber|viper|yoru,"['astra', 'breach', 'chamber', 'viper', 'yoru']",0,1,1,0.0,2,0.5,0.2181,0.109,1,1,2,1,1D-1I-2C-1S,2,1.0,0.39,0.4091,0.6,0.5,34.29
ZETA DIVISION,Split,2024,cypher|omen|raze|skye|viper,"['cypher', 'omen', 'raze', 'skye', 'viper']",0,1,1,0.0,2,0.5,0.2181,0.109,1,1,2,1,1D-1I-2C-1S,2,1.0,0.39,0.4091,0.6,0.5,34.29
ZETA DIVISION,Sunset,2024,breach|cypher|fade|omen|raze,"['breach', 'cypher', 'fade', 'omen', 'raze']",0,1,1,0.0,9,0.1111,0.2181,0.0242,1,2,1,1,1D-2I-1C-1S,5,0.5556,0.39,0.4286,0.5556,0.1111,27.84
ZETA DIVISION,Sunset,2024,breach|cypher|gekko|omen|raze,"['breach', 'cypher', 'gekko', 'omen', 'raze']",1,3,4,0.25,9,0.4444,0.5064,0.225,1,2,1,1,1D-2I-1C-1S,5,0.5556,0.39,0.4286,0.6222,0.4444,28.7
ZETA DIVISION,Sunset,2024,chamber|omen|phoenix|sova|viper,"['chamber', 'omen', 'phoenix', 'sova', 'viper']",2,2,4,0.5,9,0.4444,0.5064,0.225,1,1,2,1,1D-1I-2C-1S,4,0.4444,0.39,0.4286,0.5556,0.4444,46.98
100 Thieves,Ascent,2025,killjoy|omen|sova|tejo|yoru,"['killjoy', 'omen', 'sova', 'tejo', 'yoru']",1,0,1,1.0,1,1.0,0.2181,0.2181,1,2,1,1,1D-2I-1C-1S,1,1.0,0.5263,0.6111,1.0,1.0,65.49
100 Thieves,Bind,2025,brimstone|fade|gekko|raze|viper,"['brimstone', 'fade', 'gekko', 'raze', 'viper']",1,2,3,0.3333333333333333,8,0.375,0.4362,0.1636,1,2,2,0,1D-2I-2C-0S,3,0.375,0.5263,0.5946,0.875,0.375,53.3
100 Thieves,Bind,2025,brimstone|fade|raze|viper|yoru,"['brimstone', 'fade', 'raze', 'viper', 'yoru']",4,1,5,0.8,8,0.625,0.5638,0.3524,2,1,2,0,2D-1I-2C-0S,5,0.625,0.5263,0.5946,0.925,0.625,70.13
100 Thieves,Corrode,2025,chamber|fade|omen|sova|yoru,"['chamber', 'fade', 'omen', 'sova', 'yoru']",2,0,2,1.0,2,1.0,0.3457,0.3457,1,2,1,1,1D-2I-1C-1S,2,1.0,0.5263,0.6,1.0,1.0,65.98
100 Thieves,Fracture,2025,breach|brimstone|chamber|neon|tejo,"['breach', 'brimstone', 'chamber', 'neon', 'tejo']",2,1,3,0.6666666666666666,3,1.0,0.4362,0.4362,1,2,1,1,1D-2I-1C-1S,3,1.0,0.5263,0.5333,1.0,1.0,58.38
100 Thieves,Haven,2025,cypher|iso|neon|omen|sova,"['cypher', 'iso', 'neon', 'omen', 'sova']",3,2,5,0.6,8,0.625,0.5638,0.3524,2,1,1,1,2D-1I-1C-1S,8,1.0,0.5263,0.4815,0.925,0.625,53.1
100 Thieves,Haven,2025,cypher|neon|omen|sova|yoru,"['cypher', 'neon', 'omen', 'sova', 'yoru']",1,2,3,0.3333333333333333,8,0.375,0.4362,0.1636,2,1,1,1,2D-1I-1C-1S,8,1.0,0.5263,0.4815,0.875,0.375,47.89
100 Thieves,Icebox,2025,gekko|jett|killjoy|sova|viper,"['gekko', 'jett', 'killjoy', 'sova', 'viper']",2,2,4,0.5,6,0.6667,0.5064,0.3376,1,2,1,1,1D-2I-1C-1S,4,0.6667,0.5263,0.5,0.9333,0.6667,56.41
100 Thieves,Icebox,2025,jett|killjoy|omen|sova|viper,"['jett', 'killjoy', 'omen', 'sova', 'viper']",0,1,1,0.0,6,0.1667,0.2181,0.0364,1,1,2,1,1D-1I-2C-1S,1,0.1667,0.5263,0.5,0.8333,0.1667,42.95
100 Thieves,Icebox,2025,jett|killjoy|sage|sova|viper,"['jett', 'killjoy', 'sage', 'sova', 'viper']",0,1,1,0.0,6,0.1667,0.2181,0.0364,1,1,1,2,1D-1I-1C-2S,1,0.1667,0.5263,0.5,0.8333,0.1667,41.11
100 Thieves,Lotus,2025,breach|clove|fade|neon|omen,"['breach', 'clove', 'fade', 'neon', 'omen']",2,0,2,1.0,4,0.5,0.3457,0.1728,1,2,2,0,1D-2I-2C-0S,2,0.5,0.5263,0.4286,0.7,0.5,66.92
100 Thieves,Lotus,2025,fade|omen|raze|vyse|yoru,"['fade', 'omen', 'raze', 'vyse', 'yoru']",1,1,2,0.5,4,0.5,0.3457,0.1728,2,1,1,1,2D-1I-1C-1S,2,0.5,0.5263,0.4286,0.7,0.5,44.46
100 Thieves,Pearl,2025,astra|fade|jett|kayo|killjoy,"['astra', 'fade', 'jett', 'kayo', 'killjoy']",0,1,1,0.0,4,0.25,0.2181,0.0545,1,2,1,1,1D-2I-1C-1S,2,0.5,0.5263,0.381,0.7,0.5,43.2
100 Thieves,Pearl,2025,astra|fade|jett|kayo|vyse,"['astra', 'fade', 'jett', 'kayo', 'vyse']",0,1,1,0.0,4,0.25,0.2181,0.0545,1,2,1,1,1D-2I-1C-1S,2,0.5,0.5263,0.381,0.7,0.5,43.2
100 Thieves,Pearl,2025,astra|fade|killjoy|neon|yoru,"['astra', 'fade', 'killjoy', 'neon', 'yoru']",0,1,1,0.0,4,0.25,0.2181,0.0545,2,1,1,1,2D-1I-1C-1S,2,0.5,0.5263,0.381,0.7,0.5,35.52
100 Thieves,Pearl,2025,astra|fade|neon|vyse|yoru,"['astra', 'fade', 'neon', 'vyse', 'yoru']",0,1,1,0.0,4,0.25,0.2181,0.0545,2,1,1,1,2D-1I-1C-1S,2,0.5,0.5263,0.381,0.7,0.5,35.52
100 Thieves,Split,2025,astra|breach|raze|sage|tejo,"['astra', 'breach', 'raze', 'sage', 'tejo']",3,2,5,0.6,5,1.0,0.5638,0.5638,1,2,1,1,1D-2I-1C-1S,5,1.0,0.5263,0.5667,1.0,1.0,56.87
100 Thieves,Sunset,2025,cypher|neon|omen|sova|yoru,"['cypher', 'neon', 'omen', 'sova', 'yoru']",1,3,4,0.25,4,1.0,0.5064,0.5064,2,1,1,1,2D-1I-1C-1S,4,1.0,0.5263,0.3684,1.0,1.0,37.32
2Game Esports,Abyss,2025,astra|jett|omen|sova|yoru,"['astra', 'jett', 'omen', 'sova', 'yoru']",0,1,1,0.0,1,1.0,0.2181,0.2181,2,1,2,0,2D-1I-2C-0S,1,1.0,0.3158,0.4545,1.0,1.0,35.79
2Game Esports,Ascent,2025,cypher|jett|kayo|omen|sova,"['cypher', 'jett', 'kayo', 'omen', 'sova']",0,2,2,0.0,5,0.4,0.3457,0.1383,1,2,1,1,1D-2I-1C-1S,5,1.0,0.3158,0.4667,0.8,0.4,37.43
2Game Esports,Ascent,2025,jett|kayo|killjoy|omen|sova,"['jett', 'kayo', 'killjoy', 'omen', 'sova']",1,0,1,1.0,5,0.2,0.2181,0.0436,1,2,1,1,1D-2I-1C-1S,5,1.0,0.3158,0.4667,0.76,0.2,46.02
2Game Esports,Ascent,2025,jett|kayo|omen|tejo|vyse,"['jett', 'kayo', 'omen', 'tejo', 'vyse']",1,1,2,0.5,5,0.4,0.3457,0.1383,1,2,1,1,1D-2I-1C-1S,5,1.0,0.3158,0.4667,0.76,0.4,43.31
2Game Esports,Bind,2025,brimstone|fade|raze|viper|yoru,"['brimstone', 'fade', 'raze', 'viper', 'yoru']",0,1,1,0.0,1,1.0,0.2181,0.2181,2,1,2,0,2D-1I-2C-0S,1,1.0,0.3158,0.4545,1.0,1.0,35.79
2Game Esports,Corrode,2025,fade|neon|omen|viper|vyse,"['fade', 'neon', 'omen', 'viper', 'vyse']",0,1,1,0.0,1,1.0,0.2181,0.2181,1,1,2,1,1D-1I-2C-1S,1,1.0,0.3158,0.4545,1.0,1.0,39.64
2Game Esports,Haven,2025,breach|omen|tejo|vyse|yoru,"['breach', 'omen', 'tejo', 'vyse', 'yoru']",0,1,1,0.0,5,0.2,0.2181,0.0436,1,2,1,1,1D-2I-1C-1S,1,0.2,0.3158,0.3333,0.52,0.2,37.18
2Game Esports,Haven,2025,cypher|iso|omen|sova|yoru,"['cypher', 'iso', 'omen', 'sova', 'yoru']",0,4,4,0.0,5,0.8,0.5064,0.4051,2,1,1,1,2D-1I-1C-1S,4,0.8,0.3158,0.3333,0.88,0.8,19.56
2Game Esports,Icebox,2025,jett|kayo|killjoy|tejo|viper,"['jett', 'kayo', 'killjoy', 'tejo', 'viper']",0,2,2,0.0,2,1.0,0.3457,0.3457,1,2,1,1,1D-2I-1C-1S,2,1.0,0.3158,0.4167,1.0,1.0,32.08
2Game Esports,Lotus,2025,breach|cypher|fade|neon|omen,"['breach', 'cypher', 'fade', 'neon', 'omen']",0,1,1,0.0,6,0.1667,0.2181,0.0364,1,2,1,1,1D-2I-1C-1S,3,0.5,0.3158,0.375,0.6333,0.3333,38.67
2Game Esports,Lotus,2025,breach|fade|neon|omen|viper,"['breach', 'fade', 'neon', 'omen', 'viper']",0,2,2,0.0,6,0.3333,0.3457,0.1152,1,2,2,0,1D-2I-2C-0S,2,0.3333,0.3158,0.375,0.6333,0.3333,28.31
2Game Esports,Lotus,2025,breach|omen|raze|tejo|vyse,"['breach', 'omen', 'raze', 'tejo', 'vyse']",0,1,1,0.0,6,0.1667,0.2181,0.0364,1,2,1,1,1D-2I-1C-1S,3,0.5,0.3158,0.375,0.5667,0.3333,38.67
2Game Esports,Lotus,2025,breach|omen|tejo|vyse|yoru,"['breach', 'omen', 'tejo', 'vyse', 'yoru']",1,0,1,1.0,6,0.1667,0.2181,0.0364,1,2,1,1,1D-2I-1C-1S,3,0.5,0.3158,0.375,0.5333,0.1667,44.92
2Game Esports,Lotus,2025,cypher|iso|omen|raze|sova,"['cypher', 'iso', 'omen', 'raze', 'sova']",0,1,1,0.0,6,0.1667,0.2181,0.0364,2,1,1,1,2D-1I-1C-1S,1,0.1667,0.3158,0.375,0.4,0.1667,29.57
2Game Esports,Pearl,2025,astra|fade|tejo|vyse|yoru,"['astra', 'fade', 'tejo', 'vyse', 'yoru']",1,2,3,0.3333333333333333,3,1.0,0.4362,0.4362,1,2,1,1,1D-2I-1C-1S,3,1.0,0.3158,0.4615,1.0,1.0,39.93
2Game Esports,Split,2025,breach|omen|tejo|viper|yoru,"['breach', 'omen', 'tejo', 'viper', 'yoru']",0,1,1,0.0,1,1.0,0.2181,0.2181,1,2,2,0,1D-2I-2C-0S,1,1.0,0.3158,0.4545,1.0,1.0,32.82
2Game Esports,Sunset,2025,breach|cypher|neon|omen|sova,"['breach', 'cypher', 'neon', 'omen', 'sova']",3,0,3,1.0,3,1.0,0.4362,0.4362,1,2,1,1,1D-2I-1C-1S,3,1.0,0.3158,0.6154,1.0,1.0,63.86
All Gamers,Abyss,2025,astra|jett|omen|sova|yoru,"['astra', 'jett', 'omen', 'sova', 'yoru']",0,1,1,0.0,2,0.5,0.2181,0.109,2,1,2,0,2D-1I-2C-0S,1,0.5,0.44,0.5,0.8,0.5,42.31
All Gamers,Abyss,2025,harbor|omen|sova|vyse|yoru,"['harbor', 'omen', 'sova', 'vyse', 'yoru']",1,0,1,1.0,2,0.5,0.2181,0.109,1,1,2,1,1D-1I-2C-1S,1,0.5,0.44,0.5,0.8,0.5,56.45
All Gamers,Ascent,2025,cypher|deadlock|omen|sova|yoru,"['cypher', 'deadlock', 'omen', 'sova', 'yoru']",0,1,1,0.0,2,0.5,0.2181,0.109,1,1,1,2,1D-1I-1C-2S,1,0.5,0.44,0.3571,0.7,0.5,31.88
All Gamers,Ascent,2025,jett|kayo|killjoy|omen|sova,"['jett', 'kayo', 'killjoy', 'omen', 'sova']",0,1,1,0.0,2,0.5,0.2181,0.109,1,2,1,1,1D-2I-1C-1S,1,0.5,0.44,0.3571,0.7,0.5,25.4
All Gamers,Bind,2025,brimstone|fade|raze|viper|yoru,"['brimstone', 'fade', 'raze', 'viper', 'yoru']",2,0,2,1.0,4,0.5,0.3457,0.1728,2,1,2,0,2D-1I-2C-0S,2,0.5,0.44,0.4783,0.7,0.5,63.4
All Gamers,Bind,2025,brimstone|gekko|kayo|raze|vyse,"['brimstone', 'gekko', 'kayo', 'raze', 'vyse']",0,2,2,0.0,4,0.5,0.3457,0.1728,1,2,1,1,1D-2I-1C-1S,2,0.5,0.44,0.4783,0.7,0.5,25.4
All Gamers,Corrode,2025,deadlock|neon|omen|sova|viper,"['deadlock', 'neon', 'omen', 'sova', 'viper']",2,1,3,0.6666666666666666,3,1.0,0.4362,0.4362,1,1,2,1,1D-1I-2C-1S,3,1.0,0.44,0.5333,1.0,1.0,58.08
All Gamers,Fracture,2025,breach|brimstone|cypher|neon|tejo,"['breach', 'brimstone', 'cypher', 'neon', 'tejo']",1,2,3,0.3333333333333333,3,1.0,0.4362,0.4362,1,2,1,1,1D-2I-1C-1S,3,1.0,0.44,0.4667,1.0,1.0,34.11
All Gamers,Haven,2025,killjoy|neon|omen|sova|viper,"['killjoy', 'neon', 'omen', 'sova', 'viper']",0,2,2,0.0,2,1.0,0.3457,0.3457,1,1,2,1,1D-1I-2C-1S,2,1.0,0.44,0.45,1.0,1.0,35.96
All Gamers,Icebox,2025,jett|killjoy|omen|sova|viper,"['jett', 'killjoy', 'omen', 'sova', 'viper']",3,1,4,0.75,4,1.0,0.5064,0.5064,1,1,2,1,1D-1I-2C-1S,4,1.0,0.44,0.4762,1.0,1.0,50.4
All Gamers,Lotus,2025,breach|cypher|fade|neon|omen,"['breach', 'cypher', 'fade', 'neon', 'omen']",0,1,1,0.0,9,0.1111,0.2181,0.0242,1,2,1,1,1D-2I-1C-1S,1,0.1111,0.44,0.5172,0.4667,0.1111,29.44
All Gamers,Lotus,2025,breach|omen|tejo|viper|waylay,"['breach', 'omen', 'tejo', 'viper', 'waylay']",1,1,2,0.5,9,0.2222,0.3457,0.0768,1,2,2,0,1D-2I-2C-0S,2,0.2222,0.44,0.5172,0.5556,0.2222,45.43
All Gamers,Lotus,2025,deadlock|neon|omen|tejo|viper,"['deadlock', 'neon', 'omen', 'tejo', 'viper']",0,1,1,0.0,9,0.1111,0.2181,0.0242,1,1,2,1,1D-1I-2C-1S,2,0.2222,0.44,0.5172,0.5111,0.1111,46.14
All Gamers,Lotus,2025,fade|omen|raze|viper|vyse,"['fade', 'omen', 'raze', 'viper', 'vyse']",0,1,1,0.0,9,0.1111,0.2181,0.0242,1,1,2,1,1D-1I-2C-1S,2,0.2222,0.44,0.5172,0.6444,0.1111,46.14
All Gamers,Lotus,2025,fade|omen|raze|viper|yoru,"['fade', 'omen', 'raze', 'viper', 'yoru']",2,2,4,0.5,9,0.4444,0.5064,0.225,2,1,2,0,2D-1I-2C-0S,4,0.4444,0.44,0.5172,0.7111,0.4444,52.35
All Gamers,Pearl,2025,astra|fade|tejo|vyse|yoru,"['astra', 'fade', 'tejo', 'vyse', 'yoru']",0,1,1,0.0,4,0.25,0.2181,0.0545,1,2,1,1,1D-2I-1C-1S,1,0.25,0.44,0.35,0.55,0.25,29.44
All Gamers,Pearl,2025,astra|killjoy|neon|sova|yoru,"['astra', 'killjoy', 'neon', 'sova', 'yoru']",0,3,3,0.0,4,0.75,0.4362,0.3272,2,1,1,1,2D-1I-1C-1S,3,0.75,0.44,0.35,0.85,0.75,30.95
All Gamers,Split,2025,astra|deadlock|tejo|vyse|yoru,"['astra', 'deadlock', 'tejo', 'vyse', 'yoru']",0,1,1,0.0,2,0.5,0.2181,0.109,1,1,1,2,1D-1I-1C-2S,1,0.5,0.44,0.5417,0.6,0.5,31.88
All Gamers,Split,2025,breach|cypher|omen|tejo|waylay,"['breach', 'cypher', 'omen', 'tejo', 'waylay']",0,1,1,0.0,2,0.5,0.2181,0.109,1,2,1,1,1D-2I-1C-1S,1,0.5,0.44,0.5417,0.6,0.5,34.79
All Gamers,Sunset,2025,deadlock|neon|omen|sova|viper,"['deadlock', 'neon', 'omen', 'sova', 'viper']",2,1,3,0.6666666666666666,3,1.0,0.4362,0.4362,1,1,2,1,1D-1I-2C-1S,3,1.0,0.44,0.4348,1.0,1.0,55.28
Apeks,Abyss,2025,astra|cypher|jett|kayo|sova,"['astra', 'cypher', 'jett', 'kayo', 'sova']",0,1,1,0.0,1,1.0,0.2181,0.2181,1,2,1,1,1D-2I-1C-1S,1,1.0,0.2927,0.4545,1.0,1.0,23.96
Apeks,Ascent,2025,cypher|deadlock|omen|sova|yoru,"['cypher', 'deadlock', 'omen', 'sova', 'yoru']",1,2,3,0.3333333333333333,5,0.6,0.4362,0.2617,1,1,1,2,1D-1I-1C-2S,3,0.6,0.2927,0.4,0.92,0.6,38.62
Apeks,Ascent,2025,cypher|jett|omen|sova|yoru,"['cypher', 'jett', 'omen', 'sova', 'yoru']",0,2,2,0.0,5,0.4,0.3457,0.1383,2,1,1,1,2D-1I-1C-1S,2,0.4,0.2927,0.4,0.88,0.4,35.48
Apeks,Bind,2025,brimstone|fade|gekko|raze|viper,"['brimstone', 'fade', 'gekko', 'raze', 'viper']",0,1,1,0.0,1,1.0,0.2181,0.2181,1,2,2,0,1D-2I-2C-0S,1,1.0,0.2927,0.4545,1.0,1.0,30.11
Apeks,Corrode,2025,cypher|fade|neon|omen|yoru,"['cypher', 'fade', 'neon', 'omen', 'yoru']",1,0,1,1.0,2,0.5,0.2181,0.109,2,1,1,1,2D-1I-1C-1S,1,0.5,0.2927,0.5,0.7,0.5,55.9
Apeks,Corrode,2025,kayo|omen|sova|vyse|yoru,"['kayo', 'omen', 'sova', 'vyse', 'yoru']",0,1,1,0.0,2,0.5,0.2181,0.109,1,2,1,1,1D-2I-1C-1S,1,0.5,0.2927,0.5,0.7,0.5,23.96
Apeks,Haven,2025,breach|cypher|neon|omen|sova,"['breach', 'cypher', 'neon', 'omen', 'sova']",0,1,1,0.0,4,0.25,0.2181,0.0545,1,2,1,1,1D-2I-1C-1S,3,0.75,0.2927,0.3571,0.75,0.5,20.27
Apeks,Haven,2025,breach|jett|killjoy|omen|sova,"['breach', 'jett', 'killjoy', 'omen', 'sova']",0,2,2,0.0,4,0.5,0.3457,0.1728,1,2,1,1,1D-2I-1C-1S,3,0.75,0.2927,0.3571,0.75,0.5,19.08
Apeks,Haven,2025,cypher|neon|omen|sova|yoru,"['cypher', 'neon', 'omen', 'sova', 'yoru']",0,1,1,0.0,4,0.25,0.2181,0.0545,2,1,1,1,2D-1I-1C-1S,1,0.25,0.2927,0.3571,0.65,0.25,41.13
Apeks,Icebox,2025,breach|killjoy|tejo|viper|waylay,"['breach', 'killjoy', 'tejo', 'viper', 'waylay']",0,1,1,0.0,3,0.3333,0.2181,0.0727,1,2,1,1,1D-2I-1C-1S,1,0.3333,0.2927,0.3846,0.6,0.3333,23.96
Apeks,Icebox,2025,jett|killjoy|omen|sova|viper,"['jett', 'killjoy', 'omen', 'sova', 'viper']",0,2,2,0.0,3,0.6667,0.3457,0.2305,1,1,2,1,1D-1I-2C-1S,2,0.6667,0.2927,0.3846,0.8,0.6667,37.38
Apeks,Lotus,2025,breach|omen|tejo|viper|yoru,"['breach', 'omen', 'tejo', 'viper', 'yoru']",1,3,4,0.25,8,0.5,0.5064,0.2532,1,2,2,0,1D-2I-2C-0S,4,0.5,0.2927,0.3889,0.65,0.5,30.83
Apeks,Lotus,2025,cypher|deadlock|kayo|omen|raze,"['cypher', 'deadlock', 'kayo', 'omen', 'raze']",0,2,2,0.0,8,0.25,0.3457,0.0864,1,1,1,2,1D-1I-1C-2S,2,0.25,0.2927,0.3889,0.45,0.25,30.57
Apeks,Lotus,2025,fade|omen|raze|vyse|yoru,"['fade', 'omen', 'raze', 'vyse', 'yoru']",1,1,2,0.5,8,0.25,0.3457,0.0864,2,1,1,1,2D-1I-1C-1S,2,0.25,0.2927,0.3889,0.55,0.25,48.72
Apeks,Pearl,2025,astra|fade|jett|kayo|killjoy,"['astra', 'fade', 'jett', 'kayo', 'killjoy']",0,1,1,0.0,2,0.5,0.2181,0.109,1,2,1,1,1D-2I-1C-1S,1,0.5,0.2927,0.5,0.7,0.5,23.96
Apeks,Pearl,2025,astra|killjoy|phoenix|sova|yoru,"['astra', 'killjoy', 'phoenix', 'sova', 'yoru']",1,0,1,1.0,2,0.5,0.2181,0.109,2,1,1,1,2D-1I-1C-1S,1,0.5,0.2927,0.5,0.7,0.5,55.9
Apeks,Split,2025,astra|fade|raze|viper|yoru,"['astra', 'fade', 'raze', 'viper', 'yoru']",0,1,1,0.0,3,0.3333,0.2181,0.0727,2,1,2,0,2D-1I-2C-0S,1,0.3333,0.2927,0.3846,0.6,0.3333,39.04
Apeks,Split,2025,breach|omen|tejo|viper|yoru,"['breach', 'omen', 'tejo', 'viper', 'yoru']",0,2,2,0.0,3,0.6667,0.3457,0.2305,1,2,2,0,1D-2I-2C-0S,2,0.6667,0.2927,0.3846,0.8,0.6667,25.98
Apeks,Sunset,2025,deadlock|neon|omen|sova|viper,"['deadlock', 'neon', 'omen', 'sova', 'viper']",2,0,2,1.0,2,1.0,0.3457,0.3457,1,1,2,1,1D-1I-2C-1S,2,1.0,0.2927,0.5833,1.0,1.0,63.85
BBL Esports,Abyss,2025,astra|breach|sage|sova|yoru,"['astra', 'breach', 'sage', 'sova', 'yoru']",1,0,1,1.0,1,1.0,0.2181,0.2181,1,2,1,1,1D-2I-1C-1S,1,1.0,0.5039,0.625,1.0,1.0,54.39
BBL Esports,Ascent,2025,astra|fade|kayo|tejo|yoru,"['astra', 'fade', 'kayo', 'tejo', 'yoru']",0,1,1,0.0,9,0.1111,0.2181,0.0242,1,3,1,0,1D-3I-1C-0S,8,0.8889,0.5039,0.4231,0.6,0.1111,45.07
BBL Esports,Ascent,2025,chamber|omen|sova|vyse|yoru,"['chamber', 'omen', 'sova', 'vyse', 'yoru']",1,0,1,1.0,9,0.1111,0.2181,0.0242,1,1,1,2,1D-1I-1C-2S,1,0.1111,0.5039,0.4231,0.2889,0.1111,61.07
BBL Esports,Ascent,2025,fade|jett|kayo|omen|tejo,"['fade', 'jett', 'kayo', 'omen', 'tejo']",4,3,7,0.5714285714285714,9,0.7778,0.6543,0.5089,1,3,1,0,1D-3I-1C-0S,8,0.8889,0.5039,0.4231,0.8667,0.7778,50.96
BBL Esports,Bind,2025,astra|raze|sage|tejo|vyse,"['astra', 'raze', 'sage', 'tejo', 'vyse']",0,1,1,0.0,4,0.25,0.2181,0.0545,1,1,1,2,1D-1I-1C-2S,1,0.25,0.5039,0.4211,0.25,0.25,51.28
BBL Esports,Bind,2025,brimstone|fade|iso|viper|yoru,"['brimstone', 'fade', 'iso', 'viper', 'yoru']",0,2,2,0.0,4,0.5,0.3457,0.1728,2,1,2,0,2D-1I-2C-0S,2,0.5,0.5039,0.4211,0.65,0.5,31.65
BBL Esports,Bind,2025,fade|gekko|omen|viper|yoru,"['fade', 'gekko', 'omen', 'viper', 'yoru']",1,0,1,1.0,4,0.25,0.2181,0.0545,1,2,2,0,1D-2I-2C-0S,1,0.25,0.5039,0.4211,0.55,0.25,53.14
BBL Esports,Corrode,2025,astra|fade|gekko|omen|phoenix,"['astra', 'fade', 'gekko', 'omen', 'phoenix']",0,1,1,0.0,2,0.5,0.2181,0.109,1,2,2,0,1D-2I-2C-0S,2,1.0,0.5039,0.4615,0.8,0.5,39.08
BBL Esports,Corrode,2025,fade|gekko|omen|viper|yoru,"['fade', 'gekko', 'omen', 'viper', 'yoru']",0,1,1,0.0,2,0.5,0.2181,0.109,1,2,2,0,1D-2I-2C-0S,2,1.0,0.5039,0.4615,0.8,0.5,39.08
BBL Esports,Fracture,2025,astra|breach|cypher|raze|yoru,"['astra', 'breach', 'cypher', 'raze', 'yoru']",0,1,1,0.0,5,0.2,0.2181,0.0436,2,1,1,1,2D-1I-1C-1S,1,0.2,0.5039,0.4375,0.68,0.2,39.53
BBL Esports,Fracture,2025,astra|breach|cypher|tejo|yoru,"['astra', 'breach', 'cypher', 'tejo', 'yoru']",1,1,2,0.5,5,0.4,0.3457,0.1383,1,2,1,1,1D-2I-1C-1S,4,0.8,0.5039,0.4375,0.8,0.6,47.79
BBL Esports,Fracture,2025,breach|brimstone|cypher|jett|tejo,"['breach', 'brimstone', 'cypher', 'jett', 'tejo']",1,1,2,0.5,5,0.4,0.3457,0.1383,1,2,1,1,1D-2I-1C-1S,4,0.8,0.5039,0.4375,0.72,0.4,47.79
BBL Esports,Haven,2025,breach|cypher|jett|omen|sova,"['breach', 'cypher', 'jett', 'omen', 'sova']",3,3,6,0.5,7,0.8571,0.6123,0.5248,1,2,1,1,1D-2I-1C-1S,6,0.8571,0.5039,0.48,0.9429,0.8571,45.12
BBL Esports,Haven,2025,cypher|iso|omen|sova|yoru,"['cypher', 'iso', 'omen', 'sova', 'yoru']",0,1,1,0.0,7,0.1429,0.2181,0.0312,2,1,1,1,2D-1I-1C-1S,1,0.1429,0.5039,0.48,0.6571,0.1429,47.23
BBL Esports,Icebox,2025,chamber|clove|sova|tejo|viper,"['chamber', 'clove', 'sova', 'tejo', 'viper']",0,1,1,0.0,8,0.125,0.2181,0.0273,0,2,2,1,0D-2I-2C-1S,1,0.125,0.5039,0.55,0.475,0.125,35.1
BBL Esports,Icebox,2025,jett|kayo|killjoy|tejo|viper,"['jett', 'kayo', 'killjoy', 'tejo', 'viper']",2,1,3,0.6666666666666666,8,0.375,0.4362,0.1636,1,2,1,1,1D-2I-1C-1S,3,0.375,0.5039,0.55,0.725,0.375,53.73
BBL Esports,Icebox,2025,jett|killjoy|omen|sova|viper,"['jett', 'killjoy', 'omen', 'sova', 'viper']",3,1,4,0.75,8,0.5,0.5064,0.2532,1,1,2,1,1D-1I-2C-1S,4,0.5,0.5039,0.55,0.775,0.5,66.87
BBL Esports,Lotus,2025,breach|cypher|fade|omen|raze,"['breach', 'cypher', 'fade', 'omen', 'raze']",1,1,2,0.5,7,0.2857,0.3457,0.0988,1,2,1,1,1D-2I-1C-1S,4,0.5714,0.5039,0.5217,0.7143,0.5714,43.2
BBL Esports,Lotus,2025,breach|cypher|jett|omen|tejo,"['breach', 'cypher', 'jett', 'omen', 'tejo']",2,0,2,1.0,7,0.2857,0.3457,0.0988,1,2,1,1,1D-2I-1C-1S,4,0.5714,0.5039,0.5217,0.5429,0.2857,54.16
BBL Esports,Lotus,2025,chamber|deadlock|fade|omen|raze,"['chamber', 'deadlock', 'fade', 'omen', 'raze']",2,1,3,0.6666666666666666,7,0.4286,0.4362,0.187,1,1,1,2,1D-1I-1C-2S,3,0.4286,0.5039,0.5217,0.6571,0.4286,62.5
BBL Esports,Pearl,2025,astra|chamber|sova|vyse|yoru,"['astra', 'chamber', 'sova', 'vyse', 'yoru']",4,1,5,0.8,5,1.0,0.5638,0.5638,1,1,1,2,1D-1I-1C-2S,5,1.0,0.5039,0.5789,1.0,1.0,70.08
BBL Esports,Split,2025,astra|fade|omen|raze|yoru,"['astra', 'fade', 'omen', 'raze', 'yoru']",1,1,2,0.5,4,0.5,0.3457,0.1728,2,1,2,0,2D-1I-2C-0S,2,0.5,0.5039,0.5,0.7,0.5,40.65
BBL Esports,Split,2025,breach|cypher|omen|raze|tejo,"['breach', 'cypher', 'omen', 'raze', 'tejo']",1,0,1,1.0,4,0.25,0.2181,0.0545,1,2,1,1,1D-2I-1C-1S,1,0.25,0.5039,0.5,0.6,0.25,54.39
BBL Esports,Split,2025,breach|deadlock|omen|raze|sage,"['breach', 'deadlock', 'omen', 'raze', 'sage']",1,0,1,1.0,4,0.25,0.2181,0.0545,1,1,1,2,1D-1I-1C-2S,1,0.25,0.5039,0.5,0.6,0.25,66.05
BBL Esports,Sunset,2025,deadlock|neon|omen|sova|viper,"['deadlock', 'neon', 'omen', 'sova', 'viper']",3,2,5,0.6,5,1.0,0.5638,0.5638,1,1,2,1,1D-1I-2C-1S,5,1.0,0.5039,0.5238,1.0,1.0,60.29
BOOM Esports,Ascent,2025,cypher|deadlock|omen|sova|yoru,"['cypher', 'deadlock', 'omen', 'sova', 'yoru']",0,1,1,0.0,7,0.1429,0.2181,0.0312,1,1,1,2,1D-1I-1C-2S,1,0.1429,0.4186,0.4706,0.5714,0.1429,40.57
BOOM Esports,Ascent,2025,jett|kayo|killjoy|omen|sova,"['jett', 'kayo', 'killjoy', 'omen', 'sova']",0,1,1,0.0,7,0.1429,0.2181,0.0312,1,2,1,1,1D-2I-1C-1S,6,0.8571,0.4186,0.4706,0.5429,0.1429,50.6
BOOM Esports,Ascent,2025,killjoy|omen|phoenix|sova|tejo,"['killjoy', 'omen', 'phoenix', 'sova', 'tejo']",1,1,2,0.5,7,0.2857,0.3457,0.0988,1,2,1,1,1D-2I-1C-1S,6,0.8571,0.4186,0.4706,0.6857,0.2857,53.5
BOOM Esports,Ascent,2025,omen|sova|tejo|vyse|yoru,"['omen', 'sova', 'tejo', 'vyse', 'yoru']",2,1,3,0.6666666666666666,7,0.4286,0.4362,0.187,1,2,1,1,1D-2I-1C-1S,6,0.8571,0.4186,0.4706,0.7429,0.4286,56.09
BOOM Esports,Bind,2025,brimstone|fade|kayo|raze|viper,"['brimstone', 'fade', 'kayo', 'raze', 'viper']",0,2,2,0.0,4,0.5,0.3457,0.1728,1,2,2,0,1D-2I-2C-0S,2,0.5,0.4186,0.5,0.9,0.5,29.44
BOOM Esports,Bind,2025,brimstone|fade|kayo|raze|vyse,"['brimstone', 'fade', 'kayo', 'raze', 'vyse']",2,0,2,1.0,4,0.5,0.3457,0.1728,1,2,1,1,1D-2I-1C-1S,2,0.5,0.4186,0.5,0.9,0.5,67.91
BOOM Esports,Corrode,2025,astra|fade|kayo|neon|viper,"['astra', 'fade', 'kayo', 'neon', 'viper']",0,1,1,0.0,3,0.3333,0.2181,0.0727,1,2,2,0,1D-2I-2C-0S,1,0.3333,0.4186,0.3846,0.6667,0.3333,34.13
BOOM Esports,Corrode,2025,deadlock|neon|omen|sova|viper,"['deadlock', 'neon', 'omen', 'sova', 'viper']",0,1,1,0.0,3,0.3333,0.2181,0.0727,1,1,2,1,1D-1I-2C-1S,2,0.6667,0.4186,0.3846,0.6667,0.3333,26.55
BOOM Esports,Corrode,2025,fade|neon|omen|viper|vyse,"['fade', 'neon', 'omen', 'viper', 'vyse']",0,1,1,0.0,3,0.3333,0.2181,0.0727,1,1,2,1,1D-1I-2C-1S,2,0.6667,0.4186,0.3846,0.7333,0.3333,26.55
BOOM Esports,Fracture,2025,breach|brimstone|cypher|neon|tejo,"['breach', 'brimstone', 'cypher', 'neon', 'tejo']",0,1,1,0.0,4,0.25,0.2181,0.0545,1,2,1,1,1D-2I-1C-1S,4,1.0,0.4186,0.5,0.85,0.25,51.13
BOOM Esports,Fracture,2025,breach|brimstone|killjoy|neon|tejo,"['breach', 'brimstone', 'killjoy', 'neon', 'tejo']",2,1,3,0.6666666666666666,4,0.75,0.4362,0.3272,1,2,1,1,1D-2I-1C-1S,4,1.0,0.4186,0.5,0.95,0.75,56.56
BOOM Esports,Haven,2025,breach|cypher|neon|omen|sova,"['breach', 'cypher', 'neon', 'omen', 'sova']",2,0,2,1.0,3,0.6667,0.3457,0.2305,1,2,1,1,1D-2I-1C-1S,2,0.6667,0.4186,0.5385,0.8667,0.6667,67.91
BOOM Esports,Haven,2025,cypher|iso|omen|sova|yoru,"['cypher', 'iso', 'omen', 'sova', 'yoru']",0,1,1,0.0,3,0.3333,0.2181,0.0727,2,1,1,1,2D-1I-1C-1S,1,0.3333,0.4186,0.5385,0.7333,0.3333,40.32
BOOM Esports,Icebox,2025,jett|kayo|killjoy|tejo|viper,"['jett', 'kayo', 'killjoy', 'tejo', 'viper']",1,0,1,1.0,2,0.5,0.2181,0.109,1,2,1,1,1D-2I-1C-1S,1,0.5,0.4186,0.5,0.7,0.5,62.8
BOOM Esports,Icebox,2025,killjoy|neon|omen|sova|viper,"['killjoy', 'neon', 'omen', 'sova', 'viper']",0,1,1,0.0,2,0.5,0.2181,0.109,1,1,2,1,1D-1I-2C-1S,1,0.5,0.4186,0.5,0.7,0.5,28.96
BOOM Esports,Lotus,2025,breach|neon|omen|tejo|viper,"['breach', 'neon', 'omen', 'tejo', 'viper']",1,1,2,0.5,6,0.3333,0.3457,0.1152,1,2,2,0,1D-2I-2C-0S,2,0.3333,0.4186,0.4375,0.6,0.3333,42.68
BOOM Esports,Lotus,2025,fade|killjoy|omen|raze|viper,"['fade', 'killjoy', 'omen', 'raze', 'viper']",1,3,4,0.25,6,0.6667,0.5064,0.3376,1,1,2,1,1D-1I-2C-1S,4,0.6667,0.4186,0.4375,0.8,0.6667,30.07
BOOM Esports,Pearl,2025,astra|fade|kayo|killjoy|neon,"['astra', 'fade', 'kayo', 'killjoy', 'neon']",0,2,2,0.0,3,0.6667,0.3457,0.2305,1,2,1,1,1D-2I-1C-1S,3,1.0,0.4186,0.4615,0.8667,0.6667,45.04
BOOM Esports,Pearl,2025,astra|jett|kayo|killjoy|tejo,"['astra', 'jett', 'kayo', 'killjoy', 'tejo']",1,0,1,1.0,3,0.3333,0.2181,0.0727,1,2,1,1,1D-2I-1C-1S,3,1.0,0.4186,0.4615,0.7333,0.3333,54.1
BOOM Esports,Split,2025,deadlock|omen|tejo|viper|yoru,"['deadlock', 'omen', 'tejo', 'viper', 'yoru']",0,1,1,0.0,1,1.0,0.2181,0.2181,1,1,2,1,1D-1I-2C-1S,1,1.0,0.4186,0.4545,1.0,1.0,28.96
Bilibili Gaming,Abyss,2025,harbor|omen|sova|vyse|yoru,"['harbor', 'omen', 'sova', 'vyse', 'yoru']",1,1,2,0.5,2,1.0,0.3457,0.3457,1,1,2,1,1D-1I-2C-1S,2,1.0,0.5212,0.5556,1.0,1.0,51.83
Bilibili Gaming,Ascent,2025,kayo|killjoy|neon|omen|sova,"['kayo', 'killjoy', 'neon', 'omen', 'sova']",4,3,7,0.5714285714285714,7,1.0,0.6543,0.6543,1,2,1,1,1D-2I-1C-1S,7,1.0,0.5212,0.5455,1.0,1.0,55.5
Bilibili Gaming,Bind,2025,brimstone|cypher|raze|skye|viper,"['brimstone', 'cypher', 'raze', 'skye', 'viper']",1,1,2,0.5,6,0.3333,0.3457,0.1152,1,1,2,1,1D-1I-2C-1S,2,0.3333,0.5212,0.4828,0.7333,0.3333,55.16
Bilibili Gaming,Bind,2025,brimstone|fade|kayo|raze|viper,"['brimstone', 'fade', 'kayo', 'raze', 'viper']",3,1,4,0.75,6,0.6667,0.5064,0.3376,1,2,2,0,1D-2I-2C-0S,4,0.6667,0.5212,0.4828,0.8667,0.6667,52.28
Bilibili Gaming,Corrode,2025,deadlock|neon|omen|sova|viper,"['deadlock', 'neon', 'omen', 'sova', 'viper']",1,1,2,0.5,2,1.0,0.3457,0.3457,1,1,2,1,1D-1I-2C-1S,2,1.0,0.5212,0.5,1.0,1.0,51.83
Bilibili Gaming,Fracture,2025,breach|brimstone|cypher|neon|tejo,"['breach', 'brimstone', 'cypher', 'neon', 'tejo']",4,2,6,0.6666666666666666,6,1.0,0.6123,0.6123,1,2,1,1,1D-2I-1C-1S,6,1.0,0.5212,0.5263,1.0,1.0,59.42
Bilibili Gaming,Haven,2025,breach|cypher|neon|omen|sova,"['breach', 'cypher', 'neon', 'omen', 'sova']",3,3,6,0.5,13,0.4615,0.6123,0.2826,1,2,1,1,1D-2I-1C-1S,10,0.7692,0.5212,0.4074,0.7846,0.6923,38.68
Bilibili Gaming,Haven,2025,breach|cypher|omen|tejo|yoru,"['breach', 'cypher', 'omen', 'tejo', 'yoru']",1,3,4,0.25,13,0.3077,0.5064,0.1558,1,2,1,1,1D-2I-1C-1S,10,0.7692,0.5212,0.4074,0.6308,0.3077,36.3
Bilibili Gaming,Haven,2025,killjoy|neon|omen|sova|viper,"['killjoy', 'neon', 'omen', 'sova', 'viper']",1,2,3,0.3333333333333333,13,0.2308,0.4362,0.1007,1,1,2,1,1D-1I-2C-1S,3,0.2308,0.5212,0.4074,0.5692,0.2308,45.61
Bilibili Gaming,Icebox,2025,harbor|jett|killjoy|sova|viper,"['harbor', 'jett', 'killjoy', 'sova', 'viper']",6,3,9,0.6666666666666666,9,1.0,0.7245,0.7245,1,1,2,1,1D-1I-2C-1S,9,1.0,0.5212,0.5517,1.0,1.0,56.14
Bilibili Gaming,Lotus,2025,breach|neon|omen|tejo|viper,"['breach', 'neon', 'omen', 'tejo', 'viper']",2,1,3,0.6666666666666666,15,0.2,0.4362,0.0872,1,2,2,0,1D-2I-2C-0S,4,0.2667,0.5212,0.5263,0.5467,0.2,50.01
Bilibili Gaming,Lotus,2025,breach|omen|tejo|viper|yoru,"['breach', 'omen', 'tejo', 'viper', 'yoru']",0,1,1,0.0,15,0.0667,0.2181,0.0145,1,2,2,0,1D-2I-2C-0S,4,0.2667,0.5212,0.5263,0.52,0.0667,43.76
Bilibili Gaming,Lotus,2025,fade|killjoy|omen|raze|viper,"['fade', 'killjoy', 'omen', 'raze', 'viper']",2,2,4,0.5,15,0.2667,0.5064,0.1351,1,1,2,1,1D-1I-2C-1S,11,0.7333,0.5212,0.5263,0.7467,0.2667,58.97
Bilibili Gaming,Lotus,2025,fade|omen|raze|viper|vyse,"['fade', 'omen', 'raze', 'viper', 'vyse']",5,2,7,0.7142857142857143,15,0.4667,0.6543,0.3054,1,1,2,1,1D-1I-2C-1S,11,0.7333,0.5212,0.5263,0.7867,0.4667,63.28
Bilibili Gaming,Pearl,2025,astra|fade|kayo|killjoy|neon,"['astra', 'fade', 'kayo', 'killjoy', 'neon']",0,1,1,0.0,7,0.1429,0.2181,0.0312,1,2,1,1,1D-2I-1C-1S,7,1.0,0.5212,0.6522,0.5429,0.1429,56.45
Bilibili Gaming,Pearl,2025,astra|fade|tejo|vyse|yoru,"['astra', 'fade', 'tejo', 'vyse', 'yoru']",4,0,4,1.0,7,0.5714,0.5064,0.2894,1,2,1,1,1D-2I-1C-1S,7,1.0,0.5212,0.6522,0.8,0.5714,68.59
Bilibili Gaming,Pearl,2025,astra|kayo|neon|tejo|vyse,"['astra', 'kayo', 'neon', 'tejo', 'vyse']",1,1,2,0.5,7,0.2857,0.3457,0.0988,1,2,1,1,1D-2I-1C-1S,7,1.0,0.5212,0.6522,0.7143,0.4286,59.01
Bilibili Gaming,Split,2025,breach|omen|tejo|viper|yoru,"['breach', 'omen', 'tejo', 'viper', 'yoru']",0,2,2,0.0,3,0.6667,0.3457,0.2305,1,2,2,0,1D-2I-2C-0S,2,0.6667,0.5212,0.3684,0.8,0.6667,33.1
Bilibili Gaming,Split,2025,cypher|omen|raze|skye|viper,"['cypher', 'omen', 'raze', 'skye', 'viper']",0,1,1,0.0,3,0.3333,0.2181,0.0727,1,1,2,1,1D-1I-2C-1S,1,0.3333,0.5212,0.3684,0.6,0.3333,45.61
Bilibili Gaming,Sunset,2025,breach|cypher|neon|omen|sova,"['breach', 'cypher', 'neon', 'omen', 'sova']",1,0,1,1.0,7,0.1429,0.2181,0.0312,1,2,1,1,1D-2I-1C-1S,7,1.0,0.5212,0.5217,0.8286,0.1429,53.33
Bilibili Gaming,Sunset,2025,cypher|kayo|neon|omen|sova,"['cypher', 'kayo', 'neon', 'omen', 'sova']",3,3,6,0.5,7,0.8571,0.6123,0.5248,1,2,1,1,1D-2I-1C-1S,7,1.0,0.5212,0.5217,0.9714,0.8571,50.15
Cloud9,Abyss,2025,astra|jett|kayo|omen|sova,"['astra', 'jett', 'kayo', 'omen', 'sova']",0,2,2,0.0,2,1.0,0.3457,0.3457,1,2,2,0,1D-2I-2C-0S,2,1.0,0.4711,0.4,1.0,1.0,36.8
Cloud9,Ascent,2025,deadlock|omen|sova|vyse|yoru,"['deadlock', 'omen', 'sova', 'vyse', 'yoru']",1,2,3,0.3333333333333333,3,1.0,0.4362,0.4362,1,1,1,2,1D-1I-1C-2S,3,1.0,0.4711,0.3333,1.0,1.0,43.02
Cloud9,Bind,2025,brimstone|raze|skye|viper|vyse,"['brimstone', 'raze', 'skye', 'viper', 'vyse']",2,0,2,1.0,2,1.0,0.3457,0.3457,1,1,2,1,1D-1I-2C-1S,2,1.0,0.4711,0.5263,1.0,1.0,60.37
Cloud9,Corrode,2025,neon|omen|skye|viper|vyse,"['neon', 'omen', 'skye', 'viper', 'vyse']",0,1,1,0.0,3,0.3333,0.2181,0.0727,1,1,2,1,1D-1I-2C-1S,3,1.0,0.4711,0.4286,0.8667,0.3333,45.9
Cloud9,Corrode,2025,omen|raze|skye|viper|vyse,"['omen', 'raze', 'skye', 'viper', 'vyse']",1,1,2,0.5,3,0.6667,0.3457,0.2305,1,1,2,1,1D-1I-2C-1S,3,1.0,0.4711,0.4286,0.9333,0.6667,49.08
Cloud9,Fracture,2025,breach|brimstone|cypher|neon|tejo,"['breach', 'brimstone', 'cypher', 'neon', 'tejo']",1,1,2,0.5,3,0.6667,0.3457,0.2305,1,2,1,1,1D-2I-1C-1S,2,0.6667,0.4711,0.5385,0.8,0.6667,41.93
Cloud9,Fracture,2025,brimstone|clove|killjoy|raze|tejo,"['brimstone', 'clove', 'killjoy', 'raze', 'tejo']",1,0,1,1.0,3,0.3333,0.2181,0.0727,1,1,2,1,1D-1I-2C-1S,1,0.3333,0.4711,0.5385,0.6,0.3333,60.5
Cloud9,Haven,2025,breach|cypher|jett|omen|sova,"['breach', 'cypher', 'jett', 'omen', 'sova']",1,1,2,0.5,8,0.25,0.3457,0.0864,1,2,1,1,1D-2I-1C-1S,2,0.25,0.4711,0.4783,0.525,0.25,36.78
Cloud9,Haven,2025,jett|killjoy|omen|skye|viper,"['jett', 'killjoy', 'omen', 'skye', 'viper']",3,2,5,0.6,8,0.625,0.5638,0.3524,1,1,2,1,1D-1I-2C-1S,6,0.75,0.4711,0.4783,0.8,0.625,55.91
Cloud9,Haven,2025,neon|omen|skye|viper|vyse,"['neon', 'omen', 'skye', 'viper', 'vyse']",1,0,1,1.0,8,0.125,0.2181,0.0273,1,1,2,1,1D-1I-2C-1S,6,0.75,0.4711,0.4783,0.55,0.125,57.39
Cloud9,Icebox,2025,harbor|jett|killjoy|sova|viper,"['harbor', 'jett', 'killjoy', 'sova', 'viper']",0,2,2,0.0,4,0.5,0.3457,0.1728,1,1,2,1,1D-1I-2C-1S,2,0.5,0.4711,0.55,0.8,0.5,39.45
Cloud9,Icebox,2025,iso|killjoy|raze|sova|viper,"['iso', 'killjoy', 'raze', 'sova', 'viper']",2,0,2,1.0,4,0.5,0.3457,0.1728,2,1,1,1,2D-1I-1C-1S,2,0.5,0.4711,0.55,0.8,0.5,68.15
Cloud9,Lotus,2025,breach|cypher|neon|omen|tejo,"['breach', 'cypher', 'neon', 'omen', 'tejo']",1,1,2,0.5,13,0.1538,0.3457,0.0532,1,2,1,1,1D-2I-1C-1S,6,0.4615,0.4711,0.4688,0.5077,0.1538,44.62
Cloud9,Lotus,2025,breach|deadlock|omen|raze|tejo,"['breach', 'deadlock', 'omen', 'raze', 'tejo']",2,2,4,0.5,13,0.3077,0.5064,0.1558,1,2,1,1,1D-2I-1C-1S,6,0.4615,0.4711,0.4688,0.5538,0.3077,45.18
Cloud9,Lotus,2025,fade|neon|omen|viper|vyse,"['fade', 'neon', 'omen', 'viper', 'vyse']",2,2,4,0.5,13,0.3077,0.5064,0.1558,1,1,2,1,1D-1I-2C-1S,7,0.5385,0.4711,0.4688,0.6154,0.4615,49.54
Cloud9,Lotus,2025,fade|omen|raze|viper|vyse,"['fade', 'omen', 'raze', 'viper', 'vyse']",1,2,3,0.3333333333333333,13,0.2308,0.4362,0.1007,1,1,2,1,1D-1I-2C-1S,7,0.5385,0.4711,0.4688,0.6308,0.5385,44.27
Cloud9,Pearl,2025,astra|cypher|fade|tejo|yoru,"['astra', 'cypher', 'fade', 'tejo', 'yoru']",0,1,1,0.0,6,0.1667,0.2181,0.0364,1,2,1,1,1D-2I-1C-1S,1,0.1667,0.4711,0.4545,0.6667,0.1667,32.55
Cloud9,Pearl,2025,astra|cypher|jett|sova|yoru,"['astra', 'cypher', 'jett', 'sova', 'yoru']",3,2,5,0.6,6,0.8333,0.5638,0.4698,2,1,1,1,2D-1I-1C-1S,5,0.8333,0.4711,0.4545,0.9333,0.8333,58.34
Cloud9,Split,2025,breach|omen|tejo|viper|yoru,"['breach', 'omen', 'tejo', 'viper', 'yoru']",1,0,1,1.0,1,1.0,0.2181,0.2181,1,2,2,0,1D-2I-2C-0S,1,1.0,0.4711,0.5909,1.0,1.0,57.42
DRX,Abyss,2025,astra|cypher|jett|sova|tejo,"['astra', 'cypher', 'jett', 'sova', 'tejo']",2,0,2,1.0,6,0.3333,0.3457,0.1152,1,2,1,1,1D-2I-1C-1S,3,0.5,0.5844,0.7273,0.6333,0.3333,74.55
DRX,Abyss,2025,cypher|omen|sova|tejo|yoru,"['cypher', 'omen', 'sova', 'tejo', 'yoru']",1,0,1,1.0,6,0.1667,0.2181,0.0364,1,2,1,1,1D-2I-1C-1S,3,0.5,0.5844,0.7273,0.7667,0.5,72.96
DRX,Abyss,2025,cypher|omen|sova|waylay|yoru,"['cypher', 'omen', 'sova', 'waylay', 'yoru']",3,0,3,1.0,6,0.5,0.4362,0.2181,2,1,1,1,2D-1I-1C-1S,3,0.5,0.5844,0.7273,0.7667,0.5,73.65
DRX,Ascent,2025,cypher|jett|kayo|omen|sova,"['cypher', 'jett', 'kayo', 'omen', 'sova']",1,0,1,1.0,8,0.125,0.2181,0.0273,1,2,1,1,1D-2I-1C-1S,3,0.375,0.5844,0.6296,0.55,0.25,57.72
DRX,Ascent,2025,cypher|jett|kayo|omen|tejo,"['cypher', 'jett', 'kayo', 'omen', 'tejo']",1,0,1,1.0,8,0.125,0.2181,0.0273,1,2,1,1,1D-2I-1C-1S,3,0.375,0.5844,0.6296,0.525,0.25,64.94
DRX,Ascent,2025,jett|omen|sova|tejo|vyse,"['jett', 'omen', 'sova', 'tejo', 'vyse']",1,0,1,1.0,8,0.125,0.2181,0.0273,1,2,1,1,1D-2I-1C-1S,3,0.375,0.5844,0.6296,0.7,0.5,64.94
DRX,Ascent,2025,jett|omen|tejo|vyse|yoru,"['jett', 'omen', 'tejo', 'vyse', 'yoru']",1,1,2,0.5,8,0.25,0.3457,0.0864,2,1,1,1,2D-1I-1C-1S,5,0.625,0.5844,0.6296,0.7,0.5,64.06
DRX,Ascent,2025,omen|sova|vyse|waylay|yoru,"['omen', 'sova', 'vyse', 'waylay', 'yoru']",3,0,3,1.0,8,0.375,0.4362,0.1636,2,1,1,1,2D-1I-1C-1S,5,0.625,0.5844,0.6296,0.675,0.375,71.61
DRX,Bind,2025,breach|brimstone|cypher|tejo|yoru,"['breach', 'brimstone', 'cypher', 'tejo', 'yoru']",0,1,1,0.0,10,0.1,0.2181,0.0218,1,2,1,1,1D-2I-1C-1S,1,0.1,0.5844,0.5667,0.4,0.1,47.05
DRX,Bind,2025,brimstone|fade|raze|viper|vyse,"['brimstone', 'fade', 'raze', 'viper', 'vyse']",2,0,2,1.0,10,0.2,0.3457,0.0691,1,1,2,1,1D-1I-2C-1S,2,0.2,0.5844,0.5667,0.62,0.2,67.25
DRX,Bind,2025,brimstone|fade|viper|waylay|yoru,"['brimstone', 'fade', 'viper', 'waylay', 'yoru']",3,1,4,0.75,10,0.4,0.5064,0.2026,2,1,2,0,2D-1I-2C-0S,4,0.4,0.5844,0.5667,0.7,0.5,64.56
DRX,Bind,2025,brimstone|gekko|skye|viper|waylay,"['brimstone', 'gekko', 'skye', 'viper', 'waylay']",0,1,1,0.0,10,0.1,0.2181,0.0218,1,2,2,0,1D-2I-2C-0S,3,0.3,0.5844,0.5667,0.52,0.1,46.89
DRX,Bind,2025,brimstone|kayo|raze|tejo|viper,"['brimstone', 'kayo', 'raze', 'tejo', 'viper']",1,1,2,0.5,10,0.2,0.3457,0.0691,1,2,2,0,1D-2I-2C-0S,3,0.3,0.5844,0.5667,0.56,0.2,50.02
DRX,Corrode,2025,cypher|jett|omen|sova|viper,"['cypher', 'jett', 'omen', 'sova', 'viper']",0,1,1,0.0,6,0.1667,0.2181,0.0364,1,1,2,1,1D-1I-2C-1S,3,0.5,0.5844,0.4375,0.4333,0.1667,50.1
DRX,Corrode,2025,fade|neon|omen|viper|vyse,"['fade', 'neon', 'omen', 'viper', 'vyse']",1,1,2,0.5,6,0.3333,0.3457,0.1152,1,1,2,1,1D-1I-2C-1S,3,0.5,0.5844,0.4375,0.7,0.3333,53.04
DRX,Corrode,2025,fade|omen|viper|waylay|yoru,"['fade', 'omen', 'viper', 'waylay', 'yoru']",0,1,1,0.0,6,0.1667,0.2181,0.0364,2,1,2,0,2D-1I-2C-0S,1,0.1667,0.5844,0.4375,0.7,0.5,48.15
DRX,Corrode,2025,fade|omen|vyse|waylay|yoru,"['fade', 'omen', 'vyse', 'waylay', 'yoru']",1,1,2,0.5,6,0.3333,0.3457,0.1152,2,1,1,1,2D-1I-1C-1S,2,0.3333,0.5844,0.4375,0.7,0.5,56.54
DRX,Fracture,2025,breach|brimstone|cypher|neon|tejo,"['breach', 'brimstone', 'cypher', 'neon', 'tejo']",3,0,3,1.0,7,0.4286,0.4362,0.187,1,2,1,1,1D-2I-1C-1S,7,1.0,0.5844,0.6471,0.8,0.4286,73.14
DRX,Fracture,2025,breach|brimstone|cypher|tejo|yoru,"['breach', 'brimstone', 'cypher', 'tejo', 'yoru']",0,1,1,0.0,7,0.1429,0.2181,0.0312,1,2,1,1,1D-2I-1C-1S,7,1.0,0.5844,0.6471,0.7429,0.1429,63.53
DRX,Fracture,2025,breach|brimstone|killjoy|raze|tejo,"['breach', 'brimstone', 'killjoy', 'raze', 'tejo']",1,0,1,1.0,7,0.1429,0.2181,0.0312,1,2,1,1,1D-2I-1C-1S,7,1.0,0.5844,0.6471,0.7143,0.1429,69.78
DRX,Fracture,2025,breach|brimstone|raze|tejo|vyse,"['breach', 'brimstone', 'raze', 'tejo', 'vyse']",2,0,2,1.0,7,0.2857,0.3457,0.0988,1,2,1,1,1D-2I-1C-1S,7,1.0,0.5844,0.6471,0.7429,0.2857,71.56
DRX,Haven,2025,breach|cypher|omen|tejo|yoru,"['breach', 'cypher', 'omen', 'tejo', 'yoru']",1,0,1,1.0,9,0.1111,0.2181,0.0242,1,2,1,1,1D-2I-1C-1S,2,0.2222,0.5844,0.5385,0.5333,0.1111,61.04
DRX,Haven,2025,cypher|jett|neon|omen|sova,"['cypher', 'jett', 'neon', 'omen', 'sova']",1,0,1,1.0,9,0.1111,0.2181,0.0242,2,1,1,1,2D-1I-1C-1S,5,0.5556,0.5844,0.5385,0.6889,0.3333,61.81
DRX,Haven,2025,cypher|jett|omen|sova|tejo,"['cypher', 'jett', 'omen', 'sova', 'tejo']",1,0,1,1.0,9,0.1111,0.2181,0.0242,1,2,1,1,1D-2I-1C-1S,2,0.2222,0.5844,0.5385,0.6444,0.3333,61.04
DRX,Haven,2025,cypher|jett|omen|tejo|yoru,"['cypher', 'jett', 'omen', 'tejo', 'yoru']",1,0,1,1.0,9,0.1111,0.2181,0.0242,2,1,1,1,2D-1I-1C-1S,5,0.5556,0.5844,0.5385,0.5778,0.3333,61.81
DRX,Haven,2025,cypher|neon|omen|sova|viper,"['cypher', 'neon', 'omen', 'sova', 'viper']",0,1,1,0.0,9,0.1111,0.2181,0.0242,1,1,2,1,1D-1I-2C-1S,2,0.2222,0.5844,0.5385,0.6667,0.2222,50.1
DRX,Haven,2025,cypher|neon|omen|sova|waylay,"['cypher', 'neon', 'omen', 'sova', 'waylay']",1,1,2,0.5,9,0.2222,0.3457,0.0768,2,1,1,1,2D-1I-1C-1S,5,0.5556,0.5844,0.5385,0.6889,0.3333,58.18
DRX,Haven,2025,cypher|omen|sova|waylay|yoru,"['cypher', 'omen', 'sova', 'waylay', 'yoru']",0,1,1,0.0,9,0.1111,0.2181,0.0242,2,1,1,1,2D-1I-1C-1S,5,0.5556,0.5844,0.5385,0.6444,0.3333,55.56
DRX,Haven,2025,fade|neon|omen|viper|vyse,"['fade', 'neon', 'omen', 'viper', 'vyse']",0,1,1,0.0,9,0.1111,0.2181,0.0242,1,1,2,1,1D-1I-2C-1S,2,0.2222,0.5844,0.5385,0.4,0.1111,50.1
DRX,Icebox,2025,harbor|jett|killjoy|tejo|viper,"['harbor', 'jett', 'killjoy', 'tejo', 'viper']",1,1,2,0.5,9,0.2222,0.3457,0.0768,1,1,2,1,1D-1I-2C-1S,3,0.3333,0.5844,0.5,0.7556,0.2222,57.51
DRX,Icebox,2025,jett|kayo|killjoy|tejo|viper,"['jett', 'kayo', 'killjoy', 'tejo', 'viper']",0,1,1,0.0,9,0.1111,0.2181,0.0242,1,2,1,1,1D-2I-1C-1S,1,0.1111,0.5844,0.5,0.7333,0.1111,43.66
DRX,Icebox,2025,jett|killjoy|omen|tejo|viper,"['jett', 'killjoy', 'omen', 'tejo', 'viper']",0,1,1,0.0,9,0.1111,0.2181,0.0242,1,1,2,1,1D-1I-2C-1S,3,0.3333,0.5844,0.5,0.7333,0.1111,54.86
DRX,Icebox,2025,jett|killjoy|sage|sova|viper,"['jett', 'killjoy', 'sage', 'sova', 'viper']",3,1,4,0.75,9,0.4444,0.5064,0.225,1,1,1,2,1D-1I-1C-2S,4,0.4444,0.5844,0.5,0.7778,0.4444,63.67
DRX,Icebox,2025,jett|killjoy|tejo|viper|yoru,"['jett', 'killjoy', 'tejo', 'viper', 'yoru']",0,1,1,0.0,9,0.1111,0.2181,0.0242,2,1,1,1,2D-1I-1C-1S,1,0.1111,0.5844,0.5,0.7333,0.1111,50.2
DRX,Lotus,2025,breach|cypher|omen|tejo|yoru,"['breach', 'cypher', 'omen', 'tejo', 'yoru']",1,0,1,1.0,17,0.0588,0.2181,0.0128,1,2,1,1,1D-2I-1C-1S,2,0.1176,0.5844,0.5,0.4235,0.1176,49.91
DRX,Lotus,2025,breach|omen|tejo|viper|yoru,"['breach', 'omen', 'tejo', 'viper', 'yoru']",0,1,1,0.0,17,0.0588,0.2181,0.0128,1,2,2,0,1D-2I-2C-0S,3,0.1765,0.5844,0.5,0.4941,0.1176,43.29
DRX,Lotus,2025,cypher|fade|omen|raze|yoru,"['cypher', 'fade', 'omen', 'raze', 'yoru']",1,0,1,1.0,17,0.0588,0.2181,0.0128,2,1,1,1,2D-1I-1C-1S,6,0.3529,0.5844,0.5,0.6235,0.1176,58.34
DRX,Lotus,2025,deadlock|omen|tejo|vyse|yoru,"['deadlock', 'omen', 'tejo', 'vyse', 'yoru']",0,1,1,0.0,17,0.0588,0.2181,0.0128,1,1,1,2,1D-1I-1C-2S,1,0.0588,0.5844,0.5,0.5059,0.0588,46.8
DRX,Lotus,2025,fade|killjoy|omen|raze|viper,"['fade', 'killjoy', 'omen', 'raze', 'viper']",1,1,2,0.5,17,0.1176,0.3457,0.0407,1,1,2,1,1D-1I-2C-1S,5,0.2941,0.5844,0.5,0.6118,0.1176,64.33
DRX,Lotus,2025,fade|omen|raze|tejo|viper,"['fade', 'omen', 'raze', 'tejo', 'viper']",1,1,2,0.5,17,0.1176,0.3457,0.0407,1,2,2,0,1D-2I-2C-0S,3,0.1765,0.5844,0.5,0.6588,0.3529,46.63
DRX,Lotus,2025,fade|omen|raze|tejo|vyse,"['fade', 'omen', 'raze', 'tejo', 'vyse']",0,1,1,0.0,17,0.0588,0.2181,0.0128,1,2,1,1,1D-2I-1C-1S,2,0.1176,0.5844,0.5,0.6824,0.3529,43.66
DRX,Lotus,2025,fade|omen|raze|viper|vyse,"['fade', 'omen', 'raze', 'viper', 'vyse']",2,1,3,0.6666666666666666,17,0.1765,0.4362,0.077,1,1,2,1,1D-1I-2C-1S,5,0.2941,0.5844,0.5,0.7059,0.4706,63.94
DRX,Lotus,2025,fade|omen|raze|vyse|yoru,"['fade', 'omen', 'raze', 'vyse', 'yoru']",2,0,2,1.0,17,0.1176,0.3457,0.0407,2,1,1,1,2D-1I-1C-1S,6,0.3529,0.5844,0.5,0.7176,0.5294,60.79
DRX,Lotus,2025,fade|omen|vyse|waylay|yoru,"['fade', 'omen', 'vyse', 'waylay', 'yoru']",0,3,3,0.0,17,0.1765,0.4362,0.077,2,1,1,1,2D-1I-1C-1S,6,0.3529,0.5844,0.5,0.6235,0.1765,46.3
DRX,Pearl,2025,astra|fade|tejo|vyse|yoru,"['astra', 'fade', 'tejo', 'vyse', 'yoru']",0,1,1,0.0,2,0.5,0.2181,0.109,1,2,1,1,1D-2I-1C-1S,2,1.0,0.5844,0.4167,0.7,0.5,43.13
DRX,Pearl,2025,astra|jett|killjoy|sova|tejo,"['astra', 'jett', 'killjoy', 'sova', 'tejo']",0,1,1,0.0,2,0.5,0.2181,0.109,1,2,1,1,1D-2I-1C-1S,2,1.0,0.5844,0.4167,0.7,0.5,43.13
DRX,Split,2025,breach|cypher|omen|raze|tejo,"['breach', 'cypher', 'omen', 'raze', 'tejo']",1,0,1,1.0,4,0.25,0.2181,0.0545,1,2,1,1,1D-2I-1C-1S,2,0.5,0.5844,0.5789,0.75,0.5,57.19
DRX,Split,2025,breach|cypher|omen|tejo|yoru,"['breach', 'cypher', 'omen', 'tejo', 'yoru']",0,1,1,0.0,4,0.25,0.2181,0.0545,1,2,1,1,1D-2I-1C-1S,2,0.5,0.5844,0.5789,0.75,0.5,50.94
DRX,Split,2025,breach|omen|tejo|viper|yoru,"['breach', 'omen', 'tejo', 'viper', 'yoru']",1,0,1,1.0,4,0.25,0.2181,0.0545,1,2,2,0,1D-2I-2C-0S,1,0.25,0.5844,0.5789,0.75,0.5,57.41
DRX,Split,2025,neon|omen|raze|tejo|viper,"['neon', 'omen', 'raze', 'tejo', 'viper']",1,0,1,1.0,4,0.25,0.2181,0.0545,2,1,2,0,2D-1I-2C-0S,1,0.25,0.5844,0.5789,0.65,0.25,62.92
DRX,Sunset,2025,cypher|neon|omen|sova|waylay,"['cypher', 'neon', 'omen', 'sova', 'waylay']",0,1,1,0.0,2,0.5,0.2181,0.109,2,1,1,1,2D-1I-1C-1S,2,1.0,0.5844,0.4211,0.9,0.5,53.83
DRX,Sunset,2025,cypher|omen|sova|waylay|yoru,"['cypher', 'omen', 'sova', 'waylay', 'yoru']",1,0,1,1.0,2,0.5,0.2181,0.109,2,1,1,1,2D-1I-1C-1S,2,1.0,0.5844,0.4211,0.9,0.5,60.08
DetonatioN FocusMe,Abyss,2025,astra|jett|kayo|omen|sova,"['astra', 'jett', 'kayo', 'omen', 'sova']",3,1,4,0.75,4,1.0,0.5064,0.5064,1,2,2,0,1D-2I-2C-0S,4,1.0,0.3679,0.6,1.0,1.0,62.8
DetonatioN FocusMe,Ascent,2025,astra|fade|jett|kayo|tejo,"['astra', 'fade', 'jett', 'kayo', 'tejo']",1,2,3,0.3333333333333333,4,0.75,0.4362,0.3272,1,3,1,0,1D-3I-1C-0S,3,0.75,0.3679,0.4762,0.85,0.75,38.48
DetonatioN FocusMe,Ascent,2025,jett|kayo|killjoy|omen|sova,"['jett', 'kayo', 'killjoy', 'omen', 'sova']",0,1,1,0.0,4,0.25,0.2181,0.0545,1,2,1,1,1D-2I-1C-1S,1,0.25,0.3679,0.4762,0.55,0.25,43.51
DetonatioN FocusMe,Corrode,2025,fade|omen|viper|waylay|yoru,"['fade', 'omen', 'viper', 'waylay', 'yoru']",1,1,2,0.5,2,1.0,0.3457,0.3457,2,1,2,0,2D-1I-2C-0S,2,1.0,0.3679,0.4615,1.0,1.0,45.7
DetonatioN FocusMe,Fracture,2025,breach|brimstone|neon|tejo|vyse,"['breach', 'brimstone', 'neon', 'tejo', 'vyse']",0,1,1,0.0,2,0.5,0.2181,0.109,1,2,1,1,1D-2I-1C-1S,2,1.0,0.3679,0.4286,0.9,0.5,32.47
DetonatioN FocusMe,Fracture,2025,breach|brimstone|raze|tejo|vyse,"['breach', 'brimstone', 'raze', 'tejo', 'vyse']",0,1,1,0.0,2,0.5,0.2181,0.109,1,2,1,1,1D-2I-1C-1S,2,1.0,0.3679,0.4286,0.9,0.5,32.47
DetonatioN FocusMe,Haven,2025,breach|cypher|neon|omen|sova,"['breach', 'cypher', 'neon', 'omen', 'sova']",0,1,1,0.0,4,0.25,0.2181,0.0545,1,2,1,1,1D-2I-1C-1S,1,0.25,0.3679,0.381,0.7,0.25,27.76
DetonatioN FocusMe,Haven,2025,cypher|iso|omen|sova|yoru,"['cypher', 'iso', 'omen', 'sova', 'yoru']",1,2,3,0.3333333333333333,4,0.75,0.4362,0.3272,2,1,1,1,2D-1I-1C-1S,3,0.75,0.3679,0.381,0.9,0.75,39.99
DetonatioN FocusMe,Icebox,2025,harbor|jett|killjoy|sova|viper,"['harbor', 'jett', 'killjoy', 'sova', 'viper']",2,0,2,1.0,2,1.0,0.3457,0.3457,1,1,2,1,1D-1I-2C-1S,2,1.0,0.3679,0.4667,1.0,1.0,36.82
DetonatioN FocusMe,Lotus,2025,astra|fade|omen|raze|vyse,"['astra', 'fade', 'omen', 'raze', 'vyse']",0,1,1,0.0,9,0.1111,0.2181,0.0242,1,1,2,1,1D-1I-2C-1S,4,0.4444,0.3679,0.2812,0.7111,0.1111,19.48
DetonatioN FocusMe,Lotus,2025,breach|neon|omen|tejo|viper,"['breach', 'neon', 'omen', 'tejo', 'viper']",0,1,1,0.0,9,0.1111,0.2181,0.0242,1,2,2,0,1D-2I-2C-0S,1,0.1111,0.3679,0.2812,0.4,0.1111,45.49
DetonatioN FocusMe,Lotus,2025,fade|omen|raze|viper|vyse,"['fade', 'omen', 'raze', 'viper', 'vyse']",0,3,3,0.0,9,0.3333,0.4362,0.1454,1,1,2,1,1D-1I-2C-1S,4,0.4444,0.3679,0.2812,0.8222,0.6667,17.31
DetonatioN FocusMe,Lotus,2025,fade|omen|raze|viper|yoru,"['fade', 'omen', 'raze', 'viper', 'yoru']",1,1,2,0.5,9,0.2222,0.3457,0.0768,2,1,2,0,2D-1I-2C-0S,2,0.2222,0.3679,0.2812,0.7778,0.4444,42.64
DetonatioN FocusMe,Lotus,2025,fade|omen|raze|vyse|yoru,"['fade', 'omen', 'raze', 'vyse', 'yoru']",0,2,2,0.0,9,0.2222,0.3457,0.0768,2,1,1,1,2D-1I-1C-1S,2,0.2222,0.3679,0.2812,0.7778,0.4444,35.51
DetonatioN FocusMe,Pearl,2025,astra|chamber|sova|vyse|yoru,"['astra', 'chamber', 'sova', 'vyse', 'yoru']",0,2,2,0.0,4,0.5,0.3457,0.1728,1,1,1,2,1D-1I-1C-2S,2,0.5,0.3679,0.4286,0.7,0.5,32.75
DetonatioN FocusMe,Pearl,2025,astra|iso|killjoy|sova|yoru,"['astra', 'iso', 'killjoy', 'sova', 'yoru']",0,1,1,0.0,4,0.25,0.2181,0.0545,2,1,1,1,2D-1I-1C-1S,1,0.25,0.3679,0.4286,0.65,0.25,40.24
DetonatioN FocusMe,Pearl,2025,astra|jett|kayo|killjoy|tejo,"['astra', 'jett', 'kayo', 'killjoy', 'tejo']",1,0,1,1.0,4,0.25,0.2181,0.0545,1,2,1,1,1D-2I-1C-1S,1,0.25,0.3679,0.4286,0.45,0.25,45.42
DetonatioN FocusMe,Split,2025,cypher|omen|raze|skye|vyse,"['cypher', 'omen', 'raze', 'skye', 'vyse']",1,0,1,1.0,1,1.0,0.2181,0.2181,1,1,1,2,1D-1I-1C-2S,1,1.0,0.3679,0.5263,1.0,1.0,52.74
DetonatioN FocusMe,Sunset,2025,deadlock|neon|omen|sova|viper,"['deadlock', 'neon', 'omen', 'sova', 'viper']",1,1,2,0.5,2,1.0,0.3457,0.3457,1,1,2,1,1D-1I-2C-1S,2,1.0,0.3679,0.4706,1.0,1.0,39.68
Dragon Ranger Gaming,Abyss,2025,astra|jett|kayo|omen|sova,"['astra', 'jett', 'kayo', 'omen', 'sova']",2,1,3,0.6666666666666666,4,0.75,0.4362,0.3272,1,2,2,0,1D-2I-2C-0S,3,0.75,0.4817,0.4118,0.85,0.75,58.48
Dragon Ranger Gaming,Abyss,2025,cypher|omen|sova|waylay|yoru,"['cypher', 'omen', 'sova', 'waylay', 'yoru']",0,1,1,0.0,4,0.25,0.2181,0.0545,2,1,1,1,2D-1I-1C-1S,1,0.25,0.4817,0.4118,0.55,0.25,33.68
Dragon Ranger Gaming,Ascent,2025,clove|fade|omen|vyse|yoru,"['clove', 'fade', 'omen', 'vyse', 'yoru']",3,1,4,0.75,8,0.5,0.5064,0.2532,1,1,2,1,1D-1I-2C-1S,8,1.0,0.4817,0.5357,0.9,0.5,60.25
Dragon Ranger Gaming,Ascent,2025,fade|omen|viper|vyse|yoru,"['fade', 'omen', 'viper', 'vyse', 'yoru']",2,2,4,0.5,8,0.5,0.5064,0.2532,1,1,2,1,1D-1I-2C-1S,8,1.0,0.4817,0.5357,0.9,0.5,54.99
Dragon Ranger Gaming,Bind,2025,astra|gekko|neon|vyse|yoru,"['astra', 'gekko', 'neon', 'vyse', 'yoru']",0,1,1,0.0,3,0.3333,0.2181,0.0727,2,1,1,1,2D-1I-1C-1S,1,0.3333,0.4817,0.5217,0.4667,0.3333,43.49
Dragon Ranger Gaming,Bind,2025,brimstone|deadlock|kayo|raze|vyse,"['brimstone', 'deadlock', 'kayo', 'raze', 'vyse']",2,0,2,1.0,3,0.6667,0.3457,0.2305,1,1,1,2,1D-1I-1C-2S,2,0.6667,0.4817,0.5217,0.7333,0.6667,70.81
Dragon Ranger Gaming,Corrode,2025,clove|cypher|gekko|omen|yoru,"['clove', 'cypher', 'gekko', 'omen', 'yoru']",2,1,3,0.6666666666666666,3,1.0,0.4362,0.4362,1,1,2,1,1D-1I-2C-1S,3,1.0,0.4817,0.5294,1.0,1.0,56.86
Dragon Ranger Gaming,Fracture,2025,breach|brimstone|cypher|fade|yoru,"['breach', 'brimstone', 'cypher', 'fade', 'yoru']",1,2,3,0.3333333333333333,4,0.75,0.4362,0.3272,1,2,1,1,1D-2I-1C-1S,4,1.0,0.4817,0.5,0.85,0.75,43.34
Dragon Ranger Gaming,Fracture,2025,breach|brimstone|raze|tejo|vyse,"['breach', 'brimstone', 'raze', 'tejo', 'vyse']",1,0,1,1.0,4,0.25,0.2181,0.0545,1,2,1,1,1D-2I-1C-1S,4,1.0,0.4817,0.5,0.55,0.25,48.75
Dragon Ranger Gaming,Haven,2025,breach|cypher|jett|omen|sova,"['breach', 'cypher', 'jett', 'omen', 'sova']",2,2,4,0.5,10,0.4,0.5064,0.2026,1,2,1,1,1D-2I-1C-1S,4,0.4,0.4817,0.5769,0.76,0.4,51.74
Dragon Ranger Gaming,Haven,2025,breach|cypher|neon|omen|yoru,"['breach', 'cypher', 'neon', 'omen', 'yoru']",0,2,2,0.0,10,0.2,0.3457,0.0691,2,1,1,1,2D-1I-1C-1S,6,0.6,0.4817,0.5769,0.68,0.2,50.55
Dragon Ranger Gaming,Haven,2025,cypher|iso|omen|sova|yoru,"['cypher', 'iso', 'omen', 'sova', 'yoru']",3,1,4,0.75,10,0.4,0.5064,0.2026,2,1,1,1,2D-1I-1C-1S,6,0.6,0.4817,0.5769,0.76,0.4,61.02
Dragon Ranger Gaming,Icebox,2025,gekko|harbor|killjoy|neon|reyna,"['gekko', 'harbor', 'killjoy', 'neon', 'reyna']",1,1,2,0.5,4,0.5,0.3457,0.1728,2,1,1,1,2D-1I-1C-1S,2,0.5,0.4817,0.4762,0.6,0.5,50.22
Dragon Ranger Gaming,Icebox,2025,jett|kayo|killjoy|omen|viper,"['jett', 'kayo', 'killjoy', 'omen', 'viper']",0,2,2,0.0,4,0.5,0.3457,0.1728,1,1,2,1,1D-1I-2C-1S,2,0.5,0.4817,0.4762,0.6,0.5,42.23
Dragon Ranger Gaming,Lotus,2025,breach|cypher|neon|omen|yoru,"['breach', 'cypher', 'neon', 'omen', 'yoru']",4,4,8,0.5,14,0.5714,0.6914,0.3951,2,1,1,1,2D-1I-1C-1S,10,0.7143,0.4817,0.5278,0.8857,0.5714,52.4
Dragon Ranger Gaming,Lotus,2025,breach|cypher|omen|tejo|yoru,"['breach', 'cypher', 'omen', 'tejo', 'yoru']",3,1,4,0.75,14,0.2857,0.5064,0.1447,1,2,1,1,1D-2I-1C-1S,4,0.2857,0.4817,0.5278,0.8286,0.2857,57.22
Dragon Ranger Gaming,Lotus,2025,breach|omen|vyse|waylay|yoru,"['breach', 'omen', 'vyse', 'waylay', 'yoru']",0,2,2,0.0,14,0.1429,0.3457,0.0494,2,1,1,1,2D-1I-1C-1S,10,0.7143,0.4817,0.5278,0.6571,0.1429,47.36
Dragon Ranger Gaming,Pearl,2025,astra|breach|fade|vyse|yoru,"['astra', 'breach', 'fade', 'vyse', 'yoru']",0,1,1,0.0,6,0.1667,0.2181,0.0364,1,2,1,1,1D-2I-1C-1S,6,1.0,0.4817,0.4211,0.5,0.1667,37.19
Dragon Ranger Gaming,Pearl,2025,astra|cypher|fade|jett|kayo,"['astra', 'cypher', 'fade', 'jett', 'kayo']",2,2,4,0.5,6,0.6667,0.5064,0.3376,1,2,1,1,1D-2I-1C-1S,6,1.0,0.4817,0.4211,0.8667,0.6667,41.84
Dragon Ranger Gaming,Pearl,2025,astra|fade|jett|kayo|killjoy,"['astra', 'fade', 'jett', 'kayo', 'killjoy']",0,1,1,0.0,6,0.1667,0.2181,0.0364,1,2,1,1,1D-2I-1C-1S,6,1.0,0.4817,0.4211,0.7667,0.1667,37.19
Dragon Ranger Gaming,Split,2025,breach|cypher|fade|omen|yoru,"['breach', 'cypher', 'fade', 'omen', 'yoru']",0,1,1,0.0,2,0.5,0.2181,0.109,1,2,1,1,1D-2I-1C-1S,2,1.0,0.4817,0.4167,0.9,0.5,38.56
Dragon Ranger Gaming,Split,2025,breach|cypher|omen|tejo|yoru,"['breach', 'cypher', 'omen', 'tejo', 'yoru']",1,0,1,1.0,2,0.5,0.2181,0.109,1,2,1,1,1D-2I-1C-1S,2,1.0,0.4817,0.4167,0.9,0.5,44.81
Dragon Ranger Gaming,Sunset,2025,clove|cypher|fade|omen|yoru,"['clove', 'cypher', 'fade', 'omen', 'yoru']",1,1,2,0.5,6,0.3333,0.3457,0.1152,1,1,2,1,1D-1I-2C-1S,2,0.3333,0.4817,0.4783,0.8667,0.3333,51.01
Dragon Ranger Gaming,Sunset,2025,cypher|fade|neon|omen|yoru,"['cypher', 'fade', 'neon', 'omen', 'yoru']",3,1,4,0.75,6,0.6667,0.5064,0.3376,2,1,1,1,2D-1I-1C-1S,4,0.6667,0.4817,0.4783,0.9333,0.6667,61.07
EDward Gaming,Abyss,2025,astra|jett|kayo|omen|sova,"['astra', 'jett', 'kayo', 'omen', 'sova']",1,0,1,1.0,3,0.3333,0.2181,0.0727,1,2,2,0,1D-2I-2C-0S,1,0.3333,0.6009,0.5714,0.6667,0.3333,75.82
EDward Gaming,Abyss,2025,astra|omen|sova|waylay|yoru,"['astra', 'omen', 'sova', 'waylay', 'yoru']",0,1,1,0.0,3,0.3333,0.2181,0.0727,2,1,2,0,2D-1I-2C-0S,1,0.3333,0.6009,0.5714,0.7333,0.3333,53.1
EDward Gaming,Abyss,2025,neon|omen|sage|sova|yoru,"['neon', 'omen', 'sage', 'sova', 'yoru']",0,1,1,0.0,3,0.3333,0.2181,0.0727,2,1,1,1,2D-1I-1C-1S,1,0.3333,0.6009,0.5714,0.6667,0.3333,41.26
EDward Gaming,Ascent,2025,cypher|jett|kayo|omen|sova,"['cypher', 'jett', 'kayo', 'omen', 'sova']",3,1,4,0.75,7,0.5714,0.5064,0.2894,1,2,1,1,1D-2I-1C-1S,5,0.7143,0.6009,0.5417,0.7429,0.5714,64.31
EDward Gaming,Ascent,2025,deadlock|omen|tejo|vyse|yoru,"['deadlock', 'omen', 'tejo', 'vyse', 'yoru']",1,1,2,0.5,7,0.2857,0.3457,0.0988,1,1,1,2,1D-1I-1C-2S,2,0.2857,0.6009,0.5417,0.4571,0.2857,54.16
EDward Gaming,Ascent,2025,jett|kayo|omen|sova|vyse,"['jett', 'kayo', 'omen', 'sova', 'vyse']",0,1,1,0.0,7,0.1429,0.2181,0.0312,1,2,1,1,1D-2I-1C-1S,5,0.7143,0.6009,0.5417,0.7143,0.4286,57.62
EDward Gaming,Bind,2025,brimstone|deadlock|fade|raze|viper,"['brimstone', 'deadlock', 'fade', 'raze', 'viper']",1,0,1,1.0,9,0.1111,0.2181,0.0242,1,1,2,1,1D-1I-2C-1S,1,0.1111,0.6009,0.55,0.5556,0.1111,61.24
EDward Gaming,Bind,2025,brimstone|fade|raze|viper|yoru,"['brimstone', 'fade', 'raze', 'viper', 'yoru']",1,0,1,1.0,9,0.1111,0.2181,0.0242,2,1,2,0,2D-1I-2C-0S,1,0.1111,0.6009,0.55,0.5778,0.2222,60.31
EDward Gaming,Bind,2025,brimstone|fade|tejo|viper|yoru,"['brimstone', 'fade', 'tejo', 'viper', 'yoru']",0,1,1,0.0,9,0.1111,0.2181,0.0242,1,2,2,0,1D-2I-2C-0S,2,0.2222,0.6009,0.55,0.5556,0.2222,53.92
EDward Gaming,Bind,2025,brimstone|kayo|raze|tejo|vyse,"['brimstone', 'kayo', 'raze', 'tejo', 'vyse']",3,2,5,0.6,9,0.5556,0.5638,0.3132,1,2,1,1,1D-2I-1C-1S,5,0.5556,0.6009,0.55,0.7556,0.5556,63.52
EDward Gaming,Bind,2025,brimstone|raze|skye|tejo|viper,"['brimstone', 'raze', 'skye', 'tejo', 'viper']",0,1,1,0.0,9,0.1111,0.2181,0.0242,1,2,2,0,1D-2I-2C-0S,2,0.2222,0.6009,0.55,0.6444,0.1111,53.92
EDward Gaming,Corrode,2025,cypher|gekko|kayo|neon|omen,"['cypher', 'gekko', 'kayo', 'neon', 'omen']",1,0,1,1.0,6,0.1667,0.2181,0.0364,1,2,1,1,1D-2I-1C-1S,1,0.1667,0.6009,0.6316,0.4667,0.1667,68.4
EDward Gaming,Corrode,2025,deadlock|fade|omen|raze|viper,"['deadlock', 'fade', 'omen', 'raze', 'viper']",1,0,1,1.0,6,0.1667,0.2181,0.0364,1,1,2,1,1D-1I-2C-1S,1,0.1667,0.6009,0.6316,0.6,0.1667,66.24
EDward Gaming,Corrode,2025,fade|neon|omen|viper|yoru,"['fade', 'neon', 'omen', 'viper', 'yoru']",2,2,4,0.5,6,0.6667,0.5064,0.3376,2,1,2,0,2D-1I-2C-0S,4,0.6667,0.6009,0.6316,0.8333,0.6667,52.8
EDward Gaming,Fracture,2025,breach|brimstone|cypher|neon|tejo,"['breach', 'brimstone', 'cypher', 'neon', 'tejo']",2,0,2,1.0,8,0.25,0.3457,0.0864,1,2,1,1,1D-2I-1C-1S,8,1.0,0.6009,0.6522,0.8,0.5,76.92
EDward Gaming,Fracture,2025,breach|brimstone|cypher|tejo|waylay,"['breach', 'brimstone', 'cypher', 'tejo', 'waylay']",1,1,2,0.5,8,0.25,0.3457,0.0864,1,2,1,1,1D-2I-1C-1S,8,1.0,0.6009,0.6522,0.7,0.25,71.04
EDward Gaming,Fracture,2025,breach|brimstone|fade|killjoy|neon,"['breach', 'brimstone', 'fade', 'killjoy', 'neon']",2,0,2,1.0,8,0.25,0.3457,0.0864,1,2,1,1,1D-2I-1C-1S,8,1.0,0.6009,0.6522,0.65,0.25,76.92
EDward Gaming,Fracture,2025,breach|brimstone|neon|tejo|vyse,"['breach', 'brimstone', 'neon', 'tejo', 'vyse']",2,0,2,1.0,8,0.25,0.3457,0.0864,1,2,1,1,1D-2I-1C-1S,8,1.0,0.6009,0.6522,0.75,0.25,76.92
EDward Gaming,Haven,2025,breach|cypher|jett|omen|sova,"['breach', 'cypher', 'jett', 'omen', 'sova']",4,0,4,1.0,10,0.4,0.5064,0.2026,1,2,1,1,1D-2I-1C-1S,7,0.7,0.6009,0.5278,0.76,0.5,66.68
EDward Gaming,Haven,2025,breach|cypher|jett|omen|tejo,"['breach', 'cypher', 'jett', 'omen', 'tejo']",0,1,1,0.0,10,0.1,0.2181,0.0218,1,2,1,1,1D-2I-1C-1S,7,0.7,0.6009,0.5278,0.68,0.3,54.18
EDward Gaming,Haven,2025,breach|cypher|omen|tejo|yoru,"['breach', 'cypher', 'omen', 'tejo', 'yoru']",1,1,2,0.5,10,0.2,0.3457,0.0691,1,2,1,1,1D-2I-1C-1S,7,0.7,0.6009,0.5278,0.66,0.3,56.88
EDward Gaming,Haven,2025,cypher|neon|omen|sova|yoru,"['cypher', 'neon', 'omen', 'sova', 'yoru']",1,1,2,0.5,10,0.2,0.3457,0.0691,2,1,1,1,2D-1I-1C-1S,2,0.2,0.6009,0.5278,0.66,0.3,49.22
EDward Gaming,Haven,2025,killjoy|neon|omen|sova|viper,"['killjoy', 'neon', 'omen', 'sova', 'viper']",1,0,1,1.0,10,0.1,0.2181,0.0218,1,1,2,1,1D-1I-2C-1S,1,0.1,0.6009,0.5278,0.44,0.1,62.74
EDward Gaming,Icebox,2025,jett|kayo|killjoy|tejo|viper,"['jett', 'kayo', 'killjoy', 'tejo', 'viper']",2,1,3,0.6666666666666666,4,0.75,0.4362,0.3272,1,2,1,1,1D-2I-1C-1S,3,0.75,0.6009,0.4615,0.9,0.75,53.79
EDward Gaming,Icebox,2025,jett|killjoy|omen|sova|viper,"['jett', 'killjoy', 'omen', 'sova', 'viper']",0,1,1,0.0,4,0.25,0.2181,0.0545,1,1,2,1,1D-1I-2C-1S,1,0.25,0.6009,0.4615,0.7,0.25,51.47
EDward Gaming,Lotus,2025,breach|clove|fade|neon|omen,"['breach', 'clove', 'fade', 'neon', 'omen']",0,2,2,0.0,14,0.1429,0.3457,0.0494,1,2,2,0,1D-2I-2C-0S,6,0.4286,0.6009,0.4872,0.6143,0.3571,65.3
EDward Gaming,Lotus,2025,breach|clove|neon|omen|sova,"['breach', 'clove', 'neon', 'omen', 'sova']",1,2,3,0.3333333333333333,14,0.2143,0.4362,0.0935,1,2,2,0,1D-2I-2C-0S,6,0.4286,0.6009,0.4872,0.5714,0.3571,55.66
EDward Gaming,Lotus,2025,breach|neon|omen|tejo|viper,"['breach', 'neon', 'omen', 'tejo', 'viper']",0,1,1,0.0,14,0.0714,0.2181,0.0156,1,2,2,0,1D-2I-2C-0S,6,0.4286,0.6009,0.4872,0.4571,0.0714,56.37
EDward Gaming,Lotus,2025,fade|neon|omen|raze|vyse,"['fade', 'neon', 'omen', 'raze', 'vyse']",0,2,2,0.0,14,0.1429,0.3457,0.0494,2,1,1,1,2D-1I-1C-1S,8,0.5714,0.6009,0.4872,0.6571,0.4286,41.69
EDward Gaming,Lotus,2025,fade|omen|raze|vyse|yoru,"['fade', 'omen', 'raze', 'vyse', 'yoru']",1,3,4,0.25,14,0.2857,0.5064,0.1447,2,1,1,1,2D-1I-1C-1S,8,0.5714,0.6009,0.4872,0.5714,0.2857,39.5
EDward Gaming,Lotus,2025,iso|neon|omen|sova|vyse,"['iso', 'neon', 'omen', 'sova', 'vyse']",1,1,2,0.5,14,0.1429,0.3457,0.0494,2,1,1,1,2D-1I-1C-1S,8,0.5714,0.6009,0.4872,0.5571,0.1429,44.14
EDward Gaming,Pearl,2025,astra|chamber|tejo|vyse|yoru,"['astra', 'chamber', 'tejo', 'vyse', 'yoru']",1,0,1,1.0,7,0.1429,0.2181,0.0312,1,1,1,2,1D-1I-1C-2S,1,0.1429,0.6009,0.5455,0.6286,0.1429,62.21
EDward Gaming,Pearl,2025,astra|cypher|kayo|neon|sova,"['astra', 'cypher', 'kayo', 'neon', 'sova']",2,0,2,1.0,7,0.2857,0.3457,0.0988,1,2,1,1,1D-2I-1C-1S,5,0.7143,0.6009,0.5455,0.4857,0.2857,72.31
EDward Gaming,Pearl,2025,astra|fade|tejo|vyse|yoru,"['astra', 'fade', 'tejo', 'vyse', 'yoru']",2,1,3,0.6666666666666666,7,0.4286,0.4362,0.187,1,2,1,1,1D-2I-1C-1S,5,0.7143,0.6009,0.5455,0.6857,0.4286,68.29
EDward Gaming,Pearl,2025,astra|neon|sova|vyse|yoru,"['astra', 'neon', 'sova', 'vyse', 'yoru']",0,1,1,0.0,7,0.1429,0.2181,0.0312,2,1,1,1,2D-1I-1C-1S,1,0.1429,0.6009,0.5455,0.6571,0.4286,40.08
EDward Gaming,Split,2025,breach|jett|omen|tejo|viper,"['breach', 'jett', 'omen', 'tejo', 'viper']",2,2,4,0.5,7,0.5714,0.5064,0.2894,1,2,2,0,1D-2I-2C-0S,5,0.7143,0.6009,0.6061,0.7143,0.5714,59.77
EDward Gaming,Split,2025,cypher|fade|iso|neon|omen,"['cypher', 'fade', 'iso', 'neon', 'omen']",1,1,2,0.5,7,0.2857,0.3457,0.0988,2,1,1,1,2D-1I-1C-1S,2,0.2857,0.6009,0.6061,0.4286,0.2857,48.83
EDward Gaming,Split,2025,omen|raze|skye|tejo|viper,"['omen', 'raze', 'skye', 'tejo', 'viper']",1,0,1,1.0,7,0.1429,0.2181,0.0312,1,2,2,0,1D-2I-2C-0S,5,0.7143,0.6009,0.6061,0.5429,0.1429,64.73
EDward Gaming,Sunset,2025,breach|cypher|fade|neon|omen,"['breach', 'cypher', 'fade', 'neon', 'omen']",1,1,2,0.5,5,0.4,0.3457,0.1383,1,2,1,1,1D-2I-1C-1S,5,1.0,0.6009,0.6452,0.88,0.4,66.91
EDward Gaming,Sunset,2025,breach|cypher|neon|omen|sova,"['breach', 'cypher', 'neon', 'omen', 'sova']",2,1,3,0.6666666666666666,5,0.6,0.4362,0.2617,1,2,1,1,1D-2I-1C-1S,5,1.0,0.6009,0.6452,0.92,0.6,68.75
Evil Geniuses,Abyss,2025,astra|jett|omen|sova|vyse,"['astra', 'jett', 'omen', 'sova', 'vyse']",1,1,2,0.5,2,1.0,0.3457,0.3457,1,1,2,1,1D-1I-2C-1S,2,1.0,0.4257,0.5333,1.0,1.0,42.89
Evil Geniuses,Ascent,2025,cypher|jett|kayo|omen|sova,"['cypher', 'jett', 'kayo', 'omen', 'sova']",2,1,3,0.6666666666666666,3,1.0,0.4362,0.4362,1,2,1,1,1D-2I-1C-1S,3,1.0,0.4257,0.5625,1.0,1.0,56.94
Evil Geniuses,Bind,2025,brimstone|fade|gekko|raze|viper,"['brimstone', 'fade', 'gekko', 'raze', 'viper']",0,1,1,0.0,1,1.0,0.2181,0.2181,1,2,2,0,1D-2I-2C-0S,1,1.0,0.4257,0.4211,1.0,1.0,51.27
Evil Geniuses,Corrode,2025,chamber|neon|omen|sova|viper,"['chamber', 'neon', 'omen', 'sova', 'viper']",2,2,4,0.5,4,1.0,0.5064,0.5064,1,1,2,1,1D-1I-2C-1S,4,1.0,0.4257,0.5,1.0,1.0,44.55
Evil Geniuses,Fracture,2025,breach|brimstone|cypher|raze|tejo,"['breach', 'brimstone', 'cypher', 'raze', 'tejo']",1,0,1,1.0,3,0.3333,0.2181,0.0727,1,2,1,1,1D-2I-1C-1S,3,1.0,0.4257,0.5,0.8667,0.3333,52.77
Evil Geniuses,Fracture,2025,breach|brimstone|killjoy|raze|tejo,"['breach', 'brimstone', 'killjoy', 'raze', 'tejo']",1,1,2,0.5,3,0.6667,0.3457,0.2305,1,2,1,1,1D-2I-1C-1S,3,1.0,0.4257,0.5,0.9333,0.6667,49.67
Evil Geniuses,Haven,2025,breach|cypher|jett|omen|sova,"['breach', 'cypher', 'jett', 'omen', 'sova']",0,2,2,0.0,5,0.4,0.3457,0.1383,1,2,1,1,1D-2I-1C-1S,5,1.0,0.4257,0.4286,0.88,0.4,34.98
Evil Geniuses,Haven,2025,breach|cypher|omen|sova|waylay,"['breach', 'cypher', 'omen', 'sova', 'waylay']",1,2,3,0.3333333333333333,5,0.6,0.4362,0.2617,1,2,1,1,1D-2I-1C-1S,5,1.0,0.4257,0.4286,0.92,0.6,38.6
Evil Geniuses,Icebox,2025,jett|kayo|killjoy|sova|viper,"['jett', 'kayo', 'killjoy', 'sova', 'viper']",2,0,2,1.0,2,1.0,0.3457,0.3457,1,2,1,1,1D-2I-1C-1S,2,1.0,0.4257,0.5294,1.0,1.0,62.85
Evil Geniuses,Lotus,2025,chamber|clove|fade|raze|viper,"['chamber', 'clove', 'fade', 'raze', 'viper']",1,0,1,1.0,8,0.125,0.2181,0.0273,1,1,2,1,1D-1I-2C-1S,1,0.125,0.4257,0.4138,0.825,0.125,37.67
Evil Geniuses,Lotus,2025,clove|fade|raze|tejo|viper,"['clove', 'fade', 'raze', 'tejo', 'viper']",4,3,7,0.5714285714285714,8,0.875,0.6543,0.5725,1,2,2,0,1D-2I-2C-0S,7,0.875,0.4257,0.4138,0.975,0.875,55.09
Evil Geniuses,Pearl,2025,astra|jett|phoenix|sova|vyse,"['astra', 'jett', 'phoenix', 'sova', 'vyse']",0,1,1,0.0,5,0.2,0.2181,0.0436,2,1,1,1,2D-1I-1C-1S,5,1.0,0.4257,0.4211,0.68,0.2,36.11
Evil Geniuses,Pearl,2025,astra|jett|tejo|vyse|yoru,"['astra', 'jett', 'tejo', 'vyse', 'yoru']",2,2,4,0.5,5,0.8,0.5064,0.4051,2,1,1,1,2D-1I-1C-1S,5,1.0,0.4257,0.4211,0.92,0.8,40.93
Evil Geniuses,Split,2025,astra|breach|raze|tejo|viper,"['astra', 'breach', 'raze', 'tejo', 'viper']",1,1,2,0.5,4,0.5,0.3457,0.1728,1,2,2,0,1D-2I-2C-0S,2,0.5,0.4257,0.4,0.7,0.5,51.49
Evil Geniuses,Split,2025,chamber|omen|raze|skye|viper,"['chamber', 'omen', 'raze', 'skye', 'viper']",0,2,2,0.0,4,0.5,0.3457,0.1728,1,1,2,1,1D-1I-2C-1S,2,0.5,0.4257,0.4,0.7,0.5,27.38
Evil Geniuses,Sunset,2025,cypher|jett|kayo|omen|sova,"['cypher', 'jett', 'kayo', 'omen', 'sova']",0,1,1,0.0,1,1.0,0.2181,0.2181,1,2,1,1,1D-2I-1C-1S,1,1.0,0.4257,0.5,1.0,1.0,46.6
FNATIC,Abyss,2025,astra|breach|cypher|sova|waylay,"['astra', 'breach', 'cypher', 'sova', 'waylay']",3,1,4,0.75,7,0.5714,0.5064,0.2894,1,2,1,1,1D-2I-1C-1S,4,0.5714,0.5953,0.5217,0.8,0.5714,66.21
FNATIC,Abyss,2025,astra|breach|jett|sova|yoru,"['astra', 'breach', 'jett', 'sova', 'yoru']",1,1,2,0.5,7,0.2857,0.3457,0.0988,2,2,1,0,2D-2I-1C-0S,2,0.2857,0.5953,0.5217,0.7143,0.2857,44.71
FNATIC,Abyss,2025,astra|omen|sova|tejo|yoru,"['astra', 'omen', 'sova', 'tejo', 'yoru']",0,1,1,0.0,7,0.1429,0.2181,0.0312,1,2,2,0,1D-2I-2C-0S,1,0.1429,0.5953,0.5217,0.5429,0.1429,50.15
FNATIC,Ascent,2025,chamber|omen|sova|vyse|yoru,"['chamber', 'omen', 'sova', 'vyse', 'yoru']",4,3,7,0.5714285714285714,12,0.5833,0.6543,0.3817,1,1,1,2,1D-1I-1C-2S,11,0.9167,0.5953,0.4828,0.9167,0.5833,58.71
FNATIC,Ascent,2025,omen|sage|sova|vyse|yoru,"['omen', 'sage', 'sova', 'vyse', 'yoru']",2,2,4,0.5,12,0.3333,0.5064,0.1688,1,1,1,2,1D-1I-1C-2S,11,0.9167,0.5953,0.4828,0.8667,0.3333,57.46
FNATIC,Ascent,2025,omen|sova|tejo|vyse|yoru,"['omen', 'sova', 'tejo', 'vyse', 'yoru']",0,1,1,0.0,12,0.0833,0.2181,0.0182,1,2,1,1,1D-2I-1C-1S,1,0.0833,0.5953,0.4828,0.8167,0.0833,43.92
FNATIC,Bind,2025,astra|fade|raze|tejo|viper,"['astra', 'fade', 'raze', 'tejo', 'viper']",3,1,4,0.75,8,0.5,0.5064,0.2532,1,2,2,0,1D-2I-2C-0S,8,1.0,0.5953,0.5833,0.9,0.5,65.48
FNATIC,Bind,2025,astra|fade|tejo|viper|yoru,"['astra', 'fade', 'tejo', 'viper', 'yoru']",2,2,4,0.5,8,0.5,0.5064,0.2532,1,2,2,0,1D-2I-2C-0S,8,1.0,0.5953,0.5833,0.9,0.5,60.22
FNATIC,Corrode,2025,astra|fade|viper|vyse|yoru,"['astra', 'fade', 'viper', 'vyse', 'yoru']",3,1,4,0.75,4,1.0,0.5064,0.5064,1,1,2,1,1D-1I-2C-1S,4,1.0,0.5953,0.5556,1.0,1.0,62.66
FNATIC,Fracture,2025,breach|brimstone|chamber|raze|sova,"['breach', 'brimstone', 'chamber', 'raze', 'sova']",2,2,4,0.5,8,0.5,0.5064,0.2532,1,2,1,1,1D-2I-1C-1S,8,1.0,0.5953,0.65,0.7,0.5,60.95
FNATIC,Fracture,2025,breach|brimstone|cypher|neon|tejo,"['breach', 'brimstone', 'cypher', 'neon', 'tejo']",4,0,4,1.0,8,0.5,0.5064,0.2532,1,2,1,1,1D-2I-1C-1S,8,1.0,0.5953,0.65,0.7,0.5,71.47
FNATIC,Haven,2025,cypher|iso|omen|sova|yoru,"['cypher', 'iso', 'omen', 'sova', 'yoru']",4,3,7,0.5714285714285714,13,0.5385,0.6543,0.3523,2,1,1,1,2D-1I-1C-1S,7,0.5385,0.5953,0.6,0.7846,0.5385,72.32
FNATIC,Haven,2025,killjoy|neon|omen|sova|viper,"['killjoy', 'neon', 'omen', 'sova', 'viper']",0,2,2,0.0,13,0.1538,0.3457,0.0532,1,1,2,1,1D-1I-2C-1S,6,0.4615,0.5953,0.6,0.6154,0.1538,45.64
FNATIC,Haven,2025,killjoy|omen|sova|viper|yoru,"['killjoy', 'omen', 'sova', 'viper', 'yoru']",4,0,4,1.0,13,0.3077,0.5064,0.1558,1,1,2,1,1D-1I-2C-1S,6,0.4615,0.5953,0.6,0.7538,0.4615,56.0
FNATIC,Icebox,2025,gekko|killjoy|sage|tejo|viper,"['gekko', 'killjoy', 'sage', 'tejo', 'viper']",2,1,3,0.6666666666666666,8,0.375,0.4362,0.1636,0,2,1,2,0D-2I-1C-2S,3,0.375,0.5953,0.56,0.75,0.375,51.71
FNATIC,Icebox,2025,jett|killjoy|sage|sova|viper,"['jett', 'killjoy', 'sage', 'sova', 'viper']",5,0,5,1.0,8,0.625,0.5638,0.3524,1,1,1,2,1D-1I-1C-2S,5,0.625,0.5953,0.56,0.85,0.625,69.85
FNATIC,Lotus,2025,fade|killjoy|omen|raze|viper,"['fade', 'killjoy', 'omen', 'raze', 'viper']",9,6,15,0.6,15,1.0,0.8724,0.8724,1,1,2,1,1D-1I-2C-1S,15,1.0,0.5953,0.5918,1.0,1.0,60.73
FNATIC,Pearl,2025,astra|killjoy|neon|sova|yoru,"['astra', 'killjoy', 'neon', 'sova', 'yoru']",0,1,1,0.0,2,0.5,0.2181,0.109,2,1,1,1,2D-1I-1C-1S,1,0.5,0.5953,0.5,0.9,0.5,50.71
FNATIC,Pearl,2025,astra|killjoy|sova|tejo|yoru,"['astra', 'killjoy', 'sova', 'tejo', 'yoru']",1,0,1,1.0,2,0.5,0.2181,0.109,1,2,1,1,1D-2I-1C-1S,1,0.5,0.5953,0.5,0.9,0.5,61.62
FNATIC,Split,2025,astra|fade|raze|viper|yoru,"['astra', 'fade', 'raze', 'viper', 'yoru']",8,1,9,0.8888888888888888,10,0.9,0.7245,0.652,2,1,2,0,2D-1I-2C-0S,9,0.9,0.5953,0.6875,0.94,0.9,81.45
FNATIC,Split,2025,breach|cypher|omen|raze|yoru,"['breach', 'cypher', 'omen', 'raze', 'yoru']",0,1,1,0.0,10,0.1,0.2181,0.0218,2,1,1,1,2D-1I-1C-1S,1,0.1,0.5953,0.6875,0.46,0.1,63.47
FNATIC,Sunset,2025,breach|fade|neon|omen|vyse,"['breach', 'fade', 'neon', 'omen', 'vyse']",0,1,1,0.0,6,0.1667,0.2181,0.0364,1,2,1,1,1D-2I-1C-1S,1,0.1667,0.5953,0.3636,0.5333,0.1667,46.85
FNATIC,Sunset,2025,cypher|fade|neon|omen|yoru,"['cypher', 'fade', 'neon', 'omen', 'yoru']",0,1,1,0.0,6,0.1667,0.2181,0.0364,2,1,1,1,2D-1I-1C-1S,2,0.3333,0.5953,0.3636,0.7,0.3333,46.48
FNATIC,Sunset,2025,cypher|neon|omen|sova|viper,"['cypher', 'neon', 'omen', 'sova', 'viper']",0,3,3,0.0,6,0.5,0.4362,0.2181,1,1,2,1,1D-1I-2C-1S,3,0.5,0.5953,0.3636,0.8,0.5,34.05
FNATIC,Sunset,2025,cypher|neon|omen|sova|yoru,"['cypher', 'neon', 'omen', 'sova', 'yoru']",0,1,1,0.0,6,0.1667,0.2181,0.0364,2,1,1,1,2D-1I-1C-1S,2,0.3333,0.5953,0.3636,0.7667,0.3333,46.48
FURIA,Abyss,2025,cypher|jett|kayo|omen|sova,"['cypher', 'jett', 'kayo', 'omen', 'sova']",0,1,1,0.0,1,1.0,0.2181,0.2181,1,2,1,1,1D-2I-1C-1S,1,1.0,0.3592,0.5333,1.0,1.0,26.25
FURIA,Ascent,2025,chamber|omen|sova|vyse|yoru,"['chamber', 'omen', 'sova', 'vyse', 'yoru']",0,2,2,0.0,6,0.3333,0.3457,0.1152,1,1,1,2,1D-1I-1C-2S,3,0.5,0.3592,0.3889,0.8,0.3333,31.06
FURIA,Ascent,2025,cypher|deadlock|omen|sova|yoru,"['cypher', 'deadlock', 'omen', 'sova', 'yoru']",0,1,1,0.0,6,0.1667,0.2181,0.0364,1,1,1,2,1D-1I-1C-2S,3,0.5,0.3592,0.3889,0.6333,0.1667,33.0
FURIA,Ascent,2025,jett|kayo|omen|sova|vyse,"['jett', 'kayo', 'omen', 'sova', 'vyse']",1,0,1,1.0,6,0.1667,0.2181,0.0364,1,2,1,1,1D-2I-1C-1S,3,0.5,0.3592,0.3889,0.6667,0.1667,38.0
FURIA,Ascent,2025,kayo|omen|sova|vyse|yoru,"['kayo', 'omen', 'sova', 'vyse', 'yoru']",0,1,1,0.0,6,0.1667,0.2181,0.0364,1,2,1,1,1D-2I-1C-1S,3,0.5,0.3592,0.3889,0.8,0.3333,31.75
FURIA,Ascent,2025,omen|sova|tejo|vyse|yoru,"['omen', 'sova', 'tejo', 'vyse', 'yoru']",0,1,1,0.0,6,0.1667,0.2181,0.0364,1,2,1,1,1D-2I-1C-1S,3,0.5,0.3592,0.3889,0.7667,0.1667,31.75
FURIA,Bind,2025,brimstone|deadlock|raze|skye|viper,"['brimstone', 'deadlock', 'raze', 'skye', 'viper']",0,1,1,0.0,1,1.0,0.2181,0.2181,1,1,2,1,1D-1I-2C-1S,1,1.0,0.3592,0.375,1.0,1.0,28.02
FURIA,Corrode,2025,fade|neon|omen|sage|viper,"['fade', 'neon', 'omen', 'sage', 'viper']",1,2,3,0.3333333333333333,3,1.0,0.4362,0.4362,1,1,2,1,1D-1I-2C-1S,3,1.0,0.3592,0.4615,1.0,1.0,34.95
FURIA,Fracture,2025,breach|brimstone|cypher|raze|sage,"['breach', 'brimstone', 'cypher', 'raze', 'sage']",0,1,1,0.0,2,0.5,0.2181,0.109,1,1,1,2,1D-1I-1C-2S,1,0.5,0.3592,0.4167,0.9,0.5,39.0
FURIA,Fracture,2025,breach|brimstone|cypher|raze|tejo,"['breach', 'brimstone', 'cypher', 'raze', 'tejo']",0,1,1,0.0,2,0.5,0.2181,0.109,1,2,1,1,1D-2I-1C-1S,1,0.5,0.3592,0.4167,0.9,0.5,26.25
FURIA,Haven,2025,breach|clove|cypher|jett|tejo,"['breach', 'clove', 'cypher', 'jett', 'tejo']",1,0,1,1.0,3,0.3333,0.2181,0.0727,1,2,1,1,1D-2I-1C-1S,2,0.6667,0.3592,0.4348,0.5333,0.3333,40.27
FURIA,Haven,2025,breach|cypher|jett|omen|sova,"['breach', 'cypher', 'jett', 'omen', 'sova']",0,1,1,0.0,3,0.3333,0.2181,0.0727,1,2,1,1,1D-2I-1C-1S,2,0.6667,0.3592,0.4348,0.6667,0.6667,34.02
FURIA,Haven,2025,killjoy|neon|omen|sova|viper,"['killjoy', 'neon', 'omen', 'sova', 'viper']",0,1,1,0.0,3,0.3333,0.2181,0.0727,1,1,2,1,1D-1I-2C-1S,1,0.3333,0.3592,0.4348,0.4667,0.3333,37.93
FURIA,Icebox,2025,jett|kayo|killjoy|tejo|viper,"['jett', 'kayo', 'killjoy', 'tejo', 'viper']",0,1,1,0.0,2,0.5,0.2181,0.109,1,2,1,1,1D-2I-1C-1S,1,0.5,0.3592,0.4737,0.7,0.5,24.06
FURIA,Icebox,2025,killjoy|omen|sova|viper|waylay,"['killjoy', 'omen', 'sova', 'viper', 'waylay']",0,1,1,0.0,2,0.5,0.2181,0.109,1,1,2,1,1D-1I-2C-1S,1,0.5,0.3592,0.4737,0.7,0.5,30.56
FURIA,Lotus,2025,breach|clove|fade|neon|omen,"['breach', 'clove', 'fade', 'neon', 'omen']",1,2,3,0.3333333333333333,4,0.75,0.4362,0.3272,1,2,2,0,1D-2I-2C-0S,3,0.75,0.3592,0.381,0.85,0.75,45.56
FURIA,Lotus,2025,breach|omen|raze|tejo|vyse,"['breach', 'omen', 'raze', 'tejo', 'vyse']",1,0,1,1.0,4,0.25,0.2181,0.0545,1,2,1,1,1D-2I-1C-1S,1,0.25,0.3592,0.381,0.55,0.25,38.12
FURIA,Pearl,2025,astra|cypher|kayo|neon|sova,"['astra', 'cypher', 'kayo', 'neon', 'sova']",0,1,1,0.0,3,0.3333,0.2181,0.0727,1,2,1,1,1D-2I-1C-1S,3,1.0,0.3592,0.4444,0.5333,0.3333,20.62
FURIA,Pearl,2025,astra|fade|tejo|vyse|yoru,"['astra', 'fade', 'tejo', 'vyse', 'yoru']",0,1,1,0.0,3,0.3333,0.2181,0.0727,1,2,1,1,1D-2I-1C-1S,3,1.0,0.3592,0.4444,0.6,0.3333,20.62
FURIA,Pearl,2025,astra|jett|kayo|tejo|vyse,"['astra', 'jett', 'kayo', 'tejo', 'vyse']",0,1,1,0.0,3,0.3333,0.2181,0.0727,1,2,1,1,1D-2I-1C-1S,3,1.0,0.3592,0.4444,0.6667,0.3333,20.62
FURIA,Split,2025,breach|omen|tejo|viper|yoru,"['breach', 'omen', 'tejo', 'viper', 'yoru']",0,1,1,0.0,2,0.5,0.2181,0.109,1,2,2,0,1D-2I-2C-0S,1,0.5,0.3592,0.4545,0.7,0.5,44.67
FURIA,Split,2025,omen|raze|sage|skye|viper,"['omen', 'raze', 'sage', 'skye', 'viper']",0,1,1,0.0,2,0.5,0.2181,0.109,1,1,2,1,1D-1I-2C-1S,1,0.5,0.3592,0.4545,0.7,0.5,37.41
FURIA,Sunset,2025,breach|cypher|neon|omen|sova,"['breach', 'cypher', 'neon', 'omen', 'sova']",0,1,1,0.0,2,0.5,0.2181,0.109,1,2,1,1,1D-2I-1C-1S,1,0.5,0.3592,0.4286,0.8,0.5,29.42
FURIA,Sunset,2025,neon|omen|sage|sova|viper,"['neon', 'omen', 'sage', 'sova', 'viper']",0,1,1,0.0,2,0.5,0.2181,0.109,1,1,2,1,1D-1I-2C-1S,1,0.5,0.3592,0.4286,0.8,0.5,30.56
FUT Esports,Abyss,2025,astra|fade|sova|vyse|yoru,"['astra', 'fade', 'sova', 'vyse', 'yoru']",1,1,2,0.5,2,1.0,0.3457,0.3457,1,2,1,1,1D-2I-1C-1S,2,1.0,0.4685,0.4,1.0,1.0,42.6
FUT Esports,Ascent,2025,jett|kayo|killjoy|omen|sova,"['jett', 'kayo', 'killjoy', 'omen', 'sova']",1,1,2,0.5,4,0.5,0.3457,0.1728,1,2,1,1,1D-2I-1C-1S,4,1.0,0.4685,0.5714,0.9,0.75,62.8
FUT Esports,Ascent,2025,jett|kayo|omen|sova|vyse,"['jett', 'kayo', 'omen', 'sova', 'vyse']",0,1,1,0.0,4,0.25,0.2181,0.0545,1,2,1,1,1D-2I-1C-1S,4,1.0,0.4685,0.5714,0.8,0.25,51.17
FUT Esports,Ascent,2025,kayo|killjoy|omen|sova|yoru,"['kayo', 'killjoy', 'omen', 'sova', 'yoru']",0,1,1,0.0,4,0.25,0.2181,0.0545,1,2,1,1,1D-2I-1C-1S,4,1.0,0.4685,0.5714,0.8,0.25,51.17
FUT Esports,Bind,2025,brimstone|kayo|raze|tejo|viper,"['brimstone', 'kayo', 'raze', 'tejo', 'viper']",0,1,1,0.0,5,0.2,0.2181,0.0436,1,2,2,0,1D-2I-2C-0S,4,0.8,0.4685,0.4828,0.68,0.2,36.28
FUT Esports,Bind,2025,cypher|kayo|omen|raze|viper,"['cypher', 'kayo', 'omen', 'raze', 'viper']",1,0,1,1.0,5,0.2,0.2181,0.0436,1,1,2,1,1D-1I-2C-1S,1,0.2,0.4685,0.4828,0.8,0.2,59.2
FUT Esports,Bind,2025,fade|kayo|omen|raze|viper,"['fade', 'kayo', 'omen', 'raze', 'viper']",1,2,3,0.3333333333333333,5,0.6,0.4362,0.2617,1,2,2,0,1D-2I-2C-0S,4,0.8,0.4685,0.4828,0.88,0.6,37.81
FUT Esports,Fracture,2025,astra|breach|cypher|kayo|neon,"['astra', 'breach', 'cypher', 'kayo', 'neon']",1,0,1,1.0,4,0.25,0.2181,0.0545,1,2,1,1,1D-2I-1C-1S,4,1.0,0.4685,0.6,0.85,0.5,65.35
FUT Esports,Fracture,2025,astra|breach|cypher|kayo|raze,"['astra', 'breach', 'cypher', 'kayo', 'raze']",1,0,1,1.0,4,0.25,0.2181,0.0545,1,2,1,1,1D-2I-1C-1S,4,1.0,0.4685,0.6,0.75,0.25,65.35
FUT Esports,Fracture,2025,breach|brimstone|cypher|kayo|neon,"['breach', 'brimstone', 'cypher', 'kayo', 'neon']",2,0,2,1.0,4,0.5,0.3457,0.1728,1,2,1,1,1D-2I-1C-1S,4,1.0,0.4685,0.6,0.85,0.5,67.39
FUT Esports,Haven,2025,breach|cypher|kayo|omen|yoru,"['breach', 'cypher', 'kayo', 'omen', 'yoru']",0,1,1,0.0,5,0.2,0.2181,0.0436,1,2,1,1,1D-2I-1C-1S,4,0.8,0.4685,0.4762,0.64,0.2,39.01
FUT Esports,Haven,2025,breach|cypher|neon|omen|sova,"['breach', 'cypher', 'neon', 'omen', 'sova']",1,2,3,0.3333333333333333,5,0.6,0.4362,0.2617,1,2,1,1,1D-2I-1C-1S,4,0.8,0.4685,0.4762,0.88,0.8,40.23
FUT Esports,Haven,2025,chamber|cypher|neon|omen|sova,"['chamber', 'cypher', 'neon', 'omen', 'sova']",1,0,1,1.0,5,0.2,0.2181,0.0436,1,1,1,2,1D-1I-1C-2S,1,0.2,0.4685,0.4762,0.76,0.2,48.86
FUT Esports,Icebox,2025,deadlock|kayo|tejo|viper|waylay,"['deadlock', 'kayo', 'tejo', 'viper', 'waylay']",0,1,1,0.0,2,0.5,0.2181,0.109,1,2,1,1,1D-2I-1C-1S,1,0.5,0.4685,0.45,0.8,0.5,43.55
FUT Esports,Icebox,2025,jett|kayo|sova|tejo|viper,"['jett', 'kayo', 'sova', 'tejo', 'viper']",0,1,1,0.0,2,0.5,0.2181,0.109,1,3,1,0,1D-3I-1C-0S,1,0.5,0.4685,0.45,0.8,0.5,33.91
FUT Esports,Lotus,2025,breach|cypher|fade|jett|omen,"['breach', 'cypher', 'fade', 'jett', 'omen']",2,1,3,0.6666666666666666,7,0.4286,0.4362,0.187,1,2,1,1,1D-2I-1C-1S,5,0.7143,0.4685,0.5,0.8286,0.4286,49.47
FUT Esports,Lotus,2025,breach|cypher|fade|omen|waylay,"['breach', 'cypher', 'fade', 'omen', 'waylay']",1,1,2,0.5,7,0.2857,0.3457,0.0988,1,2,1,1,1D-2I-1C-1S,5,0.7143,0.4685,0.5,0.8,0.2857,46.5
FUT Esports,Lotus,2025,cypher|fade|omen|raze|yoru,"['cypher', 'fade', 'omen', 'raze', 'yoru']",1,1,2,0.5,7,0.2857,0.3457,0.0988,2,1,1,1,2D-1I-1C-1S,2,0.2857,0.4685,0.5,0.7143,0.2857,49.05
FUT Esports,Pearl,2025,astra|cypher|fade|tejo|yoru,"['astra', 'cypher', 'fade', 'tejo', 'yoru']",2,1,3,0.6666666666666666,3,1.0,0.4362,0.4362,1,2,1,1,1D-2I-1C-1S,3,1.0,0.4685,0.4118,1.0,1.0,51.74
FUT Esports,Split,2025,astra|breach|cypher|fade|raze,"['astra', 'breach', 'cypher', 'fade', 'raze']",0,1,1,0.0,5,0.2,0.2181,0.0436,1,2,1,1,1D-2I-1C-1S,1,0.2,0.4685,0.4688,0.36,0.2,48.91
FUT Esports,Split,2025,chamber|omen|raze|skye|viper,"['chamber', 'omen', 'raze', 'skye', 'viper']",0,1,1,0.0,5,0.2,0.2181,0.0436,1,1,2,1,1D-1I-2C-1S,1,0.2,0.4685,0.4688,0.48,0.2,46.57
FUT Esports,Split,2025,fade|omen|tejo|viper|yoru,"['fade', 'omen', 'tejo', 'viper', 'yoru']",1,2,3,0.3333333333333333,5,0.6,0.4362,0.2617,1,2,2,0,1D-2I-2C-0S,3,0.6,0.4685,0.4688,0.72,0.6,39.45
FUT Esports,Sunset,2025,cypher|fade|kayo|omen|raze,"['cypher', 'fade', 'kayo', 'omen', 'raze']",1,2,3,0.3333333333333333,3,1.0,0.4362,0.4362,1,2,1,1,1D-2I-1C-1S,3,1.0,0.4685,0.4231,1.0,1.0,41.16
FunPlus Phoenix,Abyss,2025,astra|gekko|omen|viper|yoru,"['astra', 'gekko', 'omen', 'viper', 'yoru']",0,2,2,0.0,2,1.0,0.3457,0.3457,1,1,3,0,1D-1I-3C-0S,2,1.0,0.4681,0.4667,1.0,1.0,37.61
FunPlus Phoenix,Ascent,2025,jett|kayo|omen|tejo|vyse,"['jett', 'kayo', 'omen', 'tejo', 'vyse']",0,1,1,0.0,3,0.3333,0.2181,0.0727,1,2,1,1,1D-2I-1C-1S,1,0.3333,0.4681,0.5,0.4667,0.3333,34.02
FunPlus Phoenix,Ascent,2025,killjoy|omen|phoenix|sova|waylay,"['killjoy', 'omen', 'phoenix', 'sova', 'waylay']",1,1,2,0.5,3,0.6667,0.3457,0.2305,2,1,1,1,2D-1I-1C-1S,2,0.6667,0.4681,0.5,0.7333,0.6667,50.49
FunPlus Phoenix,Bind,2025,astra|clove|raze|sova|yoru,"['astra', 'clove', 'raze', 'sova', 'yoru']",0,1,1,0.0,3,0.3333,0.2181,0.0727,2,1,2,0,2D-1I-2C-0S,1,0.3333,0.4681,0.4167,0.4667,0.3333,22.13
FunPlus Phoenix,Bind,2025,brimstone|deadlock|raze|skye|vyse,"['brimstone', 'deadlock', 'raze', 'skye', 'vyse']",1,1,2,0.5,3,0.6667,0.3457,0.2305,1,1,1,2,1D-1I-1C-2S,2,0.6667,0.4681,0.4167,0.7333,0.6667,54.16
FunPlus Phoenix,Corrode,2025,chamber|fade|omen|raze|vyse,"['chamber', 'fade', 'omen', 'raze', 'vyse']",1,0,1,1.0,1,1.0,0.2181,0.2181,1,1,1,2,1D-1I-1C-2S,1,1.0,0.4681,0.5455,1.0,1.0,62.21
FunPlus Phoenix,Fracture,2025,astra|fade|phoenix|viper|vyse,"['astra', 'fade', 'phoenix', 'viper', 'vyse']",1,0,1,1.0,2,0.5,0.2181,0.109,1,1,2,1,1D-1I-2C-1S,1,0.5,0.4681,0.5,0.6,0.5,62.92
FunPlus Phoenix,Fracture,2025,breach|brimstone|neon|tejo|vyse,"['breach', 'brimstone', 'neon', 'tejo', 'vyse']",0,1,1,0.0,2,0.5,0.2181,0.109,1,2,1,1,1D-2I-1C-1S,1,0.5,0.4681,0.5,0.6,0.5,34.02
FunPlus Phoenix,Haven,2025,breach|cypher|omen|sova|waylay,"['breach', 'cypher', 'omen', 'sova', 'waylay']",0,1,1,0.0,8,0.125,0.2181,0.0273,1,2,1,1,1D-2I-1C-1S,1,0.125,0.4681,0.4444,0.375,0.125,36.42
FunPlus Phoenix,Haven,2025,clove|jett|kayo|omen|tejo,"['clove', 'jett', 'kayo', 'omen', 'tejo']",0,1,1,0.0,8,0.125,0.2181,0.0273,1,2,2,0,1D-2I-2C-0S,1,0.125,0.4681,0.4444,0.375,0.125,38.76
FunPlus Phoenix,Haven,2025,killjoy|neon|omen|sova|viper,"['killjoy', 'neon', 'omen', 'sova', 'viper']",1,0,1,1.0,8,0.125,0.2181,0.0273,1,1,2,1,1D-1I-2C-1S,6,0.75,0.4681,0.4444,0.625,0.125,50.23
FunPlus Phoenix,Haven,2025,neon|omen|sova|viper|vyse,"['neon', 'omen', 'sova', 'viper', 'vyse']",1,1,2,0.5,8,0.25,0.3457,0.0864,1,1,2,1,1D-1I-2C-1S,6,0.75,0.4681,0.4444,0.725,0.5,53.18
FunPlus Phoenix,Haven,2025,neon|omen|tejo|viper|vyse,"['neon', 'omen', 'tejo', 'viper', 'vyse']",2,1,3,0.6666666666666666,8,0.375,0.4362,0.1636,1,1,2,1,1D-1I-2C-1S,6,0.75,0.4681,0.4444,0.725,0.5,55.78
FunPlus Phoenix,Icebox,2025,gekko|jett|tejo|viper|vyse,"['gekko', 'jett', 'tejo', 'viper', 'vyse']",1,2,3,0.3333333333333333,5,0.6,0.4362,0.2617,1,2,1,1,1D-2I-1C-1S,3,0.6,0.4681,0.4615,0.76,0.6,37.56
FunPlus Phoenix,Icebox,2025,jett|killjoy|omen|sova|viper,"['jett', 'killjoy', 'omen', 'sova', 'viper']",0,2,2,0.0,5,0.4,0.3457,0.1383,1,1,2,1,1D-1I-2C-1S,2,0.4,0.4681,0.4615,0.64,0.4,45.0
FunPlus Phoenix,Lotus,2025,astra|fade|raze|viper|yoru,"['astra', 'fade', 'raze', 'viper', 'yoru']",0,1,1,0.0,1,1.0,0.2181,0.2181,2,1,2,0,2D-1I-2C-0S,1,1.0,0.4681,0.5,1.0,1.0,25.54
FunPlus Phoenix,Pearl,2025,astra|cypher|fade|phoenix|viper,"['astra', 'cypher', 'fade', 'phoenix', 'viper']",2,0,2,1.0,3,0.6667,0.3457,0.2305,1,1,2,1,1D-1I-2C-1S,3,1.0,0.4681,0.6,0.9333,0.6667,70.47
FunPlus Phoenix,Pearl,2025,astra|cypher|fade|viper|yoru,"['astra', 'cypher', 'fade', 'viper', 'yoru']",1,0,1,1.0,3,0.3333,0.2181,0.0727,1,1,2,1,1D-1I-2C-1S,3,1.0,0.4681,0.6,0.8667,0.3333,68.62
FunPlus Phoenix,Split,2025,breach|omen|tejo|viper|yoru,"['breach', 'omen', 'tejo', 'viper', 'yoru']",0,2,2,0.0,2,1.0,0.3457,0.3457,1,2,2,0,1D-2I-2C-0S,2,1.0,0.4681,0.4118,1.0,1.0,33.44
FunPlus Phoenix,Sunset,2025,cypher|jett|omen|sova|yoru,"['cypher', 'jett', 'omen', 'sova', 'yoru']",2,2,4,0.5,4,1.0,0.5064,0.5064,2,1,1,1,2D-1I-1C-1S,4,1.0,0.4681,0.5,1.0,1.0,50.44
G2 Esports,Abyss,2025,astra|breach|chamber|sova|yoru,"['astra', 'breach', 'chamber', 'sova', 'yoru']",4,1,5,0.8,7,0.7143,0.5638,0.4027,1,2,1,1,1D-2I-1C-1S,7,1.0,0.631,0.6087,0.9143,0.7143,70.03
G2 Esports,Abyss,2025,astra|chamber|sova|tejo|yoru,"['astra', 'chamber', 'sova', 'tejo', 'yoru']",0,1,1,0.0,7,0.1429,0.2181,0.0312,1,2,1,1,1D-2I-1C-1S,7,1.0,0.631,0.6087,0.8286,0.2857,62.54
G2 Esports,Abyss,2025,astra|deadlock|sova|tejo|yoru,"['astra', 'deadlock', 'sova', 'tejo', 'yoru']",1,0,1,1.0,7,0.1429,0.2181,0.0312,1,2,1,1,1D-2I-1C-1S,7,1.0,0.631,0.6087,0.6857,0.1429,68.79
G2 Esports,Ascent,2025,chamber|omen|sova|vyse|yoru,"['chamber', 'omen', 'sova', 'vyse', 'yoru']",6,1,7,0.8571428571428571,13,0.5385,0.6543,0.3523,1,1,1,2,1D-1I-1C-2S,7,0.5385,0.631,0.6667,0.7231,0.5385,79.91
G2 Esports,Ascent,2025,kayo|omen|tejo|vyse|waylay,"['kayo', 'omen', 'tejo', 'vyse', 'waylay']",5,1,6,0.8333333333333334,13,0.4615,0.6123,0.2826,1,2,1,1,1D-2I-1C-1S,6,0.4615,0.631,0.6667,0.6769,0.4615,73.36
G2 Esports,Bind,2025,breach|brimstone|tejo|vyse|yoru,"['breach', 'brimstone', 'tejo', 'vyse', 'yoru']",1,0,1,1.0,6,0.1667,0.2181,0.0364,1,2,1,1,1D-2I-1C-1S,5,0.8333,0.631,0.6,0.6333,0.1667,70.88
G2 Esports,Bind,2025,brimstone|deadlock|fade|tejo|yoru,"['brimstone', 'deadlock', 'fade', 'tejo', 'yoru']",3,1,4,0.75,6,0.6667,0.5064,0.3376,1,2,1,1,1D-2I-1C-1S,5,0.8333,0.631,0.6,0.8333,0.6667,70.22
G2 Esports,Bind,2025,brimstone|raze|skye|tejo|viper,"['brimstone', 'raze', 'skye', 'tejo', 'viper']",0,1,1,0.0,6,0.1667,0.2181,0.0364,1,2,2,0,1D-2I-2C-0S,1,0.1667,0.631,0.6,0.5,0.1667,53.98
G2 Esports,Corrode,2025,chamber|fade|neon|omen|viper,"['chamber', 'fade', 'neon', 'omen', 'viper']",0,1,1,0.0,7,0.1429,0.2181,0.0312,1,1,2,1,1D-1I-2C-1S,4,0.5714,0.631,0.4348,0.6,0.1429,45.93
G2 Esports,Corrode,2025,cypher|fade|omen|raze|sage,"['cypher', 'fade', 'omen', 'raze', 'sage']",0,1,1,0.0,7,0.1429,0.2181,0.0312,1,1,1,2,1D-1I-1C-2S,1,0.1429,0.631,0.4348,0.5143,0.1429,60.72
G2 Esports,Corrode,2025,fade|omen|sage|viper|waylay,"['fade', 'omen', 'sage', 'viper', 'waylay']",1,1,2,0.5,7,0.2857,0.3457,0.0988,1,1,2,1,1D-1I-2C-1S,4,0.5714,0.631,0.4348,0.6857,0.2857,49.11
G2 Esports,Corrode,2025,fade|omen|tejo|viper|yoru,"['fade', 'omen', 'tejo', 'viper', 'yoru']",2,0,2,1.0,7,0.2857,0.3457,0.0988,1,2,2,0,1D-2I-2C-0S,2,0.2857,0.631,0.4348,0.6857,0.2857,62.21
G2 Esports,Corrode,2025,omen|sova|viper|vyse|yoru,"['omen', 'sova', 'viper', 'vyse', 'yoru']",0,1,1,0.0,7,0.1429,0.2181,0.0312,1,1,2,1,1D-1I-2C-1S,4,0.5714,0.631,0.4348,0.5143,0.1429,45.93
G2 Esports,Fracture,2025,breach|brimstone|cypher|tejo|waylay,"['breach', 'brimstone', 'cypher', 'tejo', 'waylay']",0,1,1,0.0,4,0.25,0.2181,0.0545,1,2,1,1,1D-2I-1C-1S,4,1.0,0.631,0.5333,0.7,0.25,55.86
G2 Esports,Fracture,2025,breach|brimstone|raze|tejo|vyse,"['breach', 'brimstone', 'raze', 'tejo', 'vyse']",2,1,3,0.6666666666666666,4,0.75,0.4362,0.3272,1,2,1,1,1D-2I-1C-1S,4,1.0,0.631,0.5333,0.9,0.75,60.76
G2 Esports,Haven,2025,astra|breach|tejo|vyse|yoru,"['astra', 'breach', 'tejo', 'vyse', 'yoru']",6,3,9,0.6666666666666666,14,0.6429,0.7245,0.4658,1,2,1,1,1D-2I-1C-1S,9,0.6429,0.631,0.6486,0.7857,0.6429,64.71
G2 Esports,Haven,2025,fade|omen|viper|vyse|yoru,"['fade', 'omen', 'viper', 'vyse', 'yoru']",4,1,5,0.8,14,0.3571,0.5638,0.2013,1,1,2,1,1D-1I-2C-1S,5,0.3571,0.631,0.6486,0.6143,0.3571,67.91
G2 Esports,Icebox,2025,gekko|harbor|killjoy|tejo|viper,"['gekko', 'harbor', 'killjoy', 'tejo', 'viper']",1,1,2,0.5,4,0.5,0.3457,0.1728,0,2,2,1,0D-2I-2C-1S,2,0.5,0.631,0.4839,0.7,0.5,49.39
G2 Esports,Icebox,2025,killjoy|omen|sage|sova|viper,"['killjoy', 'omen', 'sage', 'sova', 'viper']",2,0,2,1.0,4,0.5,0.3457,0.1728,0,1,2,2,0D-1I-2C-2S,2,0.5,0.631,0.4839,0.7,0.5,67.47
G2 Esports,Lotus,2025,breach|neon|omen|sova|viper,"['breach', 'neon', 'omen', 'sova', 'viper']",0,1,1,0.0,22,0.0455,0.2181,0.0099,1,2,2,0,1D-2I-2C-0S,22,1.0,0.631,0.6727,0.5273,0.0455,64.37
G2 Esports,Lotus,2025,breach|omen|tejo|viper|yoru,"['breach', 'omen', 'tejo', 'viper', 'yoru']",10,1,11,0.9090909090909091,22,0.5,0.7819,0.391,1,2,2,0,1D-2I-2C-0S,22,1.0,0.631,0.6727,0.8909,0.5455,78.07
G2 Esports,Lotus,2025,fade|omen|tejo|viper|yoru,"['fade', 'omen', 'tejo', 'viper', 'yoru']",6,4,10,0.6,22,0.4545,0.7545,0.3429,1,2,2,0,1D-2I-2C-0S,22,1.0,0.631,0.6727,0.8727,0.4545,65.2
G2 Esports,Pearl,2025,astra|chamber|sova|vyse|yoru,"['astra', 'chamber', 'sova', 'vyse', 'yoru']",4,1,5,0.8,10,0.5,0.5638,0.2819,1,1,1,2,1D-1I-1C-2S,5,0.5,0.631,0.6923,0.8,0.5,75.62
G2 Esports,Pearl,2025,astra|fade|tejo|vyse|yoru,"['astra', 'fade', 'tejo', 'vyse', 'yoru']",3,2,5,0.6,10,0.5,0.5638,0.2819,1,2,1,1,1D-2I-1C-1S,5,0.5,0.631,0.6923,0.8,0.5,61.71
G2 Esports,Split,2025,astra|breach|tejo|viper|yoru,"['astra', 'breach', 'tejo', 'viper', 'yoru']",0,1,1,0.0,10,0.1,0.2181,0.0218,1,2,2,0,1D-2I-2C-0S,10,1.0,0.631,0.5128,0.78,0.1,50.38
G2 Esports,Split,2025,breach|fade|omen|viper|yoru,"['breach', 'fade', 'omen', 'viper', 'yoru']",0,2,2,0.0,10,0.2,0.3457,0.0691,1,2,2,0,1D-2I-2C-0S,10,1.0,0.631,0.5128,0.82,0.2,47.41
G2 Esports,Split,2025,breach|omen|tejo|viper|yoru,"['breach', 'omen', 'tejo', 'viper', 'yoru']",5,2,7,0.7142857142857143,10,0.7,0.6543,0.458,1,2,2,0,1D-2I-2C-0S,10,1.0,0.631,0.5128,0.94,0.8,59.36
G2 Esports,Sunset,2025,chamber|fade|neon|omen|sage,"['chamber', 'fade', 'neon', 'omen', 'sage']",3,0,3,1.0,3,1.0,0.4362,0.4362,1,1,1,2,1D-1I-1C-2S,3,1.0,0.631,0.5263,1.0,1.0,81.57
GIANTX,Ascent,2025,cypher|jett|kayo|omen|sova,"['cypher', 'jett', 'kayo', 'omen', 'sova']",7,3,10,0.7,10,1.0,0.7545,0.7545,1,2,1,1,1D-2I-1C-1S,10,1.0,0.4462,0.5909,1.0,1.0,62.72
GIANTX,Bind,2025,astra|deadlock|gekko|raze|viper,"['astra', 'deadlock', 'gekko', 'raze', 'viper']",3,3,6,0.5,8,0.75,0.6123,0.4592,1,1,2,1,1D-1I-2C-1S,6,0.75,0.4462,0.36,0.925,0.75,40.92
GIANTX,Bind,2025,astra|fade|gekko|raze|viper,"['astra', 'fade', 'gekko', 'raze', 'viper']",0,1,1,0.0,8,0.125,0.2181,0.0273,1,2,2,0,1D-2I-2C-0S,2,0.25,0.4462,0.36,0.825,0.25,22.8
GIANTX,Bind,2025,astra|fade|kayo|raze|viper,"['astra', 'fade', 'kayo', 'raze', 'viper']",0,1,1,0.0,8,0.125,0.2181,0.0273,1,2,2,0,1D-2I-2C-0S,2,0.25,0.4462,0.36,0.675,0.125,22.8
GIANTX,Corrode,2025,cypher|fade|kayo|neon|omen,"['cypher', 'fade', 'kayo', 'neon', 'omen']",2,1,3,0.6666666666666666,4,0.75,0.4362,0.3272,1,2,1,1,1D-2I-1C-1S,3,0.75,0.4462,0.5,0.85,0.75,56.66
GIANTX,Corrode,2025,fade|omen|viper|vyse|yoru,"['fade', 'omen', 'viper', 'vyse', 'yoru']",0,1,1,0.0,4,0.25,0.2181,0.0545,1,1,2,1,1D-1I-2C-1S,1,0.25,0.4462,0.5,0.55,0.25,34.82
GIANTX,Fracture,2025,breach|brimstone|cypher|neon|tejo,"['breach', 'brimstone', 'cypher', 'neon', 'tejo']",1,0,1,1.0,3,0.3333,0.2181,0.0727,1,2,1,1,1D-2I-1C-1S,3,1.0,0.4462,0.5385,0.6,0.3333,57.49
GIANTX,Fracture,2025,breach|brimstone|fade|killjoy|raze,"['breach', 'brimstone', 'fade', 'killjoy', 'raze']",1,1,2,0.5,3,0.6667,0.3457,0.2305,1,2,1,1,1D-2I-1C-1S,3,1.0,0.4462,0.5385,0.8,0.6667,54.11
GIANTX,Haven,2025,breach|cypher|jett|omen|tejo,"['breach', 'cypher', 'jett', 'omen', 'tejo']",0,1,1,0.0,10,0.1,0.2181,0.0218,1,2,1,1,1D-2I-1C-1S,9,0.9,0.4462,0.5385,0.64,0.2,47.37
GIANTX,Haven,2025,breach|cypher|neon|omen|sova,"['breach', 'cypher', 'neon', 'omen', 'sova']",4,3,7,0.5714285714285714,10,0.7,0.6543,0.458,1,2,1,1,1D-2I-1C-1S,9,0.9,0.4462,0.5385,0.86,0.7,52.63
GIANTX,Haven,2025,breach|jett|killjoy|omen|sova,"['breach', 'jett', 'killjoy', 'omen', 'sova']",1,0,1,1.0,10,0.1,0.2181,0.0218,1,2,1,1,1D-2I-1C-1S,9,0.9,0.4462,0.5385,0.6,0.1,53.62
GIANTX,Haven,2025,cypher|iso|omen|tejo|yoru,"['cypher', 'iso', 'omen', 'tejo', 'yoru']",0,1,1,0.0,10,0.1,0.2181,0.0218,2,1,1,1,2D-1I-1C-1S,1,0.1,0.4462,0.5385,0.46,0.1,50.58
GIANTX,Icebox,2025,gekko|jett|kayo|killjoy|viper,"['gekko', 'jett', 'kayo', 'killjoy', 'viper']",1,1,2,0.5,2,1.0,0.3457,0.3457,1,2,1,1,1D-2I-1C-1S,2,1.0,0.4462,0.4667,1.0,1.0,50.77
GIANTX,Lotus,2025,breach|neon|omen|tejo|vyse,"['breach', 'neon', 'omen', 'tejo', 'vyse']",1,1,2,0.5,12,0.1667,0.3457,0.0576,1,2,1,1,1D-2I-1C-1S,2,0.1667,0.4462,0.4286,0.4,0.1667,50.66
GIANTX,Lotus,2025,cypher|fade|omen|raze|viper,"['cypher', 'fade', 'omen', 'raze', 'viper']",2,4,6,0.3333333333333333,12,0.5,0.6123,0.3062,1,1,2,1,1D-1I-2C-1S,10,0.8333,0.4462,0.4286,0.8,0.5,36.56
GIANTX,Lotus,2025,fade|omen|raze|viper|vyse,"['fade', 'omen', 'raze', 'viper', 'vyse']",1,3,4,0.25,12,0.3333,0.5064,0.1688,1,1,2,1,1D-1I-2C-1S,10,0.8333,0.4462,0.4286,0.8,0.5,35.15
GIANTX,Pearl,2025,astra|jett|kayo|killjoy|sova,"['astra', 'jett', 'kayo', 'killjoy', 'sova']",0,1,1,0.0,2,0.5,0.2181,0.109,1,2,1,1,1D-2I-1C-1S,2,1.0,0.4462,0.375,0.7,0.5,35.77
GIANTX,Pearl,2025,astra|sova|tejo|vyse|yoru,"['astra', 'sova', 'tejo', 'vyse', 'yoru']",0,1,1,0.0,2,0.5,0.2181,0.109,1,2,1,1,1D-2I-1C-1S,2,1.0,0.4462,0.375,0.7,0.5,35.77
GIANTX,Split,2025,breach|cypher|omen|tejo|yoru,"['breach', 'cypher', 'omen', 'tejo', 'yoru']",1,2,3,0.3333333333333333,4,0.75,0.4362,0.3272,1,2,1,1,1D-2I-1C-1S,3,0.75,0.4462,0.4167,0.8,0.75,39.47
GIANTX,Split,2025,omen|raze|skye|viper|vyse,"['omen', 'raze', 'skye', 'viper', 'vyse']",0,1,1,0.0,4,0.25,0.2181,0.0545,1,1,2,1,1D-1I-2C-1S,1,0.25,0.4462,0.4167,0.4,0.25,34.82
GIANTX,Sunset,2025,breach|cypher|neon|omen|sova,"['breach', 'cypher', 'neon', 'omen', 'sova']",6,3,9,0.6666666666666666,9,1.0,0.7245,0.7245,1,2,1,1,1D-2I-1C-1S,9,1.0,0.4462,0.5385,1.0,1.0,58.91
Gen.G,Abyss,2025,cypher|jett|kayo|omen|sova,"['cypher', 'jett', 'kayo', 'omen', 'sova']",1,1,2,0.5,2,1.0,0.3457,0.3457,1,2,1,1,1D-2I-1C-1S,2,1.0,0.5857,0.4667,1.0,1.0,58.97
Gen.G,Ascent,2025,cypher|jett|kayo|omen|tejo,"['cypher', 'jett', 'kayo', 'omen', 'tejo']",0,1,1,0.0,8,0.125,0.2181,0.0273,1,2,1,1,1D-2I-1C-1S,8,1.0,0.5857,0.6667,0.65,0.25,65.68
Gen.G,Ascent,2025,cypher|omen|sova|tejo|yoru,"['cypher', 'omen', 'sova', 'tejo', 'yoru']",0,1,1,0.0,8,0.125,0.2181,0.0273,1,2,1,1,1D-2I-1C-1S,8,1.0,0.5857,0.6667,0.5,0.125,65.68
Gen.G,Ascent,2025,jett|kayo|killjoy|omen|sova,"['jett', 'kayo', 'killjoy', 'omen', 'sova']",4,2,6,0.6666666666666666,8,0.75,0.6123,0.4592,1,2,1,1,1D-2I-1C-1S,8,1.0,0.5857,0.6667,0.875,0.75,75.66
Gen.G,Bind,2025,brimstone|fade|gekko|raze|viper,"['brimstone', 'fade', 'gekko', 'raze', 'viper']",1,2,3,0.3333333333333333,3,1.0,0.4362,0.4362,1,2,2,0,1D-2I-2C-0S,3,1.0,0.5857,0.5,1.0,1.0,39.47
Gen.G,Corrode,2025,fade|neon|omen|sage|viper,"['fade', 'neon', 'omen', 'sage', 'viper']",2,1,3,0.6666666666666666,3,1.0,0.4362,0.4362,1,1,2,1,1D-1I-2C-1S,3,1.0,0.5857,0.5385,1.0,1.0,63.5
Gen.G,Fracture,2025,breach|brimstone|cypher|neon|tejo,"['breach', 'brimstone', 'cypher', 'neon', 'tejo']",1,1,2,0.5,3,0.6667,0.3457,0.2305,1,2,1,1,1D-2I-1C-1S,3,1.0,0.5857,0.4286,0.8,0.6667,54.88
Gen.G,Fracture,2025,breach|brimstone|killjoy|raze|sova,"['breach', 'brimstone', 'killjoy', 'raze', 'sova']",0,1,1,0.0,3,0.3333,0.2181,0.0727,1,2,1,1,1D-2I-1C-1S,3,1.0,0.5857,0.4286,0.6,0.3333,52.06
Gen.G,Haven,2025,killjoy|neon|omen|sova|viper,"['killjoy', 'neon', 'omen', 'sova', 'viper']",8,1,9,0.8888888888888888,14,0.6429,0.7245,0.4658,1,1,2,1,1D-1I-2C-1S,14,1.0,0.5857,0.6667,0.9286,0.6429,78.36
Gen.G,Haven,2025,killjoy|neon|omen|tejo|viper,"['killjoy', 'neon', 'omen', 'tejo', 'viper']",3,2,5,0.6,14,0.3571,0.5638,0.2013,1,1,2,1,1D-1I-2C-1S,14,1.0,0.5857,0.6667,0.8714,0.3571,69.04
Gen.G,Icebox,2025,jett|killjoy|omen|sova|viper,"['jett', 'killjoy', 'omen', 'sova', 'viper']",1,2,3,0.3333333333333333,6,0.5,0.4362,0.2181,1,1,2,1,1D-1I-2C-1S,3,0.5,0.5857,0.5455,0.7,0.5,51.54
Gen.G,Icebox,2025,kayo|killjoy|tejo|viper|yoru,"['kayo', 'killjoy', 'tejo', 'viper', 'yoru']",2,1,3,0.6666666666666666,6,0.5,0.4362,0.2181,1,2,1,1,1D-2I-1C-1S,3,0.5,0.5857,0.5455,0.7,0.5,63.47
Gen.G,Lotus,2025,fade|killjoy|omen|raze|viper,"['fade', 'killjoy', 'omen', 'raze', 'viper']",4,2,6,0.6666666666666666,12,0.5,0.6123,0.3062,1,1,2,1,1D-1I-2C-1S,12,1.0,0.5857,0.6458,0.9,0.5,68.31
Gen.G,Lotus,2025,fade|omen|raze|viper|vyse,"['fade', 'omen', 'raze', 'viper', 'vyse']",4,2,6,0.6666666666666666,12,0.5,0.6123,0.3062,1,1,2,1,1D-1I-2C-1S,12,1.0,0.5857,0.6458,0.9,0.5,66.94
Gen.G,Pearl,2025,astra|jett|kayo|killjoy|sova,"['astra', 'jett', 'kayo', 'killjoy', 'sova']",0,1,1,0.0,3,0.3333,0.2181,0.0727,1,2,1,1,1D-2I-1C-1S,3,1.0,0.5857,0.4118,0.7333,0.3333,59.27
Gen.G,Pearl,2025,astra|kayo|killjoy|neon|tejo,"['astra', 'kayo', 'killjoy', 'neon', 'tejo']",2,0,2,1.0,3,0.6667,0.3457,0.2305,1,2,1,1,1D-2I-1C-1S,3,1.0,0.5857,0.4118,0.8667,0.6667,67.55
Gen.G,Split,2025,astra|breach|cypher|raze|tejo,"['astra', 'breach', 'cypher', 'raze', 'tejo']",1,0,1,1.0,5,0.2,0.2181,0.0436,1,2,1,1,1D-2I-1C-1S,1,0.2,0.5857,0.4516,0.36,0.2,67.78
Gen.G,Split,2025,deadlock|neon|omen|tejo|viper,"['deadlock', 'neon', 'omen', 'tejo', 'viper']",1,2,3,0.3333333333333333,5,0.6,0.4362,0.2617,1,1,2,1,1D-1I-2C-1S,3,0.6,0.5857,0.4516,0.72,0.6,50.52
Gen.G,Split,2025,fade|omen|raze|viper|yoru,"['fade', 'omen', 'raze', 'viper', 'yoru']",0,1,1,0.0,5,0.2,0.2181,0.0436,2,1,2,0,2D-1I-2C-0S,1,0.2,0.5857,0.4516,0.48,0.2,44.9
Gen.G,Sunset,2025,deadlock|neon|omen|sova|viper,"['deadlock', 'neon', 'omen', 'sova', 'viper']",2,3,5,0.4,5,1.0,0.5638,0.5638,1,1,2,1,1D-1I-2C-1S,5,1.0,0.5857,0.48,1.0,1.0,50.47
Gentle Mates,Abyss,2025,astra|jett|omen|sova|yoru,"['astra', 'jett', 'omen', 'sova', 'yoru']",1,1,2,0.5,2,1.0,0.3457,0.3457,2,1,2,0,2D-1I-2C-0S,2,1.0,0.4359,0.5,1.0,1.0,49.23
Gentle Mates,Ascent,2025,jett|kayo|killjoy|omen|sova,"['jett', 'kayo', 'killjoy', 'omen', 'sova']",1,2,3,0.3333333333333333,3,1.0,0.4362,0.4362,1,2,1,1,1D-2I-1C-1S,3,1.0,0.4359,0.5294,1.0,1.0,41.24
Gentle Mates,Bind,2025,astra|fade|gekko|viper|waylay,"['astra', 'fade', 'gekko', 'viper', 'waylay']",1,1,2,0.5,2,1.0,0.3457,0.3457,1,2,2,0,1D-2I-2C-0S,2,1.0,0.4359,0.5556,1.0,1.0,45.94
Gentle Mates,Corrode,2025,deadlock|fade|neon|omen|viper,"['deadlock', 'fade', 'neon', 'omen', 'viper']",1,1,2,0.5,3,0.6667,0.3457,0.2305,1,1,2,1,1D-1I-2C-1S,3,1.0,0.4359,0.375,0.9333,0.6667,35.73
Gentle Mates,Corrode,2025,fade|neon|omen|viper|vyse,"['fade', 'neon', 'omen', 'viper', 'vyse']",0,1,1,0.0,3,0.3333,0.2181,0.0727,1,1,2,1,1D-1I-2C-1S,3,1.0,0.4359,0.375,0.8667,0.3333,31.72
Gentle Mates,Fracture,2025,breach|brimstone|cypher|fade|raze,"['breach', 'brimstone', 'cypher', 'fade', 'raze']",0,2,2,0.0,4,0.5,0.3457,0.1728,1,2,1,1,1D-2I-1C-1S,4,1.0,0.4359,0.4118,0.8,0.5,27.54
Gentle Mates,Fracture,2025,breach|brimstone|cypher|neon|tejo,"['breach', 'brimstone', 'cypher', 'neon', 'tejo']",0,1,1,0.0,4,0.25,0.2181,0.0545,1,2,1,1,1D-2I-1C-1S,4,1.0,0.4359,0.4118,0.75,0.25,29.26
Gentle Mates,Fracture,2025,breach|brimstone|cypher|tejo|waylay,"['breach', 'brimstone', 'cypher', 'tejo', 'waylay']",0,1,1,0.0,4,0.25,0.2181,0.0545,1,2,1,1,1D-2I-1C-1S,4,1.0,0.4359,0.4118,0.75,0.25,29.26
Gentle Mates,Haven,2025,breach|cypher|jett|omen|sova,"['breach', 'cypher', 'jett', 'omen', 'sova']",0,1,1,0.0,6,0.1667,0.2181,0.0364,1,2,1,1,1D-2I-1C-1S,5,0.8333,0.4359,0.5,0.7667,0.1667,43.71
Gentle Mates,Haven,2025,breach|cypher|neon|omen|sova,"['breach', 'cypher', 'neon', 'omen', 'sova']",3,1,4,0.75,6,0.6667,0.5064,0.3376,1,2,1,1,1D-2I-1C-1S,5,0.8333,0.4359,0.5,0.9,0.8333,52.6
Gentle Mates,Haven,2025,killjoy|neon|omen|sova|viper,"['killjoy', 'neon', 'omen', 'sova', 'viper']",0,1,1,0.0,6,0.1667,0.2181,0.0364,1,1,2,1,1D-1I-2C-1S,1,0.1667,0.4359,0.5,0.6333,0.1667,26.55
Gentle Mates,Icebox,2025,kayo|killjoy|tejo|viper|waylay,"['kayo', 'killjoy', 'tejo', 'viper', 'waylay']",2,1,3,0.6666666666666666,3,1.0,0.4362,0.4362,1,2,1,1,1D-2I-1C-1S,3,1.0,0.4359,0.5294,1.0,1.0,49.54
Gentle Mates,Lotus,2025,breach|cypher|omen|tejo|yoru,"['breach', 'cypher', 'omen', 'tejo', 'yoru']",0,1,1,0.0,6,0.1667,0.2181,0.0364,1,2,1,1,1D-2I-1C-1S,1,0.1667,0.4359,0.28,0.5667,0.1667,34.04
Gentle Mates,Lotus,2025,breach|neon|omen|sova|viper,"['breach', 'neon', 'omen', 'sova', 'viper']",1,2,3,0.3333333333333333,6,0.5,0.4362,0.2181,1,2,2,0,1D-2I-2C-0S,4,0.6667,0.4359,0.28,0.7333,0.5,37.98
Gentle Mates,Lotus,2025,breach|omen|tejo|viper|yoru,"['breach', 'omen', 'tejo', 'viper', 'yoru']",0,1,1,0.0,6,0.1667,0.2181,0.0364,1,2,2,0,1D-2I-2C-0S,4,0.6667,0.4359,0.28,0.7,0.3333,36.48
Gentle Mates,Lotus,2025,fade|omen|viper|vyse|yoru,"['fade', 'omen', 'viper', 'vyse', 'yoru']",0,1,1,0.0,6,0.1667,0.2181,0.0364,1,1,2,1,1D-1I-2C-1S,1,0.1667,0.4359,0.28,0.5333,0.1667,26.55
Gentle Mates,Pearl,2025,astra|jett|kayo|killjoy|sova,"['astra', 'jett', 'kayo', 'killjoy', 'sova']",2,1,3,0.6666666666666666,4,0.75,0.4362,0.3272,1,2,1,1,1D-2I-1C-1S,4,1.0,0.4359,0.6364,0.9,0.75,46.79
Gentle Mates,Pearl,2025,astra|killjoy|sova|tejo|yoru,"['astra', 'killjoy', 'sova', 'tejo', 'yoru']",0,1,1,0.0,4,0.25,0.2181,0.0545,1,2,1,1,1D-2I-1C-1S,4,1.0,0.4359,0.6364,0.7,0.25,40.14
Gentle Mates,Split,2025,breach|omen|raze|tejo|viper,"['breach', 'omen', 'raze', 'tejo', 'viper']",0,1,1,0.0,2,0.5,0.2181,0.109,1,2,2,0,1D-2I-2C-0S,2,1.0,0.4359,0.4783,0.9,0.5,42.56
Gentle Mates,Split,2025,breach|omen|tejo|viper|yoru,"['breach', 'omen', 'tejo', 'viper', 'yoru']",1,0,1,1.0,2,0.5,0.2181,0.109,1,2,2,0,1D-2I-2C-0S,2,1.0,0.4359,0.4783,0.9,0.5,48.81
Gentle Mates,Sunset,2025,breach|cypher|neon|omen|sova,"['breach', 'cypher', 'neon', 'omen', 'sova']",0,1,1,0.0,2,0.5,0.2181,0.109,1,2,1,1,1D-2I-1C-1S,1,0.5,0.4359,0.381,0.8,0.5,28.8
Gentle Mates,Sunset,2025,deadlock|neon|omen|sova|viper,"['deadlock', 'neon', 'omen', 'sova', 'viper']",0,1,1,0.0,2,0.5,0.2181,0.109,1,1,2,1,1D-1I-2C-1S,1,0.5,0.4359,0.381,0.8,0.5,28.96
Global Esports,Abyss,2025,astra|breach|chamber|jett|sova,"['astra', 'breach', 'chamber', 'jett', 'sova']",0,2,2,0.0,3,0.6667,0.3457,0.2305,1,2,1,1,1D-2I-1C-1S,2,0.6667,0.4074,0.5,0.8667,0.6667,23.49
Global Esports,Abyss,2025,astra|jett|kayo|omen|sova,"['astra', 'jett', 'kayo', 'omen', 'sova']",0,1,1,0.0,3,0.3333,0.2181,0.0727,1,2,2,0,1D-2I-2C-0S,1,0.3333,0.4074,0.5,0.7333,0.3333,36.56
Global Esports,Ascent,2025,cypher|deadlock|jett|omen|tejo,"['cypher', 'deadlock', 'jett', 'omen', 'tejo']",0,1,1,0.0,1,1.0,0.2181,0.2181,1,1,1,2,1D-1I-1C-2S,1,1.0,0.4074,0.3333,1.0,1.0,47.91
Global Esports,Bind,2025,brimstone|deadlock|fade|raze|viper,"['brimstone', 'deadlock', 'fade', 'raze', 'viper']",0,1,1,0.0,2,0.5,0.2181,0.109,1,1,2,1,1D-1I-2C-1S,2,1.0,0.4074,0.3529,0.9,0.5,37.03
Global Esports,Bind,2025,brimstone|deadlock|raze|skye|viper,"['brimstone', 'deadlock', 'raze', 'skye', 'viper']",0,1,1,0.0,2,0.5,0.2181,0.109,1,1,2,1,1D-1I-2C-1S,2,1.0,0.4074,0.3529,0.9,0.5,37.03
Global Esports,Corrode,2025,astra|fade|iso|raze|sage,"['astra', 'fade', 'iso', 'raze', 'sage']",2,1,3,0.6666666666666666,4,0.75,0.4362,0.3272,2,1,1,1,2D-1I-1C-1S,3,0.75,0.4074,0.4667,0.8,0.75,53.43
Global Esports,Corrode,2025,clove|raze|sova|viper|vyse,"['clove', 'raze', 'sova', 'viper', 'vyse']",0,1,1,0.0,4,0.25,0.2181,0.0545,1,1,2,1,1D-1I-2C-1S,1,0.25,0.4074,0.4667,0.4,0.25,40.4
Global Esports,Haven,2025,cypher|deadlock|neon|omen|sova,"['cypher', 'deadlock', 'neon', 'omen', 'sova']",1,1,2,0.5,4,0.5,0.3457,0.1728,1,1,1,2,1D-1I-1C-2S,2,0.5,0.4074,0.4737,0.8,0.5,56.47
Global Esports,Haven,2025,cypher|iso|jett|omen|sova,"['cypher', 'iso', 'jett', 'omen', 'sova']",0,1,1,0.0,4,0.25,0.2181,0.0545,2,1,1,1,2D-1I-1C-1S,2,0.5,0.4074,0.4737,0.75,0.25,33.19
Global Esports,Haven,2025,cypher|iso|omen|sova|yoru,"['cypher', 'iso', 'omen', 'sova', 'yoru']",0,1,1,0.0,4,0.25,0.2181,0.0545,2,1,1,1,2D-1I-1C-1S,2,0.5,0.4074,0.4737,0.75,0.25,33.19
Global Esports,Icebox,2025,chamber|iso|sage|sova|viper,"['chamber', 'iso', 'sage', 'sova', 'viper']",1,1,2,0.5,2,1.0,0.3457,0.3457,1,1,1,2,1D-1I-1C-2S,2,1.0,0.4074,0.5263,1.0,1.0,61.01
Global Esports,Lotus,2025,astra|chamber|deadlock|tejo|vyse,"['astra', 'chamber', 'deadlock', 'tejo', 'vyse']",0,1,1,0.0,6,0.1667,0.2181,0.0364,0,1,1,3,0D-1I-1C-3S,1,0.1667,0.4074,0.3704,0.3333,0.1667,32.36
Global Esports,Lotus,2025,breach|cypher|omen|tejo|yoru,"['breach', 'cypher', 'omen', 'tejo', 'yoru']",1,2,3,0.3333333333333333,6,0.5,0.4362,0.2181,1,2,1,1,1D-2I-1C-1S,3,0.5,0.4074,0.3704,0.6333,0.5,31.02
Global Esports,Lotus,2025,fade|neon|omen|tejo|viper,"['fade', 'neon', 'omen', 'tejo', 'viper']",0,1,1,0.0,6,0.1667,0.2181,0.0364,1,2,2,0,1D-2I-2C-0S,1,0.1667,0.4074,0.3704,0.4667,0.1667,36.56
Global Esports,Lotus,2025,omen|raze|sova|viper|vyse,"['omen', 'raze', 'sova', 'viper', 'vyse']",0,1,1,0.0,6,0.1667,0.2181,0.0364,1,1,2,1,1D-1I-2C-1S,1,0.1667,0.4074,0.3704,0.3667,0.1667,42.69
Global Esports,Pearl,2025,astra|jett|killjoy|sova|vyse,"['astra', 'jett', 'killjoy', 'sova', 'vyse']",2,1,3,0.6666666666666666,3,1.0,0.4362,0.4362,1,1,1,2,1D-1I-1C-2S,3,1.0,0.4074,0.5294,1.0,1.0,59.96
Global Esports,Split,2025,astra|cypher|deadlock|fade|raze,"['astra', 'cypher', 'deadlock', 'fade', 'raze']",2,3,5,0.4,5,1.0,0.5638,0.5638,1,1,1,2,1D-1I-1C-2S,5,1.0,0.4074,0.48,1.0,1.0,48.11
JDG Esports,Abyss,2025,astra|jett|kayo|omen|sova,"['astra', 'jett', 'kayo', 'omen', 'sova']",1,0,1,1.0,2,0.5,0.2181,0.109,1,2,2,0,1D-2I-2C-0S,1,0.5,0.453,0.5333,0.9,0.5,57.42
JDG Esports,Abyss,2025,astra|jett|omen|sova|yoru,"['astra', 'jett', 'omen', 'sova', 'yoru']",0,1,1,0.0,2,0.5,0.2181,0.109,2,1,2,0,2D-1I-2C-0S,1,0.5,0.453,0.5333,0.9,0.5,29.63
JDG Esports,Ascent,2025,chamber|omen|sova|vyse|yoru,"['chamber', 'omen', 'sova', 'vyse', 'yoru']",1,1,2,0.5,2,1.0,0.3457,0.3457,1,1,1,2,1D-1I-1C-2S,2,1.0,0.453,0.4667,1.0,1.0,56.72
JDG Esports,Bind,2025,brimstone|cypher|deadlock|neon|skye,"['brimstone', 'cypher', 'deadlock', 'neon', 'skye']",0,1,1,0.0,2,0.5,0.2181,0.109,1,1,1,2,1D-1I-1C-2S,1,0.5,0.453,0.4545,0.6,0.5,54.01
JDG Esports,Bind,2025,brimstone|kayo|raze|tejo|vyse,"['brimstone', 'kayo', 'raze', 'tejo', 'vyse']",0,1,1,0.0,2,0.5,0.2181,0.109,1,2,1,1,1D-2I-1C-1S,1,0.5,0.453,0.4545,0.6,0.5,40.63
JDG Esports,Corrode,2025,fade|omen|viper|waylay|yoru,"['fade', 'omen', 'viper', 'waylay', 'yoru']",0,2,2,0.0,2,1.0,0.3457,0.3457,2,1,2,0,2D-1I-2C-0S,2,1.0,0.453,0.375,1.0,1.0,25.98
JDG Esports,Fracture,2025,breach|brimstone|cypher|neon|tejo,"['breach', 'brimstone', 'cypher', 'neon', 'tejo']",0,1,1,0.0,3,0.3333,0.2181,0.0727,1,2,1,1,1D-2I-1C-1S,3,1.0,0.453,0.4706,0.8,0.3333,36.35
JDG Esports,Fracture,2025,breach|brimstone|neon|tejo|vyse,"['breach', 'brimstone', 'neon', 'tejo', 'vyse']",1,0,1,1.0,3,0.3333,0.2181,0.0727,1,2,1,1,1D-2I-1C-1S,3,1.0,0.453,0.4706,0.8667,0.6667,44.87
JDG Esports,Fracture,2025,breach|brimstone|raze|tejo|vyse,"['breach', 'brimstone', 'raze', 'tejo', 'vyse']",0,1,1,0.0,3,0.3333,0.2181,0.0727,1,2,1,1,1D-2I-1C-1S,3,1.0,0.453,0.4706,0.8,0.3333,38.62
JDG Esports,Haven,2025,breach|cypher|neon|omen|sova,"['breach', 'cypher', 'neon', 'omen', 'sova']",1,1,2,0.5,8,0.25,0.3457,0.0864,1,2,1,1,1D-2I-1C-1S,2,0.25,0.453,0.4848,0.7,0.25,54.23
JDG Esports,Haven,2025,cypher|iso|omen|sova|yoru,"['cypher', 'iso', 'omen', 'sova', 'yoru']",0,2,2,0.0,8,0.25,0.3457,0.0864,2,1,1,1,2D-1I-1C-1S,2,0.25,0.453,0.4848,0.6,0.25,43.78
JDG Esports,Haven,2025,killjoy|neon|omen|sova|viper,"['killjoy', 'neon', 'omen', 'sova', 'viper']",1,3,4,0.25,8,0.5,0.5064,0.2532,1,1,2,1,1D-1I-2C-1S,4,0.5,0.453,0.4848,0.75,0.5,33.13
JDG Esports,Icebox,2025,gekko|jett|tejo|viper|vyse,"['gekko', 'jett', 'tejo', 'viper', 'vyse']",1,0,1,1.0,4,0.25,0.2181,0.0545,1,2,1,1,1D-2I-1C-1S,2,0.5,0.453,0.5455,0.6,0.5,59.12
JDG Esports,Icebox,2025,gekko|tejo|viper|vyse|waylay,"['gekko', 'tejo', 'viper', 'vyse', 'waylay']",1,0,1,1.0,4,0.25,0.2181,0.0545,1,2,1,1,1D-2I-1C-1S,2,0.5,0.453,0.5455,0.55,0.25,59.12
JDG Esports,Icebox,2025,jett|killjoy|omen|sova|viper,"['jett', 'killjoy', 'omen', 'sova', 'viper']",0,1,1,0.0,4,0.25,0.2181,0.0545,1,1,2,1,1D-1I-2C-1S,1,0.25,0.453,0.5455,0.6,0.5,41.41
JDG Esports,Icebox,2025,killjoy|omen|sage|sova|viper,"['killjoy', 'omen', 'sage', 'sova', 'viper']",0,1,1,0.0,4,0.25,0.2181,0.0545,0,1,2,2,0D-1I-2C-2S,1,0.25,0.453,0.5455,0.55,0.25,36.35
JDG Esports,Lotus,2025,astra|fade|neon|omen|vyse,"['astra', 'fade', 'neon', 'omen', 'vyse']",0,1,1,0.0,5,0.2,0.2181,0.0436,1,1,2,1,1D-1I-2C-1S,4,0.8,0.453,0.4583,0.6,0.2,47.44
JDG Esports,Lotus,2025,breach|omen|tejo|viper|waylay,"['breach', 'omen', 'tejo', 'viper', 'waylay']",0,1,1,0.0,5,0.2,0.2181,0.0436,1,2,2,0,1D-2I-2C-0S,1,0.2,0.453,0.4583,0.48,0.2,42.64
JDG Esports,Lotus,2025,fade|omen|raze|viper|vyse,"['fade', 'omen', 'raze', 'viper', 'vyse']",3,0,3,1.0,5,0.6,0.4362,0.2617,1,1,2,1,1D-1I-2C-1S,4,0.8,0.453,0.4583,0.8,0.6,58.83
JDG Esports,Pearl,2025,astra|fade|jett|kayo|killjoy,"['astra', 'fade', 'jett', 'kayo', 'killjoy']",1,0,1,1.0,4,0.25,0.2181,0.0545,1,2,1,1,1D-2I-1C-1S,4,1.0,0.453,0.4737,0.55,0.25,51.57
JDG Esports,Pearl,2025,astra|fade|tejo|vyse|yoru,"['astra', 'fade', 'tejo', 'vyse', 'yoru']",1,2,3,0.3333333333333333,4,0.75,0.4362,0.3272,1,2,1,1,1D-2I-1C-1S,4,1.0,0.453,0.4737,0.85,0.75,45.84
JDG Esports,Split,2025,breach|omen|tejo|viper|yoru,"['breach', 'omen', 'tejo', 'viper', 'yoru']",1,0,1,1.0,1,1.0,0.2181,0.2181,1,2,2,0,1D-2I-2C-0S,1,1.0,0.453,0.5333,1.0,1.0,57.42
JDG Esports,Sunset,2025,cypher|deadlock|neon|omen|sova,"['cypher', 'deadlock', 'neon', 'omen', 'sova']",1,0,1,1.0,2,0.5,0.2181,0.109,1,1,1,2,1D-1I-1C-2S,1,0.5,0.453,0.4706,0.9,0.5,65.17
JDG Esports,Sunset,2025,deadlock|neon|omen|sova|viper,"['deadlock', 'neon', 'omen', 'sova', 'viper']",0,1,1,0.0,2,0.5,0.2181,0.109,1,1,2,1,1D-1I-2C-1S,1,0.5,0.453,0.4706,0.9,0.5,41.41
KOI,Abyss,2025,astra|cypher|jett|kayo|sova,"['astra', 'cypher', 'jett', 'kayo', 'sova']",0,1,1,0.0,1,1.0,0.2181,0.2181,1,2,1,1,1D-2I-1C-1S,1,1.0,0.3553,0.4545,1.0,1.0,34.54
KOI,Ascent,2025,chamber|omen|sova|vyse|yoru,"['chamber', 'omen', 'sova', 'vyse', 'yoru']",1,1,2,0.5,3,0.6667,0.3457,0.2305,1,1,1,2,1D-1I-1C-2S,2,0.6667,0.3553,0.4286,0.8,0.6667,45.11
KOI,Ascent,2025,kayo|killjoy|omen|sova|waylay,"['kayo', 'killjoy', 'omen', 'sova', 'waylay']",0,1,1,0.0,3,0.3333,0.2181,0.0727,1,2,1,1,1D-2I-1C-1S,1,0.3333,0.3553,0.4286,0.6,0.3333,31.66
KOI,Bind,2025,astra|kayo|raze|tejo|viper,"['astra', 'kayo', 'raze', 'tejo', 'viper']",0,1,1,0.0,2,0.5,0.2181,0.109,1,2,2,0,1D-2I-2C-0S,2,1.0,0.3553,0.3333,0.7,0.5,25.68
KOI,Bind,2025,brimstone|fade|gekko|raze|viper,"['brimstone', 'fade', 'gekko', 'raze', 'viper']",0,1,1,0.0,2,0.5,0.2181,0.109,1,2,2,0,1D-2I-2C-0S,2,1.0,0.3553,0.3333,0.7,0.5,25.68
KOI,Corrode,2025,fade|gekko|omen|raze|viper,"['fade', 'gekko', 'omen', 'raze', 'viper']",1,0,1,1.0,1,1.0,0.2181,0.2181,1,2,2,0,1D-2I-2C-0S,1,1.0,0.3553,0.5455,1.0,1.0,48.27
KOI,Fracture,2025,breach|brimstone|cypher|raze|tejo,"['breach', 'brimstone', 'cypher', 'raze', 'tejo']",1,0,1,1.0,2,0.5,0.2181,0.109,1,2,1,1,1D-2I-1C-1S,1,0.5,0.3553,0.5833,0.7,0.5,49.31
KOI,Fracture,2025,brimstone|killjoy|tejo|vyse|yoru,"['brimstone', 'killjoy', 'tejo', 'vyse', 'yoru']",1,0,1,1.0,2,0.5,0.2181,0.109,1,1,1,2,1D-1I-1C-2S,1,0.5,0.3553,0.5833,0.7,0.5,51.72
KOI,Haven,2025,breach|cypher|jett|omen|tejo,"['breach', 'cypher', 'jett', 'omen', 'tejo']",0,1,1,0.0,4,0.25,0.2181,0.0545,1,2,1,1,1D-2I-1C-1S,1,0.25,0.3553,0.4,0.5,0.25,31.66
KOI,Haven,2025,cypher|iso|omen|sova|yoru,"['cypher', 'iso', 'omen', 'sova', 'yoru']",1,1,2,0.5,4,0.5,0.3457,0.1728,2,1,1,1,2D-1I-1C-1S,2,0.5,0.3553,0.4,0.7,0.5,51.07
KOI,Haven,2025,fade|omen|viper|vyse|yoru,"['fade', 'omen', 'viper', 'vyse', 'yoru']",0,1,1,0.0,4,0.25,0.2181,0.0545,1,1,2,1,1D-1I-2C-1S,1,0.25,0.3553,0.4,0.5,0.25,25.65
KOI,Icebox,2025,iso|killjoy|sova|tejo|viper,"['iso', 'killjoy', 'sova', 'tejo', 'viper']",0,2,2,0.0,5,0.4,0.3457,0.1383,1,2,1,1,1D-2I-1C-1S,3,0.6,0.3553,0.5,0.8,0.4,49.28
KOI,Icebox,2025,jett|killjoy|sage|sova|viper,"['jett', 'killjoy', 'sage', 'sova', 'viper']",0,1,1,0.0,5,0.2,0.2181,0.0436,1,1,1,2,1D-1I-1C-2S,1,0.2,0.3553,0.5,0.76,0.4,36.94
KOI,Icebox,2025,jett|killjoy|sova|tejo|viper,"['jett', 'killjoy', 'sova', 'tejo', 'viper']",1,0,1,1.0,5,0.2,0.2181,0.0436,1,2,1,1,1D-2I-1C-1S,3,0.6,0.3553,0.5,0.8,0.4,58.61
KOI,Icebox,2025,killjoy|omen|sage|sova|viper,"['killjoy', 'omen', 'sage', 'sova', 'viper']",1,0,1,1.0,5,0.2,0.2181,0.0436,0,1,2,2,0D-1I-2C-2S,1,0.2,0.3553,0.5,0.72,0.2,58.87
KOI,Lotus,2025,breach|neon|omen|sova|viper,"['breach', 'neon', 'omen', 'sova', 'viper']",1,1,2,0.5,7,0.2857,0.3457,0.0988,1,2,2,0,1D-2I-2C-0S,2,0.2857,0.3553,0.4444,0.4857,0.2857,42.14
KOI,Lotus,2025,cypher|omen|tejo|vyse|yoru,"['cypher', 'omen', 'tejo', 'vyse', 'yoru']",1,2,3,0.3333333333333333,7,0.4286,0.4362,0.187,1,1,1,2,1D-1I-1C-2S,3,0.4286,0.3553,0.4444,0.5714,0.4286,39.75
KOI,Lotus,2025,fade|killjoy|omen|raze|viper,"['fade', 'killjoy', 'omen', 'raze', 'viper']",0,1,1,0.0,7,0.1429,0.2181,0.0312,1,1,2,1,1D-1I-2C-1S,2,0.2857,0.3553,0.4444,0.4571,0.1429,23.51
KOI,Lotus,2025,fade|omen|raze|viper|vyse,"['fade', 'omen', 'raze', 'viper', 'vyse']",0,1,1,0.0,7,0.1429,0.2181,0.0312,1,1,2,1,1D-1I-2C-1S,2,0.2857,0.3553,0.4444,0.5429,0.2857,23.51
KOI,Pearl,2025,astra|chamber|sova|vyse|yoru,"['astra', 'chamber', 'sova', 'vyse', 'yoru']",0,1,1,0.0,3,0.3333,0.2181,0.0727,1,1,1,2,1D-1I-1C-2S,2,0.6667,0.3553,0.3846,0.7333,0.3333,33.87
KOI,Pearl,2025,astra|sova|tejo|vyse|yoru,"['astra', 'sova', 'tejo', 'vyse', 'yoru']",0,1,1,0.0,3,0.3333,0.2181,0.0727,1,2,1,1,1D-2I-1C-1S,1,0.3333,0.3553,0.3846,0.8,0.6667,34.54
KOI,Pearl,2025,killjoy|omen|tejo|vyse|yoru,"['killjoy', 'omen', 'tejo', 'vyse', 'yoru']",0,1,1,0.0,3,0.3333,0.2181,0.0727,1,1,1,2,1D-1I-1C-2S,2,0.6667,0.3553,0.3846,0.6667,0.3333,33.87
KOI,Split,2025,breach|omen|tejo|viper|yoru,"['breach', 'omen', 'tejo', 'viper', 'yoru']",0,2,2,0.0,2,1.0,0.3457,0.3457,1,2,2,0,1D-2I-2C-0S,2,1.0,0.3553,0.4737,1.0,1.0,35.97
KOI,Sunset,2025,kayo|neon|omen|sova|vyse,"['kayo', 'neon', 'omen', 'sova', 'vyse']",0,1,1,0.0,1,1.0,0.2181,0.2181,1,2,1,1,1D-2I-1C-1S,1,1.0,0.3553,0.3889,1.0,1.0,31.52
KRÜ Esports,Abyss,2025,astra|jett|kayo|sova|viper,"['astra', 'jett', 'kayo', 'sova', 'viper']",2,1,3,0.6666666666666666,3,1.0,0.4362,0.4362,1,2,2,0,1D-2I-2C-0S,3,1.0,0.4815,0.5,1.0,1.0,52.44
KRÜ Esports,Ascent,2025,cypher|deadlock|omen|sova|yoru,"['cypher', 'deadlock', 'omen', 'sova', 'yoru']",0,1,1,0.0,4,0.25,0.2181,0.0545,1,1,1,2,1D-1I-1C-2S,1,0.25,0.4815,0.4091,0.85,0.25,40.88
KRÜ Esports,Ascent,2025,cypher|jett|omen|sova|yoru,"['cypher', 'jett', 'omen', 'sova', 'yoru']",2,1,3,0.6666666666666666,4,0.75,0.4362,0.3272,2,1,1,1,2D-1I-1C-1S,3,0.75,0.4815,0.4091,0.95,0.75,58.95
KRÜ Esports,Bind,2025,brimstone|fade|raze|viper|yoru,"['brimstone', 'fade', 'raze', 'viper', 'yoru']",1,1,2,0.5,6,0.3333,0.3457,0.1152,2,1,2,0,2D-1I-2C-0S,2,0.3333,0.4815,0.5,0.7333,0.3333,43.68
KRÜ Esports,Bind,2025,brimstone|raze|skye|viper|vyse,"['brimstone', 'raze', 'skye', 'viper', 'vyse']",3,1,4,0.75,6,0.6667,0.5064,0.3376,1,1,2,1,1D-1I-2C-1S,4,0.6667,0.4815,0.5,0.8667,0.6667,60.88
KRÜ Esports,Corrode,2025,fade|neon|omen|viper|vyse,"['fade', 'neon', 'omen', 'viper', 'vyse']",0,2,2,0.0,2,1.0,0.3457,0.3457,1,1,2,1,1D-1I-2C-1S,2,1.0,0.4815,0.4167,1.0,1.0,41.98
KRÜ Esports,Fracture,2025,breach|brimstone|neon|tejo|vyse,"['breach', 'brimstone', 'neon', 'tejo', 'vyse']",1,0,1,1.0,2,0.5,0.2181,0.109,1,2,1,1,1D-2I-1C-1S,2,1.0,0.4815,0.5,0.9,0.5,49.4
KRÜ Esports,Fracture,2025,breach|brimstone|raze|tejo|vyse,"['breach', 'brimstone', 'raze', 'tejo', 'vyse']",0,1,1,0.0,2,0.5,0.2181,0.109,1,2,1,1,1D-2I-1C-1S,2,1.0,0.4815,0.5,0.9,0.5,43.15
KRÜ Esports,Haven,2025,breach|cypher|jett|omen|sova,"['breach', 'cypher', 'jett', 'omen', 'sova']",1,2,3,0.3333333333333333,9,0.3333,0.4362,0.1454,1,2,1,1,1D-2I-1C-1S,4,0.4444,0.4815,0.5185,0.7333,0.3333,49.64
KRÜ Esports,Haven,2025,breach|cypher|omen|tejo|yoru,"['breach', 'cypher', 'omen', 'tejo', 'yoru']",1,0,1,1.0,9,0.1111,0.2181,0.0242,1,2,1,1,1D-2I-1C-1S,4,0.4444,0.4815,0.5185,0.6444,0.1111,55.85
KRÜ Esports,Haven,2025,cypher|iso|omen|sova|yoru,"['cypher', 'iso', 'omen', 'sova', 'yoru']",2,2,4,0.5,9,0.4444,0.5064,0.225,2,1,1,1,2D-1I-1C-1S,5,0.5556,0.4815,0.5185,0.8,0.4444,49.85
KRÜ Esports,Haven,2025,cypher|neon|omen|sova|yoru,"['cypher', 'neon', 'omen', 'sova', 'yoru']",0,1,1,0.0,9,0.1111,0.2181,0.0242,2,1,1,1,2D-1I-1C-1S,5,0.5556,0.4815,0.5185,0.7333,0.1111,46.69
KRÜ Esports,Icebox,2025,harbor|jett|killjoy|sova|viper,"['harbor', 'jett', 'killjoy', 'sova', 'viper']",3,2,5,0.6,5,1.0,0.5638,0.5638,1,1,2,1,1D-1I-2C-1S,5,1.0,0.4815,0.48,1.0,1.0,58.55
KRÜ Esports,Lotus,2025,breach|neon|omen|tejo|vyse,"['breach', 'neon', 'omen', 'tejo', 'vyse']",0,2,2,0.0,6,0.3333,0.3457,0.1152,1,2,1,1,1D-2I-1C-1S,4,0.6667,0.4815,0.5161,0.6667,0.3333,34.81
KRÜ Esports,Lotus,2025,breach|omen|tejo|vyse|yoru,"['breach', 'omen', 'tejo', 'vyse', 'yoru']",1,1,2,0.5,6,0.3333,0.3457,0.1152,1,2,1,1,1D-2I-1C-1S,4,0.6667,0.4815,0.5161,0.7333,0.6667,40.69
KRÜ Esports,Lotus,2025,fade|omen|raze|viper|yoru,"['fade', 'omen', 'raze', 'viper', 'yoru']",0,2,2,0.0,6,0.3333,0.3457,0.1152,2,1,2,0,2D-1I-2C-0S,2,0.3333,0.4815,0.5161,0.5333,0.3333,30.45
KRÜ Esports,Pearl,2025,astra|chamber|sova|vyse|yoru,"['astra', 'chamber', 'sova', 'vyse', 'yoru']",1,1,2,0.5,2,1.0,0.3457,0.3457,1,1,1,2,1D-1I-1C-2S,2,1.0,0.4815,0.5,1.0,1.0,48.51
KRÜ Esports,Split,2025,breach|jett|omen|tejo|viper,"['breach', 'jett', 'omen', 'tejo', 'viper']",1,0,1,1.0,4,0.25,0.2181,0.0545,1,2,2,0,1D-2I-2C-0S,1,0.25,0.4815,0.5,0.55,0.25,48.81
KRÜ Esports,Split,2025,cypher|omen|raze|skye|viper,"['cypher', 'omen', 'raze', 'skye', 'viper']",1,2,3,0.3333333333333333,4,0.75,0.4362,0.3272,1,1,2,1,1D-1I-2C-1S,3,0.75,0.4815,0.5,0.85,0.75,55.68
KRÜ Esports,Sunset,2025,cypher|neon|omen|sova|yoru,"['cypher', 'neon', 'omen', 'sova', 'yoru']",2,0,2,1.0,2,1.0,0.3457,0.3457,2,1,1,1,2D-1I-1C-1S,2,1.0,0.4815,0.5238,1.0,1.0,66.64
Karmine Corp,Abyss,2025,astra|fade|harbor|vyse|yoru,"['astra', 'fade', 'harbor', 'vyse', 'yoru']",0,2,2,0.0,2,1.0,0.3457,0.3457,1,1,2,1,1D-1I-2C-1S,2,1.0,0.4621,0.5,1.0,1.0,36.99
Karmine Corp,Ascent,2025,cypher|jett|kayo|omen|sova,"['cypher', 'jett', 'kayo', 'omen', 'sova']",0,1,1,0.0,2,0.5,0.2181,0.109,1,2,1,1,1D-2I-1C-1S,1,0.5,0.4621,0.4286,0.8,0.5,33.46
Karmine Corp,Ascent,2025,deadlock|jett|omen|raze|sova,"['deadlock', 'jett', 'omen', 'raze', 'sova']",0,1,1,0.0,2,0.5,0.2181,0.109,2,1,1,1,2D-1I-1C-1S,1,0.5,0.4621,0.4286,0.8,0.5,40.73
Karmine Corp,Bind,2025,astra|deadlock|gekko|vyse|yoru,"['astra', 'deadlock', 'gekko', 'vyse', 'yoru']",4,2,6,0.6666666666666666,6,1.0,0.6123,0.6123,1,1,1,2,1D-1I-1C-2S,6,1.0,0.4621,0.5,1.0,1.0,61.73
Karmine Corp,Corrode,2025,brimstone|fade|kayo|omen|sova,"['brimstone', 'fade', 'kayo', 'omen', 'sova']",0,1,1,0.0,2,0.5,0.2181,0.109,0,3,2,0,0D-3I-2C-0S,1,0.5,0.4621,0.3846,0.7,0.5,31.3
Karmine Corp,Corrode,2025,cypher|fade|omen|waylay|yoru,"['cypher', 'fade', 'omen', 'waylay', 'yoru']",0,1,1,0.0,2,0.5,0.2181,0.109,2,1,1,1,2D-1I-1C-1S,1,0.5,0.4621,0.3846,0.7,0.5,40.73
Karmine Corp,Fracture,2025,astra|breach|cypher|jett|tejo,"['astra', 'breach', 'cypher', 'jett', 'tejo']",0,1,1,0.0,2,0.5,0.2181,0.109,1,2,1,1,1D-2I-1C-1S,2,1.0,0.4621,0.3571,0.9,0.5,26.29
Karmine Corp,Fracture,2025,astra|breach|cypher|tejo|yoru,"['astra', 'breach', 'cypher', 'tejo', 'yoru']",0,1,1,0.0,2,0.5,0.2181,0.109,1,2,1,1,1D-2I-1C-1S,2,1.0,0.4621,0.3571,0.9,0.5,26.29
Karmine Corp,Haven,2025,cypher|omen|phoenix|sova|yoru,"['cypher', 'omen', 'phoenix', 'sova', 'yoru']",3,0,3,1.0,4,0.75,0.4362,0.3272,2,1,1,1,2D-1I-1C-1S,3,0.75,0.4621,0.5455,0.85,0.75,63.33
Karmine Corp,Haven,2025,fade|harbor|killjoy|omen|yoru,"['fade', 'harbor', 'killjoy', 'omen', 'yoru']",0,1,1,0.0,4,0.25,0.2181,0.0545,1,1,2,1,1D-1I-2C-1S,1,0.25,0.4621,0.5455,0.55,0.25,39.3
Karmine Corp,Icebox,2025,kayo|killjoy|omen|sova|viper,"['kayo', 'killjoy', 'omen', 'sova', 'viper']",1,1,2,0.5,6,0.3333,0.3457,0.1152,0,2,2,1,0D-2I-2C-1S,6,1.0,0.4621,0.5833,0.8667,0.3333,66.3
Karmine Corp,Icebox,2025,kayo|killjoy|omen|tejo|viper,"['kayo', 'killjoy', 'omen', 'tejo', 'viper']",4,0,4,1.0,6,0.6667,0.5064,0.3376,0,2,2,1,0D-2I-2C-1S,6,1.0,0.4621,0.5833,0.9333,0.6667,75.11
Karmine Corp,Lotus,2025,cypher|fade|omen|raze|yoru,"['cypher', 'fade', 'omen', 'raze', 'yoru']",2,2,4,0.5,9,0.4444,0.5064,0.225,2,1,1,1,2D-1I-1C-1S,4,0.4444,0.4621,0.5,0.7778,0.4444,42.01
Karmine Corp,Lotus,2025,fade|harbor|omen|vyse|yoru,"['fade', 'harbor', 'omen', 'vyse', 'yoru']",2,3,5,0.4,9,0.5556,0.5638,0.3132,1,1,2,1,1D-1I-2C-1S,5,0.5556,0.4621,0.5,0.8222,0.5556,52.09
Karmine Corp,Pearl,2025,astra|fade|harbor|vyse|yoru,"['astra', 'fade', 'harbor', 'vyse', 'yoru']",2,1,3,0.6666666666666666,3,1.0,0.4362,0.4362,1,1,2,1,1D-1I-2C-1S,3,1.0,0.4621,0.5,1.0,1.0,52.96
Karmine Corp,Split,2025,fade|omen|raze|viper|yoru,"['fade', 'omen', 'raze', 'viper', 'yoru']",0,1,1,0.0,1,1.0,0.2181,0.2181,2,1,2,0,2D-1I-2C-0S,1,1.0,0.4621,0.4286,1.0,1.0,46.29
Karmine Corp,Sunset,2025,cypher|omen|phoenix|sova|yoru,"['cypher', 'omen', 'phoenix', 'sova', 'yoru']",2,2,4,0.5,4,1.0,0.5064,0.5064,2,1,1,1,2D-1I-1C-1S,4,1.0,0.4621,0.4815,1.0,1.0,46.65
LEVIATÁN,Ascent,2025,chamber|omen|sova|vyse|yoru,"['chamber', 'omen', 'sova', 'vyse', 'yoru']",1,1,2,0.5,5,0.4,0.3457,0.1383,1,1,1,2,1D-1I-1C-2S,3,0.6,0.5503,0.5556,0.68,0.4,53.28
LEVIATÁN,Ascent,2025,cypher|deadlock|omen|sova|yoru,"['cypher', 'deadlock', 'omen', 'sova', 'yoru']",0,1,1,0.0,5,0.2,0.2181,0.0436,1,1,1,2,1D-1I-1C-2S,3,0.6,0.5503,0.5556,0.6,0.2,50.36
LEVIATÁN,Ascent,2025,cypher|jett|kayo|omen|sova,"['cypher', 'jett', 'kayo', 'omen', 'sova']",0,1,1,0.0,5,0.2,0.2181,0.0436,1,2,1,1,1D-2I-1C-1S,2,0.4,0.5503,0.5556,0.56,0.2,48.67
LEVIATÁN,Ascent,2025,kayo|omen|tejo|vyse|waylay,"['kayo', 'omen', 'tejo', 'vyse', 'waylay']",1,0,1,1.0,5,0.2,0.2181,0.0436,1,2,1,1,1D-2I-1C-1S,2,0.4,0.5503,0.5556,0.48,0.2,54.92
LEVIATÁN,Bind,2025,brimstone|fade|gekko|viper|yoru,"['brimstone', 'fade', 'gekko', 'viper', 'yoru']",1,1,2,0.5,2,1.0,0.3457,0.3457,1,2,2,0,1D-2I-2C-0S,2,1.0,0.5503,0.5484,1.0,1.0,47.97
LEVIATÁN,Corrode,2025,chamber|fade|neon|omen|viper,"['chamber', 'fade', 'neon', 'omen', 'viper']",0,1,1,0.0,1,1.0,0.2181,0.2181,1,1,2,1,1D-1I-2C-1S,1,1.0,0.5503,0.5,1.0,1.0,56.27
LEVIATÁN,Fracture,2025,breach|brimstone|killjoy|raze|sova,"['breach', 'brimstone', 'killjoy', 'raze', 'sova']",0,1,1,0.0,3,0.3333,0.2181,0.0727,1,2,1,1,1D-2I-1C-1S,3,1.0,0.5503,0.4375,0.6,0.3333,45.48
LEVIATÁN,Fracture,2025,breach|brimstone|neon|tejo|vyse,"['breach', 'brimstone', 'neon', 'tejo', 'vyse']",1,1,2,0.5,3,0.6667,0.3457,0.2305,1,2,1,1,1D-2I-1C-1S,3,1.0,0.5503,0.4375,0.8,0.6667,48.69
LEVIATÁN,Haven,2025,breach|cypher|jett|omen|sova,"['breach', 'cypher', 'jett', 'omen', 'sova']",1,0,1,1.0,7,0.1429,0.2181,0.0312,1,2,1,1,1D-2I-1C-1S,2,0.2857,0.5503,0.5833,0.6571,0.2857,58.17
LEVIATÁN,Haven,2025,breach|jett|omen|tejo|vyse,"['breach', 'jett', 'omen', 'tejo', 'vyse']",0,1,1,0.0,7,0.1429,0.2181,0.0312,1,2,1,1,1D-2I-1C-1S,2,0.2857,0.5503,0.5833,0.3714,0.1429,51.92
LEVIATÁN,Haven,2025,cypher|neon|omen|sova|yoru,"['cypher', 'neon', 'omen', 'sova', 'yoru']",4,1,5,0.8,7,0.7143,0.5638,0.4027,2,1,1,1,2D-1I-1C-1S,5,0.7143,0.5503,0.5833,0.8286,0.7143,67.37
LEVIATÁN,Icebox,2025,harbor|jett|killjoy|sova|viper,"['harbor', 'jett', 'killjoy', 'sova', 'viper']",0,2,2,0.0,5,0.4,0.3457,0.1383,1,1,2,1,1D-1I-2C-1S,2,0.4,0.5503,0.6,0.8,0.4,70.58
LEVIATÁN,Icebox,2025,jett|kayo|killjoy|tejo|viper,"['jett', 'kayo', 'killjoy', 'tejo', 'viper']",0,1,1,0.0,5,0.2,0.2181,0.0436,1,2,1,1,1D-2I-1C-1S,2,0.4,0.5503,0.6,0.68,0.2,41.46
LEVIATÁN,Icebox,2025,jett|killjoy|sage|sova|viper,"['jett', 'killjoy', 'sage', 'sova', 'viper']",0,1,1,0.0,5,0.2,0.2181,0.0436,1,1,1,2,1D-1I-1C-2S,1,0.2,0.5503,0.6,0.76,0.2,43.73
LEVIATÁN,Icebox,2025,killjoy|sova|tejo|viper|yoru,"['killjoy', 'sova', 'tejo', 'viper', 'yoru']",0,1,1,0.0,5,0.2,0.2181,0.0436,1,2,1,1,1D-2I-1C-1S,2,0.4,0.5503,0.6,0.68,0.2,41.46
LEVIATÁN,Lotus,2025,breach|neon|omen|tejo|viper,"['breach', 'neon', 'omen', 'tejo', 'viper']",0,1,1,0.0,7,0.1429,0.2181,0.0312,1,2,2,0,1D-2I-2C-0S,1,0.1429,0.5503,0.5517,0.4857,0.1429,37.9
LEVIATÁN,Lotus,2025,fade|killjoy|omen|raze|viper,"['fade', 'killjoy', 'omen', 'raze', 'viper']",2,1,3,0.6666666666666666,7,0.4286,0.4362,0.187,1,1,2,1,1D-1I-2C-1S,6,0.8571,0.5503,0.5517,0.8286,0.4286,61.05
LEVIATÁN,Lotus,2025,fade|omen|raze|viper|vyse,"['fade', 'omen', 'raze', 'viper', 'vyse']",2,1,3,0.6666666666666666,7,0.4286,0.4362,0.187,1,1,2,1,1D-1I-2C-1S,6,0.8571,0.5503,0.5517,0.8286,0.4286,62.57
LEVIATÁN,Pearl,2025,astra|fade|tejo|vyse|yoru,"['astra', 'fade', 'tejo', 'vyse', 'yoru']",1,1,2,0.5,3,0.6667,0.3457,0.2305,1,2,1,1,1D-2I-1C-1S,2,0.6667,0.5503,0.4737,0.8,0.6667,51.93
LEVIATÁN,Pearl,2025,astra|jett|phoenix|sova|vyse,"['astra', 'jett', 'phoenix', 'sova', 'vyse']",0,1,1,0.0,3,0.3333,0.2181,0.0727,2,1,1,1,2D-1I-1C-1S,1,0.3333,0.5503,0.4737,0.6,0.3333,50.01
LEVIATÁN,Split,2025,breach|omen|tejo|viper|yoru,"['breach', 'omen', 'tejo', 'viper', 'yoru']",0,2,2,0.0,4,0.5,0.3457,0.1728,1,2,2,0,1D-2I-2C-0S,2,0.5,0.5503,0.44,0.7,0.5,32.7
LEVIATÁN,Split,2025,cypher|omen|raze|skye|viper,"['cypher', 'omen', 'raze', 'skye', 'viper']",1,1,2,0.5,4,0.5,0.3457,0.1728,1,1,2,1,1D-1I-2C-1S,2,0.5,0.5503,0.44,0.7,0.5,58.85
LEVIATÁN,Sunset,2025,kayo|neon|omen|sova|vyse,"['kayo', 'neon', 'omen', 'sova', 'vyse']",2,1,3,0.6666666666666666,3,1.0,0.4362,0.4362,1,2,1,1,1D-2I-1C-1S,3,1.0,0.5503,0.6154,1.0,1.0,63.38
LOUD,Ascent,2025,cypher|jett|kayo|omen|sova,"['cypher', 'jett', 'kayo', 'omen', 'sova']",1,1,2,0.5,2,1.0,0.3457,0.3457,1,2,1,1,1D-2I-1C-1S,2,1.0,0.4167,0.45,1.0,1.0,47.49
LOUD,Bind,2025,brimstone|deadlock|kayo|raze|skye,"['brimstone', 'deadlock', 'kayo', 'raze', 'skye']",0,1,1,0.0,4,0.25,0.2181,0.0545,1,2,1,1,1D-2I-1C-1S,1,0.25,0.4167,0.4348,0.7,0.25,38.83
LOUD,Bind,2025,brimstone|gekko|raze|skye|viper,"['brimstone', 'gekko', 'raze', 'skye', 'viper']",1,2,3,0.3333333333333333,4,0.75,0.4362,0.3272,1,2,2,0,1D-2I-2C-0S,3,0.75,0.4167,0.4348,0.9,0.75,42.41
LOUD,Corrode,2025,fade|neon|omen|viper|vyse,"['fade', 'neon', 'omen', 'viper', 'vyse']",0,1,1,0.0,1,1.0,0.2181,0.2181,1,1,2,1,1D-1I-2C-1S,1,1.0,0.4167,0.4545,1.0,1.0,35.79
LOUD,Fracture,2025,breach|brimstone|cypher|neon|tejo,"['breach', 'brimstone', 'cypher', 'neon', 'tejo']",1,0,1,1.0,1,1.0,0.2181,0.2181,1,2,1,1,1D-2I-1C-1S,1,1.0,0.4167,0.5455,1.0,1.0,53.6
LOUD,Haven,2025,breach|cypher|jett|omen|sova,"['breach', 'cypher', 'jett', 'omen', 'sova']",1,2,3,0.3333333333333333,7,0.4286,0.4362,0.187,1,2,1,1,1D-2I-1C-1S,7,1.0,0.4167,0.3913,0.8286,0.4286,37.69
LOUD,Haven,2025,breach|cypher|neon|omen|sova,"['breach', 'cypher', 'neon', 'omen', 'sova']",0,2,2,0.0,7,0.2857,0.3457,0.0988,1,2,1,1,1D-2I-1C-1S,7,1.0,0.4167,0.3913,0.8571,0.5714,34.03
LOUD,Haven,2025,breach|cypher|neon|omen|tejo,"['breach', 'cypher', 'neon', 'omen', 'tejo']",1,1,2,0.5,7,0.2857,0.3457,0.0988,1,2,1,1,1D-2I-1C-1S,7,1.0,0.4167,0.3913,0.7714,0.2857,39.91
LOUD,Icebox,2025,jett|killjoy|omen|sova|viper,"['jett', 'killjoy', 'omen', 'sova', 'viper']",1,1,2,0.5,3,0.6667,0.3457,0.2305,1,1,2,1,1D-1I-2C-1S,2,0.6667,0.4167,0.48,0.8667,0.6667,52.94
LOUD,Icebox,2025,killjoy|reyna|sova|tejo|viper,"['killjoy', 'reyna', 'sova', 'tejo', 'viper']",0,1,1,0.0,3,0.3333,0.2181,0.0727,1,2,1,1,1D-2I-1C-1S,1,0.3333,0.4167,0.48,0.7333,0.3333,38.83
LOUD,Lotus,2025,breach|cypher|fade|neon|omen,"['breach', 'cypher', 'fade', 'neon', 'omen']",0,1,1,0.0,5,0.2,0.2181,0.0436,1,2,1,1,1D-2I-1C-1S,4,0.8,0.4167,0.5,0.68,0.4,49.77
LOUD,Lotus,2025,breach|cypher|fade|omen|raze,"['breach', 'cypher', 'fade', 'omen', 'raze']",1,0,1,1.0,5,0.2,0.2181,0.0436,1,2,1,1,1D-2I-1C-1S,4,0.8,0.4167,0.5,0.64,0.4,55.35
LOUD,Lotus,2025,breach|neon|omen|tejo|vyse,"['breach', 'neon', 'omen', 'tejo', 'vyse']",2,0,2,1.0,5,0.4,0.3457,0.1383,1,2,1,1,1D-2I-1C-1S,4,0.8,0.4167,0.5,0.68,0.4,58.61
LOUD,Lotus,2025,fade|omen|raze|viper|vyse,"['fade', 'omen', 'raze', 'viper', 'vyse']",0,1,1,0.0,5,0.2,0.2181,0.0436,1,1,2,1,1D-1I-2C-1S,1,0.2,0.4167,0.5,0.56,0.2,36.47
LOUD,Pearl,2025,astra|cypher|jett|kayo|sova,"['astra', 'cypher', 'jett', 'kayo', 'sova']",1,1,2,0.5,4,0.5,0.3457,0.1728,1,2,1,1,1D-2I-1C-1S,4,1.0,0.4167,0.4118,0.65,0.5,39.91
LOUD,Pearl,2025,astra|fade|tejo|vyse|yoru,"['astra', 'fade', 'tejo', 'vyse', 'yoru']",0,1,1,0.0,4,0.25,0.2181,0.0545,1,2,1,1,1D-2I-1C-1S,4,1.0,0.4167,0.4118,0.55,0.25,36.15
LOUD,Pearl,2025,astra|kayo|tejo|vyse|yoru,"['astra', 'kayo', 'tejo', 'vyse', 'yoru']",0,1,1,0.0,4,0.25,0.2181,0.0545,1,2,1,1,1D-2I-1C-1S,4,1.0,0.4167,0.4118,0.65,0.5,36.15
LOUD,Split,2025,astra|breach|cypher|raze|skye,"['astra', 'breach', 'cypher', 'raze', 'skye']",0,1,1,0.0,7,0.1429,0.2181,0.0312,1,2,1,1,1D-2I-1C-1S,3,0.4286,0.4167,0.36,0.5714,0.1429,47.28
LOUD,Split,2025,astra|breach|cypher|raze|tejo,"['astra', 'breach', 'cypher', 'raze', 'tejo']",2,0,2,1.0,7,0.2857,0.3457,0.0988,1,2,1,1,1D-2I-1C-1S,3,0.4286,0.4167,0.36,0.7143,0.4286,56.26
LOUD,Split,2025,astra|breach|raze|tejo|viper,"['astra', 'breach', 'raze', 'tejo', 'viper']",0,1,1,0.0,7,0.1429,0.2181,0.0312,1,2,2,0,1D-2I-2C-0S,4,0.5714,0.4167,0.36,0.7429,0.5714,31.02
LOUD,Split,2025,breach|jett|omen|tejo|viper,"['breach', 'jett', 'omen', 'tejo', 'viper']",0,2,2,0.0,7,0.2857,0.3457,0.0988,1,2,2,0,1D-2I-2C-0S,4,0.5714,0.4167,0.36,0.6286,0.2857,29.2
LOUD,Split,2025,breach|omen|raze|tejo|viper,"['breach', 'omen', 'raze', 'tejo', 'viper']",0,1,1,0.0,7,0.1429,0.2181,0.0312,1,2,2,0,1D-2I-2C-0S,4,0.5714,0.4167,0.36,0.7143,0.4286,31.02
LOUD,Sunset,2025,breach|cypher|neon|omen|sova,"['breach', 'cypher', 'neon', 'omen', 'sova']",1,1,2,0.5,2,1.0,0.3457,0.3457,1,2,1,1,1D-2I-1C-1S,2,1.0,0.4167,0.4762,1.0,1.0,47.2
MIBR,Abyss,2025,astra|cypher|jett|kayo|sova,"['astra', 'cypher', 'jett', 'kayo', 'sova']",4,3,7,0.5714285714285714,7,1.0,0.6543,0.6543,1,2,1,1,1D-2I-1C-1S,7,1.0,0.4589,0.4762,1.0,1.0,51.23
MIBR,Ascent,2025,cypher|jett|kayo|omen|sova,"['cypher', 'jett', 'kayo', 'omen', 'sova']",0,2,2,0.0,5,0.4,0.3457,0.1383,1,2,1,1,1D-2I-1C-1S,5,1.0,0.4589,0.3,0.84,0.4,23.39
MIBR,Ascent,2025,jett|kayo|killjoy|omen|sova,"['jett', 'kayo', 'killjoy', 'omen', 'sova']",0,1,1,0.0,5,0.2,0.2181,0.0436,1,2,1,1,1D-2I-1C-1S,5,1.0,0.4589,0.3,0.8,0.2,23.39
MIBR,Ascent,2025,jett|kayo|omen|sova|vyse,"['jett', 'kayo', 'omen', 'sova', 'vyse']",0,1,1,0.0,5,0.2,0.2181,0.0436,1,2,1,1,1D-2I-1C-1S,5,1.0,0.4589,0.3,0.84,0.4,24.85
MIBR,Ascent,2025,jett|kayo|omen|tejo|vyse,"['jett', 'kayo', 'omen', 'tejo', 'vyse']",0,1,1,0.0,5,0.2,0.2181,0.0436,1,2,1,1,1D-2I-1C-1S,5,1.0,0.4589,0.3,0.72,0.2,24.85
MIBR,Bind,2025,brimstone|cypher|deadlock|raze|skye,"['brimstone', 'cypher', 'deadlock', 'raze', 'skye']",0,1,1,0.0,6,0.1667,0.2181,0.0364,1,1,1,2,1D-1I-1C-2S,1,0.1667,0.4589,0.4583,0.5667,0.1667,48.51
MIBR,Bind,2025,brimstone|fade|raze|viper|yoru,"['brimstone', 'fade', 'raze', 'viper', 'yoru']",1,2,3,0.3333333333333333,6,0.5,0.4362,0.2181,2,1,2,0,2D-1I-2C-0S,5,0.8333,0.4589,0.4583,0.8333,0.5,49.53
MIBR,Bind,2025,brimstone|raze|skye|viper|yoru,"['brimstone', 'raze', 'skye', 'viper', 'yoru']",1,1,2,0.5,6,0.3333,0.3457,0.1152,2,1,2,0,2D-1I-2C-0S,5,0.8333,0.4589,0.4583,0.8333,0.5,46.5
MIBR,Corrode,2025,astra|fade|raze|vyse|yoru,"['astra', 'fade', 'raze', 'vyse', 'yoru']",1,0,1,1.0,5,0.2,0.2181,0.0436,2,1,1,1,2D-1I-1C-1S,1,0.2,0.4589,0.6111,0.2,0.2,53.3
MIBR,Corrode,2025,kayo|omen|sova|viper|waylay,"['kayo', 'omen', 'sova', 'viper', 'waylay']",3,1,4,0.75,5,0.8,0.5064,0.4051,1,2,2,0,1D-2I-2C-0S,4,0.8,0.4589,0.6111,0.8,0.8,62.15
MIBR,Haven,2025,breach|cypher|jett|omen|sova,"['breach', 'cypher', 'jett', 'omen', 'sova']",0,1,1,0.0,9,0.1111,0.2181,0.0242,1,2,1,1,1D-2I-1C-1S,5,0.5556,0.4589,0.48,0.6667,0.5556,45.25
MIBR,Haven,2025,breach|cypher|jett|omen|tejo,"['breach', 'cypher', 'jett', 'omen', 'tejo']",3,1,4,0.75,9,0.4444,0.5064,0.225,1,2,1,1,1D-2I-1C-1S,5,0.5556,0.4589,0.48,0.6444,0.4444,53.9
MIBR,Haven,2025,cypher|iso|omen|sova|yoru,"['cypher', 'iso', 'omen', 'sova', 'yoru']",0,1,1,0.0,9,0.1111,0.2181,0.0242,2,1,1,1,2D-1I-1C-1S,1,0.1111,0.4589,0.48,0.4889,0.1111,43.66
MIBR,Haven,2025,killjoy|neon|omen|sova|viper,"['killjoy', 'neon', 'omen', 'sova', 'viper']",2,1,3,0.6666666666666666,9,0.3333,0.4362,0.1454,1,1,2,1,1D-1I-2C-1S,3,0.3333,0.4589,0.48,0.5111,0.3333,43.26
MIBR,Icebox,2025,harbor|jett|killjoy|sova|viper,"['harbor', 'jett', 'killjoy', 'sova', 'viper']",7,1,8,0.875,8,1.0,0.6914,0.6914,1,1,2,1,1D-1I-2C-1S,8,1.0,0.4589,0.5,1.0,1.0,70.47
MIBR,Lotus,2025,breach|cypher|fade|omen|raze,"['breach', 'cypher', 'fade', 'omen', 'raze']",0,1,1,0.0,10,0.1,0.2181,0.0218,1,2,1,1,1D-2I-1C-1S,3,0.3,0.4589,0.4,0.58,0.2,37.79
MIBR,Lotus,2025,breach|cypher|jett|omen|raze,"['breach', 'cypher', 'jett', 'omen', 'raze']",0,1,1,0.0,10,0.1,0.2181,0.0218,2,1,1,1,2D-1I-1C-1S,3,0.3,0.4589,0.4,0.52,0.1,36.96
MIBR,Lotus,2025,breach|killjoy|omen|raze|tejo,"['breach', 'killjoy', 'omen', 'raze', 'tejo']",0,1,1,0.0,10,0.1,0.2181,0.0218,1,2,1,1,1D-2I-1C-1S,3,0.3,0.4589,0.4,0.58,0.1,37.79
MIBR,Lotus,2025,breach|neon|omen|tejo|viper,"['breach', 'neon', 'omen', 'tejo', 'viper']",1,2,3,0.3333333333333333,10,0.3,0.4362,0.1309,1,2,2,0,1D-2I-2C-0S,3,0.3,0.4589,0.4,0.6,0.4,42.93
MIBR,Lotus,2025,breach|neon|omen|tejo|vyse,"['breach', 'neon', 'omen', 'tejo', 'vyse']",1,0,1,1.0,10,0.1,0.2181,0.0218,1,2,1,1,1D-2I-1C-1S,3,0.3,0.4589,0.4,0.6,0.4,44.04
MIBR,Lotus,2025,fade|omen|raze|viper|vyse,"['fade', 'omen', 'raze', 'viper', 'vyse']",0,1,1,0.0,10,0.1,0.2181,0.0218,1,1,2,1,1D-1I-2C-1S,1,0.1,0.4589,0.4,0.56,0.4,47.23
MIBR,Lotus,2025,fade|omen|raze|vyse|yoru,"['fade', 'omen', 'raze', 'vyse', 'yoru']",0,2,2,0.0,10,0.2,0.3457,0.0691,2,1,1,1,2D-1I-1C-1S,3,0.3,0.4589,0.4,0.52,0.2,34.79
MIBR,Pearl,2025,astra|jett|kayo|killjoy|sova,"['astra', 'jett', 'kayo', 'killjoy', 'sova']",3,0,3,1.0,5,0.6,0.4362,0.2617,1,2,1,1,1D-2I-1C-1S,5,1.0,0.4589,0.6,0.76,0.6,62.45
MIBR,Pearl,2025,astra|kayo|tejo|vyse|waylay,"['astra', 'kayo', 'tejo', 'vyse', 'waylay']",1,1,2,0.5,5,0.4,0.3457,0.1383,1,2,1,1,1D-2I-1C-1S,5,1.0,0.4589,0.6,0.64,0.4,54.36
MIBR,Split,2025,astra|breach|cypher|jett|tejo,"['astra', 'breach', 'cypher', 'jett', 'tejo']",1,0,1,1.0,9,0.1111,0.2181,0.0242,1,2,1,1,1D-2I-1C-1S,1,0.1111,0.4589,0.5,0.5556,0.1111,50.91
MIBR,Split,2025,astra|jett|raze|skye|viper,"['astra', 'jett', 'raze', 'skye', 'viper']",3,1,4,0.75,9,0.4444,0.5064,0.225,2,1,2,0,2D-1I-2C-0S,4,0.4444,0.4589,0.5,0.6667,0.4444,50.04
MIBR,Split,2025,breach|jett|omen|tejo|viper,"['breach', 'jett', 'omen', 'tejo', 'viper']",2,2,4,0.5,9,0.4444,0.5064,0.225,1,2,2,0,1D-2I-2C-0S,4,0.4444,0.4589,0.5,0.6889,0.4444,49.04
MIBR,Sunset,2025,breach|cypher|neon|omen|sova,"['breach', 'cypher', 'neon', 'omen', 'sova']",0,1,1,0.0,6,0.1667,0.2181,0.0364,1,2,1,1,1D-2I-1C-1S,2,0.3333,0.4589,0.4286,0.7667,0.1667,28.4
MIBR,Sunset,2025,cypher|gekko|omen|raze|sova,"['cypher', 'gekko', 'omen', 'raze', 'sova']",0,1,1,0.0,6,0.1667,0.2181,0.0364,1,2,1,1,1D-2I-1C-1S,2,0.3333,0.4589,0.4286,0.7,0.1667,28.4
MIBR,Sunset,2025,cypher|neon|omen|sova|viper,"['cypher', 'neon', 'omen', 'sova', 'viper']",3,0,3,1.0,6,0.5,0.4362,0.2181,1,1,2,1,1D-1I-2C-1S,3,0.5,0.4589,0.4286,0.8333,0.5,66.44
MIBR,Sunset,2025,cypher|omen|raze|sova|yoru,"['cypher', 'omen', 'raze', 'sova', 'yoru']",0,1,1,0.0,6,0.1667,0.2181,0.0364,2,1,1,1,2D-1I-1C-1S,1,0.1667,0.4589,0.4286,0.7,0.1667,38.52
Mega Minors,Abyss,2025,harbor|omen|sova|vyse|yoru,"['harbor', 'omen', 'sova', 'vyse', 'yoru']",3,2,5,0.6,5,1.0,0.5638,0.5638,1,1,2,1,1D-1I-2C-1S,5,1.0,0.5714,0.5909,1.0,1.0,58.55
Mega Minors,Ascent,2025,cypher|jett|kayo|omen|sova,"['cypher', 'jett', 'kayo', 'omen', 'sova']",0,1,1,0.0,5,0.2,0.2181,0.0436,1,2,1,1,1D-2I-1C-1S,5,1.0,0.5714,0.4375,0.84,0.2,42.7
Mega Minors,Ascent,2025,jett|kayo|omen|sova|vyse,"['jett', 'kayo', 'omen', 'sova', 'vyse']",2,2,4,0.5,5,0.8,0.5064,0.4051,1,2,1,1,1D-2I-1C-1S,5,1.0,0.5714,0.4375,0.96,0.8,46.49
Mega Minors,Bind,2025,brimstone|fade|kayo|raze|viper,"['brimstone', 'fade', 'kayo', 'raze', 'viper']",2,4,6,0.3333333333333333,6,1.0,0.6123,0.6123,1,2,2,0,1D-2I-2C-0S,6,1.0,0.5714,0.4211,1.0,1.0,43.34
Mega Minors,Corrode,2025,kayo|omen|sova|viper|waylay,"['kayo', 'omen', 'sova', 'viper', 'waylay']",8,0,8,1.0,8,1.0,0.6914,0.6914,1,2,2,0,1D-2I-2C-0S,8,1.0,0.5714,0.6667,1.0,1.0,78.99
Mega Minors,Fracture,2025,breach|brimstone|cypher|raze|tejo,"['breach', 'brimstone', 'cypher', 'raze', 'tejo']",2,2,4,0.5,5,0.8,0.5064,0.4051,1,2,1,1,1D-2I-1C-1S,5,1.0,0.5714,0.5556,0.92,0.8,46.49
Mega Minors,Fracture,2025,breach|brimstone|killjoy|raze|sova,"['breach', 'brimstone', 'killjoy', 'raze', 'sova']",0,1,1,0.0,5,0.2,0.2181,0.0436,1,2,1,1,1D-2I-1C-1S,5,1.0,0.5714,0.5556,0.68,0.2,42.7
Mega Minors,Haven,2025,breach|cypher|jett|omen|tejo,"['breach', 'cypher', 'jett', 'omen', 'tejo']",0,1,1,0.0,10,0.1,0.2181,0.0218,1,2,1,1,1D-2I-1C-1S,2,0.2,0.5714,0.5556,0.36,0.1,45.56
Mega Minors,Haven,2025,breach|cypher|neon|omen|sova,"['breach', 'cypher', 'neon', 'omen', 'sova']",1,0,1,1.0,10,0.1,0.2181,0.0218,1,2,1,1,1D-2I-1C-1S,2,0.2,0.5714,0.5556,0.64,0.2,51.81
Mega Minors,Haven,2025,cypher|jett|omen|sova|yoru,"['cypher', 'jett', 'omen', 'sova', 'yoru']",0,1,1,0.0,10,0.1,0.2181,0.0218,2,1,1,1,2D-1I-1C-1S,1,0.1,0.5714,0.5556,0.5,0.1,63.1
Mega Minors,Haven,2025,killjoy|neon|omen|sova|viper,"['killjoy', 'neon', 'omen', 'sova', 'viper']",3,4,7,0.42857142857142855,10,0.7,0.6543,0.458,1,1,2,1,1D-1I-2C-1S,7,0.7,0.5714,0.5556,0.82,0.7,55.24
Mega Minors,Icebox,2025,gekko|kayo|killjoy|reyna|viper,"['gekko', 'kayo', 'killjoy', 'reyna', 'viper']",1,0,1,1.0,5,0.2,0.2181,0.0436,1,2,1,1,1D-2I-1C-1S,1,0.2,0.5714,0.6,0.52,0.2,55.96
Mega Minors,Icebox,2025,harbor|jett|killjoy|sova|viper,"['harbor', 'jett', 'killjoy', 'sova', 'viper']",3,1,4,0.75,5,0.8,0.5064,0.4051,1,1,2,1,1D-1I-2C-1S,4,0.8,0.5714,0.6,0.88,0.8,64.9
Mega Minors,Lotus,2025,breach|neon|omen|tejo|vyse,"['breach', 'neon', 'omen', 'tejo', 'vyse']",1,1,2,0.5,14,0.1429,0.3457,0.0494,1,2,1,1,1D-2I-1C-1S,4,0.2857,0.5714,0.5862,0.5429,0.1429,42.64
Mega Minors,Lotus,2025,breach|omen|raze|tejo|vyse,"['breach', 'omen', 'raze', 'tejo', 'vyse']",0,2,2,0.0,14,0.1429,0.3457,0.0494,1,2,1,1,1D-2I-1C-1S,4,0.2857,0.5714,0.5862,0.6857,0.2857,36.76
Mega Minors,Lotus,2025,fade|omen|raze|viper|vyse,"['fade', 'omen', 'raze', 'viper', 'vyse']",8,2,10,0.8,14,0.7143,0.7545,0.5389,1,1,2,1,1D-1I-2C-1S,10,0.7143,0.5714,0.5862,0.8571,0.7143,72.1
Mega Minors,Pearl,2025,astra|breach|jett|tejo|vyse,"['astra', 'breach', 'jett', 'tejo', 'vyse']",1,0,1,1.0,3,0.3333,0.2181,0.0727,1,2,1,1,1D-2I-1C-1S,1,0.3333,0.5714,0.5833,0.5333,0.3333,60.93
Mega Minors,Pearl,2025,astra|jett|killjoy|sova|yoru,"['astra', 'jett', 'killjoy', 'sova', 'yoru']",1,0,1,1.0,3,0.3333,0.2181,0.0727,2,1,1,1,2D-1I-1C-1S,2,0.6667,0.5714,0.5833,0.7333,0.6667,64.24
Mega Minors,Pearl,2025,astra|killjoy|neon|sova|yoru,"['astra', 'killjoy', 'neon', 'sova', 'yoru']",0,1,1,0.0,3,0.3333,0.2181,0.0727,2,1,1,1,2D-1I-1C-1S,2,0.6667,0.5714,0.5833,0.6667,0.3333,57.99
Mega Minors,Sunset,2025,breach|cypher|neon|omen|sova,"['breach', 'cypher', 'neon', 'omen', 'sova']",1,2,3,0.3333333333333333,5,0.6,0.4362,0.2617,1,2,1,1,1D-2I-1C-1S,4,0.8,0.5714,0.4,0.88,0.8,40.27
Mega Minors,Sunset,2025,breach|cypher|omen|raze|sova,"['breach', 'cypher', 'omen', 'raze', 'sova']",0,1,1,0.0,5,0.2,0.2181,0.0436,1,2,1,1,1D-2I-1C-1S,4,0.8,0.5714,0.4,0.76,0.2,39.06
Mega Minors,Sunset,2025,deadlock|neon|omen|sova|viper,"['deadlock', 'neon', 'omen', 'sova', 'viper']",0,1,1,0.0,5,0.2,0.2181,0.0436,1,1,2,1,1D-1I-2C-1S,1,0.2,0.5714,0.4,0.64,0.2,48.66
Natus Vincere,Abyss,2025,astra|jett|kayo|omen|sova,"['astra', 'jett', 'kayo', 'omen', 'sova']",1,0,1,1.0,1,1.0,0.2181,0.2181,1,2,2,0,1D-2I-2C-0S,1,1.0,0.4628,0.5,1.0,1.0,53.14
Natus Vincere,Ascent,2025,cypher|deadlock|omen|tejo|yoru,"['cypher', 'deadlock', 'omen', 'tejo', 'yoru']",1,1,2,0.5,5,0.4,0.3457,0.1383,1,1,1,2,1D-1I-1C-2S,2,0.4,0.4628,0.5217,0.64,0.4,56.08
Natus Vincere,Ascent,2025,cypher|jett|kayo|omen|sova,"['cypher', 'jett', 'kayo', 'omen', 'sova']",2,1,3,0.6666666666666666,5,0.6,0.4362,0.2617,1,2,1,1,1D-2I-1C-1S,3,0.6,0.4628,0.5217,0.76,0.6,51.51
Natus Vincere,Bind,2025,brimstone|gekko|kayo|raze|vyse,"['brimstone', 'gekko', 'kayo', 'raze', 'vyse']",0,1,1,0.0,4,0.25,0.2181,0.0545,1,2,1,1,1D-2I-1C-1S,1,0.25,0.4628,0.44,0.55,0.25,30.92
Natus Vincere,Bind,2025,fade|kayo|omen|raze|viper,"['fade', 'kayo', 'omen', 'raze', 'viper']",2,1,3,0.6666666666666666,4,0.75,0.4362,0.3272,1,2,2,0,1D-2I-2C-0S,3,0.75,0.4628,0.44,0.85,0.75,48.62
Natus Vincere,Corrode,2025,cypher|fade|jett|kayo|omen,"['cypher', 'fade', 'jett', 'kayo', 'omen']",1,1,2,0.5,4,0.5,0.3457,0.1728,1,2,1,1,1D-2I-1C-1S,2,0.5,0.4628,0.5,0.7,0.5,39.91
Natus Vincere,Corrode,2025,fade|gekko|omen|raze|viper,"['fade', 'gekko', 'omen', 'raze', 'viper']",1,1,2,0.5,4,0.5,0.3457,0.1728,1,2,2,0,1D-2I-2C-0S,2,0.5,0.4628,0.5,0.7,0.5,50.01
Natus Vincere,Fracture,2025,breach|brimstone|cypher|fade|raze,"['breach', 'brimstone', 'cypher', 'fade', 'raze']",1,3,4,0.25,4,1.0,0.5064,0.5064,1,2,1,1,1D-2I-1C-1S,4,1.0,0.4628,0.4667,1.0,1.0,31.36
Natus Vincere,Haven,2025,breach|cypher|omen|sova|yoru,"['breach', 'cypher', 'omen', 'sova', 'yoru']",0,1,1,0.0,8,0.125,0.2181,0.0273,1,2,1,1,1D-2I-1C-1S,1,0.125,0.4628,0.5,0.625,0.125,30.92
Natus Vincere,Haven,2025,cypher|omen|sova|vyse|yoru,"['cypher', 'omen', 'sova', 'vyse', 'yoru']",2,1,3,0.6666666666666666,8,0.375,0.4362,0.1636,1,1,1,2,1D-1I-1C-2S,3,0.375,0.4628,0.5,0.675,0.375,61.28
Natus Vincere,Haven,2025,killjoy|neon|omen|sova|viper,"['killjoy', 'neon', 'omen', 'sova', 'viper']",2,2,4,0.5,8,0.5,0.5064,0.2532,1,1,2,1,1D-1I-2C-1S,4,0.5,0.4628,0.5,0.7,0.5,49.04
Natus Vincere,Icebox,2025,gekko|killjoy|omen|tejo|viper,"['gekko', 'killjoy', 'omen', 'tejo', 'viper']",2,1,3,0.6666666666666666,8,0.375,0.4362,0.1636,0,2,2,1,0D-2I-2C-1S,3,0.375,0.4628,0.5789,0.625,0.375,53.83
Natus Vincere,Icebox,2025,jett|killjoy|sage|sova|viper,"['jett', 'killjoy', 'sage', 'sova', 'viper']",4,1,5,0.8,8,0.625,0.5638,0.3524,1,1,1,2,1D-1I-1C-2S,5,0.625,0.4628,0.5789,0.775,0.625,69.13
Natus Vincere,Lotus,2025,astra|chamber|fade|omen|raze,"['astra', 'chamber', 'fade', 'omen', 'raze']",0,1,1,0.0,3,0.3333,0.2181,0.0727,1,1,2,1,1D-1I-2C-1S,1,0.3333,0.4628,0.3636,0.6,0.3333,42.15
Natus Vincere,Lotus,2025,astra|omen|sage|tejo|vyse,"['astra', 'omen', 'sage', 'tejo', 'vyse']",0,1,1,0.0,3,0.3333,0.2181,0.0727,0,1,2,2,0D-1I-2C-2S,1,0.3333,0.4628,0.3636,0.6,0.3333,36.35
Natus Vincere,Lotus,2025,cypher|deadlock|omen|raze|tejo,"['cypher', 'deadlock', 'omen', 'raze', 'tejo']",0,1,1,0.0,3,0.3333,0.2181,0.0727,1,1,1,2,1D-1I-1C-2S,1,0.3333,0.4628,0.3636,0.6,0.3333,49.66
Natus Vincere,Pearl,2025,astra|jett|kayo|killjoy|sova,"['astra', 'jett', 'kayo', 'killjoy', 'sova']",0,1,1,0.0,3,0.3333,0.2181,0.0727,1,2,1,1,1D-2I-1C-1S,3,1.0,0.4628,0.4,0.7333,0.3333,28.93
Natus Vincere,Pearl,2025,astra|killjoy|sova|tejo|yoru,"['astra', 'killjoy', 'sova', 'tejo', 'yoru']",1,1,2,0.5,3,0.6667,0.3457,0.2305,1,2,1,1,1D-2I-1C-1S,3,1.0,0.4628,0.4,0.8667,0.6667,33.11
Natus Vincere,Split,2025,astra|fade|omen|raze|vyse,"['astra', 'fade', 'omen', 'raze', 'vyse']",3,2,5,0.6,5,1.0,0.5638,0.5638,1,1,2,1,1D-1I-2C-1S,5,1.0,0.4628,0.5556,1.0,1.0,59.58
Natus Vincere,Sunset,2025,breach|cypher|fade|omen|raze,"['breach', 'cypher', 'fade', 'omen', 'raze']",1,1,2,0.5,4,0.5,0.3457,0.1728,1,2,1,1,1D-2I-1C-1S,4,1.0,0.4628,0.4,0.7,0.5,36.66
Natus Vincere,Sunset,2025,cypher|kayo|neon|omen|sova,"['cypher', 'kayo', 'neon', 'omen', 'sova']",0,2,2,0.0,4,0.5,0.3457,0.1728,1,2,1,1,1D-2I-1C-1S,4,1.0,0.4628,0.4,0.7,0.5,32.8
Nongshim RedForce,Ascent,2025,cypher|harbor|omen|tejo|yoru,"['cypher', 'harbor', 'omen', 'tejo', 'yoru']",0,1,1,0.0,6,0.1667,0.2181,0.0364,1,1,2,1,1D-1I-2C-1S,5,0.8333,0.5816,0.5,0.4,0.1667,52.73
Nongshim RedForce,Ascent,2025,cypher|kayo|omen|tejo|waylay,"['cypher', 'kayo', 'omen', 'tejo', 'waylay']",0,1,1,0.0,6,0.1667,0.2181,0.0364,1,2,1,1,1D-2I-1C-1S,1,0.1667,0.5816,0.5,0.4,0.1667,38.61
Nongshim RedForce,Ascent,2025,killjoy|neon|omen|sova|viper,"['killjoy', 'neon', 'omen', 'sova', 'viper']",3,1,4,0.75,6,0.6667,0.5064,0.3376,1,1,2,1,1D-1I-2C-1S,5,0.8333,0.5816,0.5,0.7333,0.6667,60.19
Nongshim RedForce,Bind,2025,astra|cypher|deadlock|kayo|raze,"['astra', 'cypher', 'deadlock', 'kayo', 'raze']",1,0,1,1.0,4,0.25,0.2181,0.0545,1,1,1,2,1D-1I-1C-2S,2,0.5,0.5816,0.6111,0.55,0.25,62.83
Nongshim RedForce,Bind,2025,astra|deadlock|kayo|raze|viper,"['astra', 'deadlock', 'kayo', 'raze', 'viper']",1,0,1,1.0,4,0.25,0.2181,0.0545,1,1,2,1,1D-1I-2C-1S,2,0.5,0.5816,0.6111,0.6,0.5,56.54
Nongshim RedForce,Bind,2025,brimstone|deadlock|fade|raze|vyse,"['brimstone', 'deadlock', 'fade', 'raze', 'vyse']",0,1,1,0.0,4,0.25,0.2181,0.0545,1,1,1,2,1D-1I-1C-2S,2,0.5,0.5816,0.6111,0.6,0.5,56.58
Nongshim RedForce,Bind,2025,brimstone|fade|neon|viper|vyse,"['brimstone', 'fade', 'neon', 'viper', 'vyse']",0,1,1,0.0,4,0.25,0.2181,0.0545,1,1,2,1,1D-1I-2C-1S,2,0.5,0.5816,0.6111,0.45,0.25,50.29
Nongshim RedForce,Corrode,2025,deadlock|fade|neon|omen|viper,"['deadlock', 'fade', 'neon', 'omen', 'viper']",1,1,2,0.5,3,0.6667,0.3457,0.2305,1,1,2,1,1D-1I-2C-1S,3,1.0,0.5816,0.6111,0.9333,0.6667,56.36
Nongshim RedForce,Corrode,2025,deadlock|neon|omen|sova|viper,"['deadlock', 'neon', 'omen', 'sova', 'viper']",1,0,1,1.0,3,0.3333,0.2181,0.0727,1,1,2,1,1D-1I-2C-1S,3,1.0,0.5816,0.6111,0.8667,0.3333,59.88
Nongshim RedForce,Fracture,2025,breach|brimstone|cypher|neon|tejo,"['breach', 'brimstone', 'cypher', 'neon', 'tejo']",0,1,1,0.0,3,0.3333,0.2181,0.0727,1,2,1,1,1D-2I-1C-1S,3,1.0,0.5816,0.4375,0.8667,0.6667,47.39
Nongshim RedForce,Fracture,2025,breach|brimstone|cypher|raze|tejo,"['breach', 'brimstone', 'cypher', 'raze', 'tejo']",0,1,1,0.0,3,0.3333,0.2181,0.0727,1,2,1,1,1D-2I-1C-1S,3,1.0,0.5816,0.4375,0.8,0.3333,40.81
Nongshim RedForce,Fracture,2025,breach|brimstone|killjoy|neon|tejo,"['breach', 'brimstone', 'killjoy', 'neon', 'tejo']",0,1,1,0.0,3,0.3333,0.2181,0.0727,1,2,1,1,1D-2I-1C-1S,3,1.0,0.5816,0.4375,0.8,0.3333,40.81
Nongshim RedForce,Haven,2025,breach|cypher|neon|omen|sova,"['breach', 'cypher', 'neon', 'omen', 'sova']",1,1,2,0.5,4,0.5,0.3457,0.1728,1,2,1,1,1D-2I-1C-1S,3,0.75,0.5816,0.5238,0.85,0.5,47.04
Nongshim RedForce,Haven,2025,cypher|neon|omen|sova|tejo,"['cypher', 'neon', 'omen', 'sova', 'tejo']",1,0,1,1.0,4,0.25,0.2181,0.0545,1,2,1,1,1D-2I-1C-1S,3,0.75,0.5816,0.5238,0.8,0.25,49.98
Nongshim RedForce,Haven,2025,killjoy|neon|omen|sova|viper,"['killjoy', 'neon', 'omen', 'sova', 'viper']",0,1,1,0.0,4,0.25,0.2181,0.0545,1,1,2,1,1D-1I-2C-1S,1,0.25,0.5816,0.5238,0.7,0.25,46.34
Nongshim RedForce,Icebox,2025,harbor|jett|killjoy|sova|viper,"['harbor', 'jett', 'killjoy', 'sova', 'viper']",0,2,2,0.0,3,0.6667,0.3457,0.2305,1,1,2,1,1D-1I-2C-1S,2,0.6667,0.5816,0.3846,0.8667,0.6667,39.98
Nongshim RedForce,Icebox,2025,jett|kayo|killjoy|tejo|viper,"['jett', 'kayo', 'killjoy', 'tejo', 'viper']",0,1,1,0.0,3,0.3333,0.2181,0.0727,1,2,1,1,1D-2I-1C-1S,1,0.3333,0.5816,0.3846,0.7333,0.3333,38.61
Nongshim RedForce,Lotus,2025,astra|fade|neon|omen|vyse,"['astra', 'fade', 'neon', 'omen', 'vyse']",2,0,2,1.0,12,0.1667,0.3457,0.0576,1,1,2,1,1D-1I-2C-1S,9,0.75,0.5816,0.5,0.6167,0.1667,64.88
Nongshim RedForce,Lotus,2025,breach|cypher|fade|omen|waylay,"['breach', 'cypher', 'fade', 'omen', 'waylay']",1,0,1,1.0,12,0.0833,0.2181,0.0182,1,2,1,1,1D-2I-1C-1S,1,0.0833,0.5816,0.5,0.4833,0.1667,49.46
Nongshim RedForce,Lotus,2025,breach|fade|omen|viper|waylay,"['breach', 'fade', 'omen', 'viper', 'waylay']",0,1,1,0.0,12,0.0833,0.2181,0.0182,1,2,2,0,1D-2I-2C-0S,1,0.0833,0.5816,0.5,0.5667,0.1667,38.79
Nongshim RedForce,Lotus,2025,cypher|fade|iso|neon|omen,"['cypher', 'fade', 'iso', 'neon', 'omen']",0,1,1,0.0,12,0.0833,0.2181,0.0182,2,1,1,1,2D-1I-1C-1S,1,0.0833,0.5816,0.5,0.6,0.0833,52.63
Nongshim RedForce,Lotus,2025,cypher|fade|neon|omen|viper,"['cypher', 'fade', 'neon', 'omen', 'viper']",0,1,1,0.0,12,0.0833,0.2181,0.0182,1,1,2,1,1D-1I-2C-1S,9,0.75,0.5816,0.5,0.7167,0.25,56.43
Nongshim RedForce,Lotus,2025,deadlock|fade|neon|omen|viper,"['deadlock', 'fade', 'neon', 'omen', 'viper']",2,1,3,0.6666666666666666,12,0.25,0.4362,0.109,1,1,2,1,1D-1I-2C-1S,9,0.75,0.5816,0.5,0.75,0.4167,61.27
Nongshim RedForce,Lotus,2025,deadlock|neon|omen|sova|viper,"['deadlock', 'neon', 'omen', 'sova', 'viper']",1,1,2,0.5,12,0.1667,0.3457,0.0576,1,1,2,1,1D-1I-2C-1S,9,0.75,0.5816,0.5,0.6167,0.1667,59.0
Nongshim RedForce,Lotus,2025,fade|neon|omen|viper|vyse,"['fade', 'neon', 'omen', 'viper', 'vyse']",1,0,1,1.0,12,0.0833,0.2181,0.0182,1,1,2,1,1D-1I-2C-1S,9,0.75,0.5816,0.5,0.7167,0.25,62.68
Nongshim RedForce,Pearl,2025,astra|killjoy|neon|skye|vyse,"['astra', 'killjoy', 'neon', 'skye', 'vyse']",1,0,1,1.0,7,0.1429,0.2181,0.0312,1,1,1,2,1D-1I-1C-2S,6,0.8571,0.5816,0.7,0.8,0.1429,72.12
Nongshim RedForce,Pearl,2025,astra|killjoy|neon|sova|vyse,"['astra', 'killjoy', 'neon', 'sova', 'vyse']",2,0,2,1.0,7,0.2857,0.3457,0.0988,1,1,1,2,1D-1I-1C-2S,6,0.8571,0.5816,0.7,0.8571,0.4286,73.76
Nongshim RedForce,Pearl,2025,astra|killjoy|neon|tejo|vyse,"['astra', 'killjoy', 'neon', 'tejo', 'vyse']",2,1,3,0.6666666666666666,7,0.4286,0.4362,0.187,1,1,1,2,1D-1I-1C-2S,6,0.8571,0.5816,0.7,0.8857,0.5714,69.66
Nongshim RedForce,Pearl,2025,astra|neon|sova|tejo|vyse,"['astra', 'neon', 'sova', 'tejo', 'vyse']",1,0,1,1.0,7,0.1429,0.2181,0.0312,1,2,1,1,1D-2I-1C-1S,1,0.1429,0.5816,0.7,0.8,0.4286,53.38
Nongshim RedForce,Split,2025,astra|breach|cypher|neon|tejo,"['astra', 'breach', 'cypher', 'neon', 'tejo']",0,1,1,0.0,6,0.1667,0.2181,0.0364,1,2,1,1,1D-2I-1C-1S,2,0.3333,0.5816,0.5652,0.4667,0.1667,43.21
Nongshim RedForce,Split,2025,astra|cypher|fade|kayo|neon,"['astra', 'cypher', 'fade', 'kayo', 'neon']",1,0,1,1.0,6,0.1667,0.2181,0.0364,1,2,1,1,1D-2I-1C-1S,2,0.3333,0.5816,0.5652,0.3333,0.1667,49.46
Nongshim RedForce,Split,2025,deadlock|neon|omen|tejo|viper,"['deadlock', 'neon', 'omen', 'tejo', 'viper']",2,0,2,1.0,6,0.3333,0.3457,0.1152,1,1,2,1,1D-1I-2C-1S,4,0.6667,0.5816,0.5652,0.7,0.6667,64.94
Nongshim RedForce,Split,2025,deadlock|omen|tejo|viper|waylay,"['deadlock', 'omen', 'tejo', 'viper', 'waylay']",1,1,2,0.5,6,0.3333,0.3457,0.1152,1,1,2,1,1D-1I-2C-1S,4,0.6667,0.5816,0.5652,0.6333,0.3333,59.06
Nongshim RedForce,Sunset,2025,deadlock|neon|omen|sova|viper,"['deadlock', 'neon', 'omen', 'sova', 'viper']",0,1,1,0.0,1,1.0,0.2181,0.2181,1,1,2,1,1D-1I-2C-1S,1,1.0,0.5816,0.4545,1.0,1.0,46.34
Nova Esports,Abyss,2025,astra|cypher|jett|kayo|sova,"['astra', 'cypher', 'jett', 'kayo', 'sova']",1,1,2,0.5,2,1.0,0.3457,0.3457,1,2,1,1,1D-2I-1C-1S,2,1.0,0.3711,0.5385,1.0,1.0,44.07
Nova Esports,Ascent,2025,breach|killjoy|omen|tejo|yoru,"['breach', 'killjoy', 'omen', 'tejo', 'yoru']",1,1,2,0.5,4,0.5,0.3457,0.1728,1,2,1,1,1D-2I-1C-1S,4,1.0,0.3711,0.3636,0.7,0.5,32.46
Nova Esports,Ascent,2025,jett|kayo|killjoy|omen|sova,"['jett', 'kayo', 'killjoy', 'omen', 'sova']",0,1,1,0.0,4,0.25,0.2181,0.0545,1,2,1,1,1D-2I-1C-1S,4,1.0,0.3711,0.3636,0.65,0.25,28.24
Nova Esports,Ascent,2025,kayo|killjoy|omen|raze|sova,"['kayo', 'killjoy', 'omen', 'raze', 'sova']",0,1,1,0.0,4,0.25,0.2181,0.0545,1,2,1,1,1D-2I-1C-1S,4,1.0,0.3711,0.3636,0.65,0.25,28.24
Nova Esports,Bind,2025,brimstone|deadlock|raze|skye|vyse,"['brimstone', 'deadlock', 'raze', 'skye', 'vyse']",2,1,3,0.6666666666666666,4,0.75,0.4362,0.3272,1,1,1,2,1D-1I-1C-2S,3,0.75,0.3711,0.45,0.9,0.75,53.94
Nova Esports,Bind,2025,brimstone|fade|raze|viper|vyse,"['brimstone', 'fade', 'raze', 'viper', 'vyse']",0,1,1,0.0,4,0.25,0.2181,0.0545,1,1,2,1,1D-1I-2C-1S,1,0.25,0.3711,0.45,0.7,0.25,33.06
Nova Esports,Corrode,2025,fade|neon|omen|viper|vyse,"['fade', 'neon', 'omen', 'viper', 'vyse']",1,1,2,0.5,2,1.0,0.3457,0.3457,1,1,2,1,1D-1I-2C-1S,2,1.0,0.3711,0.4615,1.0,1.0,44.35
Nova Esports,Fracture,2025,breach|brimstone|cypher|neon|raze,"['breach', 'brimstone', 'cypher', 'neon', 'raze']",1,1,2,0.5,5,0.4,0.3457,0.1383,2,1,1,1,2D-1I-1C-1S,2,0.4,0.3711,0.4706,0.88,0.4,49.21
Nova Esports,Fracture,2025,breach|brimstone|cypher|neon|tejo,"['breach', 'brimstone', 'cypher', 'neon', 'tejo']",1,2,3,0.3333333333333333,5,0.6,0.4362,0.2617,1,2,1,1,1D-2I-1C-1S,3,0.6,0.3711,0.4706,0.92,0.6,33.09
Nova Esports,Haven,2025,killjoy|neon|omen|sova|viper,"['killjoy', 'neon', 'omen', 'sova', 'viper']",2,2,4,0.5,4,1.0,0.5064,0.5064,1,1,2,1,1D-1I-2C-1S,4,1.0,0.3711,0.4118,1.0,1.0,37.34
Nova Esports,Icebox,2025,gekko|jett|kayo|killjoy|viper,"['gekko', 'jett', 'kayo', 'killjoy', 'viper']",1,0,1,1.0,3,0.3333,0.2181,0.0727,1,2,1,1,1D-2I-1C-1S,3,1.0,0.3711,0.6,0.8667,0.3333,53.53
Nova Esports,Icebox,2025,jett|kayo|killjoy|tejo|viper,"['jett', 'kayo', 'killjoy', 'tejo', 'viper']",1,1,2,0.5,3,0.6667,0.3457,0.2305,1,2,1,1,1D-2I-1C-1S,3,1.0,0.3711,0.6,0.9333,0.6667,47.64
Nova Esports,Lotus,2025,astra|breach|deadlock|raze|vyse,"['astra', 'breach', 'deadlock', 'raze', 'vyse']",0,2,2,0.0,5,0.4,0.3457,0.1383,1,1,1,2,1D-1I-1C-2S,3,0.6,0.3711,0.32,0.72,0.4,31.78
Nova Esports,Lotus,2025,breach|deadlock|omen|raze|vyse,"['breach', 'deadlock', 'omen', 'raze', 'vyse']",0,1,1,0.0,5,0.2,0.2181,0.0436,1,1,1,2,1D-1I-1C-2S,3,0.6,0.3711,0.32,0.76,0.6,33.76
Nova Esports,Lotus,2025,fade|omen|raze|vyse|waylay,"['fade', 'omen', 'raze', 'vyse', 'waylay']",0,2,2,0.0,5,0.4,0.3457,0.1383,2,1,1,1,2D-1I-1C-1S,2,0.4,0.3711,0.32,0.68,0.4,27.62
Nova Esports,Pearl,2025,astra|jett|killjoy|skye|vyse,"['astra', 'jett', 'killjoy', 'skye', 'vyse']",0,1,1,0.0,2,0.5,0.2181,0.109,1,1,1,2,1D-1I-1C-2S,2,1.0,0.3711,0.4286,0.9,0.5,44.39
Nova Esports,Pearl,2025,astra|killjoy|neon|skye|vyse,"['astra', 'killjoy', 'neon', 'skye', 'vyse']",1,0,1,1.0,2,0.5,0.2181,0.109,1,1,1,2,1D-1I-1C-2S,2,1.0,0.3711,0.4286,0.9,0.5,50.64
Nova Esports,Split,2025,astra|deadlock|raze|skye|vyse,"['astra', 'deadlock', 'raze', 'skye', 'vyse']",3,3,6,0.5,6,1.0,0.6123,0.6123,1,1,1,2,1D-1I-1C-2S,6,1.0,0.3711,0.4583,1.0,1.0,48.58
Nova Esports,Sunset,2025,chamber|kayo|omen|phoenix|raze,"['chamber', 'kayo', 'omen', 'phoenix', 'raze']",0,1,1,0.0,1,1.0,0.2181,0.2181,2,1,1,1,2D-1I-1C-1S,1,1.0,0.3711,0.4667,1.0,1.0,52.03
Paper Rex,Abyss,2025,cypher|jett|kayo|omen|sova,"['cypher', 'jett', 'kayo', 'omen', 'sova']",0,1,1,0.0,1,1.0,0.2181,0.2181,1,2,1,1,1D-2I-1C-1S,1,1.0,0.6215,0.4615,1.0,1.0,52.47
Paper Rex,Ascent,2025,fade|gekko|omen|raze|viper,"['fade', 'gekko', 'omen', 'raze', 'viper']",0,1,1,0.0,11,0.0909,0.2181,0.0198,1,2,2,0,1D-2I-2C-0S,2,0.1818,0.6215,0.5,0.3818,0.0909,46.31
Paper Rex,Ascent,2025,fade|jett|kayo|omen|viper,"['fade', 'jett', 'kayo', 'omen', 'viper']",1,0,1,1.0,11,0.0909,0.2181,0.0198,1,2,2,0,1D-2I-2C-0S,2,0.1818,0.6215,0.5,0.5273,0.1818,48.28
Paper Rex,Ascent,2025,fade|jett|kayo|omen|vyse,"['fade', 'jett', 'kayo', 'omen', 'vyse']",2,2,4,0.5,11,0.3636,0.5064,0.1841,1,2,1,1,1D-2I-1C-1S,4,0.3636,0.6215,0.5,0.6545,0.4545,55.71
Paper Rex,Ascent,2025,omen|sage|sova|vyse|yoru,"['omen', 'sage', 'sova', 'vyse', 'yoru']",3,2,5,0.6,11,0.4545,0.5638,0.2562,1,1,1,2,1D-1I-1C-2S,5,0.4545,0.6215,0.5,0.6364,0.4545,60.67
Paper Rex,Bind,2025,brimstone|clove|deadlock|fade|raze,"['brimstone', 'clove', 'deadlock', 'fade', 'raze']",0,1,1,0.0,9,0.1111,0.2181,0.0242,1,1,2,1,1D-1I-2C-1S,1,0.1111,0.6215,0.5556,0.6444,0.1111,53.24
Paper Rex,Bind,2025,brimstone|fade|raze|viper|yoru,"['brimstone', 'fade', 'raze', 'viper', 'yoru']",7,1,8,0.875,9,0.8889,0.6914,0.6146,2,1,2,0,2D-1I-2C-0S,8,0.8889,0.6215,0.5556,0.9556,0.8889,74.3
Paper Rex,Corrode,2025,fade|omen|raze|vyse|yoru,"['fade', 'omen', 'raze', 'vyse', 'yoru']",0,1,1,0.0,1,1.0,0.2181,0.2181,2,1,1,1,2D-1I-1C-1S,1,1.0,0.6215,0.4737,1.0,1.0,50.1
Paper Rex,Fracture,2025,breach|brimstone|killjoy|neon|raze,"['breach', 'brimstone', 'killjoy', 'neon', 'raze']",2,1,3,0.6666666666666666,7,0.4286,0.4362,0.187,2,1,1,1,2D-1I-1C-1S,3,0.4286,0.6215,0.6,0.8286,0.7143,63.15
Paper Rex,Fracture,2025,breach|brimstone|killjoy|raze|skye,"['breach', 'brimstone', 'killjoy', 'raze', 'skye']",1,0,1,1.0,7,0.1429,0.2181,0.0312,1,2,1,1,1D-2I-1C-1S,4,0.5714,0.6215,0.6,0.7143,0.1429,67.57
Paper Rex,Fracture,2025,breach|brimstone|killjoy|raze|tejo,"['breach', 'brimstone', 'killjoy', 'raze', 'tejo']",1,0,1,1.0,7,0.1429,0.2181,0.0312,1,2,1,1,1D-2I-1C-1S,4,0.5714,0.6215,0.6,0.7714,0.4286,67.57
Paper Rex,Fracture,2025,breach|brimstone|neon|tejo|vyse,"['breach', 'brimstone', 'neon', 'tejo', 'vyse']",1,1,2,0.5,7,0.2857,0.3457,0.0988,1,2,1,1,1D-2I-1C-1S,4,0.5714,0.6215,0.6,0.6857,0.2857,63.59
Paper Rex,Haven,2025,breach|cypher|omen|tejo|yoru,"['breach', 'cypher', 'omen', 'tejo', 'yoru']",0,2,2,0.0,7,0.2857,0.3457,0.0988,1,2,1,1,1D-2I-1C-1S,2,0.2857,0.6215,0.5385,0.5714,0.2857,45.27
Paper Rex,Haven,2025,fade|omen|vyse|waylay|yoru,"['fade', 'omen', 'vyse', 'waylay', 'yoru']",4,1,5,0.8,7,0.7143,0.5638,0.4027,2,1,1,1,2D-1I-1C-1S,5,0.7143,0.6215,0.5385,0.8286,0.7143,66.5
Paper Rex,Icebox,2025,jett|killjoy|omen|sova|viper,"['jett', 'killjoy', 'omen', 'sova', 'viper']",4,2,6,0.6666666666666666,7,0.8571,0.6123,0.5248,1,1,2,1,1D-1I-2C-1S,6,0.8571,0.6215,0.5862,0.9143,0.8571,64.79
Paper Rex,Icebox,2025,kayo|sova|tejo|viper|waylay,"['kayo', 'sova', 'tejo', 'viper', 'waylay']",1,0,1,1.0,7,0.1429,0.2181,0.0312,1,3,1,0,1D-3I-1C-0S,1,0.1429,0.6215,0.5862,0.4857,0.1429,56.43
Paper Rex,Lotus,2025,breach|omen|tejo|viper|waylay,"['breach', 'omen', 'tejo', 'viper', 'waylay']",0,2,2,0.0,22,0.0909,0.3457,0.0314,1,2,2,0,1D-2I-2C-0S,2,0.0909,0.6215,0.6071,0.2727,0.0909,33.22
Paper Rex,Lotus,2025,fade|omen|raze|vyse|yoru,"['fade', 'omen', 'raze', 'vyse', 'yoru']",15,4,19,0.7894736842105263,22,0.8636,0.9426,0.814,2,1,1,1,2D-1I-1C-1S,20,0.9091,0.6215,0.6071,0.9091,0.8636,73.07
Paper Rex,Lotus,2025,jett|omen|raze|skye|vyse,"['jett', 'omen', 'raze', 'skye', 'vyse']",1,0,1,1.0,22,0.0455,0.2181,0.0099,2,1,1,1,2D-1I-1C-1S,20,0.9091,0.6215,0.6071,0.5818,0.0455,74.22
Paper Rex,Pearl,2025,astra|fade|jett|killjoy|phoenix,"['astra', 'fade', 'jett', 'killjoy', 'phoenix']",0,1,1,0.0,6,0.1667,0.2181,0.0364,2,1,1,1,2D-1I-1C-1S,6,1.0,0.6215,0.5,0.6667,0.3333,51.34
Paper Rex,Pearl,2025,astra|fade|jett|phoenix|vyse,"['astra', 'fade', 'jett', 'phoenix', 'vyse']",1,0,1,1.0,6,0.1667,0.2181,0.0364,2,1,1,1,2D-1I-1C-1S,6,1.0,0.6215,0.5,0.7333,0.5,54.04
Paper Rex,Pearl,2025,astra|fade|phoenix|vyse|yoru,"['astra', 'fade', 'phoenix', 'vyse', 'yoru']",0,1,1,0.0,6,0.1667,0.2181,0.0364,2,1,1,1,2D-1I-1C-1S,6,1.0,0.6215,0.5,0.7333,0.5,48.29
Paper Rex,Pearl,2025,astra|fade|raze|vyse|yoru,"['astra', 'fade', 'raze', 'vyse', 'yoru']",2,0,2,1.0,6,0.3333,0.3457,0.1152,2,1,1,1,2D-1I-1C-1S,6,1.0,0.6215,0.5,0.6667,0.3333,57.22
Paper Rex,Pearl,2025,astra|jett|killjoy|phoenix|sova,"['astra', 'jett', 'killjoy', 'phoenix', 'sova']",0,1,1,0.0,6,0.1667,0.2181,0.0364,2,1,1,1,2D-1I-1C-1S,6,1.0,0.6215,0.5,0.5333,0.1667,48.29
Paper Rex,Split,2025,fade|omen|raze|viper|yoru,"['fade', 'omen', 'raze', 'viper', 'yoru']",3,1,4,0.75,6,0.6667,0.5064,0.3376,2,1,2,0,2D-1I-2C-0S,5,0.8333,0.6215,0.6923,0.8333,0.6667,76.47
Paper Rex,Split,2025,jett|omen|raze|sage|skye,"['jett', 'omen', 'raze', 'sage', 'skye']",0,1,1,0.0,6,0.1667,0.2181,0.0364,2,1,1,1,2D-1I-1C-1S,1,0.1667,0.6215,0.6923,0.5667,0.1667,50.1
Paper Rex,Split,2025,jett|omen|raze|skye|viper,"['jett', 'omen', 'raze', 'skye', 'viper']",0,1,1,0.0,6,0.1667,0.2181,0.0364,2,1,2,0,2D-1I-2C-0S,5,0.8333,0.6215,0.6923,0.7,0.3333,79.3
Paper Rex,Sunset,2025,omen|raze|sage|sova|viper,"['omen', 'raze', 'sage', 'sova', 'viper']",6,1,7,0.8571428571428571,7,1.0,0.6543,0.6543,1,1,2,1,1D-1I-2C-1S,7,1.0,0.6215,0.75,1.0,1.0,76.39
Rex Regum Qeon,Abyss,2025,astra|jett|kayo|omen|sova,"['astra', 'jett', 'kayo', 'omen', 'sova']",0,1,1,0.0,4,0.25,0.2181,0.0545,1,2,2,0,1D-2I-2C-0S,1,0.25,0.4969,0.4375,0.85,0.25,40.78
Rex Regum Qeon,Abyss,2025,cypher|jett|kayo|omen|sova,"['cypher', 'jett', 'kayo', 'omen', 'sova']",1,2,3,0.3333333333333333,4,0.75,0.4362,0.3272,1,2,1,1,1D-2I-1C-1S,3,0.75,0.4969,0.4375,0.95,0.75,42.79
Rex Regum Qeon,Ascent,2025,cypher|deadlock|omen|sova|yoru,"['cypher', 'deadlock', 'omen', 'sova', 'yoru']",0,1,1,0.0,13,0.0769,0.2181,0.0168,1,1,1,2,1D-1I-1C-2S,1,0.0769,0.4969,0.4828,0.7077,0.0769,42.44
Rex Regum Qeon,Ascent,2025,cypher|jett|kayo|omen|sova,"['cypher', 'jett', 'kayo', 'omen', 'sova']",0,2,2,0.0,13,0.1538,0.3457,0.0532,1,2,1,1,1D-2I-1C-1S,10,0.7692,0.4969,0.4828,0.6154,0.1538,48.74
Rex Regum Qeon,Ascent,2025,cypher|omen|sova|tejo|yoru,"['cypher', 'omen', 'sova', 'tejo', 'yoru']",5,2,7,0.7142857142857143,13,0.5385,0.6543,0.3523,1,2,1,1,1D-2I-1C-1S,10,0.7692,0.4969,0.4828,0.8154,0.6154,60.39
Rex Regum Qeon,Ascent,2025,killjoy|neon|omen|sova|waylay,"['killjoy', 'neon', 'omen', 'sova', 'waylay']",0,1,1,0.0,13,0.0769,0.2181,0.0168,2,1,1,1,2D-1I-1C-1S,2,0.1538,0.4969,0.4828,0.4769,0.0769,40.4
Rex Regum Qeon,Ascent,2025,neon|omen|sova|vyse|waylay,"['neon', 'omen', 'sova', 'vyse', 'waylay']",0,1,1,0.0,13,0.0769,0.2181,0.0168,2,1,1,1,2D-1I-1C-1S,2,0.1538,0.4969,0.4828,0.4923,0.1538,40.4
Rex Regum Qeon,Ascent,2025,omen|sova|tejo|vyse|yoru,"['omen', 'sova', 'tejo', 'vyse', 'yoru']",0,1,1,0.0,13,0.0769,0.2181,0.0168,1,2,1,1,1D-2I-1C-1S,10,0.7692,0.4969,0.4828,0.6923,0.1538,51.78
Rex Regum Qeon,Bind,2025,astra|deadlock|gekko|waylay|yoru,"['astra', 'deadlock', 'gekko', 'waylay', 'yoru']",0,2,2,0.0,4,0.5,0.3457,0.1728,2,1,1,1,2D-1I-1C-1S,2,0.5,0.4969,0.3684,0.65,0.5,38.03
Rex Regum Qeon,Bind,2025,astra|fade|tejo|viper|yoru,"['astra', 'fade', 'tejo', 'viper', 'yoru']",0,1,1,0.0,4,0.25,0.2181,0.0545,1,2,2,0,1D-2I-2C-0S,1,0.25,0.4969,0.3684,0.6,0.25,40.78
Rex Regum Qeon,Bind,2025,brimstone|fade|raze|viper|yoru,"['brimstone', 'fade', 'raze', 'viper', 'yoru']",0,1,1,0.0,4,0.25,0.2181,0.0545,2,1,2,0,2D-1I-2C-0S,1,0.25,0.4969,0.3684,0.5,0.25,47.1
Rex Regum Qeon,Corrode,2025,fade|neon|omen|viper|vyse,"['fade', 'neon', 'omen', 'viper', 'vyse']",0,1,1,0.0,6,0.1667,0.2181,0.0364,1,1,2,1,1D-1I-2C-1S,2,0.3333,0.4969,0.5789,0.8333,0.3333,48.47
Rex Regum Qeon,Corrode,2025,fade|neon|omen|viper|waylay,"['fade', 'neon', 'omen', 'viper', 'waylay']",3,1,4,0.75,6,0.6667,0.5064,0.3376,2,1,2,0,2D-1I-2C-0S,4,0.6667,0.4969,0.5789,0.9,0.6667,63.9
Rex Regum Qeon,Corrode,2025,fade|omen|viper|vyse|yoru,"['fade', 'omen', 'viper', 'vyse', 'yoru']",0,1,1,0.0,6,0.1667,0.2181,0.0364,1,1,2,1,1D-1I-2C-1S,2,0.3333,0.4969,0.5789,0.7,0.1667,48.47
Rex Regum Qeon,Fracture,2025,breach|brimstone|killjoy|neon|sova,"['breach', 'brimstone', 'killjoy', 'neon', 'sova']",2,0,2,1.0,4,0.5,0.3457,0.1728,1,2,1,1,1D-2I-1C-1S,4,1.0,0.4969,0.5882,0.8,0.5,54.68
Rex Regum Qeon,Fracture,2025,breach|brimstone|neon|tejo|vyse,"['breach', 'brimstone', 'neon', 'tejo', 'vyse']",0,2,2,0.0,4,0.5,0.3457,0.1728,1,2,1,1,1D-2I-1C-1S,4,1.0,0.4969,0.5882,0.8,0.5,42.92
Rex Regum Qeon,Haven,2025,breach|jett|killjoy|omen|sova,"['breach', 'jett', 'killjoy', 'omen', 'sova']",2,1,3,0.6666666666666666,15,0.2,0.4362,0.0872,1,2,1,1,1D-2I-1C-1S,3,0.2,0.4969,0.5152,0.52,0.2,51.64
Rex Regum Qeon,Haven,2025,cypher|iso|omen|sova|yoru,"['cypher', 'iso', 'omen', 'sova', 'yoru']",2,1,3,0.6666666666666666,15,0.2,0.4362,0.0872,2,1,1,1,2D-1I-1C-1S,12,0.8,0.4969,0.5152,0.76,0.2,53.33
Rex Regum Qeon,Haven,2025,cypher|neon|omen|sova|yoru,"['cypher', 'neon', 'omen', 'sova', 'yoru']",5,4,9,0.5555555555555556,15,0.6,0.7245,0.4347,2,1,1,1,2D-1I-1C-1S,12,0.8,0.4969,0.5152,0.84,0.6,50.4
Rex Regum Qeon,Icebox,2025,jett|kayo|killjoy|tejo|viper,"['jett', 'kayo', 'killjoy', 'tejo', 'viper']",3,2,5,0.6,10,0.5,0.5638,0.2819,1,2,1,1,1D-2I-1C-1S,5,0.5,0.4969,0.5556,0.8,0.5,51.78
Rex Regum Qeon,Icebox,2025,jett|killjoy|omen|sova|viper,"['jett', 'killjoy', 'omen', 'sova', 'viper']",0,1,1,0.0,10,0.1,0.2181,0.0218,1,1,2,1,1D-1I-2C-1S,1,0.1,0.4969,0.5556,0.72,0.1,40.52
Rex Regum Qeon,Icebox,2025,jett|killjoy|sage|sova|viper,"['jett', 'killjoy', 'sage', 'sova', 'viper']",4,0,4,1.0,10,0.4,0.5064,0.2026,1,1,1,2,1D-1I-1C-2S,4,0.4,0.4969,0.5556,0.78,0.4,74.25
Rex Regum Qeon,Lotus,2025,breach|omen|tejo|viper|yoru,"['breach', 'omen', 'tejo', 'viper', 'yoru']",4,2,6,0.6666666666666666,12,0.5,0.6123,0.3062,1,2,2,0,1D-2I-2C-0S,6,0.5,0.4969,0.4839,0.7333,0.5,58.27
Rex Regum Qeon,Lotus,2025,fade|omen|raze|viper|vyse,"['fade', 'omen', 'raze', 'viper', 'vyse']",0,4,4,0.0,12,0.3333,0.5064,0.1688,1,1,2,1,1D-1I-2C-1S,4,0.3333,0.4969,0.4839,0.6667,0.3333,32.91
Rex Regum Qeon,Lotus,2025,fade|omen|raze|viper|yoru,"['fade', 'omen', 'raze', 'viper', 'yoru']",2,0,2,1.0,12,0.1667,0.3457,0.0576,2,1,2,0,2D-1I-2C-0S,2,0.1667,0.4969,0.4839,0.7333,0.5,67.14
Rex Regum Qeon,Pearl,2025,astra|jett|phoenix|sova|vyse,"['astra', 'jett', 'phoenix', 'sova', 'vyse']",2,1,3,0.6666666666666666,6,0.5,0.4362,0.2181,2,1,1,1,2D-1I-1C-1S,5,0.8333,0.4969,0.4091,0.6667,0.5,56.51
Rex Regum Qeon,Pearl,2025,astra|kayo|tejo|vyse|yoru,"['astra', 'kayo', 'tejo', 'vyse', 'yoru']",0,1,1,0.0,6,0.1667,0.2181,0.0364,1,2,1,1,1D-2I-1C-1S,1,0.1667,0.4969,0.4091,0.6,0.1667,34.04
Rex Regum Qeon,Pearl,2025,astra|killjoy|neon|tejo|yoru,"['astra', 'killjoy', 'neon', 'tejo', 'yoru']",1,0,1,1.0,6,0.1667,0.2181,0.0364,2,1,1,1,2D-1I-1C-1S,5,0.8333,0.4969,0.4091,0.5,0.1667,57.32
Rex Regum Qeon,Pearl,2025,astra|neon|tejo|vyse|yoru,"['astra', 'neon', 'tejo', 'vyse', 'yoru']",0,1,1,0.0,6,0.1667,0.2181,0.0364,2,1,1,1,2D-1I-1C-1S,5,0.8333,0.4969,0.4091,0.6333,0.3333,51.07
Rex Regum Qeon,Split,2025,astra|breach|tejo|viper|yoru,"['astra', 'breach', 'tejo', 'viper', 'yoru']",0,1,1,0.0,3,0.3333,0.2181,0.0727,1,2,2,0,1D-2I-2C-0S,2,0.6667,0.4969,0.6,0.7333,0.3333,45.2
Rex Regum Qeon,Split,2025,breach|omen|tejo|viper|yoru,"['breach', 'omen', 'tejo', 'viper', 'yoru']",1,0,1,1.0,3,0.3333,0.2181,0.0727,1,2,2,0,1D-2I-2C-0S,2,0.6667,0.4969,0.6,0.8,0.6667,51.45
Rex Regum Qeon,Split,2025,fade|omen|raze|viper|yoru,"['fade', 'omen', 'raze', 'viper', 'yoru']",1,0,1,1.0,3,0.3333,0.2181,0.0727,2,1,2,0,2D-1I-2C-0S,1,0.3333,0.4969,0.6,0.6667,0.3333,65.82
Rex Regum Qeon,Sunset,2025,breach|cypher|fade|omen|waylay,"['breach', 'cypher', 'fade', 'omen', 'waylay']",4,3,7,0.5714285714285714,7,1.0,0.6543,0.6543,1,2,1,1,1D-2I-1C-1S,7,1.0,0.4969,0.5238,1.0,1.0,55.03
Sentinels,Abyss,2025,astra|jett|kayo|omen|sova,"['astra', 'jett', 'kayo', 'omen', 'sova']",2,1,3,0.6666666666666666,5,0.6,0.4362,0.2617,1,2,2,0,1D-2I-2C-0S,5,1.0,0.5538,0.5294,0.92,0.6,59.32
Sentinels,Abyss,2025,astra|jett|kayo|omen|tejo,"['astra', 'jett', 'kayo', 'omen', 'tejo']",1,1,2,0.5,5,0.4,0.3457,0.1383,1,2,2,0,1D-2I-2C-0S,5,1.0,0.5538,0.5294,0.88,0.4,56.93
Sentinels,Ascent,2025,cypher|deadlock|omen|sova|yoru,"['cypher', 'deadlock', 'omen', 'sova', 'yoru']",0,1,1,0.0,5,0.2,0.2181,0.0436,1,1,1,2,1D-1I-1C-2S,1,0.2,0.5538,0.4091,0.36,0.2,28.99
Sentinels,Ascent,2025,jett|kayo|omen|tejo|vyse,"['jett', 'kayo', 'omen', 'tejo', 'vyse']",2,1,3,0.6666666666666666,5,0.6,0.4362,0.2617,1,2,1,1,1D-2I-1C-1S,4,0.8,0.5538,0.4091,0.8,0.6,51.29
Sentinels,Ascent,2025,kayo|omen|tejo|vyse|waylay,"['kayo', 'omen', 'tejo', 'vyse', 'waylay']",0,1,1,0.0,5,0.2,0.2181,0.0436,1,2,1,1,1D-2I-1C-1S,4,0.8,0.5538,0.4091,0.72,0.2,45.21
Sentinels,Bind,2025,brimstone|fade|raze|viper|yoru,"['brimstone', 'fade', 'raze', 'viper', 'yoru']",0,1,1,0.0,3,0.3333,0.2181,0.0727,2,1,2,0,2D-1I-2C-0S,1,0.3333,0.5538,0.48,0.7333,0.3333,38.18
Sentinels,Bind,2025,brimstone|gekko|raze|tejo|viper,"['brimstone', 'gekko', 'raze', 'tejo', 'viper']",1,0,1,1.0,3,0.3333,0.2181,0.0727,1,2,2,0,1D-2I-2C-0S,2,0.6667,0.5538,0.48,0.8,0.3333,61.86
Sentinels,Bind,2025,brimstone|raze|skye|tejo|viper,"['brimstone', 'raze', 'skye', 'tejo', 'viper']",0,1,1,0.0,3,0.3333,0.2181,0.0727,1,2,2,0,1D-2I-2C-0S,2,0.6667,0.5538,0.48,0.8,0.3333,55.61
Sentinels,Corrode,2025,fade|neon|omen|viper|vyse,"['fade', 'neon', 'omen', 'viper', 'vyse']",4,1,5,0.8,5,1.0,0.5638,0.5638,1,1,2,1,1D-1I-2C-1S,5,1.0,0.5538,0.5294,1.0,1.0,73.65
Sentinels,Fracture,2025,breach|brimstone|tejo|vyse|yoru,"['breach', 'brimstone', 'tejo', 'vyse', 'yoru']",0,1,1,0.0,1,1.0,0.2181,0.2181,1,2,1,1,1D-2I-1C-1S,1,1.0,0.5538,0.4167,1.0,1.0,43.99
Sentinels,Haven,2025,astra|breach|jett|tejo|vyse,"['astra', 'breach', 'jett', 'tejo', 'vyse']",0,1,1,0.0,11,0.0909,0.2181,0.0198,1,2,1,1,1D-2I-1C-1S,5,0.4545,0.5538,0.5333,0.1636,0.0909,54.29
Sentinels,Haven,2025,breach|cypher|neon|omen|sova,"['breach', 'cypher', 'neon', 'omen', 'sova']",3,1,4,0.75,11,0.3636,0.5064,0.1841,1,2,1,1,1D-2I-1C-1S,5,0.4545,0.5538,0.5333,0.7091,0.4545,66.76
Sentinels,Haven,2025,cypher|iso|omen|sova|yoru,"['cypher', 'iso', 'omen', 'sova', 'yoru']",0,2,2,0.0,11,0.1818,0.3457,0.0628,2,1,1,1,2D-1I-1C-1S,2,0.1818,0.5538,0.5333,0.5455,0.1818,30.41
Sentinels,Haven,2025,killjoy|neon|omen|sova|viper,"['killjoy', 'neon', 'omen', 'sova', 'viper']",2,2,4,0.5,11,0.3636,0.5064,0.1841,1,1,2,1,1D-1I-2C-1S,4,0.3636,0.5538,0.5333,0.6545,0.3636,61.22
Sentinels,Icebox,2025,gekko|kayo|killjoy|omen|viper,"['gekko', 'kayo', 'killjoy', 'omen', 'viper']",0,2,2,0.0,7,0.2857,0.3457,0.0988,0,2,2,1,0D-2I-2C-1S,3,0.4286,0.5538,0.4231,0.6571,0.4286,35.66
Sentinels,Icebox,2025,gekko|killjoy|omen|tejo|viper,"['gekko', 'killjoy', 'omen', 'tejo', 'viper']",1,0,1,1.0,7,0.1429,0.2181,0.0312,0,2,2,1,0D-2I-2C-1S,3,0.4286,0.5538,0.4231,0.6,0.1429,44.14
Sentinels,Icebox,2025,jett|kayo|killjoy|sova|viper,"['jett', 'kayo', 'killjoy', 'sova', 'viper']",0,1,1,0.0,7,0.1429,0.2181,0.0312,1,2,1,1,1D-2I-1C-1S,1,0.1429,0.5538,0.4231,0.7143,0.4286,43.73
Sentinels,Icebox,2025,jett|killjoy|sage|sova|viper,"['jett', 'killjoy', 'sage', 'sova', 'viper']",1,2,3,0.3333333333333333,7,0.4286,0.4362,0.187,1,1,1,2,1D-1I-1C-2S,3,0.4286,0.5538,0.4231,0.7143,0.4286,37.74
Sentinels,Lotus,2025,breach|neon|omen|tejo|viper,"['breach', 'neon', 'omen', 'tejo', 'viper']",0,1,1,0.0,17,0.0588,0.2181,0.0128,1,2,2,0,1D-2I-2C-0S,2,0.1176,0.5538,0.6304,0.4706,0.0588,52.17
Sentinels,Lotus,2025,breach|omen|tejo|viper|yoru,"['breach', 'omen', 'tejo', 'viper', 'yoru']",1,0,1,1.0,17,0.0588,0.2181,0.0128,1,2,2,0,1D-2I-2C-0S,2,0.1176,0.5538,0.6304,0.4824,0.1176,58.42
Sentinels,Lotus,2025,breach|omen|tejo|vyse|yoru,"['breach', 'omen', 'tejo', 'vyse', 'yoru']",0,1,1,0.0,17,0.0588,0.2181,0.0128,1,2,1,1,1D-2I-1C-1S,1,0.0588,0.5538,0.6304,0.4706,0.1176,48.14
Sentinels,Lotus,2025,fade|omen|raze|viper|vyse,"['fade', 'omen', 'raze', 'viper', 'vyse']",10,4,14,0.7142857142857143,17,0.8235,0.8521,0.7017,1,1,2,1,1D-1I-2C-1S,14,0.8235,0.5538,0.6304,0.8941,0.8235,71.26
Sentinels,Pearl,2025,astra|fade|tejo|vyse|yoru,"['astra', 'fade', 'tejo', 'vyse', 'yoru']",7,3,10,0.7,10,1.0,0.7545,0.7545,1,2,1,1,1D-2I-1C-1S,10,1.0,0.5538,0.619,1.0,1.0,64.49
Sentinels,Split,2025,breach|omen|skye|viper|yoru,"['breach', 'omen', 'skye', 'viper', 'yoru']",1,1,2,0.5,11,0.1818,0.3457,0.0628,1,2,2,0,1D-2I-2C-0S,11,1.0,0.5538,0.6098,0.8364,0.1818,59.15
Sentinels,Split,2025,breach|omen|tejo|viper|yoru,"['breach', 'omen', 'tejo', 'viper', 'yoru']",6,3,9,0.6666666666666666,11,0.8182,0.7245,0.5928,1,2,2,0,1D-2I-2C-0S,11,1.0,0.5538,0.6098,0.9636,0.8182,62.73
Sentinels,Sunset,2025,breach|cypher|fade|neon|omen,"['breach', 'cypher', 'fade', 'neon', 'omen']",5,4,9,0.5555555555555556,9,1.0,0.7245,0.7245,1,2,1,1,1D-2I-1C-1S,9,1.0,0.5538,0.6,1.0,1.0,58.0
T1,Abyss,2025,astra|breach|cypher|sova|yoru,"['astra', 'breach', 'cypher', 'sova', 'yoru']",0,1,1,0.0,2,0.5,0.2181,0.109,1,2,1,1,1D-2I-1C-1S,1,0.5,0.5294,0.4615,0.5,0.5,39.74
T1,Abyss,2025,fade|jett|omen|reyna|tejo,"['fade', 'jett', 'omen', 'reyna', 'tejo']",0,1,1,0.0,2,0.5,0.2181,0.109,2,2,1,0,2D-2I-1C-0S,1,0.5,0.5294,0.4615,0.5,0.5,38.68
T1,Ascent,2025,chamber|omen|sova|vyse|yoru,"['chamber', 'omen', 'sova', 'vyse', 'yoru']",2,1,3,0.6666666666666666,4,0.75,0.4362,0.3272,1,1,1,2,1D-1I-1C-2S,3,0.75,0.5294,0.5455,0.85,0.75,63.95
T1,Ascent,2025,jett|kayo|killjoy|omen|sova,"['jett', 'kayo', 'killjoy', 'omen', 'sova']",0,1,1,0.0,4,0.25,0.2181,0.0545,1,2,1,1,1D-2I-1C-1S,1,0.25,0.5294,0.5455,0.55,0.25,61.48
T1,Bind,2025,brimstone|fade|kayo|raze|vyse,"['brimstone', 'fade', 'kayo', 'raze', 'vyse']",2,1,3,0.6666666666666666,10,0.3,0.4362,0.1309,1,2,1,1,1D-2I-1C-1S,8,0.8,0.5294,0.5312,0.82,0.3,55.85
T1,Bind,2025,brimstone|gekko|kayo|raze|viper,"['brimstone', 'gekko', 'kayo', 'raze', 'viper']",1,1,2,0.5,10,0.2,0.3457,0.0691,1,2,2,0,1D-2I-2C-0S,2,0.2,0.5294,0.5312,0.78,0.2,38.5
T1,Bind,2025,brimstone|gekko|kayo|raze|vyse,"['brimstone', 'gekko', 'kayo', 'raze', 'vyse']",3,2,5,0.6,10,0.5,0.5638,0.2819,1,2,1,1,1D-2I-1C-1S,8,0.8,0.5294,0.5312,0.9,0.7,55.26
T1,Corrode,2025,astra|chamber|fade|omen|yoru,"['astra', 'chamber', 'fade', 'omen', 'yoru']",2,1,3,0.6666666666666666,4,0.75,0.4362,0.3272,1,1,2,1,1D-1I-2C-1S,3,0.75,0.5294,0.4667,0.85,0.75,57.69
T1,Corrode,2025,fade|neon|omen|vyse|waylay,"['fade', 'neon', 'omen', 'vyse', 'waylay']",0,1,1,0.0,4,0.25,0.2181,0.0545,2,1,1,1,2D-1I-1C-1S,1,0.25,0.5294,0.4667,0.55,0.25,51.73
T1,Fracture,2025,breach|brimstone|cypher|raze|tejo,"['breach', 'brimstone', 'cypher', 'raze', 'tejo']",1,2,3,0.3333333333333333,11,0.2727,0.4362,0.119,1,2,1,1,1D-2I-1C-1S,9,0.8182,0.5294,0.4762,0.7636,0.2727,43.55
T1,Fracture,2025,breach|brimstone|killjoy|neon|raze,"['breach', 'brimstone', 'killjoy', 'neon', 'raze']",1,1,2,0.5,11,0.1818,0.3457,0.0628,2,1,1,1,2D-1I-1C-1S,2,0.1818,0.5294,0.4762,0.6727,0.1818,57.87
T1,Fracture,2025,breach|brimstone|neon|tejo|vyse,"['breach', 'brimstone', 'neon', 'tejo', 'vyse']",2,1,3,0.6666666666666666,11,0.2727,0.4362,0.119,1,2,1,1,1D-2I-1C-1S,9,0.8182,0.5294,0.4762,0.7636,0.4545,49.1
T1,Fracture,2025,breach|brimstone|raze|tejo|vyse,"['breach', 'brimstone', 'raze', 'tejo', 'vyse']",1,2,3,0.3333333333333333,11,0.2727,0.4362,0.119,1,2,1,1,1D-2I-1C-1S,9,0.8182,0.5294,0.4762,0.8182,0.5455,43.55
T1,Haven,2025,cypher|iso|omen|sova|yoru,"['cypher', 'iso', 'omen', 'sova', 'yoru']",7,3,10,0.7,14,0.7143,0.7545,0.5389,2,1,1,1,2D-1I-1C-1S,14,1.0,0.5294,0.5938,0.9429,0.7143,62.09
T1,Haven,2025,cypher|neon|omen|sova|yoru,"['cypher', 'neon', 'omen', 'sova', 'yoru']",1,3,4,0.25,14,0.2857,0.5064,0.1447,2,1,1,1,2D-1I-1C-1S,14,1.0,0.5294,0.5938,0.8571,0.2857,53.39
T1,Icebox,2025,chamber|kayo|reyna|sova|viper,"['chamber', 'kayo', 'reyna', 'sova', 'viper']",1,2,3,0.3333333333333333,4,0.75,0.4362,0.3272,1,2,1,1,1D-2I-1C-1S,4,1.0,0.5294,0.3889,0.85,0.75,35.05
T1,Icebox,2025,jett|kayo|killjoy|tejo|viper,"['jett', 'kayo', 'killjoy', 'tejo', 'viper']",0,1,1,0.0,4,0.25,0.2181,0.0545,1,2,1,1,1D-2I-1C-1S,4,1.0,0.5294,0.3889,0.55,0.25,33.18
T1,Lotus,2025,breach|omen|tejo|viper|yoru,"['breach', 'omen', 'tejo', 'viper', 'yoru']",0,2,2,0.0,16,0.125,0.3457,0.0432,1,2,2,0,1D-2I-2C-0S,2,0.125,0.5294,0.5,0.4125,0.125,28.79
T1,Lotus,2025,cypher|iso|omen|raze|sova,"['cypher', 'iso', 'omen', 'raze', 'sova']",4,2,6,0.6666666666666666,16,0.375,0.6123,0.2296,2,1,1,1,2D-1I-1C-1S,11,0.6875,0.5294,0.5,0.55,0.375,60.1
T1,Lotus,2025,fade|iso|omen|raze|viper,"['fade', 'iso', 'omen', 'raze', 'viper']",1,1,2,0.5,16,0.125,0.3457,0.0432,2,1,2,0,2D-1I-2C-0S,3,0.1875,0.5294,0.5,0.5625,0.3125,48.29
T1,Lotus,2025,fade|neon|omen|viper|yoru,"['fade', 'neon', 'omen', 'viper', 'yoru']",0,1,1,0.0,16,0.0625,0.2181,0.0136,2,1,2,0,2D-1I-2C-0S,3,0.1875,0.5294,0.5,0.5375,0.3125,45.05
T1,Lotus,2025,fade|neon|omen|vyse|yoru,"['fade', 'neon', 'omen', 'vyse', 'yoru']",2,3,5,0.4,16,0.3125,0.5638,0.1762,2,1,1,1,2D-1I-1C-1S,11,0.6875,0.5294,0.5,0.5375,0.3125,53.11
T1,Pearl,2025,astra|killjoy|neon|sova|yoru,"['astra', 'killjoy', 'neon', 'sova', 'yoru']",5,1,6,0.8333333333333334,6,1.0,0.6123,0.6123,2,1,1,1,2D-1I-1C-1S,6,1.0,0.5294,0.6667,1.0,1.0,72.16
T1,Split,2025,chamber|omen|raze|skye|viper,"['chamber', 'omen', 'raze', 'skye', 'viper']",1,1,2,0.5,9,0.2222,0.3457,0.0768,1,1,2,1,1D-1I-2C-1S,2,0.2222,0.5294,0.4643,0.6889,0.2222,40.6
T1,Split,2025,fade|omen|raze|viper|yoru,"['fade', 'omen', 'raze', 'viper', 'yoru']",4,3,7,0.5714285714285714,9,0.7778,0.6543,0.5089,2,1,2,0,2D-1I-2C-0S,7,0.7778,0.5294,0.4643,0.9111,0.7778,56.36
T1,Sunset,2025,cypher|neon|omen|sova|yoru,"['cypher', 'neon', 'omen', 'sova', 'yoru']",5,2,7,0.7142857142857143,7,1.0,0.6543,0.6543,2,1,1,1,2D-1I-1C-1S,7,1.0,0.5294,0.52,1.0,1.0,67.12
TYLOO,Abyss,2025,astra|jett|omen|sova|yoru,"['astra', 'jett', 'omen', 'sova', 'yoru']",0,1,1,0.0,1,1.0,0.2181,0.2181,2,1,2,0,2D-1I-2C-0S,1,1.0,0.4561,0.4615,1.0,1.0,47.73
TYLOO,Ascent,2025,fade|omen|viper|vyse|yoru,"['fade', 'omen', 'viper', 'vyse', 'yoru']",0,1,1,0.0,3,0.3333,0.2181,0.0727,1,1,2,1,1D-1I-2C-1S,1,0.3333,0.4561,0.4211,0.4667,0.3333,44.31
TYLOO,Ascent,2025,jett|kayo|killjoy|omen|sova,"['jett', 'kayo', 'killjoy', 'omen', 'sova']",1,1,2,0.5,3,0.6667,0.3457,0.2305,1,2,1,1,1D-2I-1C-1S,2,0.6667,0.4561,0.4211,0.7333,0.6667,45.1
TYLOO,Bind,2025,brimstone|fade|raze|viper|yoru,"['brimstone', 'fade', 'raze', 'viper', 'yoru']",0,1,1,0.0,3,0.3333,0.2181,0.0727,2,1,2,0,2D-1I-2C-0S,3,1.0,0.4561,0.5652,0.7333,0.3333,57.84
TYLOO,Bind,2025,fade|neon|omen|viper|yoru,"['fade', 'neon', 'omen', 'viper', 'yoru']",1,1,2,0.5,3,0.6667,0.3457,0.2305,2,1,2,0,2D-1I-2C-0S,3,1.0,0.4561,0.5652,0.8667,0.6667,57.84
TYLOO,Corrode,2025,cypher|fade|omen|viper|yoru,"['cypher', 'fade', 'omen', 'viper', 'yoru']",2,1,3,0.6666666666666666,3,1.0,0.4362,0.4362,1,1,2,1,1D-1I-2C-1S,3,1.0,0.4561,0.5294,1.0,1.0,57.26
TYLOO,Fracture,2025,breach|brimstone|cypher|neon|tejo,"['breach', 'brimstone', 'cypher', 'neon', 'tejo']",2,0,2,1.0,4,0.5,0.3457,0.1728,1,2,1,1,1D-2I-1C-1S,4,1.0,0.4561,0.5556,0.75,0.5,52.78
TYLOO,Fracture,2025,breach|brimstone|killjoy|raze|sova,"['breach', 'brimstone', 'killjoy', 'raze', 'sova']",0,1,1,0.0,4,0.25,0.2181,0.0545,1,2,1,1,1D-2I-1C-1S,4,1.0,0.4561,0.5556,0.55,0.25,43.58
TYLOO,Fracture,2025,breach|brimstone|tejo|vyse|waylay,"['breach', 'brimstone', 'tejo', 'vyse', 'waylay']",0,1,1,0.0,4,0.25,0.2181,0.0545,1,2,1,1,1D-2I-1C-1S,4,1.0,0.4561,0.5556,0.65,0.25,43.58
TYLOO,Haven,2025,breach|cypher|jett|omen|sova,"['breach', 'cypher', 'jett', 'omen', 'sova']",0,1,1,0.0,7,0.1429,0.2181,0.0312,1,2,1,1,1D-2I-1C-1S,4,0.5714,0.4561,0.4074,0.7429,0.1429,31.09
TYLOO,Haven,2025,breach|cypher|neon|omen|sova,"['breach', 'cypher', 'neon', 'omen', 'sova']",0,3,3,0.0,7,0.4286,0.4362,0.187,1,2,1,1,1D-2I-1C-1S,4,0.5714,0.4561,0.4074,0.8,0.4286,25.53
TYLOO,Haven,2025,cypher|iso|omen|sova|yoru,"['cypher', 'iso', 'omen', 'sova', 'yoru']",1,2,3,0.3333333333333333,7,0.4286,0.4362,0.187,2,1,1,1,2D-1I-1C-1S,3,0.4286,0.4561,0.4074,0.7714,0.4286,41.3
TYLOO,Icebox,2025,gekko|jett|kayo|killjoy|viper,"['gekko', 'jett', 'kayo', 'killjoy', 'viper']",1,1,2,0.5,5,0.4,0.3457,0.1383,1,2,1,1,1D-2I-1C-1S,3,0.6,0.4561,0.4762,0.8,0.6,38.76
TYLOO,Icebox,2025,gekko|kayo|killjoy|viper|waylay,"['gekko', 'kayo', 'killjoy', 'viper', 'waylay']",1,0,1,1.0,5,0.2,0.2181,0.0436,1,2,1,1,1D-2I-1C-1S,3,0.6,0.4561,0.4762,0.68,0.2,42.2
TYLOO,Icebox,2025,jett|killjoy|omen|sova|viper,"['jett', 'killjoy', 'omen', 'sova', 'viper']",2,0,2,1.0,5,0.4,0.3457,0.1383,1,1,2,1,1D-1I-2C-1S,2,0.4,0.4561,0.4762,0.72,0.4,64.7
TYLOO,Lotus,2025,fade|omen|raze|viper|vyse,"['fade', 'omen', 'raze', 'viper', 'vyse']",2,1,3,0.6666666666666666,3,1.0,0.4362,0.4362,1,1,2,1,1D-1I-2C-1S,3,1.0,0.4561,0.5,1.0,1.0,53.96
TYLOO,Pearl,2025,astra|fade|tejo|vyse|yoru,"['astra', 'fade', 'tejo', 'vyse', 'yoru']",0,2,2,0.0,3,0.6667,0.3457,0.2305,1,2,1,1,1D-2I-1C-1S,2,0.6667,0.4561,0.3158,0.8,0.6667,28.69
TYLOO,Pearl,2025,astra|jett|killjoy|sova|yoru,"['astra', 'jett', 'killjoy', 'sova', 'yoru']",0,1,1,0.0,3,0.3333,0.2181,0.0727,2,1,1,1,2D-1I-1C-1S,1,0.3333,0.4561,0.3158,0.6,0.3333,26.82
TYLOO,Split,2025,breach|omen|tejo|viper|yoru,"['breach', 'omen', 'tejo', 'viper', 'yoru']",0,1,1,0.0,3,0.3333,0.2181,0.0727,1,2,2,0,1D-2I-2C-0S,1,0.3333,0.4561,0.4783,0.7333,0.3333,47.97
TYLOO,Split,2025,fade|omen|raze|viper|yoru,"['fade', 'omen', 'raze', 'viper', 'yoru']",1,1,2,0.5,3,0.6667,0.3457,0.2305,2,1,2,0,2D-1I-2C-0S,2,0.6667,0.4561,0.4783,0.8667,0.6667,55.11
Talon Esports,Abyss,2025,astra|deadlock|neon|sova|viper,"['astra', 'deadlock', 'neon', 'sova', 'viper']",1,0,1,1.0,1,1.0,0.2181,0.2181,1,1,2,1,1D-1I-2C-1S,1,1.0,0.4679,0.5385,1.0,1.0,54.49
Talon Esports,Ascent,2025,astra|deadlock|tejo|vyse|yoru,"['astra', 'deadlock', 'tejo', 'vyse', 'yoru']",0,1,1,0.0,2,0.5,0.2181,0.109,1,1,1,2,1D-1I-1C-2S,2,1.0,0.4679,0.3636,0.8,0.5,49.89
Talon Esports,Ascent,2025,deadlock|jett|omen|tejo|vyse,"['deadlock', 'jett', 'omen', 'tejo', 'vyse']",1,0,1,1.0,2,0.5,0.2181,0.109,1,1,1,2,1D-1I-1C-2S,2,1.0,0.4679,0.3636,0.8,0.5,56.14
Talon Esports,Bind,2025,astra|deadlock|fade|gekko|raze,"['astra', 'deadlock', 'fade', 'gekko', 'raze']",4,4,8,0.5,9,0.8889,0.6914,0.6146,1,2,1,1,1D-2I-1C-1S,8,0.8889,0.4679,0.5652,0.9333,0.8889,46.09
Talon Esports,Bind,2025,brimstone|fade|raze|viper|yoru,"['brimstone', 'fade', 'raze', 'viper', 'yoru']",1,0,1,1.0,9,0.1111,0.2181,0.0242,2,1,2,0,2D-1I-2C-0S,1,0.1111,0.4679,0.5652,0.4667,0.1111,53.34
Talon Esports,Corrode,2025,cypher|deadlock|omen|sova|yoru,"['cypher', 'deadlock', 'omen', 'sova', 'yoru']",3,1,4,0.75,4,1.0,0.5064,0.5064,1,1,1,2,1D-1I-1C-2S,4,1.0,0.4679,0.5714,1.0,1.0,63.08
Talon Esports,Fracture,2025,breach|brimstone|cypher|tejo|waylay,"['breach', 'brimstone', 'cypher', 'tejo', 'waylay']",2,1,3,0.6666666666666666,4,0.75,0.4362,0.3272,1,2,1,1,1D-2I-1C-1S,4,1.0,0.4679,0.5,0.9,0.75,46.35
Talon Esports,Fracture,2025,breach|brimstone|deadlock|raze|tejo,"['breach', 'brimstone', 'deadlock', 'raze', 'tejo']",0,1,1,0.0,4,0.25,0.2181,0.0545,1,2,1,1,1D-2I-1C-1S,4,1.0,0.4679,0.5,0.7,0.25,39.65
Talon Esports,Haven,2025,breach|cypher|jett|omen|sova,"['breach', 'cypher', 'jett', 'omen', 'sova']",0,1,1,0.0,9,0.1111,0.2181,0.0242,1,2,1,1,1D-2I-1C-1S,1,0.1111,0.4679,0.5238,0.5778,0.1111,33.41
Talon Esports,Haven,2025,cypher|deadlock|omen|sova|yoru,"['cypher', 'deadlock', 'omen', 'sova', 'yoru']",2,1,3,0.6666666666666666,9,0.3333,0.4362,0.1454,1,1,1,2,1D-1I-1C-2S,6,0.6667,0.4679,0.5238,0.8444,0.6667,65.21
Talon Esports,Haven,2025,cypher|deadlock|omen|tejo|yoru,"['cypher', 'deadlock', 'omen', 'tejo', 'yoru']",3,0,3,1.0,9,0.3333,0.4362,0.1454,1,1,1,2,1D-1I-1C-2S,6,0.6667,0.4679,0.5238,0.7778,0.3333,70.76
Talon Esports,Haven,2025,cypher|iso|omen|sova|yoru,"['cypher', 'iso', 'omen', 'sova', 'yoru']",1,1,2,0.5,9,0.2222,0.3457,0.0768,2,1,1,1,2D-1I-1C-1S,2,0.2222,0.4679,0.5238,0.7556,0.2222,47.49
Talon Esports,Icebox,2025,harbor|jett|killjoy|sova|viper,"['harbor', 'jett', 'killjoy', 'sova', 'viper']",0,1,1,0.0,8,0.125,0.2181,0.0273,1,1,2,1,1D-1I-2C-1S,1,0.125,0.4679,0.4348,0.825,0.125,40.82
Talon Esports,Icebox,2025,jett|killjoy|sage|sova|viper,"['jett', 'killjoy', 'sage', 'sova', 'viper']",2,3,5,0.4,8,0.625,0.5638,0.3524,1,1,1,2,1D-1I-1C-2S,5,0.625,0.4679,0.4348,0.925,0.625,46.93
Talon Esports,Icebox,2025,jett|killjoy|sova|tejo|viper,"['jett', 'killjoy', 'sova', 'tejo', 'viper']",1,1,2,0.5,8,0.25,0.3457,0.0864,1,2,1,1,1D-2I-1C-1S,2,0.25,0.4679,0.4348,0.85,0.25,40.71
Talon Esports,Lotus,2025,breach|cypher|omen|tejo|waylay,"['breach', 'cypher', 'omen', 'tejo', 'waylay']",1,1,2,0.5,9,0.2222,0.3457,0.0768,1,2,1,1,1D-2I-1C-1S,4,0.4444,0.4679,0.5667,0.4444,0.2222,46.99
Talon Esports,Lotus,2025,breach|neon|omen|tejo|vyse,"['breach', 'neon', 'omen', 'tejo', 'vyse']",0,1,1,0.0,9,0.1111,0.2181,0.0242,1,2,1,1,1D-2I-1C-1S,4,0.4444,0.4679,0.5667,0.4667,0.1111,43.68
Talon Esports,Lotus,2025,clove|deadlock|fade|omen|raze,"['clove', 'deadlock', 'fade', 'omen', 'raze']",1,1,2,0.5,9,0.2222,0.3457,0.0768,1,1,2,1,1D-1I-2C-1S,2,0.2222,0.4679,0.5667,0.5778,0.2222,48.66
Talon Esports,Lotus,2025,deadlock|fade|omen|raze|tejo,"['deadlock', 'fade', 'omen', 'raze', 'tejo']",0,1,1,0.0,9,0.1111,0.2181,0.0242,1,2,1,1,1D-2I-1C-1S,4,0.4444,0.4679,0.5667,0.6222,0.3333,43.68
Talon Esports,Lotus,2025,fade|omen|raze|vyse|yoru,"['fade', 'omen', 'raze', 'vyse', 'yoru']",3,0,3,1.0,9,0.3333,0.4362,0.1454,2,1,1,1,2D-1I-1C-1S,3,0.3333,0.4679,0.5667,0.6222,0.3333,71.81
Talon Esports,Pearl,2025,astra|cypher|fade|vyse|yoru,"['astra', 'cypher', 'fade', 'vyse', 'yoru']",0,1,1,0.0,3,0.3333,0.2181,0.0727,1,1,1,2,1D-1I-1C-2S,2,0.6667,0.4679,0.3846,0.8667,0.6667,42.08
Talon Esports,Pearl,2025,astra|cypher|tejo|vyse|yoru,"['astra', 'cypher', 'tejo', 'vyse', 'yoru']",0,1,1,0.0,3,0.3333,0.2181,0.0727,1,1,1,2,1D-1I-1C-2S,2,0.6667,0.4679,0.3846,0.8667,0.6667,42.08
Talon Esports,Pearl,2025,astra|fade|tejo|vyse|yoru,"['astra', 'fade', 'tejo', 'vyse', 'yoru']",0,1,1,0.0,3,0.3333,0.2181,0.0727,1,2,1,1,1D-2I-1C-1S,1,0.3333,0.4679,0.3846,0.8667,0.6667,33.41
Talon Esports,Split,2025,astra|breach|raze|tejo|yoru,"['astra', 'breach', 'raze', 'tejo', 'yoru']",0,1,1,0.0,3,0.3333,0.2181,0.0727,2,2,1,0,2D-2I-1C-0S,1,0.3333,0.4679,0.4286,0.5333,0.3333,32.05
Talon Esports,Split,2025,astra|cypher|deadlock|raze|skye,"['astra', 'cypher', 'deadlock', 'raze', 'skye']",1,0,1,1.0,3,0.3333,0.2181,0.0727,1,1,1,2,1D-1I-1C-2S,2,0.6667,0.4679,0.4286,0.6,0.3333,56.14
Talon Esports,Split,2025,cypher|deadlock|jett|omen|tejo,"['cypher', 'deadlock', 'jett', 'omen', 'tejo']",0,1,1,0.0,3,0.3333,0.2181,0.0727,1,1,1,2,1D-1I-1C-2S,2,0.6667,0.4679,0.4286,0.5333,0.3333,49.89
Talon Esports,Sunset,2025,deadlock|neon|omen|sova|viper,"['deadlock', 'neon', 'omen', 'sova', 'viper']",0,1,1,0.0,2,0.5,0.2181,0.109,1,1,2,1,1D-1I-2C-1S,2,1.0,0.4679,0.3333,0.8,0.5,36.41
Talon Esports,Sunset,2025,omen|raze|sage|sova|viper,"['omen', 'raze', 'sage', 'sova', 'viper']",0,1,1,0.0,2,0.5,0.2181,0.109,1,1,2,1,1D-1I-2C-1S,2,1.0,0.4679,0.3333,0.8,0.5,36.41
Team Heretics,Abyss,2025,astra|chamber|sova|tejo|yoru,"['astra', 'chamber', 'sova', 'tejo', 'yoru']",0,2,2,0.0,3,0.6667,0.3457,0.2305,1,2,1,1,1D-2I-1C-1S,3,1.0,0.5974,0.375,0.8,0.6667,37.47
Team Heretics,Abyss,2025,astra|cypher|jett|kayo|sova,"['astra', 'cypher', 'jett', 'kayo', 'sova']",0,1,1,0.0,3,0.3333,0.2181,0.0727,1,2,1,1,1D-2I-1C-1S,3,1.0,0.5974,0.375,0.6,0.3333,35.38
Team Heretics,Ascent,2025,cypher|jett|omen|sova|yoru,"['cypher', 'jett', 'omen', 'sova', 'yoru']",5,3,8,0.625,9,0.8889,0.6914,0.6146,2,1,1,1,2D-1I-1C-1S,8,0.8889,0.5974,0.6,0.9556,0.8889,68.27
Team Heretics,Ascent,2025,cypher|kayo|omen|sova|waylay,"['cypher', 'kayo', 'omen', 'sova', 'waylay']",0,1,1,0.0,9,0.1111,0.2181,0.0242,1,2,1,1,1D-2I-1C-1S,1,0.1111,0.5974,0.6,0.6444,0.1111,48.79
Team Heretics,Bind,2025,brimstone|fade|gekko|raze|viper,"['brimstone', 'fade', 'gekko', 'raze', 'viper']",2,0,2,1.0,4,0.5,0.3457,0.1728,1,2,2,0,1D-2I-2C-0S,2,0.5,0.5974,0.6286,0.8,0.5,76.49
Team Heretics,Bind,2025,brimstone|fade|viper|waylay|yoru,"['brimstone', 'fade', 'viper', 'waylay', 'yoru']",2,0,2,1.0,4,0.5,0.3457,0.1728,2,1,2,0,2D-1I-2C-0S,2,0.5,0.5974,0.6286,0.8,0.5,59.42
Team Heretics,Corrode,2025,astra|fade|viper|vyse|yoru,"['astra', 'fade', 'viper', 'vyse', 'yoru']",1,1,2,0.5,3,0.6667,0.3457,0.2305,1,1,2,1,1D-1I-2C-1S,2,0.6667,0.5974,0.5714,0.8667,0.6667,46.99
Team Heretics,Corrode,2025,fade|omen|viper|waylay|yoru,"['fade', 'omen', 'viper', 'waylay', 'yoru']",1,0,1,1.0,3,0.3333,0.2181,0.0727,2,1,2,0,2D-1I-2C-0S,1,0.3333,0.5974,0.5714,0.7333,0.3333,57.57
Team Heretics,Fracture,2025,astra|cypher|raze|skye|tejo,"['astra', 'cypher', 'raze', 'skye', 'tejo']",1,1,2,0.5,4,0.5,0.3457,0.1728,1,2,1,1,1D-2I-1C-1S,3,0.75,0.5974,0.5263,0.7,0.5,51.81
Team Heretics,Fracture,2025,breach|brimstone|cypher|neon|tejo,"['breach', 'brimstone', 'cypher', 'neon', 'tejo']",0,1,1,0.0,4,0.25,0.2181,0.0545,1,2,1,1,1D-2I-1C-1S,3,0.75,0.5974,0.5263,0.55,0.25,48.79
Team Heretics,Fracture,2025,brimstone|cypher|fade|raze|yoru,"['brimstone', 'cypher', 'fade', 'raze', 'yoru']",0,1,1,0.0,4,0.25,0.2181,0.0545,2,1,1,1,2D-1I-1C-1S,1,0.25,0.5974,0.5263,0.55,0.25,62.67
Team Heretics,Haven,2025,cypher|iso|omen|sova|yoru,"['cypher', 'iso', 'omen', 'sova', 'yoru']",9,1,10,0.9,11,0.9091,0.7545,0.6859,2,1,1,1,2D-1I-1C-1S,10,0.9091,0.5974,0.6471,0.9818,0.9091,81.39
Team Heretics,Haven,2025,cypher|omen|sova|tejo|yoru,"['cypher', 'omen', 'sova', 'tejo', 'yoru']",0,1,1,0.0,11,0.0909,0.2181,0.0198,1,2,1,1,1D-2I-1C-1S,1,0.0909,0.5974,0.6471,0.8182,0.0909,48.79
Team Heretics,Icebox,2025,gekko|killjoy|neon|sova|viper,"['gekko', 'killjoy', 'neon', 'sova', 'viper']",1,3,4,0.25,10,0.4,0.5064,0.2026,1,2,1,1,1D-2I-1C-1S,7,0.7,0.5974,0.5676,0.78,0.5,62.26
Team Heretics,Icebox,2025,gekko|killjoy|neon|tejo|viper,"['gekko', 'killjoy', 'neon', 'tejo', 'viper']",1,0,1,1.0,10,0.1,0.2181,0.0218,1,2,1,1,1D-2I-1C-1S,7,0.7,0.5974,0.5676,0.66,0.3,66.03
Team Heretics,Icebox,2025,jett|killjoy|sova|viper|yoru,"['jett', 'killjoy', 'sova', 'viper', 'yoru']",0,2,2,0.0,10,0.2,0.3457,0.0691,2,1,1,1,2D-1I-1C-1S,2,0.2,0.5974,0.5676,0.62,0.2,52.24
Team Heretics,Icebox,2025,kayo|killjoy|omen|sova|viper,"['kayo', 'killjoy', 'omen', 'sova', 'viper']",0,1,1,0.0,10,0.1,0.2181,0.0218,0,2,2,1,0D-2I-2C-1S,1,0.1,0.5974,0.5676,0.58,0.1,35.1
Team Heretics,Icebox,2025,neon|sova|tejo|viper|vyse,"['neon', 'sova', 'tejo', 'viper', 'vyse']",2,0,2,1.0,10,0.2,0.3457,0.0691,1,2,1,1,1D-2I-1C-1S,7,0.7,0.5974,0.5676,0.62,0.2,68.03
Team Heretics,Lotus,2025,astra|fade|killjoy|omen|raze,"['astra', 'fade', 'killjoy', 'omen', 'raze']",1,1,2,0.5,9,0.2222,0.3457,0.0768,1,1,2,1,1D-1I-2C-1S,3,0.3333,0.5974,0.5769,0.6222,0.2222,50.28
Team Heretics,Lotus,2025,breach|neon|omen|tejo|vyse,"['breach', 'neon', 'omen', 'tejo', 'vyse']",2,0,2,1.0,9,0.2222,0.3457,0.0768,1,2,1,1,1D-2I-1C-1S,2,0.2222,0.5974,0.5769,0.3778,0.2222,65.4
Team Heretics,Lotus,2025,chamber|deadlock|fade|omen|raze,"['chamber', 'deadlock', 'fade', 'omen', 'raze']",2,2,4,0.5,9,0.4444,0.5064,0.225,1,1,1,2,1D-1I-1C-2S,4,0.4444,0.5974,0.5769,0.6889,0.4444,52.18
Team Heretics,Lotus,2025,fade|killjoy|omen|raze|viper,"['fade', 'killjoy', 'omen', 'raze', 'viper']",0,1,1,0.0,9,0.1111,0.2181,0.0242,1,1,2,1,1D-1I-2C-1S,3,0.3333,0.5974,0.5769,0.6,0.1111,52.28
Team Heretics,Pearl,2025,astra|breach|fade|killjoy|yoru,"['astra', 'breach', 'fade', 'killjoy', 'yoru']",0,1,1,0.0,5,0.2,0.2181,0.0436,1,2,1,1,1D-2I-1C-1S,3,0.6,0.5974,0.4737,0.52,0.2,56.01
Team Heretics,Pearl,2025,astra|cypher|jett|sova|yoru,"['astra', 'cypher', 'jett', 'sova', 'yoru']",1,1,2,0.5,5,0.4,0.3457,0.1383,2,1,1,1,2D-1I-1C-1S,2,0.4,0.5974,0.4737,0.64,0.4,54.39
Team Heretics,Pearl,2025,astra|jett|kayo|killjoy|tejo,"['astra', 'jett', 'kayo', 'killjoy', 'tejo']",2,0,2,1.0,5,0.4,0.3457,0.1383,1,2,1,1,1D-2I-1C-1S,3,0.6,0.5974,0.4737,0.64,0.4,64.48
Team Heretics,Split,2025,fade|iso|omen|raze|viper,"['fade', 'iso', 'omen', 'raze', 'viper']",1,1,2,0.5,3,0.6667,0.3457,0.2305,2,1,2,0,2D-1I-2C-0S,3,1.0,0.5974,0.4643,0.9333,0.6667,43.83
Team Heretics,Split,2025,fade|omen|raze|viper|yoru,"['fade', 'omen', 'raze', 'viper', 'yoru']",0,1,1,0.0,3,0.3333,0.2181,0.0727,2,1,2,0,2D-1I-2C-0S,3,1.0,0.5974,0.4643,0.8667,0.3333,37.95
Team Heretics,Sunset,2025,cypher|omen|raze|sova|yoru,"['cypher', 'omen', 'raze', 'sova', 'yoru']",1,0,1,1.0,3,0.3333,0.2181,0.0727,2,1,1,1,2D-1I-1C-1S,1,0.3333,0.5974,0.6857,0.6667,0.3333,71.84
Team Heretics,Sunset,2025,kayo|neon|omen|sova|vyse,"['kayo', 'neon', 'omen', 'sova', 'vyse']",1,0,1,1.0,3,0.3333,0.2181,0.0727,1,2,1,1,1D-2I-1C-1S,1,0.3333,0.5974,0.6857,0.6667,0.3333,73.77
Team Heretics,Sunset,2025,omen|sova|viper|vyse|yoru,"['omen', 'sova', 'viper', 'vyse', 'yoru']",0,1,1,0.0,3,0.3333,0.2181,0.0727,1,1,2,1,1D-1I-2C-1S,1,0.3333,0.5974,0.6857,0.7333,0.3333,39.12
Team Liquid,Abyss,2025,cypher|jett|kayo|omen|sova,"['cypher', 'jett', 'kayo', 'omen', 'sova']",6,2,8,0.75,8,1.0,0.6914,0.6914,1,2,1,1,1D-2I-1C-1S,8,1.0,0.5363,0.5909,1.0,1.0,62.43
Team Liquid,Ascent,2025,cypher|deadlock|jett|omen|tejo,"['cypher', 'deadlock', 'jett', 'omen', 'tejo']",2,1,3,0.6666666666666666,7,0.4286,0.4362,0.187,1,1,1,2,1D-1I-1C-2S,3,0.4286,0.5363,0.5833,0.7714,0.4286,63.0
Team Liquid,Ascent,2025,cypher|jett|kayo|omen|sova,"['cypher', 'jett', 'kayo', 'omen', 'sova']",4,0,4,1.0,7,0.5714,0.5064,0.2894,1,2,1,1,1D-2I-1C-1S,4,0.5714,0.5363,0.5833,0.8286,0.5714,62.94
Team Liquid,Bind,2025,brimstone|fade|raze|viper|yoru,"['brimstone', 'fade', 'raze', 'viper', 'yoru']",1,0,1,1.0,12,0.0833,0.2181,0.0182,2,1,2,0,2D-1I-2C-0S,1,0.0833,0.5363,0.6562,0.6333,0.0833,74.15
Team Liquid,Bind,2025,brimstone|gekko|raze|skye|viper,"['brimstone', 'gekko', 'raze', 'skye', 'viper']",7,4,11,0.6363636363636364,12,0.9167,0.7819,0.7168,1,2,2,0,1D-2I-2C-0S,11,0.9167,0.5363,0.6562,0.9667,0.9167,63.71
Team Liquid,Corrode,2025,deadlock|fade|omen|viper|yoru,"['deadlock', 'fade', 'omen', 'viper', 'yoru']",0,1,1,0.0,4,0.25,0.2181,0.0545,1,1,2,1,1D-1I-2C-1S,1,0.25,0.5363,0.3889,0.75,0.25,37.9
Team Liquid,Corrode,2025,fade|gekko|omen|viper|yoru,"['fade', 'gekko', 'omen', 'viper', 'yoru']",1,1,2,0.5,4,0.5,0.3457,0.1728,1,2,2,0,1D-2I-2C-0S,2,0.5,0.5363,0.3889,0.8,0.5,45.81
Team Liquid,Corrode,2025,fade|neon|omen|vyse|waylay,"['fade', 'neon', 'omen', 'vyse', 'waylay']",0,1,1,0.0,4,0.25,0.2181,0.0545,2,1,1,1,2D-1I-1C-1S,1,0.25,0.5363,0.3889,0.55,0.25,46.0
Team Liquid,Fracture,2025,breach|brimstone|cypher|gekko|sage,"['breach', 'brimstone', 'cypher', 'gekko', 'sage']",0,2,2,0.0,8,0.25,0.3457,0.0864,0,2,1,2,0D-2I-1C-2S,2,0.25,0.5363,0.4737,0.625,0.25,22.26
Team Liquid,Fracture,2025,breach|brimstone|cypher|raze|tejo,"['breach', 'brimstone', 'cypher', 'raze', 'tejo']",2,1,3,0.6666666666666666,8,0.375,0.4362,0.1636,1,2,1,1,1D-2I-1C-1S,6,0.75,0.5363,0.4737,0.75,0.375,55.84
Team Liquid,Fracture,2025,breach|brimstone|neon|tejo|vyse,"['breach', 'brimstone', 'neon', 'tejo', 'vyse']",2,1,3,0.6666666666666666,8,0.375,0.4362,0.1636,1,2,1,1,1D-2I-1C-1S,6,0.75,0.5363,0.4737,0.7,0.375,55.84
Team Liquid,Haven,2025,astra|cypher|iso|neon|sova,"['astra', 'cypher', 'iso', 'neon', 'sova']",0,1,1,0.0,9,0.1111,0.2181,0.0242,2,1,1,1,2D-1I-1C-1S,2,0.2222,0.5363,0.5,0.3111,0.1111,49.41
Team Liquid,Haven,2025,breach|cypher|jett|omen|tejo,"['breach', 'cypher', 'jett', 'omen', 'tejo']",3,2,5,0.6,9,0.5556,0.5638,0.3132,1,2,1,1,1D-2I-1C-1S,5,0.5556,0.5363,0.5,0.7333,0.5556,50.57
Team Liquid,Haven,2025,cypher|deadlock|omen|tejo|yoru,"['cypher', 'deadlock', 'omen', 'tejo', 'yoru']",1,1,2,0.5,9,0.2222,0.3457,0.0768,1,1,1,2,1D-1I-1C-2S,2,0.2222,0.5363,0.5,0.6,0.2222,58.05
Team Liquid,Haven,2025,killjoy|neon|omen|phoenix|sova,"['killjoy', 'neon', 'omen', 'phoenix', 'sova']",1,0,1,1.0,9,0.1111,0.2181,0.0242,2,1,1,1,2D-1I-1C-1S,2,0.2222,0.5363,0.5,0.3111,0.1111,55.66
Team Liquid,Icebox,2025,chamber|harbor|jett|sova|viper,"['chamber', 'harbor', 'jett', 'sova', 'viper']",1,0,1,1.0,8,0.125,0.2181,0.0273,1,1,2,1,1D-1I-2C-1S,2,0.25,0.5363,0.4615,0.425,0.125,49.42
Team Liquid,Icebox,2025,clove|gekko|harbor|kayo|omen,"['clove', 'gekko', 'harbor', 'kayo', 'omen']",0,1,1,0.0,8,0.125,0.2181,0.0273,0,2,3,0,0D-2I-3C-0S,1,0.125,0.5363,0.4615,0.425,0.125,36.05
Team Liquid,Icebox,2025,gekko|jett|kayo|killjoy|viper,"['gekko', 'jett', 'kayo', 'killjoy', 'viper']",1,4,5,0.2,8,0.625,0.5638,0.3524,1,2,1,1,1D-2I-1C-1S,5,0.625,0.5363,0.4615,0.775,0.75,32.94
Team Liquid,Icebox,2025,killjoy|omen|tejo|viper|waylay,"['killjoy', 'omen', 'tejo', 'viper', 'waylay']",0,1,1,0.0,8,0.125,0.2181,0.0273,1,1,2,1,1D-1I-2C-1S,2,0.25,0.5363,0.4615,0.425,0.125,43.17
Team Liquid,Lotus,2025,breach|cypher|neon|omen|tejo,"['breach', 'cypher', 'neon', 'omen', 'tejo']",0,1,1,0.0,12,0.0833,0.2181,0.0182,1,2,1,1,1D-2I-1C-1S,2,0.1667,0.5363,0.5484,0.4,0.0833,36.33
Team Liquid,Lotus,2025,breach|cypher|omen|tejo|yoru,"['breach', 'cypher', 'omen', 'tejo', 'yoru']",0,1,1,0.0,12,0.0833,0.2181,0.0182,1,2,1,1,1D-2I-1C-1S,2,0.1667,0.5363,0.5484,0.4667,0.1667,36.33
Team Liquid,Lotus,2025,clove|fade|raze|reyna|viper,"['clove', 'fade', 'raze', 'reyna', 'viper']",1,1,2,0.5,12,0.1667,0.3457,0.0576,2,1,2,0,2D-1I-2C-0S,2,0.1667,0.5363,0.5484,0.3333,0.1667,59.65
Team Liquid,Lotus,2025,cypher|deadlock|omen|tejo|waylay,"['cypher', 'deadlock', 'omen', 'tejo', 'waylay']",3,0,3,1.0,12,0.25,0.4362,0.109,1,1,1,2,1D-1I-1C-2S,3,0.25,0.5363,0.5484,0.4667,0.25,74.96
Team Liquid,Lotus,2025,cypher|fade|omen|raze|waylay,"['cypher', 'fade', 'omen', 'raze', 'waylay']",0,1,1,0.0,12,0.0833,0.2181,0.0182,2,1,1,1,2D-1I-1C-1S,5,0.4167,0.5363,0.5484,0.5667,0.3333,56.14
Team Liquid,Lotus,2025,fade|omen|raze|vyse|yoru,"['fade', 'omen', 'raze', 'vyse', 'yoru']",4,0,4,1.0,12,0.3333,0.5064,0.1688,2,1,1,1,2D-1I-1C-1S,5,0.4167,0.5363,0.5484,0.55,0.3333,68.33
Team Liquid,Pearl,2025,astra|breach|jett|tejo|vyse,"['astra', 'breach', 'jett', 'tejo', 'vyse']",0,1,1,0.0,4,0.25,0.2181,0.0545,1,2,1,1,1D-2I-1C-1S,3,0.75,0.5363,0.4286,0.55,0.25,33.09
Team Liquid,Pearl,2025,astra|chamber|sova|vyse|yoru,"['astra', 'chamber', 'sova', 'vyse', 'yoru']",0,1,1,0.0,4,0.25,0.2181,0.0545,1,1,1,2,1D-1I-1C-2S,1,0.25,0.5363,0.4286,0.55,0.25,51.94
Team Liquid,Pearl,2025,astra|cypher|jett|kayo|sova,"['astra', 'cypher', 'jett', 'kayo', 'sova']",0,2,2,0.0,4,0.5,0.3457,0.1728,1,2,1,1,1D-2I-1C-1S,3,0.75,0.5363,0.4286,0.7,0.5,31.14
Team Liquid,Split,2025,astra|fade|raze|viper|yoru,"['astra', 'fade', 'raze', 'viper', 'yoru']",8,3,11,0.7272727272727273,11,1.0,0.7819,0.7819,2,1,2,0,2D-1I-2C-0S,11,1.0,0.5363,0.5455,1.0,1.0,67.18
Team Liquid,Sunset,2025,cypher|fade|omen|raze|yoru,"['cypher', 'fade', 'omen', 'raze', 'yoru']",3,3,6,0.5,9,0.6667,0.6123,0.4082,2,1,1,1,2D-1I-1C-1S,7,0.7778,0.5363,0.4545,0.8,0.6667,49.49
Team Liquid,Sunset,2025,cypher|iso|neon|omen|sova,"['cypher', 'iso', 'neon', 'omen', 'sova']",0,1,1,0.0,9,0.1111,0.2181,0.0242,2,1,1,1,2D-1I-1C-1S,7,0.7778,0.5363,0.4545,0.5556,0.1111,46.21
Team Liquid,Sunset,2025,cypher|neon|omen|sova|viper,"['cypher', 'neon', 'omen', 'sova', 'viper']",1,1,2,0.5,9,0.2222,0.3457,0.0768,1,1,2,1,1D-1I-2C-1S,2,0.2222,0.5363,0.4545,0.5778,0.2222,45.93
Team Secret,Abyss,2025,cypher|jett|kayo|omen|sova,"['cypher', 'jett', 'kayo', 'omen', 'sova']",1,0,1,1.0,1,1.0,0.2181,0.2181,1,2,1,1,1D-2I-1C-1S,1,1.0,0.4078,0.4615,1.0,1.0,47.7
Team Secret,Ascent,2025,chamber|omen|sova|vyse|yoru,"['chamber', 'omen', 'sova', 'vyse', 'yoru']",1,0,1,1.0,4,0.25,0.2181,0.0545,1,1,1,2,1D-1I-1C-2S,3,0.75,0.4078,0.5263,0.7,0.25,41.74
Team Secret,Ascent,2025,cypher|deadlock|omen|sova|yoru,"['cypher', 'deadlock', 'omen', 'sova', 'yoru']",0,2,2,0.0,4,0.5,0.3457,0.1728,1,1,1,2,1D-1I-1C-2S,3,0.75,0.4078,0.5263,0.75,0.5,33.41
Team Secret,Ascent,2025,jett|omen|tejo|vyse|yoru,"['jett', 'omen', 'tejo', 'vyse', 'yoru']",1,0,1,1.0,4,0.25,0.2181,0.0545,2,1,1,1,2D-1I-1C-1S,1,0.25,0.4078,0.5263,0.6,0.25,55.45
Team Secret,Bind,2025,brimstone|gekko|raze|skye|viper,"['brimstone', 'gekko', 'raze', 'skye', 'viper']",1,0,1,1.0,1,1.0,0.2181,0.2181,1,2,2,0,1D-2I-2C-0S,1,1.0,0.4078,0.5385,1.0,1.0,57.42
Team Secret,Corrode,2025,deadlock|fade|neon|omen|viper,"['deadlock', 'fade', 'neon', 'omen', 'viper']",0,2,2,0.0,2,1.0,0.3457,0.3457,1,1,2,1,1D-1I-2C-1S,2,1.0,0.4078,0.4167,1.0,1.0,30.14
Team Secret,Fracture,2025,breach|brimstone|cypher|neon|tejo,"['breach', 'brimstone', 'cypher', 'neon', 'tejo']",0,1,1,0.0,1,1.0,0.2181,0.2181,1,2,1,1,1D-2I-1C-1S,1,1.0,0.4078,0.4615,1.0,1.0,41.01
Team Secret,Haven,2025,astra|breach|cypher|neon|tejo,"['astra', 'breach', 'cypher', 'neon', 'tejo']",0,1,1,0.0,4,0.25,0.2181,0.0545,1,2,1,1,1D-2I-1C-1S,3,0.75,0.4078,0.3125,0.45,0.25,31.39
Team Secret,Haven,2025,breach|cypher|jett|omen|sova,"['breach', 'cypher', 'jett', 'omen', 'sova']",0,1,1,0.0,4,0.25,0.2181,0.0545,1,2,1,1,1D-2I-1C-1S,3,0.75,0.4078,0.3125,0.7,0.5,31.39
Team Secret,Haven,2025,breach|jett|killjoy|omen|sova,"['breach', 'jett', 'killjoy', 'omen', 'sova']",0,1,1,0.0,4,0.25,0.2181,0.0545,1,2,1,1,1D-2I-1C-1S,3,0.75,0.4078,0.3125,0.6,0.25,31.39
Team Secret,Haven,2025,cypher|iso|omen|sova|yoru,"['cypher', 'iso', 'omen', 'sova', 'yoru']",0,1,1,0.0,4,0.25,0.2181,0.0545,2,1,1,1,2D-1I-1C-1S,1,0.25,0.4078,0.3125,0.55,0.25,40.67
Team Secret,Icebox,2025,chamber|iso|kayo|sova|viper,"['chamber', 'iso', 'kayo', 'sova', 'viper']",1,0,1,1.0,4,0.25,0.2181,0.0545,1,2,1,1,1D-2I-1C-1S,2,0.5,0.4078,0.5,0.6,0.25,57.15
Team Secret,Icebox,2025,gekko|kayo|killjoy|viper|waylay,"['gekko', 'kayo', 'killjoy', 'viper', 'waylay']",0,1,1,0.0,4,0.25,0.2181,0.0545,1,2,1,1,1D-2I-1C-1S,2,0.5,0.4078,0.5,0.6,0.25,50.9
Team Secret,Icebox,2025,jett|killjoy|sage|sova|viper,"['jett', 'killjoy', 'sage', 'sova', 'viper']",0,1,1,0.0,4,0.25,0.2181,0.0545,1,1,1,2,1D-1I-1C-2S,1,0.25,0.4078,0.5,0.6,0.25,37.11
Team Secret,Icebox,2025,kayo|killjoy|omen|sova|viper,"['kayo', 'killjoy', 'omen', 'sova', 'viper']",0,1,1,0.0,4,0.25,0.2181,0.0545,0,2,2,1,0D-2I-2C-1S,1,0.25,0.4078,0.5,0.7,0.25,35.1
Team Secret,Lotus,2025,breach|cypher|omen|raze|tejo,"['breach', 'cypher', 'omen', 'raze', 'tejo']",0,1,1,0.0,7,0.1429,0.2181,0.0312,1,2,1,1,1D-2I-1C-1S,2,0.2857,0.4078,0.3571,0.5429,0.2857,31.39
Team Secret,Lotus,2025,breach|cypher|omen|tejo|waylay,"['breach', 'cypher', 'omen', 'tejo', 'waylay']",0,1,1,0.0,7,0.1429,0.2181,0.0312,1,2,1,1,1D-2I-1C-1S,2,0.2857,0.4078,0.3571,0.4,0.1429,31.39
Team Secret,Lotus,2025,fade|iso|omen|raze|viper,"['fade', 'iso', 'omen', 'raze', 'viper']",1,0,1,1.0,7,0.1429,0.2181,0.0312,2,1,2,0,2D-1I-2C-0S,1,0.1429,0.4078,0.3571,0.6857,0.1429,50.06
Team Secret,Lotus,2025,fade|killjoy|omen|raze|viper,"['fade', 'killjoy', 'omen', 'raze', 'viper']",1,2,3,0.3333333333333333,7,0.4286,0.4362,0.187,1,1,2,1,1D-1I-2C-1S,4,0.5714,0.4078,0.3571,0.7429,0.4286,33.1
Team Secret,Lotus,2025,fade|omen|raze|viper|vyse,"['fade', 'omen', 'raze', 'viper', 'vyse']",1,0,1,1.0,7,0.1429,0.2181,0.0312,1,1,2,1,1D-1I-2C-1S,4,0.5714,0.4078,0.3571,0.6857,0.1429,39.26
Team Secret,Pearl,2025,astra|chamber|sova|vyse|yoru,"['astra', 'chamber', 'sova', 'vyse', 'yoru']",1,1,2,0.5,4,0.5,0.3457,0.1728,1,1,1,2,1D-1I-1C-2S,2,0.5,0.4078,0.375,0.7,0.5,36.9
Team Secret,Pearl,2025,astra|jett|kayo|killjoy|sova,"['astra', 'jett', 'kayo', 'killjoy', 'sova']",0,2,2,0.0,4,0.5,0.3457,0.1728,1,2,1,1,1D-2I-1C-1S,2,0.5,0.4078,0.375,0.7,0.5,34.46
Team Secret,Split,2025,astra|cypher|deadlock|raze|skye,"['astra', 'cypher', 'deadlock', 'raze', 'skye']",0,1,1,0.0,2,0.5,0.2181,0.109,1,1,1,2,1D-1I-1C-2S,1,0.5,0.4078,0.4545,0.6,0.5,33.43
Team Secret,Split,2025,fade|omen|raze|viper|yoru,"['fade', 'omen', 'raze', 'viper', 'yoru']",0,1,1,0.0,2,0.5,0.2181,0.109,2,1,2,0,2D-1I-2C-0S,1,0.5,0.4078,0.4545,0.6,0.5,26.1
Team Secret,Sunset,2025,breach|cypher|neon|omen|sova,"['breach', 'cypher', 'neon', 'omen', 'sova']",1,1,2,0.5,2,1.0,0.3457,0.3457,1,2,1,1,1D-2I-1C-1S,2,1.0,0.4078,0.619,1.0,1.0,61.46
Team Vitality,Abyss,2025,astra|breach|jett|sova|tejo,"['astra', 'breach', 'jett', 'sova', 'tejo']",2,1,3,0.6666666666666666,3,1.0,0.4362,0.4362,1,3,1,0,1D-3I-1C-0S,3,1.0,0.5063,0.5,1.0,1.0,55.38
Team Vitality,Ascent,2025,cypher|jett|kayo|omen|sova,"['cypher', 'jett', 'kayo', 'omen', 'sova']",1,1,2,0.5,3,0.6667,0.3457,0.2305,1,2,1,1,1D-2I-1C-1S,3,1.0,0.5063,0.4545,0.8667,0.6667,48.68
Team Vitality,Ascent,2025,cypher|kayo|omen|tejo|yoru,"['cypher', 'kayo', 'omen', 'tejo', 'yoru']",1,0,1,1.0,3,0.3333,0.2181,0.0727,1,2,1,1,1D-2I-1C-1S,3,1.0,0.5063,0.4545,0.7333,0.3333,54.77
Team Vitality,Bind,2025,brimstone|fade|viper|vyse|yoru,"['brimstone', 'fade', 'viper', 'vyse', 'yoru']",0,1,1,0.0,9,0.1111,0.2181,0.0242,1,1,2,1,1D-1I-2C-1S,1,0.1111,0.5063,0.3846,0.4667,0.1111,41.14
Team Vitality,Bind,2025,brimstone|gekko|raze|skye|viper,"['brimstone', 'gekko', 'raze', 'skye', 'viper']",0,2,2,0.0,9,0.2222,0.3457,0.0768,1,2,2,0,1D-2I-2C-0S,8,0.8889,0.5063,0.3846,0.8,0.2222,37.36
Team Vitality,Bind,2025,brimstone|raze|skye|tejo|viper,"['brimstone', 'raze', 'skye', 'tejo', 'viper']",4,2,6,0.6666666666666666,9,0.6667,0.6123,0.4082,1,2,2,0,1D-2I-2C-0S,8,0.8889,0.5063,0.3846,0.8889,0.6667,45.01
Team Vitality,Corrode,2025,chamber|fade|omen|sova|yoru,"['chamber', 'fade', 'omen', 'sova', 'yoru']",1,0,1,1.0,1,1.0,0.2181,0.2181,1,2,1,1,1D-2I-1C-1S,1,1.0,0.5063,0.6429,1.0,1.0,60.37
Team Vitality,Fracture,2025,breach|brimstone|cypher|neon|tejo,"['breach', 'brimstone', 'cypher', 'neon', 'tejo']",0,1,1,0.0,3,0.3333,0.2181,0.0727,1,2,1,1,1D-2I-1C-1S,3,1.0,0.5063,0.5385,0.7333,0.3333,53.01
Team Vitality,Fracture,2025,breach|brimstone|raze|tejo|vyse,"['breach', 'brimstone', 'raze', 'tejo', 'vyse']",2,0,2,1.0,3,0.6667,0.3457,0.2305,1,2,1,1,1D-2I-1C-1S,3,1.0,0.5063,0.5385,0.8667,0.6667,61.66
Team Vitality,Haven,2025,breach|cypher|neon|omen|tejo,"['breach', 'cypher', 'neon', 'omen', 'tejo']",0,1,1,0.0,10,0.1,0.2181,0.0218,1,2,1,1,1D-2I-1C-1S,1,0.1,0.5063,0.4,0.46,0.1,42.53
Team Vitality,Haven,2025,cypher|iso|omen|sova|yoru,"['cypher', 'iso', 'omen', 'sova', 'yoru']",3,5,8,0.375,10,0.8,0.6914,0.5531,2,1,1,1,2D-1I-1C-1S,9,0.9,0.5063,0.4,0.92,0.8,37.95
Team Vitality,Haven,2025,cypher|jett|omen|sova|yoru,"['cypher', 'jett', 'omen', 'sova', 'yoru']",0,1,1,0.0,10,0.1,0.2181,0.0218,2,1,1,1,2D-1I-1C-1S,9,0.9,0.5063,0.4,0.78,0.1,35.8
Team Vitality,Icebox,2025,harbor|jett|killjoy|sova|viper,"['harbor', 'jett', 'killjoy', 'sova', 'viper']",0,1,1,0.0,3,0.3333,0.2181,0.0727,1,1,2,1,1D-1I-2C-1S,1,0.3333,0.5063,0.4348,0.8,0.3333,44.88
Team Vitality,Icebox,2025,jett|kayo|killjoy|sova|viper,"['jett', 'kayo', 'killjoy', 'sova', 'viper']",0,1,1,0.0,3,0.3333,0.2181,0.0727,1,2,1,1,1D-2I-1C-1S,2,0.6667,0.5063,0.4348,0.8667,0.6667,44.11
Team Vitality,Icebox,2025,jett|kayo|killjoy|tejo|viper,"['jett', 'kayo', 'killjoy', 'tejo', 'viper']",0,1,1,0.0,3,0.3333,0.2181,0.0727,1,2,1,1,1D-2I-1C-1S,2,0.6667,0.5063,0.4348,0.8,0.3333,44.11
Team Vitality,Lotus,2025,breach|neon|omen|tejo|viper,"['breach', 'neon', 'omen', 'tejo', 'viper']",1,0,1,1.0,9,0.1111,0.2181,0.0242,1,2,2,0,1D-2I-2C-0S,3,0.3333,0.5063,0.5278,0.5556,0.1111,54.84
Team Vitality,Lotus,2025,breach|omen|tejo|viper|yoru,"['breach', 'omen', 'tejo', 'viper', 'yoru']",1,1,2,0.5,9,0.2222,0.3457,0.0768,1,2,2,0,1D-2I-2C-0S,3,0.3333,0.5063,0.5278,0.5778,0.2222,51.62
Team Vitality,Lotus,2025,fade|omen|raze|viper|vyse,"['fade', 'omen', 'raze', 'viper', 'vyse']",4,2,6,0.6666666666666666,9,0.6667,0.6123,0.4082,1,1,2,1,1D-1I-2C-1S,6,0.6667,0.5063,0.5278,0.8,0.6667,56.35
Team Vitality,Split,2025,breach|cypher|omen|tejo|yoru,"['breach', 'cypher', 'omen', 'tejo', 'yoru']",2,0,2,1.0,7,0.2857,0.3457,0.0988,1,2,1,1,1D-2I-1C-1S,2,0.2857,0.5063,0.5,0.5714,0.2857,65.81
Team Vitality,Split,2025,breach|fade|omen|raze|viper,"['breach', 'fade', 'omen', 'raze', 'viper']",2,2,4,0.5,7,0.5714,0.5064,0.2894,1,2,2,0,1D-2I-2C-0S,4,0.5714,0.5063,0.5,0.8,0.7143,48.53
Team Vitality,Split,2025,fade|omen|raze|viper|yoru,"['fade', 'omen', 'raze', 'viper', 'yoru']",0,1,1,0.0,7,0.1429,0.2181,0.0312,2,1,2,0,2D-1I-2C-0S,1,0.1429,0.5063,0.5,0.7143,0.4286,43.87
Team Vitality,Sunset,2025,breach|cypher|neon|omen|sova,"['breach', 'cypher', 'neon', 'omen', 'sova']",0,1,1,0.0,1,1.0,0.2181,0.2181,1,2,1,1,1D-2I-1C-1S,1,1.0,0.5063,0.5714,1.0,1.0,53.21
Titan Esports Club,Abyss,2025,cypher|jett|kayo|omen|sova,"['cypher', 'jett', 'kayo', 'omen', 'sova']",2,1,3,0.6666666666666666,3,1.0,0.4362,0.4362,1,2,1,1,1D-2I-1C-1S,3,1.0,0.4,0.5,1.0,1.0,49.81
Titan Esports Club,Ascent,2025,cypher|jett|kayo|omen|sova,"['cypher', 'jett', 'kayo', 'omen', 'sova']",0,1,1,0.0,2,0.5,0.2181,0.109,1,2,1,1,1D-2I-1C-1S,2,1.0,0.4,0.4667,0.8,0.5,35.51
Titan Esports Club,Ascent,2025,deadlock|jett|kayo|omen|tejo,"['deadlock', 'jett', 'kayo', 'omen', 'tejo']",1,0,1,1.0,2,0.5,0.2181,0.109,1,2,1,1,1D-2I-1C-1S,2,1.0,0.4,0.4667,0.8,0.5,43.98
Titan Esports Club,Bind,2025,astra|fade|kayo|raze|viper,"['astra', 'fade', 'kayo', 'raze', 'viper']",0,1,1,0.0,1,1.0,0.2181,0.2181,1,2,2,0,1D-2I-2C-0S,1,1.0,0.4,0.4762,1.0,1.0,27.07
Titan Esports Club,Corrode,2025,astra|fade|gekko|neon|omen,"['astra', 'fade', 'gekko', 'neon', 'omen']",0,1,1,0.0,1,1.0,0.2181,0.2181,1,2,2,0,1D-2I-2C-0S,1,1.0,0.4,0.4615,1.0,1.0,34.28
Titan Esports Club,Fracture,2025,breach|brimstone|cypher|raze|tejo,"['breach', 'brimstone', 'cypher', 'raze', 'tejo']",2,2,4,0.5,7,0.5714,0.5064,0.2894,1,2,1,1,1D-2I-1C-1S,7,1.0,0.4,0.4783,0.8286,0.5714,43.2
Titan Esports Club,Fracture,2025,breach|brimstone|fade|killjoy|raze,"['breach', 'brimstone', 'fade', 'killjoy', 'raze']",1,1,2,0.5,7,0.2857,0.3457,0.0988,1,2,1,1,1D-2I-1C-1S,7,1.0,0.4,0.4783,0.7143,0.2857,42.4
Titan Esports Club,Fracture,2025,breach|brimstone|killjoy|neon|tejo,"['breach', 'brimstone', 'killjoy', 'neon', 'tejo']",0,1,1,0.0,7,0.1429,0.2181,0.0312,1,2,1,1,1D-2I-1C-1S,7,1.0,0.4,0.4783,0.6571,0.1429,38.8
Titan Esports Club,Haven,2025,breach|cypher|jett|omen|sova,"['breach', 'cypher', 'jett', 'omen', 'sova']",0,1,1,0.0,6,0.1667,0.2181,0.0364,1,2,1,1,1D-2I-1C-1S,3,0.5,0.4,0.4286,0.6,0.3333,27.03
Titan Esports Club,Haven,2025,breach|cypher|jett|omen|tejo,"['breach', 'cypher', 'jett', 'omen', 'tejo']",0,1,1,0.0,6,0.1667,0.2181,0.0364,1,2,1,1,1D-2I-1C-1S,3,0.5,0.4,0.4286,0.5333,0.3333,27.03
Titan Esports Club,Haven,2025,breach|jett|omen|tejo|vyse,"['breach', 'jett', 'omen', 'tejo', 'vyse']",0,1,1,0.0,6,0.1667,0.2181,0.0364,1,2,1,1,1D-2I-1C-1S,3,0.5,0.4,0.4286,0.5333,0.3333,27.03
Titan Esports Club,Haven,2025,killjoy|neon|omen|sova|viper,"['killjoy', 'neon', 'omen', 'sova', 'viper']",2,0,2,1.0,6,0.3333,0.3457,0.1152,1,1,2,1,1D-1I-2C-1S,2,0.3333,0.4,0.4286,0.5667,0.3333,63.31
Titan Esports Club,Haven,2025,neon|omen|sova|vyse|waylay,"['neon', 'omen', 'sova', 'vyse', 'waylay']",0,1,1,0.0,6,0.1667,0.2181,0.0364,2,1,1,1,2D-1I-1C-1S,1,0.1667,0.4,0.4286,0.5333,0.1667,39.79
Titan Esports Club,Icebox,2025,deadlock|gekko|jett|tejo|viper,"['deadlock', 'gekko', 'jett', 'tejo', 'viper']",2,1,3,0.6666666666666666,5,0.6,0.4362,0.2617,1,2,1,1,1D-2I-1C-1S,5,1.0,0.4,0.4091,0.92,0.6,39.06
Titan Esports Club,Icebox,2025,deadlock|gekko|reyna|tejo|viper,"['deadlock', 'gekko', 'reyna', 'tejo', 'viper']",0,1,1,0.0,5,0.2,0.2181,0.0436,1,2,1,1,1D-2I-1C-1S,5,1.0,0.4,0.4091,0.84,0.2,31.44
Titan Esports Club,Icebox,2025,deadlock|gekko|tejo|viper|waylay,"['deadlock', 'gekko', 'tejo', 'viper', 'waylay']",0,1,1,0.0,5,0.2,0.2181,0.0436,1,2,1,1,1D-2I-1C-1S,5,1.0,0.4,0.4091,0.84,0.2,31.44
Titan Esports Club,Lotus,2025,breach|deadlock|fade|omen|raze,"['breach', 'deadlock', 'fade', 'omen', 'raze']",1,1,2,0.5,5,0.4,0.3457,0.1383,1,2,1,1,1D-2I-1C-1S,2,0.4,0.4,0.3846,0.76,0.4,43.93
Titan Esports Club,Lotus,2025,deadlock|omen|raze|tejo|viper,"['deadlock', 'omen', 'raze', 'tejo', 'viper']",0,1,1,0.0,5,0.2,0.2181,0.0436,1,1,2,1,1D-1I-2C-1S,3,0.6,0.4,0.3846,0.68,0.2,35.92
Titan Esports Club,Lotus,2025,fade|omen|raze|viper|vyse,"['fade', 'omen', 'raze', 'viper', 'vyse']",0,2,2,0.0,5,0.4,0.3457,0.1383,1,1,2,1,1D-1I-2C-1S,3,0.6,0.4,0.3846,0.76,0.4,33.81
Titan Esports Club,Pearl,2025,astra|jett|kayo|killjoy|sova,"['astra', 'jett', 'kayo', 'killjoy', 'sova']",0,1,1,0.0,1,1.0,0.2181,0.2181,1,2,1,1,1D-2I-1C-1S,1,1.0,0.4,0.5,1.0,1.0,34.4
Titan Esports Club,Split,2025,breach|deadlock|omen|raze|tejo,"['breach', 'deadlock', 'omen', 'raze', 'tejo']",1,0,1,1.0,2,0.5,0.2181,0.109,1,2,1,1,1D-2I-1C-1S,1,0.5,0.4,0.3913,0.9,0.5,49.17
Titan Esports Club,Split,2025,deadlock|omen|raze|tejo|viper,"['deadlock', 'omen', 'raze', 'tejo', 'viper']",1,0,1,1.0,2,0.5,0.2181,0.109,1,1,2,1,1D-1I-2C-1S,1,0.5,0.4,0.3913,0.9,0.5,44.17
Titan Esports Club,Sunset,2025,breach|deadlock|fade|neon|omen,"['breach', 'deadlock', 'fade', 'neon', 'omen']",0,1,1,0.0,3,0.3333,0.2181,0.0727,1,2,1,1,1D-2I-1C-1S,1,0.3333,0.4,0.4706,0.7333,0.3333,37.73
Titan Esports Club,Sunset,2025,deadlock|neon|omen|sova|viper,"['deadlock', 'neon', 'omen', 'sova', 'viper']",1,1,2,0.5,3,0.6667,0.3457,0.2305,1,1,2,1,1D-1I-2C-1S,2,0.6667,0.4,0.4706,0.8667,0.6667,47.52
Trace Esports,Abyss,2025,astra|cypher|jett|kayo|sova,"['astra', 'cypher', 'jett', 'kayo', 'sova']",1,1,2,0.5,3,0.6667,0.3457,0.2305,1,2,1,1,1D-2I-1C-1S,2,0.6667,0.4904,0.35,0.9333,0.6667,42.57
Trace Esports,Abyss,2025,astra|jett|kayo|omen|sova,"['astra', 'jett', 'kayo', 'omen', 'sova']",0,1,1,0.0,3,0.3333,0.2181,0.0727,1,2,2,0,1D-2I-2C-0S,1,0.3333,0.4904,0.35,0.8667,0.3333,46.19
Trace Esports,Ascent,2025,cypher|deadlock|omen|sova|yoru,"['cypher', 'deadlock', 'omen', 'sova', 'yoru']",1,1,2,0.5,3,0.6667,0.3457,0.2305,1,1,1,2,1D-1I-1C-2S,2,0.6667,0.4904,0.619,0.7333,0.6667,44.26
Trace Esports,Ascent,2025,jett|kayo|omen|tejo|vyse,"['jett', 'kayo', 'omen', 'tejo', 'vyse']",0,1,1,0.0,3,0.3333,0.2181,0.0727,1,2,1,1,1D-2I-1C-1S,1,0.3333,0.4904,0.619,0.4667,0.3333,61.32
Trace Esports,Bind,2025,brimstone|deadlock|fade|raze|vyse,"['brimstone', 'deadlock', 'fade', 'raze', 'vyse']",2,3,5,0.4,5,1.0,0.5638,0.5638,1,1,1,2,1D-1I-1C-2S,5,1.0,0.4904,0.4375,1.0,1.0,42.44
Trace Esports,Corrode,2025,chamber|omen|sova|vyse|yoru,"['chamber', 'omen', 'sova', 'vyse', 'yoru']",0,1,1,0.0,1,1.0,0.2181,0.2181,1,1,1,2,1D-1I-1C-2S,1,1.0,0.4904,0.5,1.0,1.0,35.96
Trace Esports,Fracture,2025,breach|brimstone|neon|sova|vyse,"['breach', 'brimstone', 'neon', 'sova', 'vyse']",0,1,1,0.0,3,0.3333,0.2181,0.0727,1,2,1,1,1D-2I-1C-1S,3,1.0,0.4904,0.3571,0.7333,0.3333,31.97
Trace Esports,Fracture,2025,breach|brimstone|tejo|vyse|yoru,"['breach', 'brimstone', 'tejo', 'vyse', 'yoru']",0,2,2,0.0,3,0.6667,0.3457,0.2305,1,2,1,1,1D-2I-1C-1S,3,1.0,0.4904,0.3571,0.8667,0.6667,30.09
Trace Esports,Haven,2025,breach|cypher|jett|omen|sova,"['breach', 'cypher', 'jett', 'omen', 'sova']",0,1,1,0.0,7,0.1429,0.2181,0.0312,1,2,1,1,1D-2I-1C-1S,4,0.5714,0.4904,0.4231,0.6571,0.1429,45.81
Trace Esports,Haven,2025,breach|cypher|omen|tejo|yoru,"['breach', 'cypher', 'omen', 'tejo', 'yoru']",2,0,2,1.0,7,0.2857,0.3457,0.0988,1,2,1,1,1D-2I-1C-1S,4,0.5714,0.4904,0.4231,0.6857,0.2857,54.88
Trace Esports,Haven,2025,breach|killjoy|neon|omen|sova,"['breach', 'killjoy', 'neon', 'omen', 'sova']",0,1,1,0.0,7,0.1429,0.2181,0.0312,1,2,1,1,1D-2I-1C-1S,4,0.5714,0.4904,0.4231,0.5143,0.1429,45.81
Trace Esports,Haven,2025,cypher|deadlock|omen|sova|yoru,"['cypher', 'deadlock', 'omen', 'sova', 'yoru']",1,2,3,0.3333333333333333,7,0.4286,0.4362,0.187,1,1,1,2,1D-1I-1C-2S,3,0.4286,0.4904,0.4231,0.7429,0.4286,39.01
Trace Esports,Icebox,2025,harbor|jett|killjoy|sova|viper,"['harbor', 'jett', 'killjoy', 'sova', 'viper']",1,0,1,1.0,3,0.3333,0.2181,0.0727,1,1,2,1,1D-1I-2C-1S,3,1.0,0.4904,0.6154,0.8667,0.3333,66.42
Trace Esports,Icebox,2025,jett|killjoy|omen|sova|viper,"['jett', 'killjoy', 'omen', 'sova', 'viper']",2,0,2,1.0,3,0.6667,0.3457,0.2305,1,1,2,1,1D-1I-2C-1S,3,1.0,0.4904,0.6154,0.9333,0.6667,68.4
Trace Esports,Lotus,2025,breach|omen|tejo|viper|yoru,"['breach', 'omen', 'tejo', 'viper', 'yoru']",3,2,5,0.6,12,0.4167,0.5638,0.2349,1,2,2,0,1D-2I-2C-0S,5,0.4167,0.4904,0.561,0.6667,0.4167,57.1
Trace Esports,Lotus,2025,deadlock|fade|omen|viper|yoru,"['deadlock', 'fade', 'omen', 'viper', 'yoru']",0,1,1,0.0,12,0.0833,0.2181,0.0182,1,1,2,1,1D-1I-2C-1S,7,0.5833,0.4904,0.561,0.6333,0.0833,54.95
Trace Esports,Lotus,2025,fade|killjoy|omen|raze|viper,"['fade', 'killjoy', 'omen', 'raze', 'viper']",1,0,1,1.0,12,0.0833,0.2181,0.0182,1,1,2,1,1D-1I-2C-1S,7,0.5833,0.4904,0.561,0.6333,0.0833,63.55
Trace Esports,Lotus,2025,fade|omen|raze|viper|vyse,"['fade', 'omen', 'raze', 'viper', 'vyse']",3,2,5,0.6,12,0.4167,0.5638,0.2349,1,1,2,1,1D-1I-2C-1S,7,0.5833,0.4904,0.561,0.7,0.4167,58.96
Trace Esports,Pearl,2025,astra|killjoy|neon|sova|yoru,"['astra', 'killjoy', 'neon', 'sova', 'yoru']",1,0,1,1.0,4,0.25,0.2181,0.0545,2,1,1,1,2D-1I-1C-1S,3,0.75,0.4904,0.4667,0.8,0.25,55.71
Trace Esports,Pearl,2025,astra|killjoy|neon|tejo|vyse,"['astra', 'killjoy', 'neon', 'tejo', 'vyse']",0,1,1,0.0,4,0.25,0.2181,0.0545,1,1,1,2,1D-1I-1C-2S,1,0.25,0.4904,0.4667,0.8,0.25,35.96
Trace Esports,Pearl,2025,astra|killjoy|neon|tejo|yoru,"['astra', 'killjoy', 'neon', 'tejo', 'yoru']",1,1,2,0.5,4,0.5,0.3457,0.1728,2,1,1,1,2D-1I-1C-1S,3,0.75,0.4904,0.4667,0.9,0.75,52.44
Trace Esports,Split,2025,breach|omen|tejo|viper|yoru,"['breach', 'omen', 'tejo', 'viper', 'yoru']",3,1,4,0.75,4,1.0,0.5064,0.5064,1,2,2,0,1D-2I-2C-0S,4,1.0,0.4904,0.625,1.0,1.0,63.27
Trace Esports,Sunset,2025,cypher|deadlock|neon|omen|sova,"['cypher', 'deadlock', 'neon', 'omen', 'sova']",1,2,3,0.3333333333333333,3,1.0,0.4362,0.4362,1,1,1,2,1D-1I-1C-2S,3,1.0,0.4904,0.4667,1.0,1.0,39.01
Wolves Esports,Abyss,2025,astra|cypher|jett|kayo|sova,"['astra', 'cypher', 'jett', 'kayo', 'sova']",1,0,1,1.0,1,1.0,0.2181,0.2181,1,2,1,1,1D-2I-1C-1S,1,1.0,0.4083,0.4667,1.0,1.0,58.97
Wolves Esports,Ascent,2025,astra|cypher|jett|sova|yoru,"['astra', 'cypher', 'jett', 'sova', 'yoru']",1,0,1,1.0,6,0.1667,0.2181,0.0364,2,1,1,1,2D-1I-1C-1S,1,0.1667,0.4083,0.5217,0.6333,0.1667,50.14
Wolves Esports,Ascent,2025,cypher|deadlock|omen|sova|yoru,"['cypher', 'deadlock', 'omen', 'sova', 'yoru']",2,2,4,0.5,6,0.6667,0.5064,0.3376,1,1,1,2,1D-1I-1C-2S,4,0.6667,0.4083,0.5217,0.8667,0.6667,49.4
Wolves Esports,Ascent,2025,cypher|kayo|omen|tejo|yoru,"['cypher', 'kayo', 'omen', 'tejo', 'yoru']",0,1,1,0.0,6,0.1667,0.2181,0.0364,1,2,1,1,1D-2I-1C-1S,1,0.1667,0.4083,0.5217,0.6333,0.1667,47.84
Wolves Esports,Bind,2025,brimstone|cypher|fade|raze|waylay,"['brimstone', 'cypher', 'fade', 'raze', 'waylay']",0,1,1,0.0,2,0.5,0.2181,0.109,2,1,1,1,2D-1I-1C-1S,1,0.5,0.4083,0.381,0.8,0.5,35.37
Wolves Esports,Bind,2025,brimstone|fade|raze|viper|yoru,"['brimstone', 'fade', 'raze', 'viper', 'yoru']",0,1,1,0.0,2,0.5,0.2181,0.109,2,1,2,0,2D-1I-2C-0S,1,0.5,0.4083,0.381,0.8,0.5,22.5
Wolves Esports,Corrode,2025,astra|neon|sova|vyse|yoru,"['astra', 'neon', 'sova', 'vyse', 'yoru']",0,1,1,0.0,3,0.3333,0.2181,0.0727,2,1,1,1,2D-1I-1C-1S,1,0.3333,0.4083,0.3846,0.4667,0.3333,35.37
Wolves Esports,Corrode,2025,cypher|fade|omen|viper|yoru,"['cypher', 'fade', 'omen', 'viper', 'yoru']",0,2,2,0.0,3,0.6667,0.3457,0.2305,1,1,2,1,1D-1I-2C-1S,2,0.6667,0.4083,0.3846,0.7333,0.6667,27.11
Wolves Esports,Fracture,2025,breach|brimstone|cypher|neon|tejo,"['breach', 'brimstone', 'cypher', 'neon', 'tejo']",0,1,1,0.0,4,0.25,0.2181,0.0545,1,2,1,1,1D-2I-1C-1S,4,1.0,0.4083,0.4118,0.8,0.5,42.1
Wolves Esports,Fracture,2025,breach|brimstone|cypher|raze|tejo,"['breach', 'brimstone', 'cypher', 'raze', 'tejo']",0,1,1,0.0,4,0.25,0.2181,0.0545,1,2,1,1,1D-2I-1C-1S,4,1.0,0.4083,0.4118,0.8,0.5,42.1
Wolves Esports,Fracture,2025,breach|brimstone|killjoy|neon|tejo,"['breach', 'brimstone', 'killjoy', 'neon', 'tejo']",0,1,1,0.0,4,0.25,0.2181,0.0545,1,2,1,1,1D-2I-1C-1S,4,1.0,0.4083,0.4118,0.8,0.5,42.1
Wolves Esports,Fracture,2025,breach|brimstone|killjoy|raze|tejo,"['breach', 'brimstone', 'killjoy', 'raze', 'tejo']",1,0,1,1.0,4,0.25,0.2181,0.0545,1,2,1,1,1D-2I-1C-1S,4,1.0,0.4083,0.4118,0.8,0.5,48.35
Wolves Esports,Haven,2025,breach|cypher|neon|omen|sova,"['breach', 'cypher', 'neon', 'omen', 'sova']",2,0,2,1.0,6,0.3333,0.3457,0.1152,1,2,1,1,1D-2I-1C-1S,4,0.6667,0.4083,0.5789,0.7,0.3333,63.35
Wolves Esports,Haven,2025,breach|cypher|omen|tejo|yoru,"['breach', 'cypher', 'omen', 'tejo', 'yoru']",1,1,2,0.5,6,0.3333,0.3457,0.1152,1,2,1,1,1D-2I-1C-1S,4,0.6667,0.4083,0.5789,0.6667,0.3333,57.47
Wolves Esports,Haven,2025,cypher|iso|omen|sova|yoru,"['cypher', 'iso', 'omen', 'sova', 'yoru']",1,0,1,1.0,6,0.1667,0.2181,0.0364,2,1,1,1,2D-1I-1C-1S,1,0.1667,0.4083,0.5789,0.6333,0.1667,50.14
Wolves Esports,Haven,2025,jett|killjoy|omen|sova|viper,"['jett', 'killjoy', 'omen', 'sova', 'viper']",0,1,1,0.0,6,0.1667,0.2181,0.0364,1,1,2,1,1D-1I-2C-1S,1,0.1667,0.4083,0.5789,0.4333,0.1667,38.08
Wolves Esports,Icebox,2025,chamber|killjoy|reyna|sova|viper,"['chamber', 'killjoy', 'reyna', 'sova', 'viper']",0,1,1,0.0,6,0.1667,0.2181,0.0364,1,1,1,2,1D-1I-1C-2S,1,0.1667,0.4083,0.5,0.6,0.1667,42.51
Wolves Esports,Icebox,2025,gekko|jett|killjoy|sova|viper,"['gekko', 'jett', 'killjoy', 'sova', 'viper']",1,1,2,0.5,6,0.3333,0.3457,0.1152,1,2,1,1,1D-2I-1C-1S,4,0.6667,0.4083,0.5,0.8333,0.6667,55.81
Wolves Esports,Icebox,2025,gekko|jett|killjoy|tejo|viper,"['gekko', 'jett', 'killjoy', 'tejo', 'viper']",1,1,2,0.5,6,0.3333,0.3457,0.1152,1,2,1,1,1D-2I-1C-1S,4,0.6667,0.4083,0.5,0.7667,0.3333,55.81
Wolves Esports,Icebox,2025,harbor|jett|killjoy|sova|viper,"['harbor', 'jett', 'killjoy', 'sova', 'viper']",0,1,1,0.0,6,0.1667,0.2181,0.0364,1,1,2,1,1D-1I-2C-1S,1,0.1667,0.4083,0.5,0.7333,0.1667,31.42
Wolves Esports,Lotus,2025,breach|fade|omen|raze|vyse,"['breach', 'fade', 'omen', 'raze', 'vyse']",0,1,1,0.0,11,0.0909,0.2181,0.0198,1,2,1,1,1D-2I-1C-1S,1,0.0909,0.4083,0.3333,0.5818,0.1818,44.19
Wolves Esports,Lotus,2025,breach|neon|omen|tejo|viper,"['breach', 'neon', 'omen', 'tejo', 'viper']",1,2,3,0.3333333333333333,11,0.2727,0.4362,0.119,1,2,2,0,1D-2I-2C-0S,4,0.3636,0.4083,0.3333,0.5818,0.2727,44.26
Wolves Esports,Lotus,2025,breach|omen|tejo|viper|yoru,"['breach', 'omen', 'tejo', 'viper', 'yoru']",1,0,1,1.0,11,0.0909,0.2181,0.0198,1,2,2,0,1D-2I-2C-0S,4,0.3636,0.4083,0.3333,0.5636,0.1818,49.8
Wolves Esports,Lotus,2025,fade|killjoy|omen|raze|viper,"['fade', 'killjoy', 'omen', 'raze', 'viper']",2,3,5,0.4,11,0.4545,0.5638,0.2562,1,1,2,1,1D-1I-2C-1S,5,0.4545,0.4083,0.3333,0.7091,0.4545,30.31
Wolves Esports,Lotus,2025,fade|omen|raze|vyse|yoru,"['fade', 'omen', 'raze', 'vyse', 'yoru']",1,0,1,1.0,11,0.0909,0.2181,0.0198,2,1,1,1,2D-1I-1C-1S,1,0.0909,0.4083,0.3333,0.5273,0.1818,40.73
Wolves Esports,Pearl,2025,astra|chamber|deadlock|fade|yoru,"['astra', 'chamber', 'deadlock', 'fade', 'yoru']",1,0,1,1.0,6,0.1667,0.2181,0.0364,1,1,1,2,1D-1I-1C-2S,6,1.0,0.4083,0.6111,0.7333,0.3333,58.37
Wolves Esports,Pearl,2025,astra|chamber|deadlock|tejo|yoru,"['astra', 'chamber', 'deadlock', 'tejo', 'yoru']",1,0,1,1.0,6,0.1667,0.2181,0.0364,1,1,1,2,1D-1I-1C-2S,6,1.0,0.4083,0.6111,0.8,0.3333,58.37
Wolves Esports,Pearl,2025,astra|chamber|fade|vyse|yoru,"['astra', 'chamber', 'fade', 'vyse', 'yoru']",1,0,1,1.0,6,0.1667,0.2181,0.0364,1,1,1,2,1D-1I-1C-2S,6,1.0,0.4083,0.6111,0.8,0.3333,58.37
Wolves Esports,Pearl,2025,astra|chamber|tejo|vyse|yoru,"['astra', 'chamber', 'tejo', 'vyse', 'yoru']",1,2,3,0.3333333333333333,6,0.5,0.4362,0.2181,1,1,1,2,1D-1I-1C-2S,6,1.0,0.4083,0.6111,0.8667,0.6667,51.88
Wolves Esports,Split,2025,cypher|fade|omen|raze|viper,"['cypher', 'fade', 'omen', 'raze', 'viper']",2,2,4,0.5,7,0.5714,0.5064,0.2894,1,1,2,1,1D-1I-2C-1S,5,0.7143,0.4083,0.4286,0.8571,0.5714,44.24
Wolves Esports,Split,2025,cypher|omen|raze|skye|vyse,"['cypher', 'omen', 'raze', 'skye', 'vyse']",0,2,2,0.0,7,0.2857,0.3457,0.0988,1,1,1,2,1D-1I-1C-2S,2,0.2857,0.4083,0.4286,0.7143,0.2857,35.99
Wolves Esports,Split,2025,cypher|omen|raze|tejo|viper,"['cypher', 'omen', 'raze', 'tejo', 'viper']",1,0,1,1.0,7,0.1429,0.2181,0.0312,1,1,2,1,1D-1I-2C-1S,5,0.7143,0.4083,0.4286,0.7714,0.1429,46.29
Wolves Esports,Sunset,2025,cypher|omen|raze|sova|yoru,"['cypher', 'omen', 'raze', 'sova', 'yoru']",1,1,2,0.5,2,1.0,0.3457,0.3457,2,1,1,1,2D-1I-1C-1S,2,1.0,0.4083,0.4375,1.0,1.0,40.83
Xi Lai Gaming,Abyss,2025,astra|jett|omen|sova|yoru,"['astra', 'jett', 'omen', 'sova', 'yoru']",0,1,1,0.0,3,0.3333,0.2181,0.0727,2,1,2,0,2D-1I-2C-0S,1,0.3333,0.5906,0.3889,0.7333,0.3333,47.5
Xi Lai Gaming,Abyss,2025,cypher|jett|kayo|omen|sova,"['cypher', 'jett', 'kayo', 'omen', 'sova']",0,2,2,0.0,3,0.6667,0.3457,0.2305,1,2,1,1,1D-2I-1C-1S,2,0.6667,0.5906,0.3889,0.8667,0.6667,37.22
Xi Lai Gaming,Ascent,2025,chamber|omen|sova|vyse|yoru,"['chamber', 'omen', 'sova', 'vyse', 'yoru']",2,1,3,0.6666666666666666,5,0.6,0.4362,0.2617,1,1,1,2,1D-1I-1C-2S,4,0.8,0.5906,0.5333,0.8,0.6,61.04
Xi Lai Gaming,Ascent,2025,cypher|deadlock|omen|sova|yoru,"['cypher', 'deadlock', 'omen', 'sova', 'yoru']",1,0,1,1.0,5,0.2,0.2181,0.0436,1,1,1,2,1D-1I-1C-2S,4,0.8,0.5906,0.5333,0.68,0.2,62.42
Xi Lai Gaming,Ascent,2025,cypher|jett|kayo|omen|sova,"['cypher', 'jett', 'kayo', 'omen', 'sova']",0,1,1,0.0,5,0.2,0.2181,0.0436,1,2,1,1,1D-2I-1C-1S,1,0.2,0.5906,0.5333,0.56,0.2,43.14
Xi Lai Gaming,Bind,2025,brimstone|gekko|raze|skye|viper,"['brimstone', 'gekko', 'raze', 'skye', 'viper']",2,2,4,0.5,6,0.6667,0.5064,0.3376,1,2,2,0,1D-2I-2C-0S,6,1.0,0.5906,0.6522,0.9333,0.6667,54.12
Xi Lai Gaming,Bind,2025,brimstone|gekko|skye|viper|waylay,"['brimstone', 'gekko', 'skye', 'viper', 'waylay']",1,1,2,0.5,6,0.3333,0.3457,0.1152,1,2,2,0,1D-2I-2C-0S,6,1.0,0.5906,0.6522,0.8667,0.3333,54.61
Xi Lai Gaming,Corrode,2025,fade|neon|omen|viper|vyse,"['fade', 'neon', 'omen', 'viper', 'vyse']",0,1,1,0.0,1,1.0,0.2181,0.2181,1,1,2,1,1D-1I-2C-1S,1,1.0,0.5906,0.4545,1.0,1.0,50.87
Xi Lai Gaming,Fracture,2025,breach|brimstone|cypher|neon|tejo,"['breach', 'brimstone', 'cypher', 'neon', 'tejo']",4,0,4,1.0,5,0.8,0.5064,0.4051,1,2,1,1,1D-2I-1C-1S,5,1.0,0.5906,0.5882,0.92,0.8,67.78
Xi Lai Gaming,Fracture,2025,breach|brimstone|tejo|vyse|waylay,"['breach', 'brimstone', 'tejo', 'vyse', 'waylay']",0,1,1,0.0,5,0.2,0.2181,0.0436,1,2,1,1,1D-2I-1C-1S,5,1.0,0.5906,0.5882,0.68,0.2,55.49
Xi Lai Gaming,Haven,2025,breach|cypher|neon|omen|sova,"['breach', 'cypher', 'neon', 'omen', 'sova']",2,1,3,0.6666666666666666,11,0.2727,0.4362,0.119,1,2,1,1,1D-2I-1C-1S,6,0.5455,0.5906,0.6071,0.7273,0.5455,58.31
Xi Lai Gaming,Haven,2025,breach|cypher|omen|sova|yoru,"['breach', 'cypher', 'omen', 'sova', 'yoru']",0,1,1,0.0,11,0.0909,0.2181,0.0198,1,2,1,1,1D-2I-1C-1S,6,0.5455,0.5906,0.6071,0.6364,0.2727,53.1
Xi Lai Gaming,Haven,2025,breach|cypher|omen|tejo|yoru,"['breach', 'cypher', 'omen', 'tejo', 'yoru']",2,0,2,1.0,11,0.1818,0.3457,0.0628,1,2,1,1,1D-2I-1C-1S,6,0.5455,0.5906,0.6071,0.5091,0.1818,61.74
Xi Lai Gaming,Haven,2025,killjoy|neon|omen|sova|viper,"['killjoy', 'neon', 'omen', 'sova', 'viper']",5,0,5,1.0,11,0.4545,0.5638,0.2562,1,1,2,1,1D-1I-2C-1S,5,0.4545,0.5906,0.6071,0.6909,0.4545,64.91
Xi Lai Gaming,Icebox,2025,gekko|jett|killjoy|sova|viper,"['gekko', 'jett', 'killjoy', 'sova', 'viper']",0,1,1,0.0,5,0.2,0.2181,0.0436,1,2,1,1,1D-2I-1C-1S,4,0.8,0.5906,0.4,0.8,0.4,40.59
Xi Lai Gaming,Icebox,2025,gekko|jett|killjoy|tejo|viper,"['gekko', 'jett', 'killjoy', 'tejo', 'viper']",1,1,2,0.5,5,0.4,0.3457,0.1383,1,2,1,1,1D-2I-1C-1S,4,0.8,0.5906,0.4,0.84,0.6,44.09
Xi Lai Gaming,Icebox,2025,gekko|killjoy|tejo|viper|waylay,"['gekko', 'killjoy', 'tejo', 'viper', 'waylay']",0,1,1,0.0,5,0.2,0.2181,0.0436,1,2,1,1,1D-2I-1C-1S,4,0.8,0.5906,0.4,0.72,0.2,40.59
Xi Lai Gaming,Icebox,2025,jett|killjoy|sage|sova|viper,"['jett', 'killjoy', 'sage', 'sova', 'viper']",0,1,1,0.0,5,0.2,0.2181,0.0436,1,1,1,2,1D-1I-1C-2S,1,0.2,0.5906,0.4,0.68,0.2,45.92
Xi Lai Gaming,Lotus,2025,breach|cypher|neon|omen|sova,"['breach', 'cypher', 'neon', 'omen', 'sova']",3,2,5,0.6,19,0.2632,0.5638,0.1484,1,2,1,1,1D-2I-1C-1S,8,0.4211,0.5906,0.6486,0.5263,0.2632,56.92
Xi Lai Gaming,Lotus,2025,breach|omen|tejo|viper|yoru,"['breach', 'omen', 'tejo', 'viper', 'yoru']",4,0,4,1.0,19,0.2105,0.5064,0.1066,1,2,2,0,1D-2I-2C-0S,4,0.2105,0.5906,0.6486,0.5789,0.3684,76.52
Xi Lai Gaming,Lotus,2025,breach|omen|tejo|vyse|yoru,"['breach', 'omen', 'tejo', 'vyse', 'yoru']",2,1,3,0.6666666666666666,19,0.1579,0.4362,0.0689,1,2,1,1,1D-2I-1C-1S,8,0.4211,0.5906,0.6486,0.5368,0.1579,57.69
Xi Lai Gaming,Lotus,2025,cypher|deadlock|fade|omen|sage,"['cypher', 'deadlock', 'fade', 'omen', 'sage']",2,2,4,0.5,19,0.2105,0.5064,0.1066,0,1,1,3,0D-1I-1C-3S,4,0.2105,0.5906,0.6486,0.4526,0.2105,66.3
Xi Lai Gaming,Lotus,2025,fade|omen|raze|viper|yoru,"['fade', 'omen', 'raze', 'viper', 'yoru']",2,1,3,0.6666666666666666,19,0.1579,0.4362,0.0689,2,1,2,0,2D-1I-2C-0S,3,0.1579,0.5906,0.6486,0.4842,0.1579,62.53
Xi Lai Gaming,Pearl,2025,astra|chamber|sova|vyse|yoru,"['astra', 'chamber', 'sova', 'vyse', 'yoru']",2,1,3,0.6666666666666666,5,0.6,0.4362,0.2617,1,1,1,2,1D-1I-1C-2S,3,0.6,0.5906,0.55,0.8,0.6,58.47
Xi Lai Gaming,Pearl,2025,astra|fade|tejo|vyse|yoru,"['astra', 'fade', 'tejo', 'vyse', 'yoru']",1,0,1,1.0,5,0.2,0.2181,0.0436,1,2,1,1,1D-2I-1C-1S,2,0.4,0.5906,0.55,0.6,0.2,53.54
Xi Lai Gaming,Pearl,2025,astra|kayo|killjoy|neon|sova,"['astra', 'kayo', 'killjoy', 'neon', 'sova']",0,1,1,0.0,5,0.2,0.2181,0.0436,1,2,1,1,1D-2I-1C-1S,2,0.4,0.5906,0.55,0.48,0.2,47.29
Xi Lai Gaming,Split,2025,breach|cypher|omen|tejo|waylay,"['breach', 'cypher', 'omen', 'tejo', 'waylay']",1,0,1,1.0,2,0.5,0.2181,0.109,1,2,1,1,1D-2I-1C-1S,1,0.5,0.5906,0.6,0.7,0.5,57.91
Xi Lai Gaming,Split,2025,cypher|omen|raze|skye|viper,"['cypher', 'omen', 'raze', 'skye', 'viper']",1,0,1,1.0,2,0.5,0.2181,0.109,1,1,2,1,1D-1I-2C-1S,1,0.5,0.5906,0.6,0.7,0.5,65.65
Xi Lai Gaming,Sunset,2025,breach|cypher|neon|omen|sova,"['breach', 'cypher', 'neon', 'omen', 'sova']",0,2,2,0.0,6,0.3333,0.3457,0.1152,1,2,1,1,1D-2I-1C-1S,2,0.3333,0.5906,0.4375,0.7667,0.3333,37.22
Xi Lai Gaming,Sunset,2025,cypher|neon|omen|sova|yoru,"['cypher', 'neon', 'omen', 'sova', 'yoru']",0,1,1,0.0,6,0.1667,0.2181,0.0364,2,1,1,1,2D-1I-1C-1S,1,0.1667,0.5906,0.4375,0.7333,0.1667,43.86
Xi Lai Gaming,Sunset,2025,deadlock|neon|omen|sova|viper,"['deadlock', 'neon', 'omen', 'sova', 'viper']",2,1,3,0.6666666666666666,6,0.5,0.4362,0.2181,1,1,2,1,1D-1I-2C-1S,3,0.5,0.5906,0.4375,0.8,0.5,62.2
ZETA DIVISION,Ascent,2025,chamber|jett|kayo|omen|sova,"['chamber', 'jett', 'kayo', 'omen', 'sova']",1,0,1,1.0,1,1.0,0.2181,0.2181,1,2,1,1,1D-2I-1C-1S,1,1.0,0.39,0.5,1.0,1.0,45.88
ZETA DIVISION,Bind,2025,brimstone|deadlock|raze|skye|vyse,"['brimstone', 'deadlock', 'raze', 'skye', 'vyse']",0,1,1,0.0,1,1.0,0.2181,0.2181,1,1,1,2,1D-1I-1C-2S,1,1.0,0.39,0.5556,1.0,1.0,44.29
ZETA DIVISION,Corrode,2025,astra|fade|neon|omen|vyse,"['astra', 'fade', 'neon', 'omen', 'vyse']",1,0,1,1.0,2,0.5,0.2181,0.109,1,1,2,1,1D-1I-2C-1S,2,1.0,0.39,0.4615,0.6,0.5,48.35
ZETA DIVISION,Corrode,2025,deadlock|omen|sova|viper|yoru,"['deadlock', 'omen', 'sova', 'viper', 'yoru']",0,1,1,0.0,2,0.5,0.2181,0.109,1,1,2,1,1D-1I-2C-1S,2,1.0,0.39,0.4615,0.6,0.5,42.1
ZETA DIVISION,Fracture,2025,breach|brimstone|chamber|neon|tejo,"['breach', 'brimstone', 'chamber', 'neon', 'tejo']",0,1,1,0.0,2,0.5,0.2181,0.109,1,2,1,1,1D-2I-1C-1S,2,1.0,0.39,0.4,0.8,0.5,26.98
ZETA DIVISION,Fracture,2025,breach|brimstone|raze|tejo|vyse,"['breach', 'brimstone', 'raze', 'tejo', 'vyse']",0,1,1,0.0,2,0.5,0.2181,0.109,1,2,1,1,1D-2I-1C-1S,2,1.0,0.39,0.4,0.8,0.5,26.98
ZETA DIVISION,Haven,2025,breach|cypher|neon|omen|sova,"['breach', 'cypher', 'neon', 'omen', 'sova']",0,1,1,0.0,4,0.25,0.2181,0.0545,1,2,1,1,1D-2I-1C-1S,3,0.75,0.39,0.35,0.75,0.5,34.09
ZETA DIVISION,Haven,2025,breach|cypher|neon|omen|tejo,"['breach', 'cypher', 'neon', 'omen', 'tejo']",0,1,1,0.0,4,0.25,0.2181,0.0545,1,2,1,1,1D-2I-1C-1S,3,0.75,0.39,0.35,0.75,0.5,34.09
ZETA DIVISION,Haven,2025,breach|cypher|omen|tejo|yoru,"['breach', 'cypher', 'omen', 'tejo', 'yoru']",0,1,1,0.0,4,0.25,0.2181,0.0545,1,2,1,1,1D-2I-1C-1S,3,0.75,0.39,0.35,0.65,0.25,34.09
ZETA DIVISION,Haven,2025,killjoy|neon|omen|sova|viper,"['killjoy', 'neon', 'omen', 'sova', 'viper']",0,1,1,0.0,4,0.25,0.2181,0.0545,1,1,2,1,1D-1I-2C-1S,1,0.25,0.39,0.35,0.55,0.25,34.29
ZETA DIVISION,Icebox,2025,iso|reyna|sova|viper|vyse,"['iso', 'reyna', 'sova', 'viper', 'vyse']",1,0,1,1.0,3,0.3333,0.2181,0.0727,2,1,1,1,2D-1I-1C-1S,1,0.3333,0.39,0.3684,0.6,0.3333,50.43
ZETA DIVISION,Icebox,2025,jett|killjoy|omen|sova|viper,"['jett', 'killjoy', 'omen', 'sova', 'viper']",0,2,2,0.0,3,0.6667,0.3457,0.2305,1,1,2,1,1D-1I-2C-1S,2,0.6667,0.39,0.3684,0.8,0.6667,31.7
ZETA DIVISION,Lotus,2025,breach|cypher|fade|neon|omen,"['breach', 'cypher', 'fade', 'neon', 'omen']",0,1,1,0.0,7,0.1429,0.2181,0.0312,1,2,1,1,1D-2I-1C-1S,1,0.1429,0.39,0.4615,0.4571,0.1429,29.44
ZETA DIVISION,Lotus,2025,fade|omen|raze|viper|vyse,"['fade', 'omen', 'raze', 'viper', 'vyse']",2,1,3,0.6666666666666666,7,0.4286,0.4362,0.187,1,1,2,1,1D-1I-2C-1S,3,0.4286,0.39,0.4615,0.6857,0.4286,50.23
ZETA DIVISION,Lotus,2025,iso|neon|omen|sova|vyse,"['iso', 'neon', 'omen', 'sova', 'vyse']",1,1,2,0.5,7,0.2857,0.3457,0.0988,2,1,1,1,2D-1I-1C-1S,3,0.4286,0.39,0.4615,0.6286,0.4286,44.85
ZETA DIVISION,Lotus,2025,iso|omen|raze|sova|vyse,"['iso', 'omen', 'raze', 'sova', 'vyse']",1,0,1,1.0,7,0.1429,0.2181,0.0312,2,1,1,1,2D-1I-1C-1S,3,0.4286,0.39,0.4615,0.6571,0.4286,47.66
ZETA DIVISION,Pearl,2025,astra|killjoy|tejo|vyse|yoru,"['astra', 'killjoy', 'tejo', 'vyse', 'yoru']",1,0,1,1.0,1,1.0,0.2181,0.2181,1,1,1,2,1D-1I-1C-2S,1,1.0,0.39,0.5,1.0,1.0,59.06
ZETA DIVISION,Split,2025,breach|cypher|fade|omen|raze,"['breach', 'cypher', 'fade', 'omen', 'raze']",0,1,1,0.0,5,0.2,0.2181,0.0436,1,2,1,1,1D-2I-1C-1S,1,0.2,0.39,0.4091,0.52,0.2,29.44
ZETA DIVISION,Split,2025,breach|omen|tejo|viper|yoru,"['breach', 'omen', 'tejo', 'viper', 'yoru']",2,2,4,0.5,5,0.8,0.5064,0.4051,1,2,2,0,1D-2I-2C-0S,4,0.8,0.39,0.4091,0.88,0.8,53.55
ZETA DIVISION,Sunset,2025,cypher|neon|omen|sova|viper,"['cypher', 'neon', 'omen', 'sova', 'viper']",1,1,2,0.5,2,1.0,0.3457,0.3457,1,1,2,1,1D-1I-2C-1S,2,1.0,0.39,0.4286,1.0,1.0,46.63
100 Thieves,Abyss,2026,astra|chamber|kayo|tejo|waylay,"['astra', 'chamber', 'kayo', 'tejo', 'waylay']",1,1,2,0.5,2,1.0,0.3457,0.3457,1,2,1,1,1D-2I-1C-1S,2,1.0,0.5263,0.4615,1.0,1.0,49.14
100 Thieves,Bind,2026,brimstone|chamber|skye|viper|waylay,"['brimstone', 'chamber', 'skye', 'viper', 'waylay']",4,1,5,0.8,5,1.0,0.5638,0.5638,1,1,2,1,1D-1I-2C-1S,5,1.0,0.5263,0.5946,1.0,1.0,65.19
100 Thieves,Breeze,2026,astra|jett|kayo|sova|viper,"['astra', 'jett', 'kayo', 'sova', 'viper']",0,1,1,0.0,7,0.1429,0.2181,0.0312,1,2,2,0,1D-2I-2C-0S,3,0.4286,0.5263,0.6,0.4857,0.1429,46.89
100 Thieves,Breeze,2026,cypher|harbor|neon|phoenix|sova,"['cypher', 'harbor', 'neon', 'phoenix', 'sova']",3,1,4,0.75,7,0.5714,0.5064,0.2894,2,1,1,1,2D-1I-1C-1S,4,0.5714,0.5263,0.6,0.7143,0.5714,59.12
100 Thieves,Breeze,2026,harbor|jett|kayo|sova|viper,"['harbor', 'jett', 'kayo', 'sova', 'viper']",1,1,2,0.5,7,0.2857,0.3457,0.0988,1,2,2,0,1D-2I-2C-0S,3,0.4286,0.5263,0.6,0.6286,0.4286,50.01
100 Thieves,Corrode,2026,fade|omen|sage|veto|waylay,"['fade', 'omen', 'sage', 'veto', 'waylay']",2,1,3,0.6666666666666666,3,1.0,0.4362,0.4362,1,1,1,2,1D-1I-1C-2S,3,1.0,0.5263,0.6,1.0,1.0,54.85
100 Thieves,Fracture,2026,brimstone|cypher|fade|neon|raze,"['brimstone', 'cypher', 'fade', 'neon', 'raze']",1,1,2,0.5,2,1.0,0.3457,0.3457,2,1,1,1,2D-1I-1C-1S,2,1.0,0.5263,0.5333,1.0,1.0,47.68
100 Thieves,Haven,2026,cypher|neon|omen|phoenix|sova,"['cypher', 'neon', 'omen', 'phoenix', 'sova']",2,2,4,0.5,6,0.6667,0.5064,0.3376,2,1,1,1,2D-1I-1C-1S,4,0.6667,0.5263,0.4815,0.8,0.6667,50.63
100 Thieves,Haven,2026,fade|neon|omen|veto|viper,"['fade', 'neon', 'omen', 'veto', 'viper']",1,1,2,0.5,6,0.3333,0.3457,0.1152,1,1,2,1,1D-1I-2C-1S,2,0.3333,0.5263,0.4815,0.6,0.3333,50.29
100 Thieves,Lotus,2026,cypher|fade|neon|omen|raze,"['cypher', 'fade', 'neon', 'omen', 'raze']",0,1,1,0.0,2,0.5,0.2181,0.109,2,1,1,1,2D-1I-1C-1S,1,0.5,0.5263,0.4286,0.7,0.5,40.99
100 Thieves,Lotus,2026,omen|raze|sage|sova|vyse,"['omen', 'raze', 'sage', 'sova', 'vyse']",0,1,1,0.0,2,0.5,0.2181,0.109,1,1,1,2,1D-1I-1C-2S,1,0.5,0.5263,0.4286,0.7,0.5,41.11
100 Thieves,Pearl,2026,astra|chamber|fade|kayo|waylay,"['astra', 'chamber', 'fade', 'kayo', 'waylay']",1,1,2,0.5,7,0.2857,0.3457,0.0988,1,2,1,1,1D-2I-1C-1S,4,0.5714,0.5263,0.381,0.7714,0.5714,46.55
100 Thieves,Pearl,2026,astra|chamber|fade|neon|phoenix,"['astra', 'chamber', 'fade', 'neon', 'phoenix']",1,2,3,0.3333333333333333,7,0.4286,0.4362,0.187,2,1,1,1,2D-1I-1C-1S,3,0.4286,0.5263,0.381,0.7143,0.4286,37.13
100 Thieves,Pearl,2026,astra|fade|kayo|veto|waylay,"['astra', 'fade', 'kayo', 'veto', 'waylay']",1,1,2,0.5,7,0.2857,0.3457,0.0988,1,2,1,1,1D-2I-1C-1S,4,0.5714,0.5263,0.381,0.6857,0.2857,46.55
100 Thieves,Split,2026,fade|omen|raze|sage|viper,"['fade', 'omen', 'raze', 'sage', 'viper']",0,1,1,0.0,7,0.1429,0.2181,0.0312,1,1,2,1,1D-1I-2C-1S,7,1.0,0.5263,0.5667,0.7143,0.1429,49.85
100 Thieves,Split,2026,omen|raze|sage|skye|viper,"['omen', 'raze', 'sage', 'skye', 'viper']",2,0,2,1.0,7,0.2857,0.3457,0.0988,1,1,2,1,1D-1I-2C-1S,7,1.0,0.5263,0.5667,0.8571,0.4286,58.68
100 Thieves,Split,2026,omen|sage|skye|viper|waylay,"['omen', 'sage', 'skye', 'viper', 'waylay']",2,2,4,0.5,7,0.5714,0.5064,0.2894,1,1,2,1,1D-1I-2C-1S,7,1.0,0.5263,0.5667,0.8857,0.5714,52.5
All Gamers,Abyss,2026,astra|harbor|sova|waylay|yoru,"['astra', 'harbor', 'sova', 'waylay', 'yoru']",0,1,1,0.0,4,0.25,0.2181,0.0545,2,1,2,0,2D-1I-2C-0S,1,0.25,0.44,0.5,0.85,0.25,42.31
All Gamers,Abyss,2026,astra|sova|veto|waylay|yoru,"['astra', 'sova', 'veto', 'waylay', 'yoru']",2,1,3,0.6666666666666666,4,0.75,0.4362,0.3272,2,1,1,1,2D-1I-1C-1S,3,0.75,0.44,0.5,0.95,0.75,56.35
All Gamers,Bind,2026,brimstone|fade|raze|viper|yoru,"['brimstone', 'fade', 'raze', 'viper', 'yoru']",2,1,3,0.6666666666666666,7,0.4286,0.4362,0.187,2,1,2,0,2D-1I-2C-0S,6,0.8571,0.44,0.4783,0.6571,0.4286,63.4
All Gamers,Bind,2026,brimstone|gekko|skye|viper|waylay,"['brimstone', 'gekko', 'skye', 'viper', 'waylay']",0,1,1,0.0,7,0.1429,0.2181,0.0312,1,2,2,0,1D-2I-2C-0S,1,0.1429,0.44,0.4783,0.6571,0.1429,38.79
All Gamers,Bind,2026,brimstone|neon|skye|viper|waylay,"['brimstone', 'neon', 'skye', 'viper', 'waylay']",1,2,3,0.3333333333333333,7,0.4286,0.4362,0.187,2,1,2,0,2D-1I-2C-0S,6,0.8571,0.44,0.4783,0.7143,0.4286,53.78
All Gamers,Breeze,2026,astra|neon|sova|viper|waylay,"['astra', 'neon', 'sova', 'viper', 'waylay']",1,1,2,0.5,2,1.0,0.3457,0.3457,2,1,2,0,2D-1I-2C-0S,2,1.0,0.44,0.4667,1.0,1.0,53.06
All Gamers,Corrode,2026,chamber|fade|neon|omen|viper,"['chamber', 'fade', 'neon', 'omen', 'viper']",1,0,1,1.0,2,0.5,0.2181,0.109,1,1,2,1,1D-1I-2C-1S,1,0.5,0.44,0.5333,0.7,0.5,59.09
All Gamers,Corrode,2026,kayo|omen|sova|viper|waylay,"['kayo', 'omen', 'sova', 'viper', 'waylay']",0,1,1,0.0,2,0.5,0.2181,0.109,1,2,2,0,1D-2I-2C-0S,1,0.5,0.44,0.5333,0.7,0.5,37.32
All Gamers,Fracture,2026,brimstone|chamber|neon|raze|skye,"['brimstone', 'chamber', 'neon', 'raze', 'skye']",1,1,2,0.5,2,1.0,0.3457,0.3457,2,1,1,1,2D-1I-1C-1S,2,1.0,0.44,0.4667,1.0,1.0,50.42
All Gamers,Haven,2026,chamber|cypher|neon|omen|skye,"['chamber', 'cypher', 'neon', 'omen', 'skye']",0,1,1,0.0,5,0.2,0.2181,0.0436,1,1,1,2,1D-1I-1C-2S,1,0.2,0.44,0.45,0.76,0.2,31.88
All Gamers,Haven,2026,cypher|jett|neon|omen|skye,"['cypher', 'jett', 'neon', 'omen', 'skye']",0,1,1,0.0,5,0.2,0.2181,0.0436,2,1,1,1,2D-1I-1C-1S,4,0.8,0.44,0.45,0.76,0.2,53.95
All Gamers,Haven,2026,cypher|neon|omen|skye|waylay,"['cypher', 'neon', 'omen', 'skye', 'waylay']",2,0,2,1.0,5,0.4,0.3457,0.1383,2,1,1,1,2D-1I-1C-1S,4,0.8,0.44,0.45,0.84,0.6,62.54
All Gamers,Haven,2026,cypher|omen|sova|waylay|yoru,"['cypher', 'omen', 'sova', 'waylay', 'yoru']",1,0,1,1.0,5,0.2,0.2181,0.0436,2,1,1,1,2D-1I-1C-1S,4,0.8,0.44,0.45,0.6,0.2,60.2
All Gamers,Lotus,2026,cypher|fade|neon|omen|waylay,"['cypher', 'fade', 'neon', 'omen', 'waylay']",5,2,7,0.7142857142857143,7,1.0,0.6543,0.6543,2,1,1,1,2D-1I-1C-1S,7,1.0,0.44,0.5172,1.0,1.0,63.06
All Gamers,Pearl,2026,astra|chamber|fade|neon|phoenix,"['astra', 'chamber', 'fade', 'neon', 'phoenix']",0,1,1,0.0,6,0.1667,0.2181,0.0364,2,1,1,1,2D-1I-1C-1S,6,1.0,0.44,0.35,0.5667,0.1667,34.82
All Gamers,Pearl,2026,astra|fade|killjoy|neon|waylay,"['astra', 'fade', 'killjoy', 'neon', 'waylay']",0,1,1,0.0,6,0.1667,0.2181,0.0364,2,1,1,1,2D-1I-1C-1S,6,1.0,0.44,0.35,0.8,0.5,34.82
All Gamers,Pearl,2026,astra|fade|killjoy|neon|yoru,"['astra', 'fade', 'killjoy', 'neon', 'yoru']",0,1,1,0.0,6,0.1667,0.2181,0.0364,2,1,1,1,2D-1I-1C-1S,6,1.0,0.44,0.35,0.8,0.5,34.82
All Gamers,Pearl,2026,astra|fade|killjoy|waylay|yoru,"['astra', 'fade', 'killjoy', 'waylay', 'yoru']",2,1,3,0.6666666666666666,6,0.5,0.4362,0.2181,2,1,1,1,2D-1I-1C-1S,6,1.0,0.44,0.35,0.8333,0.6667,42.06
All Gamers,Split,2026,jett|omen|raze|skye|viper,"['jett', 'omen', 'raze', 'skye', 'viper']",3,0,3,1.0,11,0.2727,0.4362,0.119,2,1,2,0,2D-1I-2C-0S,11,1.0,0.44,0.5417,0.8182,0.2727,65.94
All Gamers,Split,2026,neon|omen|skye|viper|waylay,"['neon', 'omen', 'skye', 'viper', 'waylay']",0,2,2,0.0,11,0.1818,0.3457,0.0628,2,1,2,0,2D-1I-2C-0S,11,1.0,0.44,0.5417,0.7818,0.1818,52.17
All Gamers,Split,2026,omen|raze|skye|viper|waylay,"['omen', 'raze', 'skye', 'viper', 'waylay']",4,2,6,0.6666666666666666,11,0.5455,0.6123,0.334,2,1,2,0,2D-1I-2C-0S,11,1.0,0.44,0.5417,0.9091,0.7273,61.28
BBL Esports,Abyss,2026,cypher|omen|sova|waylay|yoru,"['cypher', 'omen', 'sova', 'waylay', 'yoru']",4,1,5,0.8,5,1.0,0.5638,0.5638,2,1,1,1,2D-1I-1C-1S,5,1.0,0.5039,0.625,1.0,1.0,65.3
BBL Esports,Ascent,2026,cypher|deadlock|jett|omen|sova,"['cypher', 'deadlock', 'jett', 'omen', 'sova']",0,1,1,0.0,1,1.0,0.2181,0.2181,1,1,1,2,1D-1I-1C-2S,1,1.0,0.5039,0.4231,1.0,1.0,54.82
BBL Esports,Breeze,2026,astra|jett|kayo|sova|viper,"['astra', 'jett', 'kayo', 'sova', 'viper']",1,0,1,1.0,7,0.1429,0.2181,0.0312,1,2,2,0,1D-2I-2C-0S,1,0.1429,0.5039,0.5263,0.6571,0.1429,57.41
BBL Esports,Breeze,2026,cypher|jett|sova|viper|yoru,"['cypher', 'jett', 'sova', 'viper', 'yoru']",2,2,4,0.5,7,0.5714,0.5064,0.2894,2,1,1,1,2D-1I-1C-1S,4,0.5714,0.5039,0.5263,0.8286,0.5714,50.34
BBL Esports,Breeze,2026,jett|neon|omen|sova|viper,"['jett', 'neon', 'omen', 'sova', 'viper']",1,1,2,0.5,7,0.2857,0.3457,0.0988,2,1,2,0,2D-1I-2C-0S,2,0.2857,0.5039,0.5263,0.7143,0.2857,44.88
BBL Esports,Corrode,2026,omen|sova|viper|waylay|yoru,"['omen', 'sova', 'viper', 'waylay', 'yoru']",1,0,1,1.0,1,1.0,0.2181,0.2181,2,1,2,0,2D-1I-2C-0S,1,1.0,0.5039,0.4615,1.0,1.0,51.46
BBL Esports,Fracture,2026,brimstone|cypher|jett|neon|tejo,"['brimstone', 'cypher', 'jett', 'neon', 'tejo']",0,1,1,0.0,1,1.0,0.2181,0.2181,2,1,1,1,2D-1I-1C-1S,1,1.0,0.5039,0.4375,1.0,1.0,39.53
BBL Esports,Haven,2026,breach|cypher|jett|omen|sova,"['breach', 'cypher', 'jett', 'omen', 'sova']",1,2,3,0.3333333333333333,8,0.375,0.4362,0.1636,1,2,1,1,1D-2I-1C-1S,3,0.375,0.5039,0.48,0.75,0.375,45.12
BBL Esports,Haven,2026,cypher|neon|omen|sova|yoru,"['cypher', 'neon', 'omen', 'sova', 'yoru']",3,2,5,0.6,8,0.625,0.5638,0.3524,2,1,1,1,2D-1I-1C-1S,5,0.625,0.5039,0.48,0.85,0.625,52.78
BBL Esports,Lotus,2026,fade|neon|omen|raze|vyse,"['fade', 'neon', 'omen', 'raze', 'vyse']",1,1,2,0.5,2,1.0,0.3457,0.3457,2,1,1,1,2D-1I-1C-1S,2,1.0,0.5039,0.5217,1.0,1.0,50.44
BBL Esports,Pearl,2026,astra|cypher|neon|sova|waylay,"['astra', 'cypher', 'neon', 'sova', 'waylay']",0,1,1,0.0,4,0.25,0.2181,0.0545,2,1,1,1,2D-1I-1C-1S,4,1.0,0.5039,0.5789,0.85,0.25,47.28
BBL Esports,Pearl,2026,astra|cypher|neon|sova|yoru,"['astra', 'cypher', 'neon', 'sova', 'yoru']",2,1,3,0.6666666666666666,4,0.75,0.4362,0.3272,2,1,1,1,2D-1I-1C-1S,4,1.0,0.5039,0.5789,0.95,0.75,53.13
BBL Esports,Split,2026,astra|fade|neon|raze|vyse,"['astra', 'fade', 'neon', 'raze', 'vyse']",0,1,1,0.0,5,0.2,0.2181,0.0436,2,1,1,1,2D-1I-1C-1S,1,0.2,0.5039,0.5,0.44,0.2,43.13
BBL Esports,Split,2026,fade|neon|omen|viper|yoru,"['fade', 'neon', 'omen', 'viper', 'yoru']",0,1,1,0.0,5,0.2,0.2181,0.0436,2,1,2,0,2D-1I-2C-0S,4,0.8,0.5039,0.5,0.64,0.4,36.94
BBL Esports,Split,2026,fade|omen|raze|viper|yoru,"['fade', 'omen', 'raze', 'viper', 'yoru']",0,1,1,0.0,5,0.2,0.2181,0.0436,2,1,2,0,2D-1I-2C-0S,4,0.8,0.5039,0.5,0.64,0.4,36.94
BBL Esports,Split,2026,jett|omen|raze|skye|viper,"['jett', 'omen', 'raze', 'skye', 'viper']",0,1,1,0.0,5,0.2,0.2181,0.0436,2,1,2,0,2D-1I-2C-0S,4,0.8,0.5039,0.5,0.56,0.2,36.94
BBL Esports,Split,2026,neon|omen|skye|viper|waylay,"['neon', 'omen', 'skye', 'viper', 'waylay']",1,0,1,1.0,5,0.2,0.2181,0.0436,2,1,2,0,2D-1I-2C-0S,4,0.8,0.5039,0.5,0.56,0.2,43.19
Bilibili Gaming,Abyss,2026,astra|breach|omen|tejo|waylay,"['astra', 'breach', 'omen', 'tejo', 'waylay']",4,2,6,0.6666666666666666,6,1.0,0.6123,0.6123,1,2,2,0,1D-2I-2C-0S,6,1.0,0.5212,0.5556,1.0,1.0,59.23
Bilibili Gaming,Bind,2026,astra|neon|skye|viper|waylay,"['astra', 'neon', 'skye', 'viper', 'waylay']",0,1,1,0.0,4,0.25,0.2181,0.0545,2,1,2,0,2D-1I-2C-0S,1,0.25,0.5212,0.4828,0.4,0.25,35.79
Bilibili Gaming,Bind,2026,brimstone|fade|kayo|raze|viper,"['brimstone', 'fade', 'kayo', 'raze', 'viper']",1,2,3,0.3333333333333333,4,0.75,0.4362,0.3272,1,2,2,0,1D-2I-2C-0S,3,0.75,0.5212,0.4828,0.8,0.75,52.28
Bilibili Gaming,Breeze,2026,astra|gekko|neon|sova|viper,"['astra', 'gekko', 'neon', 'sova', 'viper']",3,0,3,1.0,5,0.6,0.4362,0.2617,1,2,2,0,1D-2I-2C-0S,3,0.6,0.5212,0.5,0.84,0.6,67.96
Bilibili Gaming,Breeze,2026,astra|jett|neon|sova|viper,"['astra', 'jett', 'neon', 'sova', 'viper']",0,1,1,0.0,5,0.2,0.2181,0.0436,2,1,2,0,2D-1I-2C-0S,1,0.2,0.5212,0.5,0.76,0.2,35.79
Bilibili Gaming,Breeze,2026,chamber|neon|omen|skye|viper,"['chamber', 'neon', 'omen', 'skye', 'viper']",0,1,1,0.0,5,0.2,0.2181,0.0436,1,1,2,1,1D-1I-2C-1S,1,0.2,0.5212,0.5,0.52,0.2,41.01
Bilibili Gaming,Fracture,2026,brimstone|cypher|neon|tejo|waylay,"['brimstone', 'cypher', 'neon', 'tejo', 'waylay']",1,2,3,0.3333333333333333,3,1.0,0.4362,0.4362,2,1,1,1,2D-1I-1C-1S,3,1.0,0.5212,0.5263,1.0,1.0,49.77
Bilibili Gaming,Haven,2026,breach|cypher|neon|omen|sova,"['breach', 'cypher', 'neon', 'omen', 'sova']",0,2,2,0.0,3,0.6667,0.3457,0.2305,1,2,1,1,1D-2I-1C-1S,2,0.6667,0.5212,0.4074,0.9333,0.6667,38.68
Bilibili Gaming,Haven,2026,cypher|neon|omen|sova|waylay,"['cypher', 'neon', 'omen', 'sova', 'waylay']",1,0,1,1.0,3,0.3333,0.2181,0.0727,2,1,1,1,2D-1I-1C-1S,1,0.3333,0.5212,0.4074,0.8667,0.3333,65.03
Bilibili Gaming,Lotus,2026,fade|killjoy|omen|raze|viper,"['fade', 'killjoy', 'omen', 'raze', 'viper']",1,1,2,0.5,2,1.0,0.3457,0.3457,1,1,2,1,1D-1I-2C-1S,2,1.0,0.5212,0.5263,1.0,1.0,58.97
Bilibili Gaming,Pearl,2026,astra|fade|killjoy|tejo|yoru,"['astra', 'fade', 'killjoy', 'tejo', 'yoru']",2,1,3,0.6666666666666666,6,0.5,0.4362,0.2181,1,2,1,1,1D-2I-1C-1S,3,0.5,0.5212,0.6522,0.8,0.5,61.29
Bilibili Gaming,Pearl,2026,astra|killjoy|neon|phoenix|tejo,"['astra', 'killjoy', 'neon', 'phoenix', 'tejo']",3,0,3,1.0,6,0.5,0.4362,0.2181,2,1,1,1,2D-1I-1C-1S,3,0.5,0.5212,0.6522,0.8,0.5,73.7
Bilibili Gaming,Split,2026,breach|fade|omen|viper|waylay,"['breach', 'fade', 'omen', 'viper', 'waylay']",1,3,4,0.25,4,1.0,0.5064,0.5064,1,2,2,0,1D-2I-2C-0S,4,1.0,0.5212,0.3684,1.0,1.0,34.88
Cloud9,Abyss,2026,astra|breach|jett|sova|waylay,"['astra', 'breach', 'jett', 'sova', 'waylay']",0,1,1,0.0,2,0.5,0.2181,0.109,2,2,1,0,2D-2I-1C-0S,1,0.5,0.4711,0.4,0.9,0.5,29.38
Cloud9,Abyss,2026,astra|breach|sova|veto|waylay,"['astra', 'breach', 'sova', 'veto', 'waylay']",1,0,1,1.0,2,0.5,0.2181,0.109,1,2,1,1,1D-2I-1C-1S,1,0.5,0.4711,0.4,0.9,0.5,44.55
Cloud9,Bind,2026,brimstone|chamber|raze|skye|viper,"['brimstone', 'chamber', 'raze', 'skye', 'viper']",1,1,2,0.5,2,1.0,0.3457,0.3457,1,1,2,1,1D-1I-2C-1S,2,1.0,0.4711,0.5263,1.0,1.0,54.49
Cloud9,Breeze,2026,astra|jett|kayo|sova|viper,"['astra', 'jett', 'kayo', 'sova', 'viper']",1,0,1,1.0,5,0.2,0.2181,0.0436,1,2,2,0,1D-2I-2C-0S,1,0.2,0.4711,0.4667,0.6,0.2,57.42
Cloud9,Breeze,2026,astra|jett|sova|viper|yoru,"['astra', 'jett', 'sova', 'viper', 'yoru']",0,1,1,0.0,5,0.2,0.2181,0.0436,2,1,2,0,2D-1I-2C-0S,3,0.6,0.4711,0.4667,0.64,0.4,41.52
Cloud9,Breeze,2026,breach|neon|sova|viper|yoru,"['breach', 'neon', 'sova', 'viper', 'yoru']",0,1,1,0.0,5,0.2,0.2181,0.0436,2,2,1,0,2D-2I-1C-0S,1,0.2,0.4711,0.4667,0.64,0.2,29.38
Cloud9,Breeze,2026,harbor|iso|neon|sova|viper,"['harbor', 'iso', 'neon', 'sova', 'viper']",1,1,2,0.5,5,0.4,0.3457,0.1383,2,1,2,0,2D-1I-2C-0S,3,0.6,0.4711,0.4667,0.68,0.4,44.96
Cloud9,Corrode,2026,astra|fade|sage|veto|waylay,"['astra', 'fade', 'sage', 'veto', 'waylay']",0,1,1,0.0,1,1.0,0.2181,0.2181,1,1,1,2,1D-1I-1C-2S,1,1.0,0.4711,0.4286,1.0,1.0,41.29
Cloud9,Haven,2026,killjoy|neon|omen|sova|viper,"['killjoy', 'neon', 'omen', 'sova', 'viper']",1,2,3,0.3333333333333333,3,1.0,0.4362,0.4362,1,1,2,1,1D-1I-2C-1S,3,1.0,0.4711,0.4783,1.0,1.0,51.02
Cloud9,Lotus,2026,fade|neon|omen|raze|vyse,"['fade', 'neon', 'omen', 'raze', 'vyse']",0,1,1,0.0,2,0.5,0.2181,0.109,2,1,1,1,2D-1I-1C-1S,1,0.5,0.4711,0.4688,0.9,0.5,48.31
Cloud9,Lotus,2026,fade|omen|raze|viper|vyse,"['fade', 'omen', 'raze', 'viper', 'vyse']",0,1,1,0.0,2,0.5,0.2181,0.109,1,1,2,1,1D-1I-2C-1S,1,0.5,0.4711,0.4688,0.9,0.5,44.27
Cloud9,Pearl,2026,astra|chamber|kayo|neon|tejo,"['astra', 'chamber', 'kayo', 'neon', 'tejo']",2,2,4,0.5,6,0.6667,0.5064,0.3376,1,2,1,1,1D-2I-1C-1S,6,1.0,0.4711,0.4545,0.9,0.6667,37.94
Cloud9,Pearl,2026,astra|chamber|neon|skye|tejo,"['astra', 'chamber', 'neon', 'skye', 'tejo']",0,1,1,0.0,6,0.1667,0.2181,0.0364,1,2,1,1,1D-2I-1C-1S,6,1.0,0.4711,0.4545,0.8333,0.3333,32.55
Cloud9,Pearl,2026,astra|neon|skye|tejo|vyse,"['astra', 'neon', 'skye', 'tejo', 'vyse']",0,1,1,0.0,6,0.1667,0.2181,0.0364,1,2,1,1,1D-2I-1C-1S,6,1.0,0.4711,0.4545,0.7,0.1667,32.55
Cloud9,Split,2026,chamber|omen|raze|skye|viper,"['chamber', 'omen', 'raze', 'skye', 'viper']",3,0,3,1.0,7,0.4286,0.4362,0.187,1,1,2,1,1D-1I-2C-1S,4,0.5714,0.4711,0.5909,0.8,0.4286,64.65
Cloud9,Split,2026,fade|neon|omen|raze|viper,"['fade', 'neon', 'omen', 'raze', 'viper']",1,1,2,0.5,7,0.2857,0.3457,0.0988,2,1,2,0,2D-1I-2C-0S,3,0.4286,0.4711,0.5909,0.7429,0.2857,51.75
Cloud9,Split,2026,neon|omen|raze|skye|viper,"['neon', 'omen', 'raze', 'skye', 'viper']",1,0,1,1.0,7,0.1429,0.2181,0.0312,2,1,2,0,2D-1I-2C-0S,3,0.4286,0.4711,0.5909,0.8286,0.5714,54.98
Cloud9,Split,2026,neon|omen|skye|viper|vyse,"['neon', 'omen', 'skye', 'viper', 'vyse']",1,0,1,1.0,7,0.1429,0.2181,0.0312,1,1,2,1,1D-1I-2C-1S,4,0.5714,0.4711,0.5909,0.6857,0.1429,60.23
DetonatioN FocusMe,Abyss,2026,astra|sova|veto|waylay|yoru,"['astra', 'sova', 'veto', 'waylay', 'yoru']",1,0,1,1.0,1,1.0,0.2181,0.2181,2,1,1,1,2D-1I-1C-1S,1,1.0,0.3679,0.6,1.0,1.0,52.6
DetonatioN FocusMe,Ascent,2026,cypher|jett|neon|omen|sova,"['cypher', 'jett', 'neon', 'omen', 'sova']",1,0,1,1.0,1,1.0,0.2181,0.2181,2,1,1,1,2D-1I-1C-1S,1,1.0,0.3679,0.4762,1.0,1.0,52.6
DetonatioN FocusMe,Bind,2026,brimstone|fade|raze|viper|yoru,"['brimstone', 'fade', 'raze', 'viper', 'yoru']",1,0,1,1.0,3,0.3333,0.2181,0.0727,2,1,2,0,2D-1I-2C-0S,3,1.0,0.3679,0.4615,0.6,0.3333,45.31
DetonatioN FocusMe,Bind,2026,brimstone|neon|skye|viper|waylay,"['brimstone', 'neon', 'skye', 'viper', 'waylay']",0,2,2,0.0,3,0.6667,0.3457,0.2305,2,1,2,0,2D-1I-2C-0S,3,1.0,0.3679,0.4615,0.8,0.6667,36.76
DetonatioN FocusMe,Breeze,2026,astra|jett|sova|viper|yoru,"['astra', 'jett', 'sova', 'viper', 'yoru']",0,1,1,0.0,2,0.5,0.2181,0.109,2,1,2,0,2D-1I-2C-0S,2,1.0,0.3679,0.4,0.8,0.5,34.5
DetonatioN FocusMe,Breeze,2026,jett|neon|omen|sova|viper,"['jett', 'neon', 'omen', 'sova', 'viper']",0,1,1,0.0,2,0.5,0.2181,0.109,2,1,2,0,2D-1I-2C-0S,2,1.0,0.3679,0.4,0.8,0.5,34.5
DetonatioN FocusMe,Corrode,2026,chamber|fade|omen|phoenix|yoru,"['chamber', 'fade', 'omen', 'phoenix', 'yoru']",0,1,1,0.0,1,1.0,0.2181,0.2181,2,1,1,1,2D-1I-1C-1S,1,1.0,0.3679,0.4615,1.0,1.0,37.83
DetonatioN FocusMe,Fracture,2026,breach|brimstone|cypher|neon|tejo,"['breach', 'brimstone', 'cypher', 'neon', 'tejo']",1,1,2,0.5,2,1.0,0.3457,0.3457,1,2,1,1,1D-2I-1C-1S,2,1.0,0.3679,0.4286,1.0,1.0,36.45
DetonatioN FocusMe,Haven,2026,astra|chamber|fade|phoenix|yoru,"['astra', 'chamber', 'fade', 'phoenix', 'yoru']",1,2,3,0.3333333333333333,5,0.6,0.4362,0.2617,2,1,1,1,2D-1I-1C-1S,5,1.0,0.3679,0.381,0.6,0.6,39.99
DetonatioN FocusMe,Haven,2026,cypher|jett|neon|omen|skye,"['cypher', 'jett', 'neon', 'omen', 'skye']",1,1,2,0.5,5,0.4,0.3457,0.1383,2,1,1,1,2D-1I-1C-1S,5,1.0,0.3679,0.381,0.4,0.4,42.35
DetonatioN FocusMe,Lotus,2026,fade|iso|neon|omen|viper,"['fade', 'iso', 'neon', 'omen', 'viper']",0,1,1,0.0,5,0.2,0.2181,0.0436,2,1,2,0,2D-1I-2C-0S,1,0.2,0.3679,0.2812,0.68,0.2,39.06
DetonatioN FocusMe,Lotus,2026,fade|neon|omen|raze|vyse,"['fade', 'neon', 'omen', 'raze', 'vyse']",2,2,4,0.5,5,0.8,0.5064,0.4051,2,1,1,1,2D-1I-1C-1S,4,0.8,0.3679,0.2812,0.92,0.8,42.3
DetonatioN FocusMe,Pearl,2026,astra|killjoy|neon|sova|yoru,"['astra', 'killjoy', 'neon', 'sova', 'yoru']",2,2,4,0.5,7,0.5714,0.5064,0.2894,2,1,1,1,2D-1I-1C-1S,4,0.5714,0.3679,0.4286,0.8286,0.5714,44.41
DetonatioN FocusMe,Pearl,2026,astra|killjoy|sova|tejo|waylay,"['astra', 'killjoy', 'sova', 'tejo', 'waylay']",1,2,3,0.3333333333333333,7,0.4286,0.4362,0.187,1,2,1,1,1D-2I-1C-1S,3,0.4286,0.3679,0.4286,0.7714,0.4286,40.37
DetonatioN FocusMe,Split,2026,fade|omen|raze|viper|yoru,"['fade', 'omen', 'raze', 'viper', 'yoru']",3,2,5,0.6,5,1.0,0.5638,0.5638,2,1,2,0,2D-1I-2C-0S,5,1.0,0.3679,0.5263,1.0,1.0,52.08
Dragon Ranger Gaming,Abyss,2026,astra|cypher|jett|reyna|tejo,"['astra', 'cypher', 'jett', 'reyna', 'tejo']",0,1,1,0.0,3,0.3333,0.2181,0.0727,2,1,1,1,2D-1I-1C-1S,3,1.0,0.4817,0.4118,0.6667,0.3333,33.68
Dragon Ranger Gaming,Abyss,2026,astra|cypher|reyna|sova|waylay,"['astra', 'cypher', 'reyna', 'sova', 'waylay']",0,1,1,0.0,3,0.3333,0.2181,0.0727,2,1,1,1,2D-1I-1C-1S,3,1.0,0.4817,0.4118,0.8,0.6667,33.68
Dragon Ranger Gaming,Abyss,2026,astra|reyna|sova|veto|waylay,"['astra', 'reyna', 'sova', 'veto', 'waylay']",0,1,1,0.0,3,0.3333,0.2181,0.0727,2,1,1,1,2D-1I-1C-1S,3,1.0,0.4817,0.4118,0.7333,0.3333,33.68
Dragon Ranger Gaming,Ascent,2026,cypher|jett|neon|omen|sova,"['cypher', 'jett', 'neon', 'omen', 'sova']",1,0,1,1.0,1,1.0,0.2181,0.2181,2,1,1,1,2D-1I-1C-1S,1,1.0,0.4817,0.5357,1.0,1.0,57.64
Dragon Ranger Gaming,Bind,2026,brimstone|cypher|neon|skye|waylay,"['brimstone', 'cypher', 'neon', 'skye', 'waylay']",1,0,1,1.0,3,0.3333,0.2181,0.0727,2,1,1,1,2D-1I-1C-1S,2,0.6667,0.4817,0.5217,0.8667,0.6667,49.74
Dragon Ranger Gaming,Bind,2026,brimstone|cypher|reyna|skye|waylay,"['brimstone', 'cypher', 'reyna', 'skye', 'waylay']",0,1,1,0.0,3,0.3333,0.2181,0.0727,2,1,1,1,2D-1I-1C-1S,2,0.6667,0.4817,0.5217,0.8,0.3333,43.49
Dragon Ranger Gaming,Bind,2026,brimstone|miks|neon|skye|waylay,"['brimstone', 'miks', 'neon', 'skye', 'waylay']",0,1,1,0.0,3,0.3333,0.2181,0.0727,2,1,2,0,2D-1I-2C-0S,1,0.3333,0.4817,0.5217,0.8,0.3333,36.06
Dragon Ranger Gaming,Breeze,2026,astra|cypher|jett|sova|yoru,"['astra', 'cypher', 'jett', 'sova', 'yoru']",1,0,1,1.0,8,0.125,0.2181,0.0273,2,1,1,1,2D-1I-1C-1S,1,0.125,0.4817,0.4231,0.325,0.125,57.64
Dragon Ranger Gaming,Breeze,2026,astra|neon|omen|skye|waylay,"['astra', 'neon', 'omen', 'skye', 'waylay']",2,1,3,0.6666666666666666,8,0.375,0.4362,0.1636,2,1,2,0,2D-1I-2C-0S,7,0.875,0.4817,0.4231,0.775,0.375,46.56
Dragon Ranger Gaming,Breeze,2026,astra|neon|skye|viper|waylay,"['astra', 'neon', 'skye', 'viper', 'waylay']",1,2,3,0.3333333333333333,8,0.375,0.4362,0.1636,2,1,2,0,2D-1I-2C-0S,7,0.875,0.4817,0.4231,0.8,0.5,41.0
Dragon Ranger Gaming,Breeze,2026,astra|neon|sova|viper|waylay,"['astra', 'neon', 'sova', 'viper', 'waylay']",0,1,1,0.0,8,0.125,0.2181,0.0273,2,1,2,0,2D-1I-2C-0S,7,0.875,0.4817,0.4231,0.7,0.25,39.88
Dragon Ranger Gaming,Corrode,2026,cypher|gekko|neon|omen|yoru,"['cypher', 'gekko', 'neon', 'omen', 'yoru']",2,2,4,0.5,4,1.0,0.5064,0.5064,2,1,1,1,2D-1I-1C-1S,4,1.0,0.4817,0.5294,1.0,1.0,50.17
Dragon Ranger Gaming,Haven,2026,cypher|neon|omen|skye|waylay,"['cypher', 'neon', 'omen', 'skye', 'waylay']",4,1,5,0.8,5,1.0,0.5638,0.5638,2,1,1,1,2D-1I-1C-1S,5,1.0,0.4817,0.5769,1.0,1.0,62.96
Dragon Ranger Gaming,Lotus,2026,cypher|neon|omen|skye|waylay,"['cypher', 'neon', 'omen', 'skye', 'waylay']",6,2,8,0.75,9,0.8889,0.6914,0.6146,2,1,1,1,2D-1I-1C-1S,8,0.8889,0.4817,0.5278,0.9778,0.8889,61.09
Dragon Ranger Gaming,Lotus,2026,miks|neon|omen|skye|waylay,"['miks', 'neon', 'omen', 'skye', 'waylay']",0,1,1,0.0,9,0.1111,0.2181,0.0242,2,1,2,0,2D-1I-2C-0S,1,0.1111,0.4817,0.5278,0.8222,0.1111,36.06
Dragon Ranger Gaming,Pearl,2026,astra|neon|phoenix|tejo|vyse,"['astra', 'neon', 'phoenix', 'tejo', 'vyse']",1,1,2,0.5,3,0.6667,0.3457,0.2305,2,1,1,1,2D-1I-1C-1S,3,1.0,0.4817,0.4211,0.8667,0.6667,46.81
Dragon Ranger Gaming,Pearl,2026,astra|neon|skye|vyse|waylay,"['astra', 'neon', 'skye', 'vyse', 'waylay']",0,1,1,0.0,3,0.3333,0.2181,0.0727,2,1,1,1,2D-1I-1C-1S,3,1.0,0.4817,0.4211,0.7333,0.3333,43.49
Dragon Ranger Gaming,Split,2026,astra|fade|neon|vyse|waylay,"['astra', 'fade', 'neon', 'vyse', 'waylay']",0,2,2,0.0,7,0.2857,0.3457,0.0988,2,1,1,1,2D-1I-1C-1S,7,1.0,0.4817,0.4167,0.5714,0.2857,36.49
Dragon Ranger Gaming,Split,2026,cypher|fade|neon|omen|yoru,"['cypher', 'fade', 'neon', 'omen', 'yoru']",2,1,3,0.6666666666666666,7,0.4286,0.4362,0.187,2,1,1,1,2D-1I-1C-1S,7,1.0,0.4817,0.4167,0.7143,0.4286,45.57
Dragon Ranger Gaming,Split,2026,cypher|neon|omen|skye|waylay,"['cypher', 'neon', 'omen', 'skye', 'waylay']",0,2,2,0.0,7,0.2857,0.3457,0.0988,2,1,1,1,2D-1I-1C-1S,7,1.0,0.4817,0.4167,0.6571,0.2857,36.49
EDward Gaming,Abyss,2026,astra|jett|omen|sova|yoru,"['astra', 'jett', 'omen', 'sova', 'yoru']",3,1,4,0.75,4,1.0,0.5064,0.5064,2,1,2,0,2D-1I-2C-0S,4,1.0,0.6009,0.5714,1.0,1.0,60.51
EDward Gaming,Bind,2026,brimstone|chamber|neon|skye|viper,"['brimstone', 'chamber', 'neon', 'skye', 'viper']",0,1,1,0.0,4,0.25,0.2181,0.0545,1,1,2,1,1D-1I-2C-1S,1,0.25,0.6009,0.55,0.45,0.25,54.99
EDward Gaming,Bind,2026,brimstone|gekko|kayo|viper|waylay,"['brimstone', 'gekko', 'kayo', 'viper', 'waylay']",1,0,1,1.0,4,0.25,0.2181,0.0545,1,2,2,0,1D-2I-2C-0S,1,0.25,0.6009,0.55,0.45,0.25,60.17
EDward Gaming,Bind,2026,fade|harbor|phoenix|raze|viper,"['fade', 'harbor', 'phoenix', 'raze', 'viper']",1,1,2,0.5,4,0.5,0.3457,0.1728,2,1,2,0,2D-1I-2C-0S,2,0.5,0.6009,0.55,0.6,0.5,56.76
EDward Gaming,Breeze,2026,astra|jett|sova|viper|yoru,"['astra', 'jett', 'sova', 'viper', 'yoru']",0,1,1,0.0,6,0.1667,0.2181,0.0364,2,1,2,0,2D-1I-2C-0S,1,0.1667,0.6009,0.6667,0.6667,0.1667,46.85
EDward Gaming,Breeze,2026,harbor|jett|kayo|sova|viper,"['harbor', 'jett', 'kayo', 'sova', 'viper']",5,0,5,1.0,6,0.8333,0.5638,0.4698,1,2,2,0,1D-2I-2C-0S,5,0.8333,0.6009,0.6667,0.9333,0.8333,81.14
EDward Gaming,Corrode,2026,astra|fade|phoenix|sage|yoru,"['astra', 'fade', 'phoenix', 'sage', 'yoru']",3,0,3,1.0,3,1.0,0.4362,0.4362,2,1,1,1,2D-1I-1C-1S,3,1.0,0.6009,0.6316,1.0,1.0,66.93
EDward Gaming,Fracture,2026,brimstone|cypher|jett|neon|skye,"['brimstone', 'cypher', 'jett', 'neon', 'skye']",1,1,2,0.5,5,0.4,0.3457,0.1383,2,1,1,1,2D-1I-1C-1S,5,1.0,0.6009,0.6522,0.88,0.4,52.0
EDward Gaming,Fracture,2026,brimstone|cypher|neon|skye|waylay,"['brimstone', 'cypher', 'neon', 'skye', 'waylay']",2,1,3,0.6666666666666666,5,0.6,0.4362,0.2617,2,1,1,1,2D-1I-1C-1S,5,1.0,0.6009,0.6522,0.92,0.6,54.67
EDward Gaming,Haven,2026,chamber|fade|neon|omen|phoenix,"['chamber', 'fade', 'neon', 'omen', 'phoenix']",1,1,2,0.5,10,0.2,0.3457,0.0691,2,1,1,1,2D-1I-1C-1S,6,0.6,0.6009,0.5278,0.6,0.3,49.22
EDward Gaming,Haven,2026,chamber|neon|omen|sova|viper,"['chamber', 'neon', 'omen', 'sova', 'viper']",2,2,4,0.5,10,0.4,0.5064,0.2026,1,1,2,1,1D-1I-2C-1S,4,0.4,0.6009,0.5278,0.7,0.4,58.1
EDward Gaming,Haven,2026,cypher|fade|neon|omen|phoenix,"['cypher', 'fade', 'neon', 'omen', 'phoenix']",0,1,1,0.0,10,0.1,0.2181,0.0218,2,1,1,1,2D-1I-1C-1S,6,0.6,0.6009,0.5278,0.56,0.3,46.05
EDward Gaming,Haven,2026,cypher|iso|omen|sova|yoru,"['cypher', 'iso', 'omen', 'sova', 'yoru']",1,1,2,0.5,10,0.2,0.3457,0.0691,2,1,1,1,2D-1I-1C-1S,6,0.6,0.6009,0.5278,0.5,0.2,49.22
EDward Gaming,Haven,2026,cypher|neon|omen|sova|waylay,"['cypher', 'neon', 'omen', 'sova', 'waylay']",1,0,1,1.0,10,0.1,0.2181,0.0218,2,1,1,1,2D-1I-1C-1S,6,0.6,0.6009,0.5278,0.6,0.1,52.3
EDward Gaming,Lotus,2026,cypher|fade|omen|phoenix|raze,"['cypher', 'fade', 'omen', 'phoenix', 'raze']",3,2,5,0.6,6,0.8333,0.5638,0.4698,2,1,1,1,2D-1I-1C-1S,6,1.0,0.6009,0.4872,0.9333,0.8333,47.52
EDward Gaming,Lotus,2026,fade|neon|omen|raze|vyse,"['fade', 'neon', 'omen', 'raze', 'vyse']",1,0,1,1.0,6,0.1667,0.2181,0.0364,2,1,1,1,2D-1I-1C-1S,6,1.0,0.6009,0.4872,0.6667,0.1667,41.69
EDward Gaming,Pearl,2026,astra|fade|jett|phoenix|vyse,"['astra', 'fade', 'jett', 'phoenix', 'vyse']",1,0,1,1.0,5,0.2,0.2181,0.0436,2,1,1,1,2D-1I-1C-1S,5,1.0,0.6009,0.5455,0.36,0.2,46.33
EDward Gaming,Pearl,2026,astra|killjoy|neon|sova|yoru,"['astra', 'killjoy', 'neon', 'sova', 'yoru']",1,3,4,0.25,5,0.8,0.5064,0.4051,2,1,1,1,2D-1I-1C-1S,5,1.0,0.6009,0.5455,0.84,0.8,39.02
EDward Gaming,Split,2026,fade|neon|omen|viper|yoru,"['fade', 'neon', 'omen', 'viper', 'yoru']",1,2,3,0.3333333333333333,8,0.375,0.4362,0.1636,2,1,2,0,2D-1I-2C-0S,8,1.0,0.6009,0.6061,0.675,0.375,54.15
EDward Gaming,Split,2026,jett|omen|raze|skye|viper,"['jett', 'omen', 'raze', 'skye', 'viper']",3,0,3,1.0,8,0.375,0.4362,0.1636,2,1,2,0,2D-1I-2C-0S,8,1.0,0.6009,0.6061,0.675,0.375,65.26
EDward Gaming,Split,2026,neon|omen|skye|viper|waylay,"['neon', 'omen', 'skye', 'viper', 'waylay']",1,1,2,0.5,8,0.25,0.3457,0.0864,2,1,2,0,2D-1I-2C-0S,8,1.0,0.6009,0.6061,0.7,0.25,57.34
ENVY,Abyss,2026,astra|sova|viper|waylay|yoru,"['astra', 'sova', 'viper', 'waylay', 'yoru']",0,1,1,0.0,3,0.3333,0.2181,0.0727,2,1,2,0,2D-1I-2C-0S,3,1.0,0.4286,0.3846,0.7333,0.3333,31.48
ENVY,Abyss,2026,iso|omen|sova|viper|yoru,"['iso', 'omen', 'sova', 'viper', 'yoru']",0,2,2,0.0,3,0.6667,0.3457,0.2305,2,1,2,0,2D-1I-2C-0S,3,1.0,0.4286,0.3846,0.8667,0.6667,29.63
ENVY,Bind,2026,brimstone|chamber|neon|skye|viper,"['brimstone', 'chamber', 'neon', 'skye', 'viper']",0,1,1,0.0,3,0.3333,0.2181,0.0727,1,1,2,1,1D-1I-2C-1S,1,0.3333,0.4286,0.5385,0.6667,0.3333,43.44
ENVY,Bind,2026,brimstone|skye|viper|waylay|yoru,"['brimstone', 'skye', 'viper', 'waylay', 'yoru']",1,0,1,1.0,3,0.3333,0.2181,0.0727,2,1,2,0,2D-1I-2C-0S,2,0.6667,0.4286,0.5385,0.7333,0.3333,55.98
ENVY,Bind,2026,clove|reyna|skye|viper|yoru,"['clove', 'reyna', 'skye', 'viper', 'yoru']",1,0,1,1.0,3,0.3333,0.2181,0.0727,2,1,2,0,2D-1I-2C-0S,2,0.6667,0.4286,0.5385,0.6667,0.3333,55.98
ENVY,Breeze,2026,astra|jett|sova|viper|yoru,"['astra', 'jett', 'sova', 'viper', 'yoru']",2,0,2,1.0,3,0.6667,0.3457,0.2305,2,1,2,0,2D-1I-2C-0S,3,1.0,0.4286,0.5385,0.8,0.6667,54.96
ENVY,Breeze,2026,harbor|iso|neon|sova|viper,"['harbor', 'iso', 'neon', 'sova', 'viper']",0,1,1,0.0,3,0.3333,0.2181,0.0727,2,1,2,0,2D-1I-2C-0S,3,1.0,0.4286,0.5385,0.6,0.3333,45.9
ENVY,Corrode,2026,fade|omen|viper|waylay|yoru,"['fade', 'omen', 'viper', 'waylay', 'yoru']",1,2,3,0.3333333333333333,3,1.0,0.4362,0.4362,2,1,2,0,2D-1I-2C-0S,3,1.0,0.4286,0.4615,1.0,1.0,39.95
ENVY,Fracture,2026,breach|brimstone|neon|skye|veto,"['breach', 'brimstone', 'neon', 'skye', 'veto']",0,1,1,0.0,1,1.0,0.2181,0.2181,1,2,1,1,1D-2I-1C-1S,1,1.0,0.4286,0.4545,1.0,1.0,33.94
ENVY,Haven,2026,astra|chamber|neon|phoenix|sova,"['astra', 'chamber', 'neon', 'phoenix', 'sova']",1,1,2,0.5,3,0.6667,0.3457,0.2305,2,1,1,1,2D-1I-1C-1S,3,1.0,0.4286,0.5385,0.7333,0.6667,54.16
ENVY,Haven,2026,cypher|jett|omen|sova|yoru,"['cypher', 'jett', 'omen', 'sova', 'yoru']",1,0,1,1.0,3,0.3333,0.2181,0.0727,2,1,1,1,2D-1I-1C-1S,3,1.0,0.4286,0.5385,0.4667,0.3333,57.55
ENVY,Lotus,2026,fade|neon|omen|raze|vyse,"['fade', 'neon', 'omen', 'raze', 'vyse']",0,1,1,0.0,2,0.5,0.2181,0.109,2,1,1,1,2D-1I-1C-1S,1,0.5,0.4286,0.5,0.8,0.5,43.58
ENVY,Lotus,2026,fade|neon|omen|veto|viper,"['fade', 'neon', 'omen', 'veto', 'viper']",1,0,1,1.0,2,0.5,0.2181,0.109,1,1,2,1,1D-1I-2C-1S,1,0.5,0.4286,0.5,0.8,0.5,58.22
ENVY,Pearl,2026,astra|chamber|neon|phoenix|sova,"['astra', 'chamber', 'neon', 'phoenix', 'sova']",1,0,1,1.0,5,0.2,0.2181,0.0436,2,1,1,1,2D-1I-1C-1S,4,0.8,0.4286,0.4667,0.64,0.2,53.88
ENVY,Pearl,2026,astra|killjoy|neon|sova|yoru,"['astra', 'killjoy', 'neon', 'sova', 'yoru']",1,2,3,0.3333333333333333,5,0.6,0.4362,0.2617,2,1,1,1,2D-1I-1C-1S,4,0.8,0.4286,0.4667,0.8,0.6,47.9
ENVY,Pearl,2026,astra|sova|tejo|veto|waylay,"['astra', 'sova', 'tejo', 'veto', 'waylay']",0,1,1,0.0,5,0.2,0.2181,0.0436,1,2,1,1,1D-2I-1C-1S,1,0.2,0.4286,0.4667,0.52,0.2,33.94
ENVY,Split,2026,jett|omen|raze|skye|viper,"['jett', 'omen', 'raze', 'skye', 'viper']",0,1,1,0.0,2,0.5,0.2181,0.109,2,1,2,0,2D-1I-2C-0S,2,1.0,0.4286,0.4167,0.9,0.5,34.1
ENVY,Split,2026,jett|omen|skye|viper|yoru,"['jett', 'omen', 'skye', 'viper', 'yoru']",0,1,1,0.0,2,0.5,0.2181,0.109,2,1,2,0,2D-1I-2C-0S,2,1.0,0.4286,0.4167,0.9,0.5,34.1
Eternal Fire,Ascent,2026,astra|cypher|jett|phoenix|sova,"['astra', 'cypher', 'jett', 'phoenix', 'sova']",1,1,2,0.5,3,0.6667,0.3457,0.2305,2,1,1,1,2D-1I-1C-1S,2,0.6667,0.6061,0.4615,0.8,0.6667,58.1
Eternal Fire,Ascent,2026,cypher|kayo|omen|sova|waylay,"['cypher', 'kayo', 'omen', 'sova', 'waylay']",0,1,1,0.0,3,0.3333,0.2181,0.0727,1,2,1,1,1D-2I-1C-1S,1,0.3333,0.6061,0.4615,0.6,0.3333,35.18
Eternal Fire,Bind,2026,brimstone|neon|skye|viper|vyse,"['brimstone', 'neon', 'skye', 'viper', 'vyse']",1,0,1,1.0,2,0.5,0.2181,0.109,1,1,2,1,1D-1I-2C-1S,1,0.5,0.6061,0.5833,0.9,0.5,62.17
Eternal Fire,Bind,2026,brimstone|neon|skye|viper|waylay,"['brimstone', 'neon', 'skye', 'viper', 'waylay']",1,0,1,1.0,2,0.5,0.2181,0.109,2,1,2,0,2D-1I-2C-0S,1,0.5,0.6061,0.5833,0.9,0.5,65.1
Eternal Fire,Breeze,2026,astra|cypher|jett|kayo|sova,"['astra', 'cypher', 'jett', 'kayo', 'sova']",0,1,1,0.0,2,0.5,0.2181,0.109,1,2,1,1,1D-2I-1C-1S,1,0.5,0.6061,0.5,0.6,0.5,35.18
Eternal Fire,Breeze,2026,astra|neon|skye|tejo|viper,"['astra', 'neon', 'skye', 'tejo', 'viper']",1,0,1,1.0,2,0.5,0.2181,0.109,1,2,2,0,1D-2I-2C-0S,1,0.5,0.6061,0.5,0.6,0.5,61.31
Eternal Fire,Fracture,2026,astra|breach|cypher|tejo|waylay,"['astra', 'breach', 'cypher', 'tejo', 'waylay']",0,1,1,0.0,3,0.3333,0.2181,0.0727,1,2,1,1,1D-2I-1C-1S,2,0.6667,0.6061,0.4615,0.6,0.3333,40.06
Eternal Fire,Fracture,2026,astra|cypher|fade|neon|raze,"['astra', 'cypher', 'fade', 'neon', 'raze']",0,1,1,0.0,3,0.3333,0.2181,0.0727,2,1,1,1,2D-1I-1C-1S,1,0.3333,0.6061,0.4615,0.6,0.3333,52.01
Eternal Fire,Fracture,2026,brimstone|cypher|neon|skye|tejo,"['brimstone', 'cypher', 'neon', 'skye', 'tejo']",1,0,1,1.0,3,0.3333,0.2181,0.0727,1,2,1,1,1D-2I-1C-1S,2,0.6667,0.6061,0.4615,0.6,0.3333,46.31
Eternal Fire,Lotus,2026,cypher|fade|neon|omen|raze,"['cypher', 'fade', 'neon', 'omen', 'raze']",3,0,3,1.0,6,0.5,0.4362,0.2181,2,1,1,1,2D-1I-1C-1S,4,0.6667,0.6061,0.625,0.8667,0.5,70.85
Eternal Fire,Lotus,2026,fade|neon|omen|raze|viper,"['fade', 'neon', 'omen', 'raze', 'viper']",2,0,2,1.0,6,0.3333,0.3457,0.1152,2,1,2,0,2D-1I-2C-0S,2,0.3333,0.6061,0.625,0.8333,0.3333,69.89
Eternal Fire,Lotus,2026,neon|omen|raze|skye|veto,"['neon', 'omen', 'raze', 'skye', 'veto']",0,1,1,0.0,6,0.1667,0.2181,0.0364,2,1,1,1,2D-1I-1C-1S,4,0.6667,0.6061,0.625,0.6667,0.1667,60.95
Eternal Fire,Pearl,2026,astra|cypher|fade|neon|phoenix,"['astra', 'cypher', 'fade', 'neon', 'phoenix']",3,0,3,1.0,3,1.0,0.4362,0.4362,2,1,1,1,2D-1I-1C-1S,3,1.0,0.6061,0.6154,1.0,1.0,75.01
Eternal Fire,Split,2026,astra|fade|neon|raze|viper,"['astra', 'fade', 'neon', 'raze', 'viper']",1,0,1,1.0,4,0.25,0.2181,0.0545,2,1,2,0,2D-1I-2C-0S,4,1.0,0.6061,0.5,0.85,0.25,59.19
Eternal Fire,Split,2026,fade|neon|omen|raze|viper,"['fade', 'neon', 'omen', 'raze', 'viper']",1,2,3,0.3333333333333333,4,0.75,0.4362,0.3272,2,1,2,0,2D-1I-2C-0S,4,1.0,0.6061,0.5,0.95,0.75,52.61
Evil Geniuses,Abyss,2026,astra|breach|sova|veto|yoru,"['astra', 'breach', 'sova', 'veto', 'yoru']",2,1,3,0.6666666666666666,3,1.0,0.4362,0.4362,1,2,1,1,1D-2I-1C-1S,3,1.0,0.4257,0.5333,1.0,1.0,55.65
Evil Geniuses,Bind,2026,brimstone|fade|viper|waylay|yoru,"['brimstone', 'fade', 'viper', 'waylay', 'yoru']",0,2,2,0.0,4,0.5,0.3457,0.1728,2,1,2,0,2D-1I-2C-0S,4,1.0,0.4257,0.4211,0.75,0.5,22.39
Evil Geniuses,Bind,2026,brimstone|neon|phoenix|skye|viper,"['brimstone', 'neon', 'phoenix', 'skye', 'viper']",0,1,1,0.0,4,0.25,0.2181,0.0545,2,1,2,0,2D-1I-2C-0S,4,1.0,0.4257,0.4211,0.65,0.25,23.79
Evil Geniuses,Bind,2026,brimstone|neon|skye|viper|waylay,"['brimstone', 'neon', 'skye', 'viper', 'waylay']",0,1,1,0.0,4,0.25,0.2181,0.0545,2,1,2,0,2D-1I-2C-0S,4,1.0,0.4257,0.4211,0.75,0.5,23.79
Evil Geniuses,Breeze,2026,harbor|kayo|neon|sova|viper,"['harbor', 'kayo', 'neon', 'sova', 'viper']",0,1,1,0.0,1,1.0,0.2181,0.2181,1,2,2,0,1D-2I-2C-0S,1,1.0,0.4257,0.4167,1.0,1.0,44.34
Evil Geniuses,Corrode,2026,omen|sova|viper|waylay|yoru,"['omen', 'sova', 'viper', 'waylay', 'yoru']",1,1,2,0.5,2,1.0,0.3457,0.3457,2,1,2,0,2D-1I-2C-0S,2,1.0,0.4257,0.5,1.0,1.0,39.36
Evil Geniuses,Fracture,2026,breach|brimstone|chamber|neon|sova,"['breach', 'brimstone', 'chamber', 'neon', 'sova']",0,1,1,0.0,1,1.0,0.2181,0.2181,1,2,1,1,1D-2I-1C-1S,1,1.0,0.4257,0.5,1.0,1.0,46.52
Evil Geniuses,Haven,2026,killjoy|neon|omen|sova|viper,"['killjoy', 'neon', 'omen', 'sova', 'viper']",3,3,6,0.5,6,1.0,0.6123,0.6123,1,1,2,1,1D-1I-2C-1S,6,1.0,0.4257,0.4286,1.0,1.0,45.68
Evil Geniuses,Lotus,2026,fade|neon|omen|viper|vyse,"['fade', 'neon', 'omen', 'viper', 'vyse']",0,2,2,0.0,2,1.0,0.3457,0.3457,1,1,2,1,1D-1I-2C-1S,2,1.0,0.4257,0.4138,1.0,1.0,29.58
Evil Geniuses,Pearl,2026,astra|fade|neon|phoenix|vyse,"['astra', 'fade', 'neon', 'phoenix', 'vyse']",0,1,1,0.0,4,0.25,0.2181,0.0545,2,1,1,1,2D-1I-1C-1S,4,1.0,0.4257,0.4211,0.45,0.25,36.11
Evil Geniuses,Pearl,2026,astra|killjoy|neon|sova|waylay,"['astra', 'killjoy', 'neon', 'sova', 'waylay']",0,1,1,0.0,4,0.25,0.2181,0.0545,2,1,1,1,2D-1I-1C-1S,4,1.0,0.4257,0.4211,0.75,0.5,36.11
Evil Geniuses,Pearl,2026,astra|killjoy|sova|waylay|yoru,"['astra', 'killjoy', 'sova', 'waylay', 'yoru']",1,1,2,0.5,4,0.5,0.3457,0.1728,2,1,1,1,2D-1I-1C-1S,4,1.0,0.4257,0.4211,0.75,0.5,39.87
FNATIC,Abyss,2026,astra|jett|kayo|sova|vyse,"['astra', 'jett', 'kayo', 'sova', 'vyse']",3,1,4,0.75,4,1.0,0.5064,0.5064,1,2,1,1,1D-2I-1C-1S,4,1.0,0.5953,0.5217,1.0,1.0,66.21
FNATIC,Ascent,2026,jett|kayo|omen|sova|vyse,"['jett', 'kayo', 'omen', 'sova', 'vyse']",0,1,1,0.0,1,1.0,0.2181,0.2181,1,2,1,1,1D-2I-1C-1S,1,1.0,0.5953,0.4828,1.0,1.0,43.92
FNATIC,Bind,2026,brimstone|fade|raze|viper|yoru,"['brimstone', 'fade', 'raze', 'viper', 'yoru']",2,2,4,0.5,6,0.6667,0.5064,0.3376,2,1,2,0,2D-1I-2C-0S,6,1.0,0.5953,0.5833,0.8,0.6667,58.28
FNATIC,Bind,2026,brimstone|neon|skye|viper|waylay,"['brimstone', 'neon', 'skye', 'viper', 'waylay']",1,1,2,0.5,6,0.3333,0.3457,0.1152,2,1,2,0,2D-1I-2C-0S,6,1.0,0.5953,0.5833,0.6,0.3333,59.26
FNATIC,Breeze,2026,astra|jett|sova|viper|yoru,"['astra', 'jett', 'sova', 'viper', 'yoru']",0,1,1,0.0,6,0.1667,0.2181,0.0364,2,1,2,0,2D-1I-2C-0S,2,0.3333,0.5953,0.5417,0.5333,0.1667,59.99
FNATIC,Breeze,2026,astra|neon|sage|sova|viper,"['astra', 'neon', 'sage', 'sova', 'viper']",0,1,1,0.0,6,0.1667,0.2181,0.0364,1,1,2,1,1D-1I-2C-1S,1,0.1667,0.5953,0.5417,0.6667,0.1667,45.27
FNATIC,Breeze,2026,harbor|iso|neon|sova|viper,"['harbor', 'iso', 'neon', 'sova', 'viper']",1,0,1,1.0,6,0.1667,0.2181,0.0364,2,1,2,0,2D-1I-2C-0S,2,0.3333,0.5953,0.5417,0.7333,0.1667,66.24
FNATIC,Breeze,2026,harbor|kayo|neon|sova|viper,"['harbor', 'kayo', 'neon', 'sova', 'viper']",2,1,3,0.6666666666666666,6,0.5,0.4362,0.2181,1,2,2,0,1D-2I-2C-0S,3,0.5,0.5953,0.5417,0.8,0.5,61.65
FNATIC,Corrode,2026,astra|kayo|sova|vyse|waylay,"['astra', 'kayo', 'sova', 'vyse', 'waylay']",2,2,4,0.5,4,1.0,0.5064,0.5064,1,2,1,1,1D-2I-1C-1S,4,1.0,0.5953,0.5556,1.0,1.0,52.8
FNATIC,Fracture,2026,brimstone|cypher|fade|neon|phoenix,"['brimstone', 'cypher', 'fade', 'neon', 'phoenix']",2,0,2,1.0,2,1.0,0.3457,0.3457,2,1,1,1,2D-1I-1C-1S,2,1.0,0.5953,0.65,1.0,1.0,70.22
FNATIC,Haven,2026,cypher|neon|omen|phoenix|sova,"['cypher', 'neon', 'omen', 'phoenix', 'sova']",1,2,3,0.3333333333333333,5,0.6,0.4362,0.2617,2,1,1,1,2D-1I-1C-1S,3,0.6,0.5953,0.6,0.76,0.6,60.96
FNATIC,Haven,2026,killjoy|omen|sova|viper|yoru,"['killjoy', 'omen', 'sova', 'viper', 'yoru']",0,2,2,0.0,5,0.4,0.3457,0.1383,1,1,2,1,1D-1I-2C-1S,2,0.4,0.5953,0.6,0.64,0.4,56.0
FNATIC,Lotus,2026,fade|killjoy|neon|omen|viper,"['fade', 'killjoy', 'neon', 'omen', 'viper']",1,1,2,0.5,3,0.6667,0.3457,0.2305,1,1,2,1,1D-1I-2C-1S,3,1.0,0.5953,0.5918,0.9333,0.6667,58.66
FNATIC,Lotus,2026,fade|killjoy|omen|viper|waylay,"['fade', 'killjoy', 'omen', 'viper', 'waylay']",1,0,1,1.0,3,0.3333,0.2181,0.0727,1,1,2,1,1D-1I-2C-1S,3,1.0,0.5953,0.5918,0.8667,0.3333,62.33
FNATIC,Split,2026,astra|fade|raze|viper|yoru,"['astra', 'fade', 'raze', 'viper', 'yoru']",3,1,4,0.75,6,0.6667,0.5064,0.3376,2,1,2,0,2D-1I-2C-0S,6,1.0,0.5953,0.6875,0.8667,0.6667,81.45
FNATIC,Split,2026,astra|neon|raze|skye|viper,"['astra', 'neon', 'raze', 'skye', 'viper']",2,0,2,1.0,6,0.3333,0.3457,0.1152,2,1,2,0,2D-1I-2C-0S,6,1.0,0.5953,0.6875,0.7333,0.3333,81.22
FULL SENSE,Abyss,2026,cypher|omen|sova|waylay|yoru,"['cypher', 'omen', 'sova', 'waylay', 'yoru']",0,1,1,0.0,1,1.0,0.2181,0.2181,2,1,1,1,2D-1I-1C-1S,1,1.0,0.5581,0.4545,1.0,1.0,44.55
FULL SENSE,Bind,2026,brimstone|fade|raze|viper|yoru,"['brimstone', 'fade', 'raze', 'viper', 'yoru']",0,1,1,0.0,3,0.3333,0.2181,0.0727,2,1,2,0,2D-1I-2C-0S,3,1.0,0.5581,0.5385,0.6667,0.3333,56.32
FULL SENSE,Bind,2026,brimstone|neon|raze|skye|viper,"['brimstone', 'neon', 'raze', 'skye', 'viper']",1,0,1,1.0,3,0.3333,0.2181,0.0727,2,1,2,0,2D-1I-2C-0S,3,1.0,0.5581,0.5385,0.8,0.6667,62.57
FULL SENSE,Bind,2026,brimstone|neon|skye|viper|waylay,"['brimstone', 'neon', 'skye', 'viper', 'waylay']",1,0,1,1.0,3,0.3333,0.2181,0.0727,2,1,2,0,2D-1I-2C-0S,3,1.0,0.5581,0.5385,0.7333,0.3333,62.57
FULL SENSE,Breeze,2026,fade|jett|omen|vyse|yoru,"['fade', 'jett', 'omen', 'vyse', 'yoru']",0,1,1,0.0,3,0.3333,0.2181,0.0727,2,1,1,1,2D-1I-1C-1S,1,0.3333,0.5581,0.4615,0.5333,0.3333,44.55
FULL SENSE,Breeze,2026,harbor|jett|neon|sova|viper,"['harbor', 'jett', 'neon', 'sova', 'viper']",0,1,1,0.0,3,0.3333,0.2181,0.0727,2,1,2,0,2D-1I-2C-0S,2,0.6667,0.5581,0.4615,0.6667,0.3333,53.2
FULL SENSE,Breeze,2026,jett|neon|omen|sova|viper,"['jett', 'neon', 'omen', 'sova', 'viper']",1,0,1,1.0,3,0.3333,0.2181,0.0727,2,1,2,0,2D-1I-2C-0S,2,0.6667,0.5581,0.4615,0.7333,0.6667,59.45
FULL SENSE,Corrode,2026,cypher|fade|omen|waylay|yoru,"['cypher', 'fade', 'omen', 'waylay', 'yoru']",1,1,2,0.5,2,1.0,0.3457,0.3457,2,1,1,1,2D-1I-1C-1S,2,1.0,0.5581,0.5,1.0,1.0,51.67
FULL SENSE,Fracture,2026,brimstone|cypher|fade|neon|phoenix,"['brimstone', 'cypher', 'fade', 'neon', 'phoenix']",1,1,2,0.5,4,0.5,0.3457,0.1728,2,1,1,1,2D-1I-1C-1S,4,1.0,0.5581,0.5,0.8,0.5,51.43
FULL SENSE,Fracture,2026,brimstone|cypher|neon|skye|waylay,"['brimstone', 'cypher', 'neon', 'skye', 'waylay']",1,1,2,0.5,4,0.5,0.3457,0.1728,2,1,1,1,2D-1I-1C-1S,4,1.0,0.5581,0.5,0.8,0.5,51.43
FULL SENSE,Haven,2026,cypher|deadlock|omen|skye|waylay,"['cypher', 'deadlock', 'omen', 'skye', 'waylay']",1,1,2,0.5,3,0.6667,0.3457,0.2305,1,1,1,2,1D-1I-1C-2S,2,0.6667,0.5581,0.4615,0.8667,0.6667,54.16
FULL SENSE,Haven,2026,cypher|omen|sova|waylay|yoru,"['cypher', 'omen', 'sova', 'waylay', 'yoru']",0,1,1,0.0,3,0.3333,0.2181,0.0727,2,1,1,1,2D-1I-1C-1S,1,0.3333,0.5581,0.4615,0.7333,0.3333,44.55
FULL SENSE,Lotus,2026,fade|neon|omen|phoenix|vyse,"['fade', 'neon', 'omen', 'phoenix', 'vyse']",1,0,1,1.0,4,0.25,0.2181,0.0545,2,1,1,1,2D-1I-1C-1S,4,1.0,0.5581,0.5714,0.55,0.25,61.34
FULL SENSE,Lotus,2026,jett|omen|raze|skye|vyse,"['jett', 'omen', 'raze', 'skye', 'vyse']",2,1,3,0.6666666666666666,4,0.75,0.4362,0.3272,2,1,1,1,2D-1I-1C-1S,4,1.0,0.5581,0.5714,0.85,0.75,60.08
FULL SENSE,Pearl,2026,astra|cypher|fade|neon|phoenix,"['astra', 'cypher', 'fade', 'neon', 'phoenix']",2,1,3,0.6666666666666666,7,0.4286,0.4362,0.187,2,1,1,1,2D-1I-1C-1S,7,1.0,0.5581,0.5882,0.7143,0.4286,61.24
FULL SENSE,Pearl,2026,astra|fade|jett|phoenix|vyse,"['astra', 'fade', 'jett', 'phoenix', 'vyse']",1,1,2,0.5,7,0.2857,0.3457,0.0988,2,1,1,1,2D-1I-1C-1S,7,1.0,0.5581,0.5882,0.6571,0.2857,58.96
FULL SENSE,Pearl,2026,astra|fade|killjoy|raze|yoru,"['astra', 'fade', 'killjoy', 'raze', 'yoru']",2,0,2,1.0,7,0.2857,0.3457,0.0988,2,1,1,1,2D-1I-1C-1S,7,1.0,0.5581,0.5882,0.5714,0.2857,64.85
FULL SENSE,Split,2026,cypher|deadlock|omen|skye|waylay,"['cypher', 'deadlock', 'omen', 'skye', 'waylay']",1,0,1,1.0,6,0.1667,0.2181,0.0364,1,1,1,2,1D-1I-1C-2S,1,0.1667,0.5581,0.5625,0.4,0.1667,62.21
FULL SENSE,Split,2026,cypher|fade|omen|raze|yoru,"['cypher', 'fade', 'omen', 'raze', 'yoru']",0,1,1,0.0,6,0.1667,0.2181,0.0364,2,1,1,1,2D-1I-1C-1S,1,0.1667,0.5581,0.5625,0.7,0.3333,44.55
FULL SENSE,Split,2026,fade|omen|raze|viper|yoru,"['fade', 'omen', 'raze', 'viper', 'yoru']",2,1,3,0.6666666666666666,6,0.5,0.4362,0.2181,2,1,2,0,2D-1I-2C-0S,4,0.6667,0.5581,0.5625,0.7667,0.6667,63.55
FULL SENSE,Split,2026,jett|omen|raze|skye|viper,"['jett', 'omen', 'raze', 'skye', 'viper']",1,0,1,1.0,6,0.1667,0.2181,0.0364,2,1,2,0,2D-1I-2C-0S,4,0.6667,0.5581,0.5625,0.6,0.1667,65.25
FURIA,Abyss,2026,astra|omen|sova|tejo|waylay,"['astra', 'omen', 'sova', 'tejo', 'waylay']",3,1,4,0.75,4,1.0,0.5064,0.5064,1,2,2,0,1D-2I-2C-0S,4,1.0,0.3592,0.5333,1.0,1.0,62.26
FURIA,Bind,2026,astra|fade|viper|waylay|yoru,"['astra', 'fade', 'viper', 'waylay', 'yoru']",0,1,1,0.0,2,0.5,0.2181,0.109,2,1,2,0,2D-1I-2C-0S,2,1.0,0.3592,0.375,0.9,0.5,33.17
FURIA,Bind,2026,brimstone|fade|viper|waylay|yoru,"['brimstone', 'fade', 'viper', 'waylay', 'yoru']",0,1,1,0.0,2,0.5,0.2181,0.109,2,1,2,0,2D-1I-2C-0S,2,1.0,0.3592,0.375,0.9,0.5,33.17
FURIA,Breeze,2026,astra|harbor|iso|neon|sova,"['astra', 'harbor', 'iso', 'neon', 'sova']",0,1,1,0.0,8,0.125,0.2181,0.0273,2,1,2,0,2D-1I-2C-0S,7,0.875,0.3592,0.4091,0.525,0.125,39.96
FURIA,Breeze,2026,astra|harbor|jett|neon|sova,"['astra', 'harbor', 'jett', 'neon', 'sova']",0,1,1,0.0,8,0.125,0.2181,0.0273,2,1,2,0,2D-1I-2C-0S,7,0.875,0.3592,0.4091,0.625,0.375,39.96
FURIA,Breeze,2026,astra|jett|sova|viper|yoru,"['astra', 'jett', 'sova', 'viper', 'yoru']",2,1,3,0.6666666666666666,8,0.375,0.4362,0.1636,2,1,2,0,2D-1I-2C-0S,7,0.875,0.3592,0.4091,0.725,0.625,46.63
FURIA,Breeze,2026,harbor|jett|kayo|sova|viper,"['harbor', 'jett', 'kayo', 'sova', 'viper']",1,0,1,1.0,8,0.125,0.2181,0.0273,1,2,2,0,1D-2I-2C-0S,1,0.125,0.3592,0.4091,0.575,0.125,59.44
FURIA,Breeze,2026,neon|omen|sova|viper|yoru,"['neon', 'omen', 'sova', 'viper', 'yoru']",1,1,2,0.5,8,0.25,0.3457,0.0864,2,1,2,0,2D-1I-2C-0S,7,0.875,0.3592,0.4091,0.625,0.25,43.49
FURIA,Haven,2026,cypher|jett|omen|phoenix|sova,"['cypher', 'jett', 'omen', 'phoenix', 'sova']",0,1,1,0.0,8,0.125,0.2181,0.0273,2,1,1,1,2D-1I-1C-1S,4,0.5,0.3592,0.4348,0.625,0.125,37.51
FURIA,Haven,2026,cypher|neon|omen|phoenix|sova,"['cypher', 'neon', 'omen', 'phoenix', 'sova']",1,2,3,0.3333333333333333,8,0.375,0.4362,0.1636,2,1,1,1,2D-1I-1C-1S,4,0.5,0.3592,0.4348,0.775,0.5,38.9
FURIA,Haven,2026,killjoy|neon|omen|sova|viper,"['killjoy', 'neon', 'omen', 'sova', 'viper']",2,2,4,0.5,8,0.5,0.5064,0.2532,1,1,2,1,1D-1I-2C-1S,4,0.5,0.3592,0.4348,0.775,0.5,37.93
FURIA,Lotus,2026,fade|neon|omen|raze|vyse,"['fade', 'neon', 'omen', 'raze', 'vyse']",0,1,1,0.0,3,0.3333,0.2181,0.0727,2,1,1,1,2D-1I-1C-1S,1,0.3333,0.3592,0.381,0.8667,0.3333,39.22
FURIA,Lotus,2026,fade|neon|omen|viper|vyse,"['fade', 'neon', 'omen', 'viper', 'vyse']",1,1,2,0.5,3,0.6667,0.3457,0.2305,1,1,2,1,1D-1I-2C-1S,2,0.6667,0.3592,0.381,0.9333,0.6667,32.86
FURIA,Pearl,2026,astra|chamber|fade|kayo|neon,"['astra', 'chamber', 'fade', 'kayo', 'neon']",0,1,1,0.0,5,0.2,0.2181,0.0436,1,2,1,1,1D-2I-1C-1S,1,0.2,0.3592,0.4444,0.68,0.2,20.62
FURIA,Pearl,2026,astra|fade|killjoy|neon|phoenix,"['astra', 'fade', 'killjoy', 'neon', 'phoenix']",3,1,4,0.75,5,0.8,0.5064,0.4051,2,1,1,1,2D-1I-1C-1S,4,0.8,0.3592,0.4444,0.92,0.8,58.66
FURIA,Split,2026,fade|neon|omen|viper|vyse,"['fade', 'neon', 'omen', 'viper', 'vyse']",2,1,3,0.6666666666666666,7,0.4286,0.4362,0.187,1,1,2,1,1D-1I-2C-1S,3,0.4286,0.3592,0.4545,0.7714,0.4286,44.36
FURIA,Split,2026,fade|omen|viper|waylay|yoru,"['fade', 'omen', 'viper', 'waylay', 'yoru']",3,1,4,0.75,7,0.5714,0.5064,0.2894,2,1,2,0,2D-1I-2C-0S,4,0.5714,0.3592,0.4545,0.8286,0.5714,49.44
FUT Esports,Abyss,2026,astra|cypher|kayo|sova|waylay,"['astra', 'cypher', 'kayo', 'sova', 'waylay']",0,1,1,0.0,2,0.5,0.2181,0.109,1,2,1,1,1D-2I-1C-1S,2,1.0,0.4685,0.4,0.9,0.5,39.01
FUT Esports,Abyss,2026,astra|cypher|sova|tejo|waylay,"['astra', 'cypher', 'sova', 'tejo', 'waylay']",0,1,1,0.0,2,0.5,0.2181,0.109,1,2,1,1,1D-2I-1C-1S,2,1.0,0.4685,0.4,0.9,0.5,39.01
FUT Esports,Ascent,2026,cypher|neon|omen|phoenix|sova,"['cypher', 'neon', 'omen', 'phoenix', 'sova']",2,1,3,0.6666666666666666,3,1.0,0.4362,0.4362,2,1,1,1,2D-1I-1C-1S,3,1.0,0.4685,0.5714,1.0,1.0,55.16
FUT Esports,Bind,2026,brimstone|neon|raze|skye|viper,"['brimstone', 'neon', 'raze', 'skye', 'viper']",2,0,2,1.0,3,0.6667,0.3457,0.2305,2,1,2,0,2D-1I-2C-0S,3,1.0,0.4685,0.4828,0.9333,0.6667,66.17
FUT Esports,Bind,2026,brimstone|neon|skye|viper|waylay,"['brimstone', 'neon', 'skye', 'viper', 'waylay']",1,0,1,1.0,3,0.3333,0.2181,0.0727,2,1,2,0,2D-1I-2C-0S,3,1.0,0.4685,0.4828,0.8667,0.3333,64.06
FUT Esports,Breeze,2026,jett|neon|omen|sova|viper,"['jett', 'neon', 'omen', 'sova', 'viper']",1,1,2,0.5,2,1.0,0.3457,0.3457,2,1,2,0,2D-1I-2C-0S,2,1.0,0.4685,0.5,1.0,1.0,50.12
FUT Esports,Corrode,2026,astra|fade|kayo|omen|waylay,"['astra', 'fade', 'kayo', 'omen', 'waylay']",1,0,1,1.0,1,1.0,0.2181,0.2181,1,2,2,0,1D-2I-2C-0S,1,1.0,0.4685,0.5455,1.0,1.0,51.32
FUT Esports,Fracture,2026,breach|brimstone|cypher|neon|raze,"['breach', 'brimstone', 'cypher', 'neon', 'raze']",0,1,1,0.0,1,1.0,0.2181,0.2181,2,1,1,1,2D-1I-1C-1S,1,1.0,0.4685,0.6,1.0,1.0,41.52
FUT Esports,Haven,2026,cypher|jett|neon|omen|sova,"['cypher', 'jett', 'neon', 'omen', 'sova']",1,0,1,1.0,5,0.2,0.2181,0.0436,2,1,1,1,2D-1I-1C-1S,4,0.8,0.4685,0.4762,0.68,0.2,58.96
FUT Esports,Haven,2026,cypher|neon|omen|phoenix|sova,"['cypher', 'neon', 'omen', 'phoenix', 'sova']",0,1,1,0.0,5,0.2,0.2181,0.0436,2,1,1,1,2D-1I-1C-1S,4,0.8,0.4685,0.4762,0.68,0.2,52.71
FUT Esports,Haven,2026,cypher|neon|omen|sova|waylay,"['cypher', 'neon', 'omen', 'sova', 'waylay']",1,0,1,1.0,5,0.2,0.2181,0.0436,2,1,1,1,2D-1I-1C-1S,4,0.8,0.4685,0.4762,0.76,0.6,58.96
FUT Esports,Haven,2026,fade|killjoy|omen|viper|waylay,"['fade', 'killjoy', 'omen', 'viper', 'waylay']",0,1,1,0.0,5,0.2,0.2181,0.0436,1,1,2,1,1D-1I-2C-1S,1,0.2,0.4685,0.4762,0.48,0.2,44.43
FUT Esports,Haven,2026,killjoy|neon|omen|sova|waylay,"['killjoy', 'neon', 'omen', 'sova', 'waylay']",1,0,1,1.0,5,0.2,0.2181,0.0436,2,1,1,1,2D-1I-1C-1S,4,0.8,0.4685,0.4762,0.72,0.4,58.96
FUT Esports,Lotus,2026,chamber|fade|neon|omen|viper,"['chamber', 'fade', 'neon', 'omen', 'viper']",1,0,1,1.0,3,0.3333,0.2181,0.0727,1,1,2,1,1D-1I-2C-1S,1,0.3333,0.4685,0.5,0.8667,0.3333,59.44
FUT Esports,Lotus,2026,fade|neon|omen|viper|waylay,"['fade', 'neon', 'omen', 'viper', 'waylay']",0,2,2,0.0,3,0.6667,0.3457,0.2305,2,1,2,0,2D-1I-2C-0S,2,0.6667,0.4685,0.5,0.9333,0.6667,36.88
FUT Esports,Pearl,2026,astra|chamber|fade|tejo|waylay,"['astra', 'chamber', 'fade', 'tejo', 'waylay']",0,1,1,0.0,4,0.25,0.2181,0.0545,1,2,1,1,1D-2I-1C-1S,1,0.25,0.4685,0.4118,0.6,0.25,45.71
FUT Esports,Pearl,2026,astra|cypher|fade|neon|phoenix,"['astra', 'cypher', 'fade', 'neon', 'phoenix']",0,2,2,0.0,4,0.5,0.3457,0.1728,2,1,1,1,2D-1I-1C-1S,3,0.75,0.4685,0.4118,0.75,0.5,33.06
FUT Esports,Pearl,2026,astra|fade|killjoy|neon|waylay,"['astra', 'fade', 'killjoy', 'neon', 'waylay']",0,1,1,0.0,4,0.25,0.2181,0.0545,2,1,1,1,2D-1I-1C-1S,3,0.75,0.4685,0.4118,0.7,0.25,35.13
FUT Esports,Split,2026,astra|fade|neon|viper|waylay,"['astra', 'fade', 'neon', 'viper', 'waylay']",1,1,2,0.5,7,0.2857,0.3457,0.0988,2,1,2,0,2D-1I-2C-0S,7,1.0,0.4685,0.4688,0.6,0.2857,47.49
FUT Esports,Split,2026,fade|omen|raze|viper|waylay,"['fade', 'omen', 'raze', 'viper', 'waylay']",0,1,1,0.0,7,0.1429,0.2181,0.0312,2,1,2,0,2D-1I-2C-0S,7,1.0,0.4685,0.4688,0.6571,0.4286,44.21
FUT Esports,Split,2026,neon|omen|raze|skye|viper,"['neon', 'omen', 'raze', 'skye', 'viper']",2,2,4,0.5,7,0.5714,0.5064,0.2894,2,1,2,0,2D-1I-2C-0S,7,1.0,0.4685,0.4688,0.7714,0.5714,47.75
FunPlus Phoenix,Bind,2026,brimstone|fade|raze|viper|yoru,"['brimstone', 'fade', 'raze', 'viper', 'yoru']",0,2,2,0.0,3,0.6667,0.3457,0.2305,2,1,2,0,2D-1I-2C-0S,3,1.0,0.4681,0.4167,0.8,0.6667,20.83
FunPlus Phoenix,Bind,2026,brimstone|neon|skye|viper|waylay,"['brimstone', 'neon', 'skye', 'viper', 'waylay']",0,1,1,0.0,3,0.3333,0.2181,0.0727,2,1,2,0,2D-1I-2C-0S,3,1.0,0.4681,0.4167,0.6,0.3333,22.13
FunPlus Phoenix,Fracture,2026,astra|neon|sage|tejo|waylay,"['astra', 'neon', 'sage', 'tejo', 'waylay']",1,1,2,0.5,2,1.0,0.3457,0.3457,2,1,1,1,2D-1I-1C-1S,2,1.0,0.4681,0.5,1.0,1.0,50.58
FunPlus Phoenix,Haven,2026,killjoy|neon|omen|sova|viper,"['killjoy', 'neon', 'omen', 'sova', 'viper']",0,2,2,0.0,2,1.0,0.3457,0.3457,1,1,2,1,1D-1I-2C-1S,2,1.0,0.4681,0.4444,1.0,1.0,50.23
FunPlus Phoenix,Lotus,2026,fade|neon|omen|viper|waylay,"['fade', 'neon', 'omen', 'viper', 'waylay']",0,2,2,0.0,2,1.0,0.3457,0.3457,2,1,2,0,2D-1I-2C-0S,2,1.0,0.4681,0.5,1.0,1.0,24.03
FunPlus Phoenix,Pearl,2026,astra|fade|killjoy|neon|waylay,"['astra', 'fade', 'killjoy', 'neon', 'waylay']",3,1,4,0.75,7,0.5714,0.5064,0.2894,2,1,1,1,2D-1I-1C-1S,5,0.7143,0.4681,0.6,0.7714,0.5714,58.31
FunPlus Phoenix,Pearl,2026,astra|killjoy|neon|sova|yoru,"['astra', 'killjoy', 'neon', 'sova', 'yoru']",0,1,1,0.0,7,0.1429,0.2181,0.0312,2,1,1,1,2D-1I-1C-1S,5,0.7143,0.4681,0.6,0.6,0.1429,50.49
FunPlus Phoenix,Pearl,2026,brimstone|kayo|killjoy|neon|tejo,"['brimstone', 'kayo', 'killjoy', 'neon', 'tejo']",1,1,2,0.5,7,0.2857,0.3457,0.0988,1,2,1,1,1D-2I-1C-1S,2,0.2857,0.4681,0.6,0.5714,0.2857,42.59
FunPlus Phoenix,Split,2026,fade|neon|omen|viper|waylay,"['fade', 'neon', 'omen', 'viper', 'waylay']",2,2,4,0.5,4,1.0,0.5064,0.5064,2,1,2,0,2D-1I-2C-0S,4,1.0,0.4681,0.4118,1.0,1.0,41.77
G2 Esports,Abyss,2026,astra|breach|jett|tejo|yoru,"['astra', 'breach', 'jett', 'tejo', 'yoru']",0,1,1,0.0,4,0.25,0.2181,0.0545,2,2,1,0,2D-2I-1C-0S,1,0.25,0.631,0.6087,0.4,0.25,32.05
G2 Esports,Abyss,2026,astra|harbor|neon|sova|waylay,"['astra', 'harbor', 'neon', 'sova', 'waylay']",3,0,3,1.0,4,0.75,0.4362,0.3272,2,1,2,0,2D-1I-2C-0S,3,0.75,0.631,0.6087,0.8,0.75,74.46
G2 Esports,Ascent,2026,astra|phoenix|sova|vyse|yoru,"['astra', 'phoenix', 'sova', 'vyse', 'yoru']",1,2,3,0.3333333333333333,3,1.0,0.4362,0.4362,2,1,1,1,2D-1I-1C-1S,3,1.0,0.631,0.6667,1.0,1.0,53.64
G2 Esports,Bind,2026,brimstone|chamber|skye|viper|waylay,"['brimstone', 'chamber', 'skye', 'viper', 'waylay']",3,0,3,1.0,4,0.75,0.4362,0.3272,1,1,2,1,1D-1I-2C-1S,4,1.0,0.631,0.6,0.85,0.75,69.4
G2 Esports,Bind,2026,brimstone|fade|raze|viper|vyse,"['brimstone', 'fade', 'raze', 'viper', 'vyse']",0,1,1,0.0,4,0.25,0.2181,0.0545,1,1,2,1,1D-1I-2C-1S,4,1.0,0.631,0.6,0.55,0.25,59.33
G2 Esports,Breeze,2026,astra|harbor|neon|sova|vyse,"['astra', 'harbor', 'neon', 'sova', 'vyse']",2,1,3,0.6666666666666666,7,0.4286,0.4362,0.187,1,1,2,1,1D-1I-2C-1S,3,0.4286,0.631,0.5652,0.7714,0.4286,58.74
G2 Esports,Breeze,2026,astra|neon|sova|viper|yoru,"['astra', 'neon', 'sova', 'viper', 'yoru']",3,1,4,0.75,7,0.5714,0.5064,0.2894,2,1,2,0,2D-1I-2C-0S,4,0.5714,0.631,0.5652,0.8286,0.5714,66.63
G2 Esports,Corrode,2026,astra|fade|neon|vyse|yoru,"['astra', 'fade', 'neon', 'vyse', 'yoru']",0,1,1,0.0,6,0.1667,0.2181,0.0364,2,1,1,1,2D-1I-1C-1S,1,0.1667,0.631,0.4348,0.3667,0.1667,55.41
G2 Esports,Corrode,2026,astra|iso|skye|viper|waylay,"['astra', 'iso', 'skye', 'viper', 'waylay']",2,2,4,0.5,6,0.6667,0.5064,0.3376,2,1,2,0,2D-1I-2C-0S,4,0.6667,0.631,0.4348,0.7333,0.6667,55.73
G2 Esports,Corrode,2026,fade|omen|tejo|viper|yoru,"['fade', 'omen', 'tejo', 'viper', 'yoru']",0,1,1,0.0,6,0.1667,0.2181,0.0364,1,2,2,0,1D-2I-2C-0S,1,0.1667,0.631,0.4348,0.3667,0.1667,62.21
G2 Esports,Fracture,2026,brimstone|chamber|fade|neon|sage,"['brimstone', 'chamber', 'fade', 'neon', 'sage']",1,0,1,1.0,1,1.0,0.2181,0.2181,1,1,1,2,1D-1I-1C-2S,1,1.0,0.631,0.5333,1.0,1.0,75.49
G2 Esports,Haven,2026,astra|chamber|fade|neon|phoenix,"['astra', 'chamber', 'fade', 'neon', 'phoenix']",2,2,4,0.5,9,0.4444,0.5064,0.225,2,1,1,1,2D-1I-1C-1S,9,1.0,0.631,0.6486,0.8889,0.4444,66.63
G2 Esports,Haven,2026,astra|chamber|fade|phoenix|yoru,"['astra', 'chamber', 'fade', 'phoenix', 'yoru']",5,0,5,1.0,9,0.5556,0.5638,0.3132,2,1,1,1,2D-1I-1C-1S,9,1.0,0.631,0.6486,0.9111,0.5556,78.3
G2 Esports,Lotus,2026,fade|harbor|neon|omen|vyse,"['fade', 'harbor', 'neon', 'omen', 'vyse']",0,1,1,0.0,6,0.1667,0.2181,0.0364,1,1,2,1,1D-1I-2C-1S,6,1.0,0.631,0.6727,0.6667,0.1667,62.1
G2 Esports,Lotus,2026,fade|omen|raze|viper|vyse,"['fade', 'omen', 'raze', 'viper', 'vyse']",5,0,5,1.0,6,0.8333,0.5638,0.4698,1,1,2,1,1D-1I-2C-1S,6,1.0,0.631,0.6727,0.9333,0.8333,74.68
G2 Esports,Pearl,2026,astra|fade|neon|phoenix|vyse,"['astra', 'fade', 'neon', 'phoenix', 'vyse']",4,0,4,1.0,6,0.6667,0.5064,0.3376,2,1,1,1,2D-1I-1C-1S,5,0.8333,0.631,0.6923,0.8333,0.6667,81.59
G2 Esports,Pearl,2026,astra|harbor|neon|sova|vyse,"['astra', 'harbor', 'neon', 'sova', 'vyse']",1,0,1,1.0,6,0.1667,0.2181,0.0364,1,1,2,1,1D-1I-2C-1S,1,0.1667,0.631,0.6923,0.6333,0.1667,64.71
G2 Esports,Pearl,2026,astra|phoenix|sova|veto|yoru,"['astra', 'phoenix', 'sova', 'veto', 'yoru']",1,0,1,1.0,6,0.1667,0.2181,0.0364,2,1,1,1,2D-1I-1C-1S,5,0.8333,0.631,0.6923,0.5,0.1667,78.13
G2 Esports,Split,2026,astra|fade|harbor|neon|vyse,"['astra', 'fade', 'harbor', 'neon', 'vyse']",0,1,1,0.0,11,0.0909,0.2181,0.0198,1,1,2,1,1D-1I-2C-1S,5,0.4545,0.631,0.5128,0.5818,0.1818,53.58
G2 Esports,Split,2026,astra|fade|harbor|raze|vyse,"['astra', 'fade', 'harbor', 'raze', 'vyse']",0,1,1,0.0,11,0.0909,0.2181,0.0198,1,1,2,1,1D-1I-2C-1S,5,0.4545,0.631,0.5128,0.5636,0.1818,53.58
G2 Esports,Split,2026,astra|fade|neon|viper|waylay,"['astra', 'fade', 'neon', 'viper', 'waylay']",2,2,4,0.5,11,0.3636,0.5064,0.1841,2,1,2,0,2D-1I-2C-0S,4,0.3636,0.631,0.5128,0.7273,0.4545,55.73
G2 Esports,Split,2026,astra|fade|raze|viper|vyse,"['astra', 'fade', 'raze', 'viper', 'vyse']",2,1,3,0.6666666666666666,11,0.2727,0.4362,0.119,1,1,2,1,1D-1I-2C-1S,5,0.4545,0.631,0.5128,0.6909,0.3636,58.74
G2 Esports,Split,2026,breach|fade|omen|viper|waylay,"['breach', 'fade', 'omen', 'viper', 'waylay']",1,1,2,0.5,11,0.1818,0.3457,0.0628,1,2,2,0,1D-2I-2C-0S,2,0.1818,0.631,0.5128,0.5455,0.1818,53.3
GIANTX,Abyss,2026,astra|breach|chamber|tejo|waylay,"['astra', 'breach', 'chamber', 'tejo', 'waylay']",2,1,3,0.6666666666666666,3,1.0,0.4362,0.4362,1,2,1,1,1D-2I-1C-1S,3,1.0,0.4462,0.5385,1.0,1.0,56.66
GIANTX,Bind,2026,brimstone|neon|skye|tejo|viper,"['brimstone', 'neon', 'skye', 'tejo', 'viper']",0,1,1,0.0,4,0.25,0.2181,0.0545,1,2,2,0,1D-2I-2C-0S,1,0.25,0.4462,0.36,0.7,0.25,22.8
GIANTX,Bind,2026,brimstone|raze|sage|skye|viper,"['brimstone', 'raze', 'sage', 'skye', 'viper']",0,3,3,0.0,4,0.75,0.4362,0.3272,1,1,2,1,1D-1I-2C-1S,3,0.75,0.4462,0.36,0.9,0.75,31.08
GIANTX,Breeze,2026,jett|kayo|omen|sova|viper,"['jett', 'kayo', 'omen', 'sova', 'viper']",0,2,2,0.0,4,0.5,0.3457,0.1728,1,2,2,0,1D-2I-2C-0S,4,1.0,0.4462,0.3889,0.8,0.5,19.92
GIANTX,Breeze,2026,neon|omen|skye|sova|viper,"['neon', 'omen', 'skye', 'sova', 'viper']",0,2,2,0.0,4,0.5,0.3457,0.1728,1,2,2,0,1D-2I-2C-0S,4,1.0,0.4462,0.3889,0.8,0.5,19.92
GIANTX,Haven,2026,cypher|neon|omen|phoenix|sova,"['cypher', 'neon', 'omen', 'phoenix', 'sova']",3,1,4,0.75,5,0.8,0.5064,0.4051,2,1,1,1,2D-1I-1C-1S,4,0.8,0.4462,0.5385,0.92,0.8,58.38
GIANTX,Haven,2026,neon|omen|sova|veto|viper,"['neon', 'omen', 'sova', 'veto', 'viper']",1,0,1,1.0,5,0.2,0.2181,0.0436,1,1,2,1,1D-1I-2C-1S,1,0.2,0.4462,0.5385,0.68,0.2,49.59
GIANTX,Lotus,2026,chamber|fade|neon|omen|viper,"['chamber', 'fade', 'neon', 'omen', 'viper']",0,1,1,0.0,1,1.0,0.2181,0.2181,1,1,2,1,1D-1I-2C-1S,1,1.0,0.4462,0.4286,1.0,1.0,35.49
GIANTX,Pearl,2026,astra|cypher|fade|tejo|waylay,"['astra', 'cypher', 'fade', 'tejo', 'waylay']",0,2,2,0.0,4,0.5,0.3457,0.1728,1,2,1,1,1D-2I-1C-1S,4,1.0,0.4462,0.375,0.6,0.5,33.67
GIANTX,Pearl,2026,astra|kayo|killjoy|neon|sova,"['astra', 'kayo', 'killjoy', 'neon', 'sova']",1,1,2,0.5,4,0.5,0.3457,0.1728,1,2,1,1,1D-2I-1C-1S,4,1.0,0.4462,0.375,0.6,0.5,39.55
GIANTX,Split,2026,astra|neon|skye|viper|waylay,"['astra', 'neon', 'skye', 'viper', 'waylay']",2,1,3,0.6666666666666666,4,0.75,0.4362,0.3272,2,1,2,0,2D-1I-2C-0S,3,0.75,0.4462,0.4167,0.85,0.75,56.14
GIANTX,Split,2026,breach|omen|raze|skye|viper,"['breach', 'omen', 'raze', 'skye', 'viper']",1,0,1,1.0,4,0.25,0.2181,0.0545,1,2,2,0,1D-2I-2C-0S,1,0.25,0.4462,0.4167,0.55,0.25,36.48
Gen.G,Abyss,2026,astra|sova|veto|waylay|yoru,"['astra', 'sova', 'veto', 'waylay', 'yoru']",0,2,2,0.0,2,1.0,0.3457,0.3457,2,1,1,1,2D-1I-1C-1S,2,1.0,0.5857,0.4667,1.0,1.0,28.86
Gen.G,Bind,2026,astra|raze|skye|viper|waylay,"['astra', 'raze', 'skye', 'viper', 'waylay']",0,1,1,0.0,2,0.5,0.2181,0.109,2,1,2,0,2D-1I-2C-0S,2,1.0,0.5857,0.5,0.6,0.5,43.25
Gen.G,Bind,2026,brimstone|fade|neon|viper|yoru,"['brimstone', 'fade', 'neon', 'viper', 'yoru']",0,1,1,0.0,2,0.5,0.2181,0.109,2,1,2,0,2D-1I-2C-0S,2,1.0,0.5857,0.5,0.6,0.5,43.25
Gen.G,Breeze,2026,astra|jett|sova|viper|yoru,"['astra', 'jett', 'sova', 'viper', 'yoru']",3,0,3,1.0,5,0.6,0.4362,0.2617,2,1,2,0,2D-1I-2C-0S,4,0.8,0.5857,0.5926,0.84,0.6,74.57
Gen.G,Breeze,2026,harbor|jett|kayo|sova|viper,"['harbor', 'jett', 'kayo', 'sova', 'viper']",0,1,1,0.0,5,0.2,0.2181,0.0436,1,2,2,0,1D-2I-2C-0S,1,0.2,0.5857,0.5926,0.68,0.2,36.56
Gen.G,Breeze,2026,jett|neon|omen|sova|viper,"['jett', 'neon', 'omen', 'sova', 'viper']",0,1,1,0.0,5,0.2,0.2181,0.0436,2,1,2,0,2D-1I-2C-0S,4,0.8,0.5857,0.5926,0.68,0.2,63.33
Gen.G,Fracture,2026,breach|brimstone|cypher|neon|waylay,"['breach', 'brimstone', 'cypher', 'neon', 'waylay']",0,1,1,0.0,1,1.0,0.2181,0.2181,2,1,1,1,2D-1I-1C-1S,1,1.0,0.5857,0.4286,1.0,1.0,33.45
Gen.G,Haven,2026,chamber|fade|neon|omen|phoenix,"['chamber', 'fade', 'neon', 'omen', 'phoenix']",2,0,2,1.0,5,0.4,0.3457,0.1383,2,1,1,1,2D-1I-1C-1S,5,1.0,0.5857,0.6667,0.52,0.4,52.5
Gen.G,Haven,2026,cypher|jett|omen|sova|yoru,"['cypher', 'jett', 'omen', 'sova', 'yoru']",1,2,3,0.3333333333333333,5,0.6,0.4362,0.2617,2,1,1,1,2D-1I-1C-1S,5,1.0,0.5857,0.6667,0.68,0.6,44.03
Gen.G,Lotus,2026,fade|neon|omen|raze|vyse,"['fade', 'neon', 'omen', 'raze', 'vyse']",2,1,3,0.6666666666666666,3,1.0,0.4362,0.4362,2,1,1,1,2D-1I-1C-1S,3,1.0,0.5857,0.6458,1.0,1.0,49.09
Gen.G,Pearl,2026,astra|chamber|fade|neon|phoenix,"['astra', 'chamber', 'fade', 'neon', 'phoenix']",0,1,1,0.0,4,0.25,0.2181,0.0545,2,1,1,1,2D-1I-1C-1S,4,1.0,0.5857,0.4118,0.65,0.25,26.28
Gen.G,Pearl,2026,astra|fade|killjoy|neon|phoenix,"['astra', 'fade', 'killjoy', 'neon', 'phoenix']",0,1,1,0.0,4,0.25,0.2181,0.0545,2,1,1,1,2D-1I-1C-1S,4,1.0,0.5857,0.4118,0.75,0.5,26.28
Gen.G,Pearl,2026,astra|killjoy|neon|tejo|yoru,"['astra', 'killjoy', 'neon', 'tejo', 'yoru']",0,2,2,0.0,4,0.5,0.3457,0.1728,2,1,1,1,2D-1I-1C-1S,4,1.0,0.5857,0.4118,0.75,0.5,24.74
Gen.G,Split,2026,astra|fade|neon|raze|vyse,"['astra', 'fade', 'neon', 'raze', 'vyse']",0,1,1,0.0,2,0.5,0.2181,0.109,2,1,1,1,2D-1I-1C-1S,1,0.5,0.5857,0.4516,0.7,0.5,33.45
Gen.G,Split,2026,cypher|fade|neon|omen|viper,"['cypher', 'fade', 'neon', 'omen', 'viper']",0,1,1,0.0,2,0.5,0.2181,0.109,1,1,2,1,1D-1I-2C-1S,1,0.5,0.5857,0.4516,0.7,0.5,50.59
Gentle Mates,Abyss,2026,astra|brimstone|sova|waylay|yoru,"['astra', 'brimstone', 'sova', 'waylay', 'yoru']",2,2,4,0.5,4,1.0,0.5064,0.5064,2,1,2,0,2D-1I-2C-0S,4,1.0,0.4359,0.5,1.0,1.0,49.31
Gentle Mates,Ascent,2026,cypher|jett|omen|phoenix|sova,"['cypher', 'jett', 'omen', 'phoenix', 'sova']",1,1,2,0.5,2,1.0,0.3457,0.3457,2,1,1,1,2D-1I-1C-1S,2,1.0,0.4359,0.5294,1.0,1.0,54.5
Gentle Mates,Bind,2026,astra|fade|viper|waylay|yoru,"['astra', 'fade', 'viper', 'waylay', 'yoru']",4,1,5,0.8,6,0.8333,0.5638,0.4698,2,1,2,0,2D-1I-2C-0S,6,1.0,0.4359,0.5556,0.9,0.8333,61.53
Gentle Mates,Bind,2026,brimstone|neon|skye|viper|waylay,"['brimstone', 'neon', 'skye', 'viper', 'waylay']",0,1,1,0.0,6,0.1667,0.2181,0.0364,2,1,2,0,2D-1I-2C-0S,6,1.0,0.4359,0.5556,0.5,0.1667,51.92
Gentle Mates,Corrode,2026,astra|fade|viper|waylay|yoru,"['astra', 'fade', 'viper', 'waylay', 'yoru']",0,2,2,0.0,3,0.6667,0.3457,0.2305,2,1,2,0,2D-1I-2C-0S,2,0.6667,0.4359,0.375,0.7333,0.6667,35.74
Gentle Mates,Corrode,2026,astra|kayo|neon|phoenix|sova,"['astra', 'kayo', 'neon', 'phoenix', 'sova']",0,1,1,0.0,3,0.3333,0.2181,0.0727,2,2,1,0,2D-2I-1C-0S,1,0.3333,0.4359,0.375,0.4667,0.3333,32.05
Gentle Mates,Fracture,2026,astra|cypher|fade|phoenix|raze,"['astra', 'cypher', 'fade', 'phoenix', 'raze']",1,0,1,1.0,3,0.3333,0.2181,0.0727,2,1,1,1,2D-1I-1C-1S,1,0.3333,0.4359,0.4118,0.4667,0.3333,58.78
Gentle Mates,Fracture,2026,breach|brimstone|fade|neon|veto,"['breach', 'brimstone', 'fade', 'neon', 'veto']",1,1,2,0.5,3,0.6667,0.3457,0.2305,1,2,1,1,1D-2I-1C-1S,2,0.6667,0.4359,0.4118,0.7333,0.6667,33.42
Gentle Mates,Haven,2026,astra|cypher|neon|sova|yoru,"['astra', 'cypher', 'neon', 'sova', 'yoru']",3,1,4,0.75,6,0.6667,0.5064,0.3376,2,1,1,1,2D-1I-1C-1S,5,0.8333,0.4359,0.5,0.8,0.6667,58.76
Gentle Mates,Haven,2026,cypher|neon|omen|phoenix|sova,"['cypher', 'neon', 'omen', 'phoenix', 'sova']",0,1,1,0.0,6,0.1667,0.2181,0.0364,2,1,1,1,2D-1I-1C-1S,5,0.8333,0.4359,0.5,0.6333,0.1667,51.02
Gentle Mates,Haven,2026,fade|neon|omen|veto|viper,"['fade', 'neon', 'omen', 'veto', 'viper']",0,1,1,0.0,6,0.1667,0.2181,0.0364,1,1,2,1,1D-1I-2C-1S,1,0.1667,0.4359,0.5,0.3667,0.1667,26.55
Gentle Mates,Lotus,2026,cypher|fade|jett|omen|raze,"['cypher', 'fade', 'jett', 'omen', 'raze']",0,1,1,0.0,4,0.25,0.2181,0.0545,2,1,1,1,2D-1I-1C-1S,2,0.5,0.4359,0.28,0.7,0.25,32.27
Gentle Mates,Lotus,2026,fade|neon|omen|raze|viper,"['fade', 'neon', 'omen', 'raze', 'viper']",1,1,2,0.5,4,0.5,0.3457,0.1728,2,1,2,0,2D-1I-2C-0S,2,0.5,0.4359,0.28,0.85,0.5,48.97
Gentle Mates,Lotus,2026,fade|neon|omen|raze|vyse,"['fade', 'neon', 'omen', 'raze', 'vyse']",0,1,1,0.0,4,0.25,0.2181,0.0545,2,1,1,1,2D-1I-1C-1S,2,0.5,0.4359,0.28,0.8,0.25,32.27
Gentle Mates,Pearl,2026,astra|cypher|fade|neon|phoenix,"['astra', 'cypher', 'fade', 'neon', 'phoenix']",3,0,3,1.0,8,0.375,0.4362,0.1636,2,1,1,1,2D-1I-1C-1S,8,1.0,0.4359,0.6364,0.875,0.375,72.98
Gentle Mates,Pearl,2026,astra|cypher|fade|neon|yoru,"['astra', 'cypher', 'fade', 'neon', 'yoru']",4,1,5,0.8,8,0.625,0.5638,0.3524,2,1,1,1,2D-1I-1C-1S,8,1.0,0.4359,0.6364,0.925,0.625,70.68
Gentle Mates,Split,2026,astra|fade|raze|viper|yoru,"['astra', 'fade', 'raze', 'viper', 'yoru']",3,1,4,0.75,6,0.6667,0.5064,0.3376,2,1,2,0,2D-1I-2C-0S,6,1.0,0.4359,0.4783,0.8667,0.6667,52.29
Gentle Mates,Split,2026,astra|jett|raze|skye|viper,"['astra', 'jett', 'raze', 'skye', 'viper']",0,1,1,0.0,6,0.1667,0.2181,0.0364,2,1,2,0,2D-1I-2C-0S,6,1.0,0.4359,0.4783,0.6333,0.1667,43.35
Gentle Mates,Split,2026,fade|neon|omen|raze|viper,"['fade', 'neon', 'omen', 'raze', 'viper']",0,1,1,0.0,6,0.1667,0.2181,0.0364,2,1,2,0,2D-1I-2C-0S,6,1.0,0.4359,0.4783,0.6333,0.1667,43.35
Global Esports,Abyss,2026,astra|omen|sova|veto|yoru,"['astra', 'omen', 'sova', 'veto', 'yoru']",3,0,3,1.0,3,1.0,0.4362,0.4362,1,1,2,1,1D-1I-2C-1S,3,1.0,0.4074,0.5,1.0,1.0,66.28
Global Esports,Ascent,2026,kayo|omen|phoenix|sage|sova,"['kayo', 'omen', 'phoenix', 'sage', 'sova']",0,1,1,0.0,1,1.0,0.2181,0.2181,1,2,1,1,1D-2I-1C-1S,1,1.0,0.4074,0.3333,1.0,1.0,23.13
Global Esports,Bind,2026,astra|fade|veto|waylay|yoru,"['astra', 'fade', 'veto', 'waylay', 'yoru']",0,1,1,0.0,3,0.3333,0.2181,0.0727,2,1,1,1,2D-1I-1C-1S,1,0.3333,0.4074,0.3529,0.3333,0.3333,39.22
Global Esports,Bind,2026,brimstone|deadlock|gekko|kayo|neon,"['brimstone', 'deadlock', 'gekko', 'kayo', 'neon']",1,1,2,0.5,3,0.6667,0.3457,0.2305,1,2,1,1,1D-2I-1C-1S,2,0.6667,0.4074,0.3529,0.6667,0.6667,32.32
Global Esports,Breeze,2026,astra|omen|sova|veto|yoru,"['astra', 'omen', 'sova', 'veto', 'yoru']",1,2,3,0.3333333333333333,8,0.375,0.4362,0.1636,1,1,2,1,1D-1I-2C-1S,3,0.375,0.4074,0.5263,0.5,0.375,42.35
Global Esports,Breeze,2026,chamber|neon|sage|sova|viper,"['chamber', 'neon', 'sage', 'sova', 'viper']",4,1,5,0.8,8,0.625,0.5638,0.3524,1,1,1,2,1D-1I-1C-2S,5,0.625,0.4074,0.5263,0.7,0.625,68.11
Global Esports,Corrode,2026,fade|omen|sage|veto|waylay,"['fade', 'omen', 'sage', 'veto', 'waylay']",0,1,1,0.0,1,1.0,0.2181,0.2181,1,1,1,2,1D-1I-1C-2S,1,1.0,0.4074,0.4667,1.0,1.0,47.91
Global Esports,Fracture,2026,breach|brimstone|deadlock|raze|tejo,"['breach', 'brimstone', 'deadlock', 'raze', 'tejo']",0,1,1,0.0,1,1.0,0.2181,0.2181,1,2,1,1,1D-2I-1C-1S,1,1.0,0.4074,0.4545,1.0,1.0,27.23
Global Esports,Haven,2026,astra|chamber|jett|skye|sova,"['astra', 'chamber', 'jett', 'skye', 'sova']",1,0,1,1.0,5,0.2,0.2181,0.0436,1,2,1,1,1D-2I-1C-1S,2,0.4,0.4074,0.4737,0.48,0.2,46.83
Global Esports,Haven,2026,astra|jett|skye|sova|veto,"['astra', 'jett', 'skye', 'sova', 'veto']",1,0,1,1.0,5,0.2,0.2181,0.0436,1,2,1,1,1D-2I-1C-1S,2,0.4,0.4074,0.4737,0.48,0.2,46.83
Global Esports,Haven,2026,cypher|deadlock|neon|omen|sova,"['cypher', 'deadlock', 'neon', 'omen', 'sova']",1,0,1,1.0,5,0.2,0.2181,0.0436,1,1,1,2,1D-1I-1C-2S,2,0.4,0.4074,0.4737,0.52,0.4,56.47
Global Esports,Haven,2026,cypher|deadlock|omen|skye|waylay,"['cypher', 'deadlock', 'omen', 'skye', 'waylay']",0,1,1,0.0,5,0.2,0.2181,0.0436,1,1,1,2,1D-1I-1C-2S,2,0.4,0.4074,0.4737,0.44,0.2,51.03
Global Esports,Haven,2026,iso|neon|omen|sova|vyse,"['iso', 'neon', 'omen', 'sova', 'vyse']",0,1,1,0.0,5,0.2,0.2181,0.0436,2,1,1,1,2D-1I-1C-1S,1,0.2,0.4074,0.4737,0.44,0.2,33.19
Global Esports,Lotus,2026,astra|deadlock|fade|omen|raze,"['astra', 'deadlock', 'fade', 'omen', 'raze']",1,0,1,1.0,3,0.3333,0.2181,0.0727,1,1,2,1,1D-1I-2C-1S,2,0.6667,0.4074,0.3704,0.6667,0.3333,48.94
Global Esports,Lotus,2026,cypher|deadlock|fade|omen|sage,"['cypher', 'deadlock', 'fade', 'omen', 'sage']",0,1,1,0.0,3,0.3333,0.2181,0.0727,0,1,1,3,0D-1I-1C-3S,1,0.3333,0.4074,0.3704,0.6667,0.3333,32.36
Global Esports,Lotus,2026,fade|neon|omen|viper|vyse,"['fade', 'neon', 'omen', 'viper', 'vyse']",0,1,1,0.0,3,0.3333,0.2181,0.0727,1,1,2,1,1D-1I-2C-1S,2,0.6667,0.4074,0.3704,0.6,0.3333,42.69
Global Esports,Pearl,2026,astra|chamber|fade|neon|tejo,"['astra', 'chamber', 'fade', 'neon', 'tejo']",0,1,1,0.0,4,0.25,0.2181,0.0545,1,2,1,1,1D-2I-1C-1S,1,0.25,0.4074,0.5294,0.65,0.25,27.23
Global Esports,Pearl,2026,astra|fade|killjoy|neon|phoenix,"['astra', 'fade', 'killjoy', 'neon', 'phoenix']",2,0,2,1.0,4,0.5,0.3457,0.1728,2,1,1,1,2D-1I-1C-1S,3,0.75,0.4074,0.5294,0.75,0.5,56.57
Global Esports,Pearl,2026,astra|fade|veto|waylay|yoru,"['astra', 'fade', 'veto', 'waylay', 'yoru']",0,1,1,0.0,4,0.25,0.2181,0.0545,2,1,1,1,2D-1I-1C-1S,3,0.75,0.4074,0.5294,0.55,0.25,47.61
Global Esports,Split,2026,astra|fade|veto|viper|yoru,"['astra', 'fade', 'veto', 'viper', 'yoru']",2,1,3,0.6666666666666666,8,0.375,0.4362,0.1636,1,1,2,1,1D-1I-2C-1S,7,0.875,0.4074,0.48,0.7,0.375,51.58
Global Esports,Split,2026,fade|neon|omen|viper|vyse,"['fade', 'neon', 'omen', 'viper', 'vyse']",0,1,1,0.0,8,0.125,0.2181,0.0273,1,1,2,1,1D-1I-2C-1S,7,0.875,0.4074,0.48,0.575,0.125,45.52
Global Esports,Split,2026,fade|omen|raze|sage|viper,"['fade', 'omen', 'raze', 'sage', 'viper']",0,1,1,0.0,8,0.125,0.2181,0.0273,1,1,2,1,1D-1I-2C-1S,7,0.875,0.4074,0.48,0.65,0.125,45.52
Global Esports,Split,2026,fade|omen|raze|veto|viper,"['fade', 'omen', 'raze', 'veto', 'viper']",2,0,2,1.0,8,0.25,0.3457,0.0864,1,1,2,1,1D-1I-2C-1S,7,0.875,0.4074,0.48,0.75,0.5,54.61
Global Esports,Split,2026,fade|omen|raze|viper|yoru,"['fade', 'omen', 'raze', 'viper', 'yoru']",0,1,1,0.0,8,0.125,0.2181,0.0273,2,1,2,0,2D-1I-2C-0S,1,0.125,0.4074,0.48,0.725,0.5,39.04
JDG Esports,Abyss,2026,astra|cypher|sova|waylay|yoru,"['astra', 'cypher', 'sova', 'waylay', 'yoru']",2,1,3,0.6666666666666666,3,1.0,0.4362,0.4362,2,1,1,1,2D-1I-1C-1S,3,1.0,0.453,0.5333,1.0,1.0,55.44
JDG Esports,Bind,2026,brimstone|fade|raze|viper|yoru,"['brimstone', 'fade', 'raze', 'viper', 'yoru']",1,1,2,0.5,4,0.5,0.3457,0.1728,2,1,2,0,2D-1I-2C-0S,4,1.0,0.453,0.4545,0.6,0.5,40.4
JDG Esports,Bind,2026,brimstone|neon|omen|skye|waylay,"['brimstone', 'neon', 'omen', 'skye', 'waylay']",1,1,2,0.5,4,0.5,0.3457,0.1728,2,1,2,0,2D-1I-2C-0S,4,1.0,0.453,0.4545,0.6,0.5,40.4
JDG Esports,Breeze,2026,astra|jett|sova|viper|yoru,"['astra', 'jett', 'sova', 'viper', 'yoru']",0,1,1,0.0,1,1.0,0.2181,0.2181,2,1,2,0,2D-1I-2C-0S,1,1.0,0.453,0.4167,1.0,1.0,27.16
JDG Esports,Corrode,2026,fade|neon|omen|viper|yoru,"['fade', 'neon', 'omen', 'viper', 'yoru']",0,1,1,0.0,4,0.25,0.2181,0.0545,2,1,2,0,2D-1I-2C-0S,4,1.0,0.453,0.375,0.85,0.25,26.23
JDG Esports,Corrode,2026,fade|omen|viper|waylay|yoru,"['fade', 'omen', 'viper', 'waylay', 'yoru']",1,2,3,0.3333333333333333,4,0.75,0.4362,0.3272,2,1,2,0,2D-1I-2C-0S,4,1.0,0.453,0.375,0.95,0.75,25.98
JDG Esports,Fracture,2026,breach|brimstone|cypher|neon|tejo,"['breach', 'brimstone', 'cypher', 'neon', 'tejo']",0,1,1,0.0,4,0.25,0.2181,0.0545,1,2,1,1,1D-2I-1C-1S,1,0.25,0.453,0.4706,0.7,0.25,36.35
JDG Esports,Fracture,2026,brimstone|cypher|neon|raze|skye,"['brimstone', 'cypher', 'neon', 'raze', 'skye']",0,1,1,0.0,4,0.25,0.2181,0.0545,2,1,1,1,2D-1I-1C-1S,3,0.75,0.453,0.4706,0.8,0.25,49.87
JDG Esports,Fracture,2026,brimstone|cypher|neon|skye|waylay,"['brimstone', 'cypher', 'neon', 'skye', 'waylay']",2,0,2,1.0,4,0.5,0.3457,0.1728,2,1,1,1,2D-1I-1C-1S,3,0.75,0.453,0.4706,0.85,0.5,58.7
JDG Esports,Haven,2026,cypher|neon|omen|sova|waylay,"['cypher', 'neon', 'omen', 'sova', 'waylay']",3,3,6,0.5,11,0.5455,0.6123,0.334,2,1,1,1,2D-1I-1C-1S,10,0.9091,0.453,0.4848,0.8909,0.5455,49.73
JDG Esports,Haven,2026,cypher|neon|omen|sova|yoru,"['cypher', 'neon', 'omen', 'sova', 'yoru']",3,1,4,0.75,11,0.3636,0.5064,0.1841,2,1,1,1,2D-1I-1C-1S,10,0.9091,0.453,0.4848,0.8545,0.3636,54.96
JDG Esports,Haven,2026,killjoy|neon|omen|sova|viper,"['killjoy', 'neon', 'omen', 'sova', 'viper']",0,1,1,0.0,11,0.0909,0.2181,0.0198,1,1,2,1,1D-1I-2C-1S,1,0.0909,0.453,0.4848,0.6364,0.0909,33.13
JDG Esports,Lotus,2026,fade|killjoy|omen|raze|viper,"['fade', 'killjoy', 'omen', 'raze', 'viper']",1,1,2,0.5,4,0.5,0.3457,0.1728,1,1,2,1,1D-1I-2C-1S,2,0.5,0.453,0.4583,0.8,0.5,52.95
JDG Esports,Lotus,2026,fade|neon|omen|raze|vyse,"['fade', 'neon', 'omen', 'raze', 'vyse']",0,2,2,0.0,4,0.5,0.3457,0.1728,2,1,1,1,2D-1I-1C-1S,2,0.5,0.453,0.4583,0.8,0.5,36.14
JDG Esports,Pearl,2026,astra|fade|killjoy|neon|phoenix,"['astra', 'fade', 'killjoy', 'neon', 'phoenix']",0,1,1,0.0,5,0.2,0.2181,0.0436,2,1,1,1,2D-1I-1C-1S,5,1.0,0.453,0.4737,0.68,0.2,43.22
JDG Esports,Pearl,2026,astra|killjoy|neon|skye|waylay,"['astra', 'killjoy', 'neon', 'skye', 'waylay']",1,1,2,0.5,5,0.4,0.3457,0.1383,2,1,1,1,2D-1I-1C-1S,5,1.0,0.453,0.4737,0.76,0.4,46.56
JDG Esports,Pearl,2026,astra|killjoy|neon|sova|yoru,"['astra', 'killjoy', 'neon', 'sova', 'yoru']",1,1,2,0.5,5,0.4,0.3457,0.1383,2,1,1,1,2D-1I-1C-1S,5,1.0,0.453,0.4737,0.76,0.4,46.56
JDG Esports,Split,2026,fade|omen|raze|viper|vyse,"['fade', 'omen', 'raze', 'viper', 'vyse']",1,0,1,1.0,3,0.3333,0.2181,0.0727,1,1,2,1,1D-1I-2C-1S,1,0.3333,0.453,0.5333,0.8667,0.3333,54.2
JDG Esports,Split,2026,fade|omen|raze|viper|yoru,"['fade', 'omen', 'raze', 'viper', 'yoru']",1,1,2,0.5,3,0.6667,0.3457,0.2305,2,1,2,0,2D-1I-2C-0S,2,0.6667,0.453,0.5333,0.9333,0.6667,36.27
KRÜ Esports,Abyss,2026,astra|brimstone|sova|waylay|yoru,"['astra', 'brimstone', 'sova', 'waylay', 'yoru']",1,0,1,1.0,2,0.5,0.2181,0.109,2,1,2,0,2D-1I-2C-0S,1,0.5,0.4815,0.5,0.7,0.5,50.06
KRÜ Esports,Abyss,2026,chamber|kayo|omen|sova|yoru,"['chamber', 'kayo', 'omen', 'sova', 'yoru']",0,1,1,0.0,2,0.5,0.2181,0.109,1,2,1,1,1D-2I-1C-1S,1,0.5,0.4815,0.5,0.7,0.5,39.83
KRÜ Esports,Bind,2026,brimstone|chamber|skye|viper|waylay,"['brimstone', 'chamber', 'skye', 'viper', 'waylay']",0,1,1,0.0,3,0.3333,0.2181,0.0727,1,1,2,1,1D-1I-2C-1S,3,1.0,0.4815,0.5,0.6,0.3333,53.54
KRÜ Esports,Bind,2026,brimstone|fade|neon|viper|vyse,"['brimstone', 'fade', 'neon', 'viper', 'vyse']",1,1,2,0.5,3,0.6667,0.3457,0.2305,1,1,2,1,1D-1I-2C-1S,3,1.0,0.4815,0.5,0.8,0.6667,56.28
KRÜ Esports,Breeze,2026,astra|neon|sova|viper|yoru,"['astra', 'neon', 'sova', 'viper', 'yoru']",0,1,1,0.0,5,0.2,0.2181,0.0436,2,1,2,0,2D-1I-2C-0S,1,0.2,0.4815,0.4737,0.64,0.2,35.29
KRÜ Esports,Breeze,2026,chamber|jett|kayo|sova|viper,"['chamber', 'jett', 'kayo', 'sova', 'viper']",0,1,1,0.0,5,0.2,0.2181,0.0436,1,2,1,1,1D-2I-1C-1S,1,0.2,0.4815,0.4737,0.64,0.2,47.02
KRÜ Esports,Breeze,2026,chamber|neon|omen|sova|viper,"['chamber', 'neon', 'omen', 'sova', 'viper']",1,0,1,1.0,5,0.2,0.2181,0.0436,1,1,2,1,1D-1I-2C-1S,1,0.2,0.4815,0.4737,0.68,0.2,63.43
KRÜ Esports,Breeze,2026,harbor|kayo|neon|sova|viper,"['harbor', 'kayo', 'neon', 'sova', 'viper']",0,2,2,0.0,5,0.4,0.3457,0.1383,1,2,2,0,1D-2I-2C-0S,2,0.4,0.4815,0.4737,0.76,0.4,32.7
KRÜ Esports,Haven,2026,cypher|fade|neon|omen|phoenix,"['cypher', 'fade', 'neon', 'omen', 'phoenix']",2,2,4,0.5,4,1.0,0.5064,0.5064,2,1,1,1,2D-1I-1C-1S,4,1.0,0.4815,0.5185,1.0,1.0,49.85
KRÜ Esports,Lotus,2026,fade|neon|omen|viper|vyse,"['fade', 'neon', 'omen', 'viper', 'vyse']",4,1,5,0.8,5,1.0,0.5638,0.5638,1,1,2,1,1D-1I-2C-1S,5,1.0,0.4815,0.5161,1.0,1.0,67.13
KRÜ Esports,Pearl,2026,astra|fade|killjoy|neon|yoru,"['astra', 'fade', 'killjoy', 'neon', 'yoru']",1,1,2,0.5,2,1.0,0.3457,0.3457,2,1,1,1,2D-1I-1C-1S,2,1.0,0.4815,0.5,1.0,1.0,53.41
KRÜ Esports,Split,2026,astra|fade|raze|viper|yoru,"['astra', 'fade', 'raze', 'viper', 'yoru']",0,1,1,0.0,3,0.3333,0.2181,0.0727,2,1,2,0,2D-1I-2C-0S,1,0.3333,0.4815,0.5,0.6,0.3333,35.29
KRÜ Esports,Split,2026,fade|neon|omen|viper|vyse,"['fade', 'neon', 'omen', 'viper', 'vyse']",1,1,2,0.5,3,0.6667,0.3457,0.2305,1,1,2,1,1D-1I-2C-1S,2,0.6667,0.4815,0.5,0.8,0.6667,55.08
Karmine Corp,Abyss,2026,astra|jett|kayo|omen|sova,"['astra', 'jett', 'kayo', 'omen', 'sova']",2,0,2,1.0,2,1.0,0.3457,0.3457,1,2,2,0,1D-2I-2C-0S,2,1.0,0.4621,0.5,1.0,1.0,57.13
Karmine Corp,Bind,2026,brimstone|gekko|raze|skye|viper,"['brimstone', 'gekko', 'raze', 'skye', 'viper']",0,1,1,0.0,1,1.0,0.2181,0.2181,1,2,2,0,1D-2I-2C-0S,1,1.0,0.4621,0.5,1.0,1.0,39.54
Karmine Corp,Breeze,2026,astra|jett|omen|skye|sova,"['astra', 'jett', 'omen', 'skye', 'sova']",0,1,1,0.0,2,0.5,0.2181,0.109,1,2,2,0,1D-2I-2C-0S,1,0.5,0.4621,0.4,0.8,0.5,35.53
Karmine Corp,Breeze,2026,astra|omen|phoenix|sova|yoru,"['astra', 'omen', 'phoenix', 'sova', 'yoru']",0,1,1,0.0,2,0.5,0.2181,0.109,2,1,2,0,2D-1I-2C-0S,1,0.5,0.4621,0.4,0.8,0.5,40.91
Karmine Corp,Corrode,2026,astra|fade|omen|tejo|waylay,"['astra', 'fade', 'omen', 'tejo', 'waylay']",0,1,1,0.0,1,1.0,0.2181,0.2181,1,2,2,0,1D-2I-2C-0S,1,1.0,0.4621,0.3846,1.0,1.0,35.53
Karmine Corp,Fracture,2026,astra|fade|kayo|vyse|waylay,"['astra', 'fade', 'kayo', 'vyse', 'waylay']",0,2,2,0.0,2,1.0,0.3457,0.3457,1,2,1,1,1D-2I-1C-1S,2,1.0,0.4621,0.3571,1.0,1.0,24.75
Karmine Corp,Haven,2026,cypher|fade|neon|omen|phoenix,"['cypher', 'fade', 'neon', 'omen', 'phoenix']",3,0,3,1.0,7,0.4286,0.4362,0.187,2,1,1,1,2D-1I-1C-1S,6,0.8571,0.4621,0.5455,0.7429,0.4286,68.33
Karmine Corp,Haven,2026,cypher|omen|phoenix|sova|yoru,"['cypher', 'omen', 'phoenix', 'sova', 'yoru']",1,2,3,0.3333333333333333,7,0.4286,0.4362,0.187,2,1,1,1,2D-1I-1C-1S,6,0.8571,0.4621,0.5455,0.7143,0.4286,63.33
Karmine Corp,Haven,2026,fade|jett|omen|tejo|vyse,"['fade', 'jett', 'omen', 'tejo', 'vyse']",0,1,1,0.0,7,0.1429,0.2181,0.0312,1,2,1,1,1D-2I-1C-1S,1,0.1429,0.4621,0.5455,0.4,0.1429,33.46
Karmine Corp,Lotus,2026,cypher|fade|neon|omen|phoenix,"['cypher', 'fade', 'neon', 'omen', 'phoenix']",0,2,2,0.0,3,0.6667,0.3457,0.2305,2,1,1,1,2D-1I-1C-1S,3,1.0,0.4621,0.5,0.8667,0.6667,35.18
Karmine Corp,Lotus,2026,fade|neon|omen|vyse|waylay,"['fade', 'neon', 'omen', 'vyse', 'waylay']",0,1,1,0.0,3,0.3333,0.2181,0.0727,2,1,1,1,2D-1I-1C-1S,3,1.0,0.4621,0.5,0.7333,0.3333,37.38
Karmine Corp,Pearl,2026,astra|fade|jett|omen|veto,"['astra', 'fade', 'jett', 'omen', 'veto']",0,1,1,0.0,3,0.3333,0.2181,0.0727,1,1,2,1,1D-1I-2C-1S,1,0.3333,0.4621,0.5,0.6,0.3333,47.08
Karmine Corp,Pearl,2026,astra|fade|killjoy|tejo|yoru,"['astra', 'fade', 'killjoy', 'tejo', 'yoru']",1,0,1,1.0,3,0.3333,0.2181,0.0727,1,2,1,1,1D-2I-1C-1S,2,0.6667,0.4621,0.5,0.6667,0.3333,44.74
Karmine Corp,Pearl,2026,astra|fade|tejo|vyse|waylay,"['astra', 'fade', 'tejo', 'vyse', 'waylay']",0,1,1,0.0,3,0.3333,0.2181,0.0727,1,2,1,1,1D-2I-1C-1S,2,0.6667,0.4621,0.5,0.6667,0.3333,38.49
Karmine Corp,Split,2026,astra|skye|tejo|viper|waylay,"['astra', 'skye', 'tejo', 'viper', 'waylay']",0,3,3,0.0,3,1.0,0.4362,0.4362,1,2,2,0,1D-2I-2C-0S,3,1.0,0.4621,0.4286,1.0,1.0,26.73
Kiwoom DRX,Abyss,2026,cypher|kayo|omen|sova|waylay,"['cypher', 'kayo', 'omen', 'sova', 'waylay']",1,0,1,1.0,1,1.0,0.2181,0.2181,1,2,1,1,1D-2I-1C-1S,1,1.0,0.5217,0.5455,1.0,1.0,56.21
Kiwoom DRX,Ascent,2026,jett|omen|sova|vyse|waylay,"['jett', 'omen', 'sova', 'vyse', 'waylay']",0,1,1,0.0,1,1.0,0.2181,0.2181,2,1,1,1,2D-1I-1C-1S,1,1.0,0.5217,0.4545,1.0,1.0,46.56
Kiwoom DRX,Bind,2026,brimstone|fade|raze|viper|yoru,"['brimstone', 'fade', 'raze', 'viper', 'yoru']",1,1,2,0.5,3,0.6667,0.3457,0.2305,2,1,2,0,2D-1I-2C-0S,2,0.6667,0.5217,0.4615,0.8,0.6667,43.68
Kiwoom DRX,Bind,2026,brimstone|kayo|tejo|viper|waylay,"['brimstone', 'kayo', 'tejo', 'viper', 'waylay']",0,1,1,0.0,3,0.3333,0.2181,0.0727,1,2,2,0,1D-2I-2C-0S,1,0.3333,0.5217,0.4615,0.6,0.3333,50.16
Kiwoom DRX,Breeze,2026,astra|jett|sova|viper|yoru,"['astra', 'jett', 'sova', 'viper', 'yoru']",1,1,2,0.5,4,0.5,0.3457,0.1728,2,1,2,0,2D-1I-2C-0S,3,0.75,0.5217,0.5,0.75,0.5,40.77
Kiwoom DRX,Breeze,2026,harbor|jett|kayo|sova|viper,"['harbor', 'jett', 'kayo', 'sova', 'viper']",1,0,1,1.0,4,0.25,0.2181,0.0545,1,2,2,0,1D-2I-2C-0S,1,0.25,0.5217,0.5,0.7,0.25,64.94
Kiwoom DRX,Breeze,2026,harbor|neon|phoenix|sova|viper,"['harbor', 'neon', 'phoenix', 'sova', 'viper']",0,1,1,0.0,4,0.25,0.2181,0.0545,2,1,2,0,2D-1I-2C-0S,3,0.75,0.5217,0.5,0.6,0.25,37.07
Kiwoom DRX,Corrode,2026,fade|kayo|omen|viper|waylay,"['fade', 'kayo', 'omen', 'viper', 'waylay']",2,0,2,1.0,3,0.6667,0.3457,0.2305,1,2,2,0,1D-2I-2C-0S,2,0.6667,0.5217,0.5385,0.9333,0.6667,69.75
Kiwoom DRX,Corrode,2026,fade|omen|viper|waylay|yoru,"['fade', 'omen', 'viper', 'waylay', 'yoru']",0,1,1,0.0,3,0.3333,0.2181,0.0727,2,1,2,0,2D-1I-2C-0S,1,0.3333,0.5217,0.5385,0.8667,0.3333,35.29
Kiwoom DRX,Fracture,2026,breach|brimstone|cypher|neon|raze,"['breach', 'brimstone', 'cypher', 'neon', 'raze']",1,1,2,0.5,4,0.5,0.3457,0.1728,2,1,1,1,2D-1I-1C-1S,2,0.5,0.5217,0.5,0.8,0.5,53.41
Kiwoom DRX,Fracture,2026,breach|brimstone|cypher|tejo|waylay,"['breach', 'brimstone', 'cypher', 'tejo', 'waylay']",1,1,2,0.5,4,0.5,0.3457,0.1728,1,2,1,1,1D-2I-1C-1S,2,0.5,0.5217,0.5,0.8,0.5,48.98
Kiwoom DRX,Haven,2026,breach|cypher|omen|tejo|waylay,"['breach', 'cypher', 'omen', 'tejo', 'waylay']",1,1,2,0.5,6,0.3333,0.3457,0.1152,1,2,1,1,1D-2I-1C-1S,2,0.3333,0.5217,0.5625,0.5333,0.3333,48.98
Kiwoom DRX,Haven,2026,chamber|jett|neon|omen|skye,"['chamber', 'jett', 'neon', 'omen', 'skye']",1,0,1,1.0,6,0.1667,0.2181,0.0364,2,1,1,1,2D-1I-1C-1S,4,0.6667,0.5217,0.5625,0.5333,0.3333,62.92
Kiwoom DRX,Haven,2026,chamber|neon|omen|phoenix|skye,"['chamber', 'neon', 'omen', 'phoenix', 'skye']",0,1,1,0.0,6,0.1667,0.2181,0.0364,2,1,1,1,2D-1I-1C-1S,4,0.6667,0.5217,0.5625,0.5333,0.3333,56.67
Kiwoom DRX,Haven,2026,cypher|jett|neon|omen|sova,"['cypher', 'jett', 'neon', 'omen', 'sova']",1,0,1,1.0,6,0.1667,0.2181,0.0364,2,1,1,1,2D-1I-1C-1S,4,0.6667,0.5217,0.5625,0.6,0.3333,62.92
Kiwoom DRX,Haven,2026,cypher|neon|omen|phoenix|sova,"['cypher', 'neon', 'omen', 'phoenix', 'sova']",1,0,1,1.0,6,0.1667,0.2181,0.0364,2,1,1,1,2D-1I-1C-1S,4,0.6667,0.5217,0.5625,0.6,0.3333,62.92
Kiwoom DRX,Lotus,2026,chamber|fade|neon|omen|raze,"['chamber', 'fade', 'neon', 'omen', 'raze']",2,1,3,0.6666666666666666,4,0.75,0.4362,0.3272,2,1,1,1,2D-1I-1C-1S,4,1.0,0.5217,0.5,0.95,0.75,55.53
Kiwoom DRX,Lotus,2026,fade|neon|omen|raze|vyse,"['fade', 'neon', 'omen', 'raze', 'vyse']",0,1,1,0.0,4,0.25,0.2181,0.0545,2,1,1,1,2D-1I-1C-1S,4,1.0,0.5217,0.5,0.85,0.25,49.98
Kiwoom DRX,Pearl,2026,astra|chamber|fade|neon|phoenix,"['astra', 'chamber', 'fade', 'neon', 'phoenix']",1,0,1,1.0,4,0.25,0.2181,0.0545,2,1,1,1,2D-1I-1C-1S,3,0.75,0.5217,0.5,0.55,0.25,60.07
Kiwoom DRX,Pearl,2026,astra|chamber|jett|neon|skye,"['astra', 'chamber', 'jett', 'neon', 'skye']",1,0,1,1.0,4,0.25,0.2181,0.0545,2,1,1,1,2D-1I-1C-1S,3,0.75,0.5217,0.5,0.6,0.25,60.07
Kiwoom DRX,Pearl,2026,astra|cypher|neon|sova|yoru,"['astra', 'cypher', 'neon', 'sova', 'yoru']",0,1,1,0.0,4,0.25,0.2181,0.0545,2,1,1,1,2D-1I-1C-1S,3,0.75,0.5217,0.5,0.5,0.25,53.82
Kiwoom DRX,Pearl,2026,astra|jett|kayo|killjoy|tejo,"['astra', 'jett', 'kayo', 'killjoy', 'tejo']",0,1,1,0.0,4,0.25,0.2181,0.0545,1,2,1,1,1D-2I-1C-1S,1,0.25,0.5217,0.5,0.45,0.25,41.44
Kiwoom DRX,Split,2026,astra|jett|raze|skye|vyse,"['astra', 'jett', 'raze', 'skye', 'vyse']",1,1,2,0.5,6,0.3333,0.3457,0.1152,2,1,1,1,2D-1I-1C-1S,2,0.3333,0.5217,0.5,0.4667,0.3333,53.41
Kiwoom DRX,Split,2026,breach|omen|tejo|viper|waylay,"['breach', 'omen', 'tejo', 'viper', 'waylay']",1,0,1,1.0,6,0.1667,0.2181,0.0364,1,2,2,0,1D-2I-2C-0S,3,0.5,0.5217,0.5,0.4333,0.1667,63.12
Kiwoom DRX,Split,2026,fade|neon|omen|viper|yoru,"['fade', 'neon', 'omen', 'viper', 'yoru']",0,1,1,0.0,6,0.1667,0.2181,0.0364,2,1,2,0,2D-1I-2C-0S,1,0.1667,0.5217,0.5,0.3667,0.1667,35.29
Kiwoom DRX,Split,2026,omen|raze|skye|tejo|viper,"['omen', 'raze', 'skye', 'tejo', 'viper']",1,1,2,0.5,6,0.3333,0.3457,0.1152,1,2,2,0,1D-2I-2C-0S,3,0.5,0.5217,0.5,0.6333,0.5,59.41
LEVIATÁN,Ascent,2026,chamber|neon|omen|phoenix|sova,"['chamber', 'neon', 'omen', 'phoenix', 'sova']",3,0,3,1.0,3,1.0,0.4362,0.4362,2,1,1,1,2D-1I-1C-1S,3,1.0,0.5503,0.5556,1.0,1.0,74.37
LEVIATÁN,Bind,2026,brimstone|fade|viper|waylay|yoru,"['brimstone', 'fade', 'viper', 'waylay', 'yoru']",2,2,4,0.5,7,0.5714,0.5064,0.2894,2,1,2,0,2D-1I-2C-0S,7,1.0,0.5503,0.5484,0.7429,0.5714,56.28
LEVIATÁN,Bind,2026,brimstone|neon|phoenix|skye|viper,"['brimstone', 'neon', 'phoenix', 'skye', 'viper']",3,0,3,1.0,7,0.4286,0.4362,0.187,2,1,2,0,2D-1I-2C-0S,7,1.0,0.5503,0.5484,0.6571,0.4286,64.96
LEVIATÁN,Breeze,2026,astra|jett|sova|viper|yoru,"['astra', 'jett', 'sova', 'viper', 'yoru']",0,1,1,0.0,5,0.2,0.2181,0.0436,2,1,2,0,2D-1I-2C-0S,4,0.8,0.5503,0.381,0.52,0.2,32.49
LEVIATÁN,Breeze,2026,chamber|neon|omen|sova|viper,"['chamber', 'neon', 'omen', 'sova', 'viper']",0,1,1,0.0,5,0.2,0.2181,0.0436,1,1,2,1,1D-1I-2C-1S,1,0.2,0.5503,0.381,0.64,0.2,52.87
LEVIATÁN,Breeze,2026,harbor|jett|neon|omen|sova,"['harbor', 'jett', 'neon', 'omen', 'sova']",0,3,3,0.0,5,0.6,0.4362,0.2617,2,1,2,0,2D-1I-2C-0S,4,0.8,0.5503,0.381,0.8,0.6,28.88
LEVIATÁN,Corrode,2026,chamber|fade|omen|viper|waylay,"['chamber', 'fade', 'omen', 'viper', 'waylay']",1,0,1,1.0,1,1.0,0.2181,0.2181,1,1,2,1,1D-1I-2C-1S,1,1.0,0.5503,0.5,1.0,1.0,62.52
LEVIATÁN,Fracture,2026,breach|brimstone|neon|tejo|waylay,"['breach', 'brimstone', 'neon', 'tejo', 'waylay']",1,2,3,0.3333333333333333,3,1.0,0.4362,0.4362,2,2,1,0,2D-2I-1C-0S,3,1.0,0.5503,0.4375,1.0,1.0,37.3
LEVIATÁN,Haven,2026,astra|chamber|neon|phoenix|sova,"['astra', 'chamber', 'neon', 'phoenix', 'sova']",2,2,4,0.5,4,1.0,0.5064,0.5064,2,1,1,1,2D-1I-1C-1S,4,1.0,0.5503,0.5833,1.0,1.0,60.39
LEVIATÁN,Pearl,2026,astra|chamber|kayo|tejo|waylay,"['astra', 'chamber', 'kayo', 'tejo', 'waylay']",1,1,2,0.5,6,0.3333,0.3457,0.1152,1,2,1,1,1D-2I-1C-1S,2,0.3333,0.5503,0.4737,0.6,0.3333,51.93
LEVIATÁN,Pearl,2026,astra|chamber|neon|phoenix|sova,"['astra', 'chamber', 'neon', 'phoenix', 'sova']",2,2,4,0.5,6,0.6667,0.5064,0.3376,2,1,1,1,2D-1I-1C-1S,4,0.6667,0.5503,0.4737,0.8,0.6667,52.64
LEVIATÁN,Split,2026,fade|neon|omen|phoenix|viper,"['fade', 'neon', 'omen', 'phoenix', 'viper']",4,1,5,0.8,8,0.625,0.5638,0.3524,2,1,2,0,2D-1I-2C-0S,8,1.0,0.5503,0.44,0.85,0.625,56.94
LEVIATÁN,Split,2026,fade|omen|viper|waylay|yoru,"['fade', 'omen', 'viper', 'waylay', 'yoru']",1,2,3,0.3333333333333333,8,0.375,0.4362,0.1636,2,1,2,0,2D-1I-2C-0S,8,1.0,0.5503,0.44,0.75,0.375,46.6
LOUD,Abyss,2026,astra|chamber|harbor|sova|yoru,"['astra', 'chamber', 'harbor', 'sova', 'yoru']",0,1,1,0.0,2,0.5,0.2181,0.109,1,1,2,1,1D-1I-2C-1S,1,0.5,0.4167,0.4167,0.8,0.5,35.79
LOUD,Abyss,2026,astra|chamber|kayo|sova|waylay,"['astra', 'chamber', 'kayo', 'sova', 'waylay']",0,1,1,0.0,2,0.5,0.2181,0.109,1,2,1,1,1D-2I-1C-1S,1,0.5,0.4167,0.4167,0.8,0.5,38.83
LOUD,Bind,2026,brimstone|chamber|raze|skye|viper,"['brimstone', 'chamber', 'raze', 'skye', 'viper']",0,1,1,0.0,2,0.5,0.2181,0.109,1,1,2,1,1D-1I-2C-1S,1,0.5,0.4167,0.4348,0.7,0.5,35.79
LOUD,Bind,2026,brimstone|fade|tejo|viper|yoru,"['brimstone', 'fade', 'tejo', 'viper', 'yoru']",0,1,1,0.0,2,0.5,0.2181,0.109,1,2,2,0,1D-2I-2C-0S,1,0.5,0.4167,0.4348,0.7,0.5,41.46
LOUD,Breeze,2026,astra|harbor|jett|kayo|sova,"['astra', 'harbor', 'jett', 'kayo', 'sova']",1,1,2,0.5,5,0.4,0.3457,0.1383,1,2,2,0,1D-2I-2C-0S,5,1.0,0.4167,0.6111,0.88,0.6,54.63
LOUD,Breeze,2026,astra|harbor|kayo|neon|sova,"['astra', 'harbor', 'kayo', 'neon', 'sova']",2,0,2,1.0,5,0.4,0.3457,0.1383,1,2,2,0,1D-2I-2C-0S,5,1.0,0.4167,0.6111,0.84,0.4,60.51
LOUD,Breeze,2026,astra|jett|kayo|sova|viper,"['astra', 'jett', 'kayo', 'sova', 'viper']",1,0,1,1.0,5,0.2,0.2181,0.0436,1,2,2,0,1D-2I-2C-0S,5,1.0,0.4167,0.6111,0.76,0.2,58.04
LOUD,Haven,2026,chamber|neon|omen|phoenix|sova,"['chamber', 'neon', 'omen', 'phoenix', 'sova']",1,0,1,1.0,5,0.2,0.2181,0.0436,2,1,1,1,2D-1I-1C-1S,1,0.2,0.4167,0.3913,0.64,0.2,62.84
LOUD,Haven,2026,killjoy|neon|omen|sova|viper,"['killjoy', 'neon', 'omen', 'sova', 'viper']",0,1,1,0.0,5,0.2,0.2181,0.0436,1,1,2,1,1D-1I-2C-1S,4,0.8,0.4167,0.3913,0.8,0.4,32.49
LOUD,Haven,2026,killjoy|omen|sova|viper|yoru,"['killjoy', 'omen', 'sova', 'viper', 'yoru']",0,1,1,0.0,5,0.2,0.2181,0.0436,1,1,2,1,1D-1I-2C-1S,4,0.8,0.4167,0.3913,0.68,0.2,32.49
LOUD,Haven,2026,neon|omen|sova|viper|vyse,"['neon', 'omen', 'sova', 'viper', 'vyse']",0,2,2,0.0,5,0.4,0.3457,0.1383,1,1,2,1,1D-1I-2C-1S,4,0.8,0.4167,0.3913,0.8,0.4,30.58
LOUD,Lotus,2026,fade|neon|omen|viper|vyse,"['fade', 'neon', 'omen', 'viper', 'vyse']",1,0,1,1.0,2,0.5,0.2181,0.109,1,1,2,1,1D-1I-2C-1S,2,1.0,0.4167,0.5,0.9,0.5,44.99
LOUD,Lotus,2026,fade|omen|raze|viper|vyse,"['fade', 'omen', 'raze', 'viper', 'vyse']",0,1,1,0.0,2,0.5,0.2181,0.109,1,1,2,1,1D-1I-2C-1S,2,1.0,0.4167,0.5,0.9,0.5,36.47
LOUD,Pearl,2026,astra|chamber|kayo|neon|sova,"['astra', 'chamber', 'kayo', 'neon', 'sova']",1,1,2,0.5,3,0.6667,0.3457,0.2305,1,2,1,1,1D-2I-1C-1S,3,1.0,0.4167,0.4118,0.7333,0.6667,39.91
LOUD,Pearl,2026,astra|fade|killjoy|tejo|yoru,"['astra', 'fade', 'killjoy', 'tejo', 'yoru']",0,1,1,0.0,3,0.3333,0.2181,0.0727,1,2,1,1,1D-2I-1C-1S,3,1.0,0.4167,0.4118,0.4667,0.3333,36.15
LOUD,Split,2026,cypher|neon|omen|skye|viper,"['cypher', 'neon', 'omen', 'skye', 'viper']",0,1,1,0.0,3,0.3333,0.2181,0.0727,1,1,2,1,1D-1I-2C-1S,2,0.6667,0.4167,0.36,0.8,0.3333,32.81
LOUD,Split,2026,fade|neon|omen|viper|vyse,"['fade', 'neon', 'omen', 'viper', 'vyse']",0,1,1,0.0,3,0.3333,0.2181,0.0727,1,1,2,1,1D-1I-2C-1S,2,0.6667,0.4167,0.36,0.7333,0.3333,32.81
LOUD,Split,2026,neon|omen|raze|skye|viper,"['neon', 'omen', 'raze', 'skye', 'viper']",0,1,1,0.0,3,0.3333,0.2181,0.0727,2,1,2,0,2D-1I-2C-0S,1,0.3333,0.4167,0.36,0.8,0.3333,39.04
MIBR,Abyss,2026,astra|cypher|jett|kayo|sova,"['astra', 'cypher', 'jett', 'kayo', 'sova']",1,1,2,0.5,4,0.5,0.3457,0.1728,1,2,1,1,1D-2I-1C-1S,2,0.5,0.4589,0.4762,0.9,0.5,51.23
MIBR,Abyss,2026,astra|jett|kayo|omen|sova,"['astra', 'jett', 'kayo', 'omen', 'sova']",0,2,2,0.0,4,0.5,0.3457,0.1728,1,2,2,0,1D-2I-2C-0S,2,0.5,0.4589,0.4762,0.9,0.5,35.51
MIBR,Ascent,2026,jett|omen|sage|sova|vyse,"['jett', 'omen', 'sage', 'sova', 'vyse']",0,1,1,0.0,1,1.0,0.2181,0.2181,1,1,1,2,1D-1I-1C-2S,1,1.0,0.4589,0.3,1.0,1.0,40.88
MIBR,Bind,2026,brimstone|fade|raze|viper|yoru,"['brimstone', 'fade', 'raze', 'viper', 'yoru']",2,0,2,1.0,3,0.6667,0.3457,0.2305,2,1,2,0,2D-1I-2C-0S,3,1.0,0.4589,0.4583,0.8,0.6667,49.53
MIBR,Bind,2026,harbor|neon|raze|skye|viper,"['harbor', 'neon', 'raze', 'skye', 'viper']",0,1,1,0.0,3,0.3333,0.2181,0.0727,2,1,2,0,2D-1I-2C-0S,3,1.0,0.4589,0.4583,0.6,0.3333,43.16
MIBR,Breeze,2026,astra|harbor|jett|neon|skye,"['astra', 'harbor', 'jett', 'neon', 'skye']",1,2,3,0.3333333333333333,6,0.5,0.4362,0.2181,2,1,2,0,2D-1I-2C-0S,6,1.0,0.4589,0.5263,0.7,0.5,45.91
MIBR,Breeze,2026,astra|jett|sova|viper|yoru,"['astra', 'jett', 'sova', 'viper', 'yoru']",2,1,3,0.6666666666666666,6,0.5,0.4362,0.2181,2,1,2,0,2D-1I-2C-0S,6,1.0,0.4589,0.5263,0.7,0.5,51.46
MIBR,Corrode,2026,kayo|omen|sova|viper|waylay,"['kayo', 'omen', 'sova', 'viper', 'waylay']",2,1,3,0.6666666666666666,3,1.0,0.4362,0.4362,1,2,2,0,1D-2I-2C-0S,3,1.0,0.4589,0.6111,1.0,1.0,62.15
MIBR,Fracture,2026,brimstone|cypher|jett|neon|skye,"['brimstone', 'cypher', 'jett', 'neon', 'skye']",1,1,2,0.5,2,1.0,0.3457,0.3457,2,1,1,1,2D-1I-1C-1S,2,1.0,0.4589,0.5,1.0,1.0,46.47
MIBR,Haven,2026,chamber|fade|jett|omen|phoenix,"['chamber', 'fade', 'jett', 'omen', 'phoenix']",1,1,2,0.5,6,0.3333,0.3457,0.1152,2,1,1,1,2D-1I-1C-1S,3,0.5,0.4589,0.48,0.5667,0.3333,46.97
MIBR,Haven,2026,fade|jett|omen|phoenix|vyse,"['fade', 'jett', 'omen', 'phoenix', 'vyse']",1,0,1,1.0,6,0.1667,0.2181,0.0364,2,1,1,1,2D-1I-1C-1S,3,0.5,0.4589,0.48,0.5333,0.1667,49.91
MIBR,Haven,2026,killjoy|neon|omen|sova|viper,"['killjoy', 'neon', 'omen', 'sova', 'viper']",0,3,3,0.0,6,0.5,0.4362,0.2181,1,1,2,1,1D-1I-2C-1S,3,0.5,0.4589,0.48,0.6,0.5,43.26
MIBR,Lotus,2026,fade|neon|omen|raze|vyse,"['fade', 'neon', 'omen', 'raze', 'vyse']",1,0,1,1.0,1,1.0,0.2181,0.2181,2,1,1,1,2D-1I-1C-1S,1,1.0,0.4589,0.4,1.0,1.0,43.21
MIBR,Split,2026,astra|fade|neon|raze|vyse,"['astra', 'fade', 'neon', 'raze', 'vyse']",2,2,4,0.5,7,0.5714,0.5064,0.2894,2,1,1,1,2D-1I-1C-1S,4,0.5714,0.4589,0.5,0.7429,0.5714,47.29
MIBR,Split,2026,fade|omen|raze|viper|yoru,"['fade', 'omen', 'raze', 'viper', 'yoru']",1,2,3,0.3333333333333333,7,0.4286,0.4362,0.187,2,1,2,0,2D-1I-2C-0S,3,0.4286,0.4589,0.5,0.6571,0.4286,44.49
Mega Minors,Abyss,2026,omen|sova|tejo|viper|waylay,"['omen', 'sova', 'tejo', 'viper', 'waylay']",5,2,7,0.7142857142857143,7,1.0,0.6543,0.6543,1,2,2,0,1D-2I-2C-0S,7,1.0,0.5714,0.5909,1.0,1.0,67.04
Mega Minors,Ascent,2026,jett|omen|sage|sova|vyse,"['jett', 'omen', 'sage', 'sova', 'vyse']",0,1,1,0.0,1,1.0,0.2181,0.2181,1,1,1,2,1D-1I-1C-2S,1,1.0,0.5714,0.4375,1.0,1.0,40.57
Mega Minors,Bind,2026,brimstone|fade|raze|viper|yoru,"['brimstone', 'fade', 'raze', 'viper', 'yoru']",1,1,2,0.5,3,0.6667,0.3457,0.2305,2,1,2,0,2D-1I-2C-0S,2,0.6667,0.5714,0.4211,0.8,0.6667,50.18
Mega Minors,Bind,2026,brimstone|skye|tejo|viper|waylay,"['brimstone', 'skye', 'tejo', 'viper', 'waylay']",0,1,1,0.0,3,0.3333,0.2181,0.0727,1,2,2,0,1D-2I-2C-0S,1,0.3333,0.5714,0.4211,0.6,0.3333,44.38
Mega Minors,Breeze,2026,astra|neon|sova|viper|yoru,"['astra', 'neon', 'sova', 'viper', 'yoru']",1,1,2,0.5,9,0.2222,0.3457,0.0768,2,1,2,0,2D-1I-2C-0S,4,0.4444,0.5714,0.5789,0.5778,0.2222,50.15
Mega Minors,Breeze,2026,harbor|jett|kayo|sova|viper,"['harbor', 'jett', 'kayo', 'sova', 'viper']",4,1,5,0.8,9,0.5556,0.5638,0.3132,1,2,2,0,1D-2I-2C-0S,5,0.5556,0.5714,0.5789,0.7778,0.5556,70.24
Mega Minors,Breeze,2026,jett|omen|sova|viper|yoru,"['jett', 'omen', 'sova', 'viper', 'yoru']",1,1,2,0.5,9,0.2222,0.3457,0.0768,2,1,2,0,2D-1I-2C-0S,4,0.4444,0.5714,0.5789,0.6889,0.2222,50.15
Mega Minors,Corrode,2026,kayo|omen|sova|viper|waylay,"['kayo', 'omen', 'sova', 'viper', 'waylay']",1,1,2,0.5,3,0.6667,0.3457,0.2305,1,2,2,0,1D-2I-2C-0S,3,1.0,0.5714,0.6667,0.9333,0.6667,78.99
Mega Minors,Corrode,2026,omen|skye|sova|viper|waylay,"['omen', 'skye', 'sova', 'viper', 'waylay']",0,1,1,0.0,3,0.3333,0.2181,0.0727,1,2,2,0,1D-2I-2C-0S,3,1.0,0.5714,0.6667,0.8667,0.3333,67.18
Mega Minors,Fracture,2026,brimstone|cypher|fade|phoenix|waylay,"['brimstone', 'cypher', 'fade', 'phoenix', 'waylay']",3,0,3,1.0,3,1.0,0.4362,0.4362,2,1,1,1,2D-1I-1C-1S,3,1.0,0.5714,0.5556,1.0,1.0,77.07
Mega Minors,Haven,2026,cypher|neon|omen|phoenix|sova,"['cypher', 'neon', 'omen', 'phoenix', 'sova']",3,0,3,1.0,7,0.4286,0.4362,0.187,2,1,1,1,2D-1I-1C-1S,3,0.4286,0.5714,0.5556,0.7714,0.4286,72.76
Mega Minors,Haven,2026,killjoy|neon|omen|sova|viper,"['killjoy', 'neon', 'omen', 'sova', 'viper']",3,1,4,0.75,7,0.5714,0.5064,0.2894,1,1,2,1,1D-1I-2C-1S,4,0.5714,0.5714,0.5556,0.8286,0.5714,55.24
Mega Minors,Lotus,2026,fade|neon|omen|viper|vyse,"['fade', 'neon', 'omen', 'viper', 'vyse']",3,2,5,0.6,5,1.0,0.5638,0.5638,1,1,2,1,1D-1I-2C-1S,5,1.0,0.5714,0.5862,1.0,1.0,65.13
Mega Minors,Pearl,2026,astra|killjoy|neon|sova|tejo,"['astra', 'killjoy', 'neon', 'sova', 'tejo']",1,2,3,0.3333333333333333,11,0.2727,0.4362,0.119,1,2,1,1,1D-2I-1C-1S,11,1.0,0.5714,0.5833,0.8545,0.2727,54.16
Mega Minors,Pearl,2026,astra|killjoy|sova|tejo|waylay,"['astra', 'killjoy', 'sova', 'tejo', 'waylay']",6,2,8,0.75,11,0.7273,0.6914,0.5029,1,2,1,1,1D-2I-1C-1S,11,1.0,0.5714,0.5833,0.9455,0.7273,64.13
Mega Minors,Split,2026,astra|skye|tejo|viper|waylay,"['astra', 'skye', 'tejo', 'viper', 'waylay']",1,2,3,0.3333333333333333,8,0.375,0.4362,0.1636,1,2,2,0,1D-2I-2C-0S,3,0.375,0.5714,0.3889,0.6,0.375,50.73
Mega Minors,Split,2026,deadlock|omen|raze|skye|viper,"['deadlock', 'omen', 'raze', 'skye', 'viper']",0,1,1,0.0,8,0.125,0.2181,0.0273,1,1,2,1,1D-1I-2C-1S,5,0.625,0.5714,0.3889,0.55,0.125,41.93
Mega Minors,Split,2026,fade|neon|omen|viper|vyse,"['fade', 'neon', 'omen', 'viper', 'vyse']",0,1,1,0.0,8,0.125,0.2181,0.0273,1,1,2,1,1D-1I-2C-1S,5,0.625,0.5714,0.3889,0.55,0.125,41.93
Mega Minors,Split,2026,neon|omen|skye|viper|vyse,"['neon', 'omen', 'skye', 'viper', 'vyse']",1,2,3,0.3333333333333333,8,0.375,0.4362,0.1636,1,1,2,1,1D-1I-2C-1S,5,0.625,0.5714,0.3889,0.7,0.5,42.83
Natus Vincere,Abyss,2026,astra|omen|raze|skye|tejo,"['astra', 'omen', 'raze', 'skye', 'tejo']",0,1,1,0.0,1,1.0,0.2181,0.2181,1,2,2,0,1D-2I-2C-0S,1,1.0,0.4628,0.5,1.0,1.0,46.89
Natus Vincere,Bind,2026,brimstone|chamber|neon|skye|viper,"['brimstone', 'chamber', 'neon', 'skye', 'viper']",1,1,2,0.5,6,0.3333,0.3457,0.1152,1,1,2,1,1D-1I-2C-1S,3,0.5,0.4628,0.44,0.7667,0.3333,51.85
Natus Vincere,Bind,2026,brimstone|neon|skye|viper|vyse,"['brimstone', 'neon', 'skye', 'viper', 'vyse']",0,1,1,0.0,6,0.1667,0.2181,0.0364,1,1,2,1,1D-1I-2C-1S,3,0.5,0.4628,0.44,0.7333,0.1667,48.84
Natus Vincere,Bind,2026,brimstone|raze|skye|tejo|viper,"['brimstone', 'raze', 'skye', 'tejo', 'viper']",1,2,3,0.3333333333333333,6,0.5,0.4362,0.2181,1,2,2,0,1D-2I-2C-0S,3,0.5,0.4628,0.44,0.8,0.5,43.06
Natus Vincere,Breeze,2026,astra|neon|sova|viper|yoru,"['astra', 'neon', 'sova', 'viper', 'yoru']",1,1,2,0.5,3,0.6667,0.3457,0.2305,2,1,2,0,2D-1I-2C-0S,2,0.6667,0.4628,0.5294,0.8667,0.6667,47.39
Natus Vincere,Breeze,2026,cypher|neon|phoenix|sova|viper,"['cypher', 'neon', 'phoenix', 'sova', 'viper']",1,0,1,1.0,3,0.3333,0.2181,0.0727,2,1,1,1,2D-1I-1C-1S,1,0.3333,0.4628,0.5294,0.7333,0.3333,56.79
Natus Vincere,Fracture,2026,chamber|fade|neon|omen|viper,"['chamber', 'fade', 'neon', 'omen', 'viper']",1,0,1,1.0,1,1.0,0.2181,0.2181,1,1,2,1,1D-1I-2C-1S,1,1.0,0.4628,0.4667,1.0,1.0,59.89
Natus Vincere,Haven,2026,killjoy|omen|sova|viper|yoru,"['killjoy', 'omen', 'sova', 'viper', 'yoru']",1,2,3,0.3333333333333333,3,1.0,0.4362,0.4362,1,1,2,1,1D-1I-2C-1S,3,1.0,0.4628,0.5,1.0,1.0,46.21
Natus Vincere,Lotus,2026,chamber|fade|neon|omen|viper,"['chamber', 'fade', 'neon', 'omen', 'viper']",1,1,2,0.5,4,0.5,0.3457,0.1728,1,1,2,1,1D-1I-2C-1S,3,0.75,0.4628,0.3636,0.85,0.5,45.55
Natus Vincere,Lotus,2026,cypher|fade|neon|omen|raze,"['cypher', 'fade', 'neon', 'omen', 'raze']",1,0,1,1.0,4,0.25,0.2181,0.0545,2,1,1,1,2D-1I-1C-1S,1,0.25,0.4628,0.3636,0.7,0.25,61.39
Natus Vincere,Lotus,2026,fade|neon|omen|viper|vyse,"['fade', 'neon', 'omen', 'viper', 'vyse']",0,1,1,0.0,4,0.25,0.2181,0.0545,1,1,2,1,1D-1I-2C-1S,3,0.75,0.4628,0.3636,0.8,0.25,42.15
Natus Vincere,Pearl,2026,astra|chamber|neon|sova|tejo,"['astra', 'chamber', 'neon', 'sova', 'tejo']",0,1,1,0.0,2,0.5,0.2181,0.109,1,2,1,1,1D-2I-1C-1S,2,1.0,0.4628,0.4,0.9,0.5,28.93
Natus Vincere,Pearl,2026,astra|chamber|sova|tejo|waylay,"['astra', 'chamber', 'sova', 'tejo', 'waylay']",0,1,1,0.0,2,0.5,0.2181,0.109,1,2,1,1,1D-2I-1C-1S,2,1.0,0.4628,0.4,0.9,0.5,28.93
Natus Vincere,Split,2026,chamber|omen|raze|skye|viper,"['chamber', 'omen', 'raze', 'skye', 'viper']",2,1,3,0.6666666666666666,5,0.6,0.4362,0.2617,1,1,2,1,1D-1I-2C-1S,4,0.8,0.4628,0.5556,0.8,0.6,60.65
Natus Vincere,Split,2026,fade|neon|omen|raze|viper,"['fade', 'neon', 'omen', 'raze', 'viper']",0,1,1,0.0,5,0.2,0.2181,0.0436,2,1,2,0,2D-1I-2C-0S,1,0.2,0.4628,0.5556,0.72,0.4,39.59
Natus Vincere,Split,2026,fade|neon|omen|viper|vyse,"['fade', 'neon', 'omen', 'viper', 'vyse']",1,0,1,1.0,5,0.2,0.2181,0.0436,1,1,2,1,1D-1I-2C-1S,4,0.8,0.4628,0.5556,0.6,0.2,61.98
Nongshim RedForce,Abyss,2026,astra|omen|sova|waylay|yoru,"['astra', 'omen', 'sova', 'waylay', 'yoru']",0,2,2,0.0,4,0.5,0.3457,0.1728,2,1,2,0,2D-1I-2C-0S,2,0.5,0.5816,0.5,0.9,0.5,44.65
Nongshim RedForce,Abyss,2026,cypher|omen|sova|waylay|yoru,"['cypher', 'omen', 'sova', 'waylay', 'yoru']",2,0,2,1.0,4,0.5,0.3457,0.1728,2,1,1,1,2D-1I-1C-1S,2,0.5,0.5816,0.5,0.9,0.5,71.88
Nongshim RedForce,Bind,2026,brimstone|fade|neon|viper|yoru,"['brimstone', 'fade', 'neon', 'viper', 'yoru']",3,0,3,1.0,4,0.75,0.4362,0.3272,2,1,2,0,2D-1I-2C-0S,4,1.0,0.5816,0.6111,0.9,0.75,76.62
Nongshim RedForce,Bind,2026,brimstone|neon|raze|skye|viper,"['brimstone', 'neon', 'raze', 'skye', 'viper']",1,0,1,1.0,4,0.25,0.2181,0.0545,2,1,2,0,2D-1I-2C-0S,4,1.0,0.5816,0.6111,0.7,0.25,73.7
Nongshim RedForce,Breeze,2026,astra|neon|sova|viper|yoru,"['astra', 'neon', 'sova', 'viper', 'yoru']",1,0,1,1.0,4,0.25,0.2181,0.0545,2,1,2,0,2D-1I-2C-0S,4,1.0,0.5816,0.5714,0.7,0.25,67.0
Nongshim RedForce,Breeze,2026,harbor|neon|phoenix|sova|viper,"['harbor', 'neon', 'phoenix', 'sova', 'viper']",2,1,3,0.6666666666666666,4,0.75,0.4362,0.3272,2,1,2,0,2D-1I-2C-0S,4,1.0,0.5816,0.5714,0.9,0.75,65.11
Nongshim RedForce,Corrode,2026,fade|neon|omen|viper|yoru,"['fade', 'neon', 'omen', 'viper', 'yoru']",4,1,5,0.8,5,1.0,0.5638,0.5638,2,1,2,0,2D-1I-2C-0S,5,1.0,0.5816,0.6111,1.0,1.0,70.36
Nongshim RedForce,Fracture,2026,breach|brimstone|cypher|neon|tejo,"['breach', 'brimstone', 'cypher', 'neon', 'tejo']",2,0,2,1.0,3,0.6667,0.3457,0.2305,1,2,1,1,1D-2I-1C-1S,2,0.6667,0.5816,0.4375,0.8667,0.6667,47.39
Nongshim RedForce,Fracture,2026,brimstone|cypher|neon|raze|skye,"['brimstone', 'cypher', 'neon', 'raze', 'skye']",0,1,1,0.0,3,0.3333,0.2181,0.0727,2,1,1,1,2D-1I-1C-1S,1,0.3333,0.5816,0.4375,0.7333,0.3333,52.63
Nongshim RedForce,Haven,2026,breach|killjoy|neon|omen|sova,"['breach', 'killjoy', 'neon', 'omen', 'sova']",0,1,1,0.0,7,0.1429,0.2181,0.0312,1,2,1,1,1D-2I-1C-1S,1,0.1429,0.5816,0.5238,0.8,0.1429,43.73
Nongshim RedForce,Haven,2026,chamber|neon|omen|phoenix|sova,"['chamber', 'neon', 'omen', 'phoenix', 'sova']",0,1,1,0.0,7,0.1429,0.2181,0.0312,2,1,1,1,2D-1I-1C-1S,6,0.8571,0.5816,0.5238,0.6571,0.1429,59.62
Nongshim RedForce,Haven,2026,killjoy|neon|omen|sova|yoru,"['killjoy', 'neon', 'omen', 'sova', 'yoru']",4,1,5,0.8,7,0.7143,0.5638,0.4027,2,1,1,1,2D-1I-1C-1S,6,0.8571,0.5816,0.5238,0.9143,0.7143,67.7
Nongshim RedForce,Lotus,2026,breach|fade|neon|omen|vyse,"['breach', 'fade', 'neon', 'omen', 'vyse']",0,1,1,0.0,2,0.5,0.2181,0.109,1,2,1,1,1D-2I-1C-1S,1,0.5,0.5816,0.5,0.8,0.5,43.21
Nongshim RedForce,Lotus,2026,fade|neon|omen|viper|waylay,"['fade', 'neon', 'omen', 'viper', 'waylay']",0,1,1,0.0,2,0.5,0.2181,0.109,2,1,2,0,2D-1I-2C-0S,1,0.5,0.5816,0.5,0.8,0.5,51.75
Nongshim RedForce,Pearl,2026,astra|chamber|fade|neon|phoenix,"['astra', 'chamber', 'fade', 'neon', 'phoenix']",3,0,3,1.0,3,1.0,0.4362,0.4362,2,1,1,1,2D-1I-1C-1S,3,1.0,0.5816,0.7,1.0,1.0,75.49
Nongshim RedForce,Split,2026,fade|neon|omen|viper|waylay,"['fade', 'neon', 'omen', 'viper', 'waylay']",0,1,1,0.0,7,0.1429,0.2181,0.0312,2,1,2,0,2D-1I-2C-0S,7,1.0,0.5816,0.5652,0.8286,0.1429,55.55
Nongshim RedForce,Split,2026,fade|neon|omen|viper|yoru,"['fade', 'neon', 'omen', 'viper', 'yoru']",4,2,6,0.6666666666666666,7,0.8571,0.6123,0.5248,2,1,2,0,2D-1I-2C-0S,7,1.0,0.5816,0.5652,0.9714,0.8571,61.37
Nova Esports,Abyss,2026,astra|breach|tejo|veto|waylay,"['astra', 'breach', 'tejo', 'veto', 'waylay']",1,0,1,1.0,1,1.0,0.2181,0.2181,1,2,1,1,1D-2I-1C-1S,1,1.0,0.3711,0.5385,1.0,1.0,46.82
Nova Esports,Bind,2026,brimstone|chamber|neon|skye|viper,"['brimstone', 'chamber', 'neon', 'skye', 'viper']",0,1,1,0.0,1,1.0,0.2181,0.2181,1,1,2,1,1D-1I-2C-1S,1,1.0,0.3711,0.45,1.0,1.0,33.06
Nova Esports,Breeze,2026,jett|neon|omen|sova|viper,"['jett', 'neon', 'omen', 'sova', 'viper']",0,2,2,0.0,2,1.0,0.3457,0.3457,2,1,2,0,2D-1I-2C-0S,2,1.0,0.3711,0.4167,1.0,1.0,26.12
Nova Esports,Corrode,2026,fade|kayo|neon|omen|veto,"['fade', 'kayo', 'neon', 'omen', 'veto']",0,1,1,0.0,1,1.0,0.2181,0.2181,1,2,1,1,1D-2I-1C-1S,1,1.0,0.3711,0.4615,1.0,1.0,30.9
Nova Esports,Fracture,2026,breach|brimstone|chamber|neon|tejo,"['breach', 'brimstone', 'chamber', 'neon', 'tejo']",0,1,1,0.0,2,0.5,0.2181,0.109,1,2,1,1,1D-2I-1C-1S,1,0.5,0.3711,0.4706,0.7,0.5,30.98
Nova Esports,Fracture,2026,brimstone|cypher|neon|skye|waylay,"['brimstone', 'cypher', 'neon', 'skye', 'waylay']",1,0,1,1.0,2,0.5,0.2181,0.109,2,1,1,1,2D-1I-1C-1S,1,0.5,0.3711,0.4706,0.7,0.5,52.28
Nova Esports,Haven,2026,cypher|neon|omen|sova|yoru,"['cypher', 'neon', 'omen', 'sova', 'yoru']",0,1,1,0.0,3,0.3333,0.2181,0.0727,2,1,1,1,2D-1I-1C-1S,1,0.3333,0.3711,0.4118,0.7333,0.3333,37.35
Nova Esports,Haven,2026,killjoy|neon|omen|sova|viper,"['killjoy', 'neon', 'omen', 'sova', 'viper']",0,2,2,0.0,3,0.6667,0.3457,0.2305,1,1,2,1,1D-1I-2C-1S,2,0.6667,0.3711,0.4118,0.8667,0.6667,37.34
Nova Esports,Lotus,2026,cypher|fade|neon|omen|viper,"['cypher', 'fade', 'neon', 'omen', 'viper']",1,1,2,0.5,2,1.0,0.3457,0.3457,1,1,2,1,1D-1I-2C-1S,2,1.0,0.3711,0.32,1.0,1.0,41.33
Nova Esports,Pearl,2026,astra|fade|killjoy|neon|tejo,"['astra', 'fade', 'killjoy', 'neon', 'tejo']",0,2,2,0.0,2,1.0,0.3457,0.3457,1,2,1,1,1D-2I-1C-1S,2,1.0,0.3711,0.4286,1.0,1.0,26.66
Nova Esports,Split,2026,fade|omen|raze|viper|vyse,"['fade', 'omen', 'raze', 'viper', 'vyse']",0,1,1,0.0,3,0.3333,0.2181,0.0727,1,1,2,1,1D-1I-2C-1S,1,0.3333,0.3711,0.4583,0.7333,0.3333,44.94
Nova Esports,Split,2026,omen|raze|skye|viper|waylay,"['omen', 'raze', 'skye', 'viper', 'waylay']",0,2,2,0.0,3,0.6667,0.3457,0.2305,2,1,2,0,2D-1I-2C-0S,2,0.6667,0.3711,0.4583,0.8667,0.6667,26.78
PCIFIC Esports,Abyss,2026,brimstone|kayo|omen|tejo|waylay,"['brimstone', 'kayo', 'omen', 'tejo', 'waylay']",1,2,3,0.3333333333333333,3,1.0,0.4362,0.4362,1,2,2,0,1D-2I-2C-0S,3,1.0,0.3,0.4615,1.0,1.0,36.03
PCIFIC Esports,Bind,2026,astra|fade|veto|viper|yoru,"['astra', 'fade', 'veto', 'viper', 'yoru']",1,0,1,1.0,1,1.0,0.2181,0.2181,1,1,2,1,1D-1I-2C-1S,1,1.0,0.3,0.5455,1.0,1.0,54.87
PCIFIC Esports,Breeze,2026,astra|omen|sova|waylay|yoru,"['astra', 'omen', 'sova', 'waylay', 'yoru']",0,1,1,0.0,2,0.5,0.2181,0.109,2,1,2,0,2D-1I-2C-0S,1,0.5,0.3,0.4167,0.7,0.5,32.17
PCIFIC Esports,Breeze,2026,jett|kayo|omen|sova|viper,"['jett', 'kayo', 'omen', 'sova', 'viper']",0,1,1,0.0,2,0.5,0.2181,0.109,1,2,2,0,1D-2I-2C-0S,1,0.5,0.3,0.4167,0.7,0.5,31.99
PCIFIC Esports,Fracture,2026,astra|neon|skye|tejo|veto,"['astra', 'neon', 'skye', 'tejo', 'veto']",0,1,1,0.0,1,1.0,0.2181,0.2181,1,2,1,1,1D-2I-1C-1S,1,1.0,0.3,0.4545,1.0,1.0,37.03
PCIFIC Esports,Haven,2026,chamber|neon|omen|sova|viper,"['chamber', 'neon', 'omen', 'sova', 'viper']",0,1,1,0.0,2,0.5,0.2181,0.109,1,1,2,1,1D-1I-2C-1S,2,1.0,0.3,0.4167,0.9,0.5,36.76
PCIFIC Esports,Haven,2026,neon|omen|sova|veto|viper,"['neon', 'omen', 'sova', 'veto', 'viper']",0,1,1,0.0,2,0.5,0.2181,0.109,1,1,2,1,1D-1I-2C-1S,2,1.0,0.3,0.4167,0.9,0.5,36.76
PCIFIC Esports,Lotus,2026,deadlock|fade|neon|omen|vyse,"['deadlock', 'fade', 'neon', 'omen', 'vyse']",0,1,1,0.0,2,0.5,0.2181,0.109,1,1,1,2,1D-1I-1C-2S,2,1.0,0.3,0.4167,0.8,0.5,31.47
PCIFIC Esports,Lotus,2026,fade|neon|omen|sage|veto,"['fade', 'neon', 'omen', 'sage', 'veto']",0,1,1,0.0,2,0.5,0.2181,0.109,1,1,1,2,1D-1I-1C-2S,2,1.0,0.3,0.4167,0.8,0.5,31.47
PCIFIC Esports,Pearl,2026,astra|fade|killjoy|sage|yoru,"['astra', 'fade', 'killjoy', 'sage', 'yoru']",0,1,1,0.0,2,0.5,0.2181,0.109,1,1,1,2,1D-1I-1C-2S,1,0.5,0.3,0.5,0.7,0.5,34.33
PCIFIC Esports,Pearl,2026,astra|fade|neon|raze|veto,"['astra', 'fade', 'neon', 'raze', 'veto']",1,0,1,1.0,2,0.5,0.2181,0.109,2,1,1,1,2D-1I-1C-1S,1,0.5,0.3,0.5,0.7,0.5,62.84
PCIFIC Esports,Split,2026,astra|fade|neon|raze|viper,"['astra', 'fade', 'neon', 'raze', 'viper']",1,3,4,0.25,7,0.5714,0.5064,0.2894,2,1,2,0,2D-1I-2C-0S,5,0.7143,0.3,0.3529,0.8,0.5714,30.39
PCIFIC Esports,Split,2026,astra|fade|raze|viper|waylay,"['astra', 'fade', 'raze', 'viper', 'waylay']",0,1,1,0.0,7,0.1429,0.2181,0.0312,2,1,2,0,2D-1I-2C-0S,5,0.7143,0.3,0.3529,0.7714,0.4286,29.84
PCIFIC Esports,Split,2026,fade|kayo|omen|viper|waylay,"['fade', 'kayo', 'omen', 'viper', 'waylay']",0,2,2,0.0,7,0.2857,0.3457,0.0988,1,2,2,0,1D-2I-2C-0S,2,0.2857,0.3,0.3529,0.6,0.2857,27.6
Paper Rex,Abyss,2026,omen|sova|vyse|waylay|yoru,"['omen', 'sova', 'vyse', 'waylay', 'yoru']",0,1,1,0.0,1,1.0,0.2181,0.2181,2,1,1,1,2D-1I-1C-1S,1,1.0,0.6215,0.4615,1.0,1.0,50.1
Paper Rex,Ascent,2026,omen|sage|sova|vyse|yoru,"['omen', 'sage', 'sova', 'vyse', 'yoru']",2,1,3,0.6666666666666666,3,1.0,0.4362,0.4362,1,1,1,2,1D-1I-1C-2S,3,1.0,0.6215,0.5,1.0,1.0,60.67
Paper Rex,Bind,2026,brimstone|fade|kayo|raze|veto,"['brimstone', 'fade', 'kayo', 'raze', 'veto']",0,1,1,0.0,4,0.25,0.2181,0.0545,1,2,1,1,1D-2I-1C-1S,1,0.25,0.6215,0.5556,0.65,0.25,52.47
Paper Rex,Bind,2026,brimstone|fade|raze|viper|yoru,"['brimstone', 'fade', 'raze', 'viper', 'yoru']",1,1,2,0.5,4,0.5,0.3457,0.1728,2,1,2,0,2D-1I-2C-0S,2,0.5,0.6215,0.5556,0.75,0.5,74.3
Paper Rex,Bind,2026,brimstone|gekko|harbor|raze|skye,"['brimstone', 'gekko', 'harbor', 'raze', 'skye']",0,1,1,0.0,4,0.25,0.2181,0.0545,1,2,2,0,1D-2I-2C-0S,1,0.25,0.6215,0.5556,0.55,0.25,45.9
Paper Rex,Breeze,2026,astra|jett|sova|viper|yoru,"['astra', 'jett', 'sova', 'viper', 'yoru']",0,2,2,0.0,13,0.1538,0.3457,0.0532,2,1,2,0,2D-1I-2C-0S,13,1.0,0.6215,0.56,0.7538,0.1538,57.45
Paper Rex,Breeze,2026,brimstone|jett|sova|viper|yoru,"['brimstone', 'jett', 'sova', 'viper', 'yoru']",1,0,1,1.0,13,0.0769,0.2181,0.0168,2,1,2,0,2D-1I-2C-0S,13,1.0,0.6215,0.56,0.7385,0.0769,67.29
Paper Rex,Breeze,2026,jett|neon|omen|sova|viper,"['jett', 'neon', 'omen', 'sova', 'viper']",3,2,5,0.6,13,0.3846,0.5638,0.2168,2,1,2,0,2D-1I-2C-0S,13,1.0,0.6215,0.56,0.8308,0.3846,63.83
Paper Rex,Breeze,2026,jett|omen|sova|viper|yoru,"['jett', 'omen', 'sova', 'viper', 'yoru']",5,0,5,1.0,13,0.3846,0.5638,0.2168,2,1,2,0,2D-1I-2C-0S,13,1.0,0.6215,0.56,0.8769,0.6154,73.83
Paper Rex,Corrode,2026,fade|omen|phoenix|viper|waylay,"['fade', 'omen', 'phoenix', 'viper', 'waylay']",1,2,3,0.3333333333333333,8,0.375,0.4362,0.1636,2,1,2,0,2D-1I-2C-0S,3,0.375,0.6215,0.4737,0.875,0.375,54.44
Paper Rex,Corrode,2026,fade|omen|viper|vyse|waylay,"['fade', 'omen', 'viper', 'vyse', 'waylay']",3,2,5,0.6,8,0.625,0.5638,0.3524,1,1,2,1,1D-1I-2C-1S,5,0.625,0.6215,0.4737,0.925,0.625,61.24
Paper Rex,Fracture,2026,breach|brimstone|killjoy|neon|raze,"['breach', 'brimstone', 'killjoy', 'neon', 'raze']",2,1,3,0.6666666666666666,3,1.0,0.4362,0.4362,2,1,1,1,2D-1I-1C-1S,3,1.0,0.6215,0.6,1.0,1.0,63.15
Paper Rex,Haven,2026,chamber|fade|jett|omen|phoenix,"['chamber', 'fade', 'jett', 'omen', 'phoenix']",1,0,1,1.0,8,0.125,0.2181,0.0273,2,1,1,1,2D-1I-1C-1S,8,1.0,0.6215,0.5385,0.8,0.125,64.37
Paper Rex,Haven,2026,chamber|fade|omen|phoenix|yoru,"['chamber', 'fade', 'omen', 'phoenix', 'yoru']",4,2,6,0.6666666666666666,8,0.75,0.6123,0.4592,2,1,1,1,2D-1I-1C-1S,8,1.0,0.6215,0.5385,0.925,0.75,63.33
Paper Rex,Haven,2026,chamber|neon|omen|phoenix|sova,"['chamber', 'neon', 'omen', 'phoenix', 'sova']",0,1,1,0.0,8,0.125,0.2181,0.0273,2,1,1,1,2D-1I-1C-1S,8,1.0,0.6215,0.5385,0.65,0.125,58.12
Paper Rex,Lotus,2026,fade|neon|omen|raze|vyse,"['fade', 'neon', 'omen', 'raze', 'vyse']",1,1,2,0.5,6,0.3333,0.3457,0.1152,2,1,1,1,2D-1I-1C-1S,6,1.0,0.6215,0.6071,0.7333,0.3333,63.79
Paper Rex,Lotus,2026,jett|omen|raze|skye|vyse,"['jett', 'omen', 'raze', 'skye', 'vyse']",4,0,4,1.0,6,0.6667,0.5064,0.3376,2,1,1,1,2D-1I-1C-1S,6,1.0,0.6215,0.6071,0.8667,0.6667,74.22
Paper Rex,Pearl,2026,astra|chamber|neon|sova|tejo,"['astra', 'chamber', 'neon', 'sova', 'tejo']",1,0,1,1.0,10,0.1,0.2181,0.0218,1,2,1,1,1D-2I-1C-1S,1,0.1,0.6215,0.5,0.4,0.1,67.24
Paper Rex,Pearl,2026,astra|fade|jett|killjoy|phoenix,"['astra', 'fade', 'jett', 'killjoy', 'phoenix']",1,0,1,1.0,10,0.1,0.2181,0.0218,2,1,1,1,2D-1I-1C-1S,9,0.9,0.6215,0.5,0.48,0.2,51.34
Paper Rex,Pearl,2026,astra|fade|jett|phoenix|vyse,"['astra', 'fade', 'jett', 'phoenix', 'vyse']",1,1,2,0.5,10,0.2,0.3457,0.0691,2,1,1,1,2D-1I-1C-1S,9,0.9,0.6215,0.5,0.54,0.3,54.04
Paper Rex,Pearl,2026,astra|fade|raze|veto|yoru,"['astra', 'fade', 'raze', 'veto', 'yoru']",1,1,2,0.5,10,0.2,0.3457,0.0691,2,1,1,1,2D-1I-1C-1S,9,0.9,0.6215,0.5,0.5,0.2,51.34
Paper Rex,Pearl,2026,astra|killjoy|sova|waylay|yoru,"['astra', 'killjoy', 'sova', 'waylay', 'yoru']",0,1,1,0.0,10,0.1,0.2181,0.0218,2,1,1,1,2D-1I-1C-1S,9,0.9,0.6215,0.5,0.48,0.1,48.29
Paper Rex,Pearl,2026,astra|neon|sova|vyse|yoru,"['astra', 'neon', 'sova', 'vyse', 'yoru']",1,1,2,0.5,10,0.2,0.3457,0.0691,2,1,1,1,2D-1I-1C-1S,9,0.9,0.6215,0.5,0.58,0.3,51.34
Paper Rex,Pearl,2026,astra|phoenix|sova|vyse|yoru,"['astra', 'phoenix', 'sova', 'vyse', 'yoru']",0,1,1,0.0,10,0.1,0.2181,0.0218,2,1,1,1,2D-1I-1C-1S,9,0.9,0.6215,0.5,0.6,0.4,48.29
Paper Rex,Split,2026,fade|omen|raze|viper|yoru,"['fade', 'omen', 'raze', 'viper', 'yoru']",7,2,9,0.7777777777777778,14,0.6429,0.7245,0.4658,2,1,2,0,2D-1I-2C-0S,14,1.0,0.6215,0.6923,0.8571,0.6429,76.47
Paper Rex,Split,2026,jett|omen|raze|skye|viper,"['jett', 'omen', 'raze', 'skye', 'viper']",5,0,5,1.0,14,0.3571,0.5638,0.2013,2,1,2,0,2D-1I-2C-0S,14,1.0,0.6215,0.6923,0.7429,0.3571,79.3
Rex Regum Qeon,Abyss,2026,astra|brimstone|sova|waylay|yoru,"['astra', 'brimstone', 'sova', 'waylay', 'yoru']",1,1,2,0.5,2,1.0,0.3457,0.3457,2,1,2,0,2D-1I-2C-0S,2,1.0,0.4969,0.4375,1.0,1.0,53.9
Rex Regum Qeon,Ascent,2026,chamber|jett|omen|sova|vyse,"['chamber', 'jett', 'omen', 'sova', 'vyse']",0,1,1,0.0,1,1.0,0.2181,0.2181,1,1,1,2,1D-1I-1C-2S,1,1.0,0.4969,0.4828,1.0,1.0,42.44
Rex Regum Qeon,Bind,2026,brimstone|chamber|raze|skye|viper,"['brimstone', 'chamber', 'raze', 'skye', 'viper']",1,1,2,0.5,4,0.5,0.3457,0.1728,1,1,2,1,1D-1I-2C-1S,2,0.5,0.4969,0.3684,0.8,0.5,48.2
Rex Regum Qeon,Bind,2026,brimstone|neon|skye|viper|waylay,"['brimstone', 'neon', 'skye', 'viper', 'waylay']",1,1,2,0.5,4,0.5,0.3457,0.1728,2,1,2,0,2D-1I-2C-0S,2,0.5,0.4969,0.3684,0.8,0.5,50.21
Rex Regum Qeon,Breeze,2026,astra|jett|sova|viper|yoru,"['astra', 'jett', 'sova', 'viper', 'yoru']",0,2,2,0.0,6,0.3333,0.3457,0.1152,2,1,2,0,2D-1I-2C-0S,3,0.5,0.4969,0.4211,0.6667,0.3333,37.54
Rex Regum Qeon,Breeze,2026,astra|neon|sova|viper|yoru,"['astra', 'neon', 'sova', 'viper', 'yoru']",0,1,1,0.0,6,0.1667,0.2181,0.0364,2,1,2,0,2D-1I-2C-0S,3,0.5,0.4969,0.4211,0.7333,0.5,39.89
Rex Regum Qeon,Breeze,2026,harbor|kayo|neon|sova|viper,"['harbor', 'kayo', 'neon', 'sova', 'viper']",1,2,3,0.3333333333333333,6,0.5,0.4362,0.2181,1,2,2,0,1D-2I-2C-0S,3,0.5,0.4969,0.4211,0.7333,0.5,42.64
Rex Regum Qeon,Corrode,2026,chamber|fade|neon|omen|viper,"['chamber', 'fade', 'neon', 'omen', 'viper']",3,0,3,1.0,3,1.0,0.4362,0.4362,1,1,2,1,1D-1I-2C-1S,3,1.0,0.4969,0.5789,1.0,1.0,59.75
Rex Regum Qeon,Fracture,2026,brimstone|neon|raze|skye|veto,"['brimstone', 'neon', 'raze', 'skye', 'veto']",3,0,3,1.0,3,1.0,0.4362,0.4362,2,1,1,1,2D-1I-1C-1S,3,1.0,0.4969,0.5882,1.0,1.0,69.05
Rex Regum Qeon,Haven,2026,cypher|jett|neon|omen|sova,"['cypher', 'jett', 'neon', 'omen', 'sova']",1,1,2,0.5,7,0.2857,0.3457,0.0988,2,1,1,1,2D-1I-1C-1S,4,0.5714,0.4969,0.5152,0.7714,0.2857,50.58
Rex Regum Qeon,Haven,2026,cypher|neon|omen|sova|waylay,"['cypher', 'neon', 'omen', 'sova', 'waylay']",0,1,1,0.0,7,0.1429,0.2181,0.0312,2,1,1,1,2D-1I-1C-1S,4,0.5714,0.4969,0.5152,0.7429,0.1429,47.49
Rex Regum Qeon,Haven,2026,cypher|neon|omen|sova|yoru,"['cypher', 'neon', 'omen', 'sova', 'yoru']",0,1,1,0.0,7,0.1429,0.2181,0.0312,2,1,1,1,2D-1I-1C-1S,4,0.5714,0.4969,0.5152,0.7429,0.1429,50.4
Rex Regum Qeon,Haven,2026,killjoy|neon|omen|sova|viper,"['killjoy', 'neon', 'omen', 'sova', 'viper']",2,1,3,0.6666666666666666,7,0.4286,0.4362,0.187,1,1,2,1,1D-1I-2C-1S,3,0.4286,0.4969,0.5152,0.7714,0.4286,54.41
Rex Regum Qeon,Lotus,2026,chamber|fade|neon|omen|viper,"['chamber', 'fade', 'neon', 'omen', 'viper']",3,0,3,1.0,3,1.0,0.4362,0.4362,1,1,2,1,1D-1I-2C-1S,3,1.0,0.4969,0.4839,1.0,1.0,51.41
Rex Regum Qeon,Pearl,2026,astra|chamber|kayo|neon|sova,"['astra', 'chamber', 'kayo', 'neon', 'sova']",0,2,2,0.0,6,0.3333,0.3457,0.1152,1,2,1,1,1D-2I-1C-1S,5,0.8333,0.4969,0.4091,0.8333,0.3333,32.04
Rex Regum Qeon,Pearl,2026,astra|chamber|killjoy|neon|skye,"['astra', 'chamber', 'killjoy', 'neon', 'skye']",0,1,1,0.0,6,0.1667,0.2181,0.0364,1,1,1,2,1D-1I-1C-2S,1,0.1667,0.4969,0.4091,0.6667,0.1667,46.3
Rex Regum Qeon,Pearl,2026,astra|chamber|neon|sova|tejo,"['astra', 'chamber', 'neon', 'sova', 'tejo']",1,2,3,0.3333333333333333,6,0.5,0.4362,0.2181,1,2,1,1,1D-2I-1C-1S,5,0.8333,0.4969,0.4091,0.8667,0.5,35.81
Rex Regum Qeon,Split,2026,neon|omen|skye|viper|waylay,"['neon', 'omen', 'skye', 'viper', 'waylay']",1,1,2,0.5,2,1.0,0.3457,0.3457,2,1,2,0,2D-1I-2C-0S,2,1.0,0.4969,0.6,1.0,1.0,61.95
Sentinels,Abyss,2026,astra|breach|tejo|waylay|yoru,"['astra', 'breach', 'tejo', 'waylay', 'yoru']",1,0,1,1.0,1,1.0,0.2181,0.2181,2,2,1,0,2D-2I-1C-0S,1,1.0,0.5538,0.5294,1.0,1.0,54.57
Sentinels,Bind,2026,brimstone|chamber|skye|viper|waylay,"['brimstone', 'chamber', 'skye', 'viper', 'waylay']",0,1,1,0.0,2,0.5,0.2181,0.109,1,1,2,1,1D-1I-2C-1S,1,0.5,0.5538,0.48,0.7,0.5,57.37
Sentinels,Bind,2026,harbor|neon|raze|skye|viper,"['harbor', 'neon', 'raze', 'skye', 'viper']",1,0,1,1.0,2,0.5,0.2181,0.109,2,1,2,0,2D-1I-2C-0S,1,0.5,0.5538,0.48,0.7,0.5,44.43
Sentinels,Breeze,2026,astra|neon|skye|viper|yoru,"['astra', 'neon', 'skye', 'viper', 'yoru']",0,1,1,0.0,4,0.25,0.2181,0.0545,2,1,2,0,2D-1I-2C-0S,4,1.0,0.5538,0.3889,0.55,0.25,40.91
Sentinels,Breeze,2026,harbor|iso|neon|sova|viper,"['harbor', 'iso', 'neon', 'sova', 'viper']",2,1,3,0.6666666666666666,4,0.75,0.4362,0.3272,2,1,2,0,2D-1I-2C-0S,4,1.0,0.5538,0.3889,0.85,0.75,47.47
Sentinels,Corrode,2026,fade|omen|tejo|viper|waylay,"['fade', 'omen', 'tejo', 'viper', 'waylay']",0,1,1,0.0,2,0.5,0.2181,0.109,1,2,2,0,1D-2I-2C-0S,1,0.5,0.5538,0.5294,0.8,0.5,48.39
Sentinels,Corrode,2026,neon|omen|sova|viper|waylay,"['neon', 'omen', 'sova', 'viper', 'waylay']",0,1,1,0.0,2,0.5,0.2181,0.109,2,1,2,0,2D-1I-2C-0S,1,0.5,0.5538,0.5294,0.8,0.5,35.02
Sentinels,Fracture,2026,brimstone|cypher|fade|neon|raze,"['brimstone', 'cypher', 'fade', 'neon', 'raze']",0,1,1,0.0,1,1.0,0.2181,0.2181,2,1,1,1,2D-1I-1C-1S,1,1.0,0.5538,0.4167,1.0,1.0,35.25
Sentinels,Haven,2026,killjoy|neon|omen|sova|viper,"['killjoy', 'neon', 'omen', 'sova', 'viper']",2,1,3,0.6666666666666666,3,1.0,0.4362,0.4362,1,1,2,1,1D-1I-2C-1S,3,1.0,0.5538,0.5333,1.0,1.0,61.22
Sentinels,Lotus,2026,fade|neon|omen|raze|vyse,"['fade', 'neon', 'omen', 'raze', 'vyse']",0,1,1,0.0,2,0.5,0.2181,0.109,2,1,1,1,2D-1I-1C-1S,1,0.5,0.5538,0.6304,0.8,0.5,35.25
Sentinels,Lotus,2026,fade|omen|raze|veto|viper,"['fade', 'omen', 'raze', 'veto', 'viper']",0,1,1,0.0,2,0.5,0.2181,0.109,1,1,2,1,1D-1I-2C-1S,1,0.5,0.5538,0.6304,0.8,0.5,66.66
Sentinels,Pearl,2026,astra|killjoy|sova|waylay|yoru,"['astra', 'killjoy', 'sova', 'waylay', 'yoru']",1,0,1,1.0,1,1.0,0.2181,0.2181,2,1,1,1,2D-1I-1C-1S,1,1.0,0.5538,0.619,1.0,1.0,50.02
Sentinels,Split,2026,fade|omen|viper|waylay|yoru,"['fade', 'omen', 'viper', 'waylay', 'yoru']",0,1,1,0.0,4,0.25,0.2181,0.0545,2,1,2,0,2D-1I-2C-0S,2,0.5,0.5538,0.6098,0.65,0.25,32.1
Sentinels,Split,2026,neon|omen|sage|skye|viper,"['neon', 'omen', 'sage', 'skye', 'viper']",1,1,2,0.5,4,0.5,0.3457,0.1728,1,1,2,1,1D-1I-2C-1S,2,0.5,0.5538,0.6098,0.7,0.5,68.06
Sentinels,Split,2026,omen|tejo|viper|waylay|yoru,"['omen', 'tejo', 'viper', 'waylay', 'yoru']",0,1,1,0.0,4,0.25,0.2181,0.0545,2,1,2,0,2D-1I-2C-0S,2,0.5,0.5538,0.6098,0.65,0.25,32.1
T1,Abyss,2026,astra|sova|tejo|waylay|yoru,"['astra', 'sova', 'tejo', 'waylay', 'yoru']",1,0,1,1.0,1,1.0,0.2181,0.2181,2,2,1,0,2D-2I-1C-0S,1,1.0,0.5294,0.4615,1.0,1.0,44.93
T1,Ascent,2026,jett|kayo|killjoy|omen|sova,"['jett', 'kayo', 'killjoy', 'omen', 'sova']",1,0,1,1.0,1,1.0,0.2181,0.2181,1,2,1,1,1D-2I-1C-1S,1,1.0,0.5294,0.5455,1.0,1.0,61.48
T1,Bind,2026,brimstone|chamber|neon|skye|viper,"['brimstone', 'chamber', 'neon', 'skye', 'viper']",1,1,2,0.5,6,0.3333,0.3457,0.1152,1,1,2,1,1D-1I-2C-1S,2,0.3333,0.5294,0.5312,0.6,0.3333,51.96
T1,Bind,2026,brimstone|fade|viper|waylay|yoru,"['brimstone', 'fade', 'viper', 'waylay', 'yoru']",4,0,4,1.0,6,0.6667,0.5064,0.3376,2,1,2,0,2D-1I-2C-0S,4,0.6667,0.5294,0.5312,0.8,0.6667,73.2
T1,Breeze,2026,astra|jett|sova|viper|yoru,"['astra', 'jett', 'sova', 'viper', 'yoru']",2,3,5,0.4,8,0.625,0.5638,0.3524,2,1,2,0,2D-1I-2C-0S,5,0.625,0.5294,0.5217,0.775,0.625,48.43
T1,Breeze,2026,harbor|kayo|neon|sova|viper,"['harbor', 'kayo', 'neon', 'sova', 'viper']",2,1,3,0.6666666666666666,8,0.375,0.4362,0.1636,1,2,2,0,1D-2I-2C-0S,3,0.375,0.5294,0.5217,0.625,0.375,49.03
T1,Corrode,2026,fade|omen|viper|waylay|yoru,"['fade', 'omen', 'viper', 'waylay', 'yoru']",0,1,1,0.0,1,1.0,0.2181,0.2181,2,1,2,0,2D-1I-2C-0S,1,1.0,0.5294,0.4667,1.0,1.0,44.72
T1,Haven,2026,astra|chamber|neon|phoenix|skye,"['astra', 'chamber', 'neon', 'phoenix', 'skye']",1,0,1,1.0,7,0.1429,0.2181,0.0312,2,1,1,1,2D-1I-1C-1S,4,0.5714,0.5294,0.5938,0.4,0.1429,63.4
T1,Haven,2026,chamber|neon|omen|phoenix|sova,"['chamber', 'neon', 'omen', 'phoenix', 'sova']",2,0,2,1.0,7,0.2857,0.3457,0.0988,2,1,1,1,2D-1I-1C-1S,4,0.5714,0.5294,0.5938,0.6857,0.4286,65.56
T1,Haven,2026,cypher|iso|omen|sova|yoru,"['cypher', 'iso', 'omen', 'sova', 'yoru']",0,1,1,0.0,7,0.1429,0.2181,0.0312,2,1,1,1,2D-1I-1C-1S,4,0.5714,0.5294,0.5938,0.4286,0.1429,62.09
T1,Haven,2026,killjoy|neon|omen|sova|viper,"['killjoy', 'neon', 'omen', 'sova', 'viper']",2,1,3,0.6666666666666666,7,0.4286,0.4362,0.187,1,1,2,1,1D-1I-2C-1S,3,0.4286,0.5294,0.5938,0.6857,0.4286,57.69
T1,Lotus,2026,fade|killjoy|neon|omen|viper,"['fade', 'killjoy', 'neon', 'omen', 'viper']",2,2,4,0.5,4,1.0,0.5064,0.5064,1,1,2,1,1D-1I-2C-1S,4,1.0,0.5294,0.5,1.0,1.0,55.16
T1,Pearl,2026,astra|chamber|killjoy|neon|skye,"['astra', 'chamber', 'killjoy', 'neon', 'skye']",3,0,3,1.0,8,0.375,0.4362,0.1636,1,1,1,2,1D-1I-1C-2S,3,0.375,0.5294,0.6667,0.75,0.375,75.91
T1,Pearl,2026,astra|killjoy|neon|sova|tejo,"['astra', 'killjoy', 'neon', 'sova', 'tejo']",1,1,2,0.5,8,0.25,0.3457,0.0864,1,2,1,1,1D-2I-1C-1S,2,0.25,0.5294,0.6667,0.775,0.25,47.52
T1,Pearl,2026,astra|killjoy|neon|sova|yoru,"['astra', 'killjoy', 'neon', 'sova', 'yoru']",2,1,3,0.6666666666666666,8,0.375,0.4362,0.1636,2,1,1,1,2D-1I-1C-1S,3,0.375,0.5294,0.6667,0.8,0.375,72.16
T1,Split,2026,fade|neon|omen|raze|viper,"['fade', 'neon', 'omen', 'raze', 'viper']",0,1,1,0.0,5,0.2,0.2181,0.0436,2,1,2,0,2D-1I-2C-0S,5,1.0,0.5294,0.4643,0.84,0.2,47.84
T1,Split,2026,fade|omen|raze|viper|yoru,"['fade', 'omen', 'raze', 'viper', 'yoru']",3,1,4,0.75,5,0.8,0.5064,0.4051,2,1,2,0,2D-1I-2C-0S,5,1.0,0.5294,0.4643,0.96,0.8,56.36
TYLOO,Abyss,2026,astra|sova|veto|waylay|yoru,"['astra', 'sova', 'veto', 'waylay', 'yoru']",1,1,2,0.5,2,1.0,0.3457,0.3457,2,1,1,1,2D-1I-1C-1S,2,1.0,0.4561,0.4615,1.0,1.0,41.64
TYLOO,Bind,2026,brimstone|fade|raze|viper|yoru,"['brimstone', 'fade', 'raze', 'viper', 'yoru']",1,0,1,1.0,6,0.1667,0.2181,0.0364,2,1,2,0,2D-1I-2C-0S,5,0.8333,0.4561,0.5652,0.5333,0.1667,57.84
TYLOO,Bind,2026,brimstone|neon|skye|viper|waylay,"['brimstone', 'neon', 'skye', 'viper', 'waylay']",3,1,4,0.75,6,0.6667,0.5064,0.3376,2,1,2,0,2D-1I-2C-0S,5,0.8333,0.4561,0.5652,0.8333,0.6667,62.28
TYLOO,Bind,2026,brimstone|raze|skye|tejo|viper,"['brimstone', 'raze', 'skye', 'tejo', 'viper']",0,1,1,0.0,6,0.1667,0.2181,0.0364,1,2,2,0,1D-2I-2C-0S,1,0.1667,0.4561,0.5652,0.6667,0.1667,51.79
TYLOO,Breeze,2026,astra|jett|kayo|sova|viper,"['astra', 'jett', 'kayo', 'sova', 'viper']",3,0,3,1.0,4,0.75,0.4362,0.3272,1,2,2,0,1D-2I-2C-0S,3,0.75,0.4561,0.6667,0.95,0.75,71.98
TYLOO,Breeze,2026,astra|jett|sova|viper|yoru,"['astra', 'jett', 'sova', 'viper', 'yoru']",1,0,1,1.0,4,0.25,0.2181,0.0545,2,1,2,0,2D-1I-2C-0S,1,0.25,0.4561,0.6667,0.85,0.25,67.65
TYLOO,Corrode,2026,fade|neon|omen|viper|yoru,"['fade', 'neon', 'omen', 'viper', 'yoru']",2,2,4,0.5,4,1.0,0.5064,0.5064,2,1,2,0,2D-1I-2C-0S,4,1.0,0.4561,0.5294,1.0,1.0,53.38
TYLOO,Fracture,2026,brimstone|cypher|neon|phoenix|tejo,"['brimstone', 'cypher', 'neon', 'phoenix', 'tejo']",1,0,1,1.0,4,0.25,0.2181,0.0545,2,1,1,1,2D-1I-1C-1S,1,0.25,0.4561,0.5556,0.85,0.25,47.7
TYLOO,Fracture,2026,brimstone|cypher|neon|skye|tejo,"['brimstone', 'cypher', 'neon', 'skye', 'tejo']",2,1,3,0.6666666666666666,4,0.75,0.4362,0.3272,1,2,1,1,1D-2I-1C-1S,3,0.75,0.4561,0.5556,0.95,0.75,49.85
TYLOO,Haven,2026,cypher|fade|neon|omen|phoenix,"['cypher', 'fade', 'neon', 'omen', 'phoenix']",0,1,1,0.0,8,0.125,0.2181,0.0273,2,1,1,1,2D-1I-1C-1S,3,0.375,0.4561,0.4074,0.55,0.125,40.22
TYLOO,Haven,2026,cypher|neon|omen|sova|viper,"['cypher', 'neon', 'omen', 'sova', 'viper']",0,1,1,0.0,8,0.125,0.2181,0.0273,1,1,2,1,1D-1I-2C-1S,5,0.625,0.4561,0.4074,0.8,0.5,44.99
TYLOO,Haven,2026,cypher|neon|omen|sova|waylay,"['cypher', 'neon', 'omen', 'sova', 'waylay']",2,0,2,1.0,8,0.25,0.3457,0.0864,2,1,1,1,2D-1I-1C-1S,3,0.375,0.4561,0.4074,0.725,0.25,49.61
TYLOO,Haven,2026,killjoy|neon|omen|sova|viper,"['killjoy', 'neon', 'omen', 'sova', 'viper']",2,2,4,0.5,8,0.5,0.5064,0.2532,1,1,2,1,1D-1I-2C-1S,5,0.625,0.4561,0.4074,0.8,0.5,48.42
TYLOO,Pearl,2026,astra|chamber|fade|neon|phoenix,"['astra', 'chamber', 'fade', 'neon', 'phoenix']",0,1,1,0.0,6,0.1667,0.2181,0.0364,2,1,1,1,2D-1I-1C-1S,6,1.0,0.4561,0.3158,0.7,0.1667,26.82
TYLOO,Pearl,2026,astra|cypher|fade|neon|phoenix,"['astra', 'cypher', 'fade', 'neon', 'phoenix']",0,2,2,0.0,6,0.3333,0.3457,0.1152,2,1,1,1,2D-1I-1C-1S,6,1.0,0.4561,0.3158,0.7333,0.3333,25.24
TYLOO,Pearl,2026,astra|fade|killjoy|neon|phoenix,"['astra', 'fade', 'killjoy', 'neon', 'phoenix']",0,1,1,0.0,6,0.1667,0.2181,0.0364,2,1,1,1,2D-1I-1C-1S,6,1.0,0.4561,0.3158,0.7667,0.5,26.82
TYLOO,Pearl,2026,astra|killjoy|neon|sova|yoru,"['astra', 'killjoy', 'neon', 'sova', 'yoru']",1,1,2,0.5,6,0.3333,0.3457,0.1152,2,1,1,1,2D-1I-1C-1S,6,1.0,0.4561,0.3158,0.6333,0.3333,31.13
TYLOO,Split,2026,fade|omen|viper|waylay|yoru,"['fade', 'omen', 'viper', 'waylay', 'yoru']",2,1,3,0.6666666666666666,7,0.4286,0.4362,0.187,2,1,2,0,2D-1I-2C-0S,7,1.0,0.4561,0.4783,0.7714,0.4286,57.6
TYLOO,Split,2026,neon|omen|skye|viper|waylay,"['neon', 'omen', 'skye', 'viper', 'waylay']",2,2,4,0.5,7,0.5714,0.5064,0.2894,2,1,2,0,2D-1I-2C-0S,7,1.0,0.4561,0.4783,0.8286,0.5714,54.57
Team Heretics,Abyss,2026,astra|cypher|jett|kayo|sova,"['astra', 'cypher', 'jett', 'kayo', 'sova']",0,2,2,0.0,3,0.6667,0.3457,0.2305,1,2,1,1,1D-2I-1C-1S,2,0.6667,0.5974,0.375,0.8,0.6667,35.38
Team Heretics,Abyss,2026,astra|sova|veto|waylay|yoru,"['astra', 'sova', 'veto', 'waylay', 'yoru']",0,1,1,0.0,3,0.3333,0.2181,0.0727,2,1,1,1,2D-1I-1C-1S,1,0.3333,0.5974,0.375,0.6,0.3333,57.07
Team Heretics,Ascent,2026,cypher|jett|neon|omen|sova,"['cypher', 'jett', 'neon', 'omen', 'sova']",4,0,4,1.0,4,1.0,0.5064,0.5064,2,1,1,1,2D-1I-1C-1S,4,1.0,0.5974,0.6,1.0,1.0,77.38
Team Heretics,Bind,2026,astra|chamber|neon|skye|viper,"['astra', 'chamber', 'neon', 'skye', 'viper']",0,2,2,0.0,5,0.4,0.3457,0.1383,1,1,2,1,1D-1I-2C-1S,2,0.4,0.5974,0.6286,0.52,0.4,33.75
Team Heretics,Bind,2026,brimstone|fade|gekko|viper|waylay,"['brimstone', 'fade', 'gekko', 'viper', 'waylay']",1,1,2,0.5,5,0.4,0.3457,0.1383,1,2,2,0,1D-2I-2C-0S,2,0.4,0.5974,0.6286,0.6,0.4,69.93
Team Heretics,Bind,2026,brimstone|fade|raze|viper|yoru,"['brimstone', 'fade', 'raze', 'viper', 'yoru']",0,1,1,0.0,5,0.2,0.2181,0.0436,2,1,2,0,2D-1I-2C-0S,1,0.2,0.5974,0.6286,0.52,0.2,50.64
Team Heretics,Breeze,2026,chamber|neon|sage|sova|viper,"['chamber', 'neon', 'sage', 'sova', 'viper']",3,1,4,0.75,4,1.0,0.5064,0.5064,1,1,1,2,1D-1I-1C-2S,4,1.0,0.5974,0.5263,1.0,1.0,63.09
Team Heretics,Corrode,2026,brimstone|fade|jett|tejo|viper,"['brimstone', 'fade', 'jett', 'tejo', 'viper']",1,0,1,1.0,1,1.0,0.2181,0.2181,1,2,2,0,1D-2I-2C-0S,1,1.0,0.5974,0.5714,1.0,1.0,72.52
Team Heretics,Fracture,2026,brimstone|cypher|fade|neon|raze,"['brimstone', 'cypher', 'fade', 'neon', 'raze']",4,1,5,0.8,5,1.0,0.5638,0.5638,2,1,1,1,2D-1I-1C-1S,5,1.0,0.5974,0.5263,1.0,1.0,70.14
Team Heretics,Haven,2026,cypher|jett|neon|omen|sova,"['cypher', 'jett', 'neon', 'omen', 'sova']",1,1,2,0.5,8,0.25,0.3457,0.0864,2,1,1,1,2D-1I-1C-1S,8,1.0,0.5974,0.6471,0.85,0.25,72.64
Team Heretics,Haven,2026,cypher|neon|omen|phoenix|sova,"['cypher', 'neon', 'omen', 'phoenix', 'sova']",0,1,1,0.0,8,0.125,0.2181,0.0273,2,1,1,1,2D-1I-1C-1S,8,1.0,0.5974,0.6471,0.825,0.125,70.93
Team Heretics,Haven,2026,cypher|neon|omen|sova|yoru,"['cypher', 'neon', 'omen', 'sova', 'yoru']",4,1,5,0.8,8,0.625,0.5638,0.3524,2,1,1,1,2D-1I-1C-1S,8,1.0,0.5974,0.6471,0.925,0.625,76.74
Team Heretics,Lotus,2026,chamber|harbor|neon|omen|skye,"['chamber', 'harbor', 'neon', 'omen', 'skye']",0,1,1,0.0,9,0.1111,0.2181,0.0242,1,1,2,1,1D-1I-2C-1S,1,0.1111,0.5974,0.5769,0.4667,0.1111,47.17
Team Heretics,Lotus,2026,fade|neon|omen|raze|vyse,"['fade', 'neon', 'omen', 'raze', 'vyse']",6,2,8,0.75,9,0.8889,0.6914,0.6146,2,1,1,1,2D-1I-1C-1S,8,0.8889,0.5974,0.5769,0.9333,0.8889,72.09
Team Heretics,Pearl,2026,astra|chamber|harbor|neon|skye,"['astra', 'chamber', 'harbor', 'neon', 'skye']",1,1,2,0.5,4,0.5,0.3457,0.1728,1,1,2,1,1D-1I-2C-1S,2,0.5,0.5974,0.4737,0.7,0.5,46.99
Team Heretics,Pearl,2026,astra|cypher|fade|jett|neon,"['astra', 'cypher', 'fade', 'jett', 'neon']",0,1,1,0.0,4,0.25,0.2181,0.0545,2,1,1,1,2D-1I-1C-1S,2,0.5,0.5974,0.4737,0.65,0.25,51.54
Team Heretics,Pearl,2026,astra|cypher|fade|neon|phoenix,"['astra', 'cypher', 'fade', 'neon', 'phoenix']",0,1,1,0.0,4,0.25,0.2181,0.0545,2,1,1,1,2D-1I-1C-1S,2,0.5,0.5974,0.4737,0.65,0.25,51.54
Team Heretics,Split,2026,astra|fade|neon|raze|vyse,"['astra', 'fade', 'neon', 'raze', 'vyse']",2,0,2,1.0,3,0.6667,0.3457,0.2305,2,1,1,1,2D-1I-1C-1S,2,0.6667,0.5974,0.4643,0.8,0.6667,72.88
Team Heretics,Split,2026,fade|omen|raze|viper|yoru,"['fade', 'omen', 'raze', 'viper', 'yoru']",0,1,1,0.0,3,0.3333,0.2181,0.0727,2,1,2,0,2D-1I-2C-0S,1,0.3333,0.5974,0.4643,0.6,0.3333,37.95
Team Liquid,Abyss,2026,astra|harbor|neon|skye|yoru,"['astra', 'harbor', 'neon', 'skye', 'yoru']",0,1,1,0.0,4,0.25,0.2181,0.0545,2,1,2,0,2D-1I-2C-0S,1,0.25,0.5363,0.5909,0.35,0.25,53.8
Team Liquid,Abyss,2026,breach|cypher|omen|tejo|waylay,"['breach', 'cypher', 'omen', 'tejo', 'waylay']",0,1,1,0.0,4,0.25,0.2181,0.0545,1,2,1,1,1D-2I-1C-1S,1,0.25,0.5363,0.5909,0.55,0.25,52.25
Team Liquid,Abyss,2026,cypher|neon|omen|sova|waylay,"['cypher', 'neon', 'omen', 'sova', 'waylay']",1,0,1,1.0,4,0.25,0.2181,0.0545,2,1,1,1,2D-1I-1C-1S,2,0.5,0.5363,0.5909,0.65,0.5,63.9
Team Liquid,Abyss,2026,cypher|omen|sova|waylay|yoru,"['cypher', 'omen', 'sova', 'waylay', 'yoru']",1,0,1,1.0,4,0.25,0.2181,0.0545,2,1,1,1,2D-1I-1C-1S,2,0.5,0.5363,0.5909,0.65,0.5,63.9
Team Liquid,Ascent,2026,cypher|neon|omen|phoenix|sova,"['cypher', 'neon', 'omen', 'phoenix', 'sova']",1,1,2,0.5,2,1.0,0.3457,0.3457,2,1,1,1,2D-1I-1C-1S,2,1.0,0.5363,0.5833,1.0,1.0,49.18
Team Liquid,Bind,2026,brimstone|gekko|skye|viper|waylay,"['brimstone', 'gekko', 'skye', 'viper', 'waylay']",1,0,1,1.0,7,0.1429,0.2181,0.0312,1,2,2,0,1D-2I-2C-0S,1,0.1429,0.5363,0.6562,0.7714,0.1429,63.76
Team Liquid,Bind,2026,brimstone|neon|phoenix|skye|viper,"['brimstone', 'neon', 'phoenix', 'skye', 'viper']",2,0,2,1.0,7,0.2857,0.3457,0.0988,2,1,2,0,2D-1I-2C-0S,6,0.8571,0.5363,0.6562,0.8286,0.2857,75.67
Team Liquid,Bind,2026,brimstone|neon|skye|viper|waylay,"['brimstone', 'neon', 'skye', 'viper', 'waylay']",3,1,4,0.75,7,0.5714,0.5064,0.2894,2,1,2,0,2D-1I-2C-0S,6,0.8571,0.5363,0.6562,0.9143,0.7143,72.97
Team Liquid,Breeze,2026,astra|jett|sova|viper|yoru,"['astra', 'jett', 'sova', 'viper', 'yoru']",1,1,2,0.5,8,0.25,0.3457,0.0864,2,1,2,0,2D-1I-2C-0S,7,0.875,0.5363,0.5263,0.675,0.25,64.6
Team Liquid,Breeze,2026,kayo|neon|omen|sova|viper,"['kayo', 'neon', 'omen', 'sova', 'viper']",0,1,1,0.0,8,0.125,0.2181,0.0273,1,2,2,0,1D-2I-2C-0S,1,0.125,0.5363,0.5263,0.725,0.125,45.47
Team Liquid,Breeze,2026,neon|omen|sova|viper|yoru,"['neon', 'omen', 'sova', 'viper', 'yoru']",4,1,5,0.8,8,0.625,0.5638,0.3524,2,1,2,0,2D-1I-2C-0S,7,0.875,0.5363,0.5263,0.875,0.75,69.91
Team Liquid,Corrode,2026,astra|kayo|omen|sova|waylay,"['astra', 'kayo', 'omen', 'sova', 'waylay']",0,2,2,0.0,4,0.5,0.3457,0.1728,1,2,2,0,1D-2I-2C-0S,2,0.5,0.5363,0.3889,0.65,0.5,39.93
Team Liquid,Corrode,2026,brimstone|neon|sage|skye|waylay,"['brimstone', 'neon', 'sage', 'skye', 'waylay']",1,0,1,1.0,4,0.25,0.2181,0.0545,2,1,1,1,2D-1I-1C-1S,2,0.5,0.5363,0.3889,0.4,0.25,52.25
Team Liquid,Corrode,2026,cypher|fade|omen|waylay|yoru,"['cypher', 'fade', 'omen', 'waylay', 'yoru']",0,1,1,0.0,4,0.25,0.2181,0.0545,2,1,1,1,2D-1I-1C-1S,2,0.5,0.5363,0.3889,0.5,0.25,46.0
Team Liquid,Fracture,2026,breach|brimstone|killjoy|neon|raze,"['breach', 'brimstone', 'killjoy', 'neon', 'raze']",0,1,1,0.0,1,1.0,0.2181,0.2181,2,1,1,1,2D-1I-1C-1S,1,1.0,0.5363,0.4737,1.0,1.0,45.84
Team Liquid,Haven,2026,killjoy|neon|omen|phoenix|skye,"['killjoy', 'neon', 'omen', 'phoenix', 'skye']",1,1,2,0.5,2,1.0,0.3457,0.3457,2,1,1,1,2D-1I-1C-1S,2,1.0,0.5363,0.5,1.0,1.0,52.39
Team Liquid,Lotus,2026,cypher|fade|neon|omen|raze,"['cypher', 'fade', 'neon', 'omen', 'raze']",2,1,3,0.6666666666666666,3,1.0,0.4362,0.4362,2,1,1,1,2D-1I-1C-1S,3,1.0,0.5363,0.5484,1.0,1.0,61.02
Team Liquid,Pearl,2026,astra|fade|killjoy|neon|phoenix,"['astra', 'fade', 'killjoy', 'neon', 'phoenix']",2,1,3,0.6666666666666666,7,0.4286,0.4362,0.187,2,1,1,1,2D-1I-1C-1S,6,0.8571,0.5363,0.4286,0.6286,0.4286,59.96
Team Liquid,Pearl,2026,brimstone|fade|killjoy|waylay|yoru,"['brimstone', 'fade', 'killjoy', 'waylay', 'yoru']",2,1,3,0.6666666666666666,7,0.4286,0.4362,0.187,2,1,1,1,2D-1I-1C-1S,6,0.8571,0.5363,0.4286,0.6286,0.4286,59.96
Team Liquid,Pearl,2026,harbor|neon|skye|viper|waylay,"['harbor', 'neon', 'skye', 'viper', 'waylay']",0,1,1,0.0,7,0.1429,0.2181,0.0312,2,1,2,0,2D-1I-2C-0S,1,0.1429,0.5363,0.4286,0.3143,0.1429,53.8
Team Liquid,Split,2026,astra|fade|neon|raze|viper,"['astra', 'fade', 'neon', 'raze', 'viper']",0,1,1,0.0,7,0.1429,0.2181,0.0312,2,1,2,0,2D-1I-2C-0S,7,1.0,0.5363,0.5455,0.7429,0.5714,61.32
Team Liquid,Split,2026,astra|fade|raze|viper|yoru,"['astra', 'fade', 'raze', 'viper', 'yoru']",1,1,2,0.5,7,0.2857,0.3457,0.0988,2,1,2,0,2D-1I-2C-0S,7,1.0,0.5363,0.5455,0.7143,0.4286,67.18
Team Liquid,Split,2026,astra|neon|raze|skye|viper,"['astra', 'neon', 'raze', 'skye', 'viper']",2,0,2,1.0,7,0.2857,0.3457,0.0988,2,1,2,0,2D-1I-2C-0S,7,1.0,0.5363,0.5455,0.7143,0.4286,69.47
Team Liquid,Split,2026,fade|omen|raze|viper|yoru,"['fade', 'omen', 'raze', 'viper', 'yoru']",0,1,1,0.0,7,0.1429,0.2181,0.0312,2,1,2,0,2D-1I-2C-0S,7,1.0,0.5363,0.5455,0.6286,0.2857,61.32
Team Liquid,Split,2026,neon|omen|skye|viper|waylay,"['neon', 'omen', 'skye', 'viper', 'waylay']",1,0,1,1.0,7,0.1429,0.2181,0.0312,2,1,2,0,2D-1I-2C-0S,7,1.0,0.5363,0.5455,0.4857,0.1429,67.57
Team Secret,Abyss,2026,astra|jett|sova|vyse|yoru,"['astra', 'jett', 'sova', 'vyse', 'yoru']",0,1,1,0.0,1,1.0,0.2181,0.2181,2,1,1,1,2D-1I-1C-1S,1,1.0,0.4078,0.4615,1.0,1.0,40.67
Team Secret,Bind,2026,brimstone|fade|raze|viper|yoru,"['brimstone', 'fade', 'raze', 'viper', 'yoru']",1,0,1,1.0,2,0.5,0.2181,0.109,2,1,2,0,2D-1I-2C-0S,2,1.0,0.4078,0.5385,0.9,0.5,46.41
Team Secret,Bind,2026,brimstone|fade|viper|waylay|yoru,"['brimstone', 'fade', 'viper', 'waylay', 'yoru']",0,1,1,0.0,2,0.5,0.2181,0.109,2,1,2,0,2D-1I-2C-0S,2,1.0,0.4078,0.5385,0.9,0.5,40.16
Team Secret,Breeze,2026,astra|jett|kayo|sova|viper,"['astra', 'jett', 'kayo', 'sova', 'viper']",0,1,1,0.0,3,0.3333,0.2181,0.0727,1,2,2,0,1D-2I-2C-0S,3,1.0,0.4078,0.45,0.8667,0.3333,43.3
Team Secret,Breeze,2026,astra|kayo|neon|sova|viper,"['astra', 'kayo', 'neon', 'sova', 'viper']",1,1,2,0.5,3,0.6667,0.3457,0.2305,1,2,2,0,1D-2I-2C-0S,3,1.0,0.4078,0.45,0.9333,0.6667,46.64
Team Secret,Fracture,2026,brimstone|cypher|neon|skye|tejo,"['brimstone', 'cypher', 'neon', 'skye', 'tejo']",1,1,2,0.5,2,1.0,0.3457,0.3457,1,2,1,1,1D-2I-1C-1S,2,1.0,0.4078,0.4615,1.0,1.0,44.48
Team Secret,Haven,2026,killjoy|neon|omen|sova|viper,"['killjoy', 'neon', 'omen', 'sova', 'viper']",0,1,1,0.0,1,1.0,0.2181,0.2181,1,1,2,1,1D-1I-2C-1S,1,1.0,0.4078,0.3125,1.0,1.0,34.93
Team Secret,Lotus,2026,fade|neon|omen|viper|vyse,"['fade', 'neon', 'omen', 'viper', 'vyse']",0,2,2,0.0,2,1.0,0.3457,0.3457,1,1,2,1,1D-1I-2C-1S,2,1.0,0.4078,0.3571,1.0,1.0,31.07
Team Secret,Pearl,2026,astra|chamber|killjoy|neon|skye,"['astra', 'chamber', 'killjoy', 'neon', 'skye']",0,2,2,0.0,2,1.0,0.3457,0.3457,1,1,1,2,1D-1I-1C-2S,2,1.0,0.4078,0.375,1.0,1.0,31.02
Team Secret,Split,2026,astra|cypher|neon|skye|viper,"['astra', 'cypher', 'neon', 'skye', 'viper']",0,1,1,0.0,6,0.1667,0.2181,0.0364,1,1,2,1,1D-1I-2C-1S,3,0.5,0.4078,0.4545,0.5333,0.1667,47.46
Team Secret,Split,2026,cypher|neon|omen|skye|viper,"['cypher', 'neon', 'omen', 'skye', 'viper']",1,1,2,0.5,6,0.3333,0.3457,0.1152,1,1,2,1,1D-1I-2C-1S,3,0.5,0.4078,0.4545,0.6667,0.5,50.55
Team Secret,Split,2026,fade|omen|raze|viper|yoru,"['fade', 'omen', 'raze', 'viper', 'yoru']",0,1,1,0.0,6,0.1667,0.2181,0.0364,2,1,2,0,2D-1I-2C-0S,3,0.5,0.4078,0.4545,0.6,0.1667,26.1
Team Secret,Split,2026,fade|omen|viper|waylay|yoru,"['fade', 'omen', 'viper', 'waylay', 'yoru']",0,2,2,0.0,6,0.3333,0.3457,0.1152,2,1,2,0,2D-1I-2C-0S,3,0.5,0.4078,0.4545,0.6333,0.3333,26.1
Team Vitality,Abyss,2026,astra|sova|veto|waylay|yoru,"['astra', 'sova', 'veto', 'waylay', 'yoru']",1,2,3,0.3333333333333333,3,1.0,0.4362,0.4362,2,1,1,1,2D-1I-1C-1S,3,1.0,0.5063,0.5,1.0,1.0,40.18
Team Vitality,Ascent,2026,neon|omen|phoenix|sova|vyse,"['neon', 'omen', 'phoenix', 'sova', 'vyse']",0,2,2,0.0,2,1.0,0.3457,0.3457,2,1,1,1,2D-1I-1C-1S,2,1.0,0.5063,0.4545,1.0,1.0,32.36
Team Vitality,Bind,2026,brimstone|fade|neon|phoenix|viper,"['brimstone', 'fade', 'neon', 'phoenix', 'viper']",0,1,1,0.0,3,0.3333,0.2181,0.0727,2,1,2,0,2D-1I-2C-0S,1,0.3333,0.5063,0.3846,0.6,0.3333,42.78
Team Vitality,Bind,2026,brimstone|raze|skye|tejo|viper,"['brimstone', 'raze', 'skye', 'tejo', 'viper']",0,2,2,0.0,3,0.6667,0.3457,0.2305,1,2,2,0,1D-2I-2C-0S,2,0.6667,0.5063,0.3846,0.8,0.6667,45.01
Team Vitality,Breeze,2026,harbor|jett|kayo|sova|viper,"['harbor', 'jett', 'kayo', 'sova', 'viper']",2,2,4,0.5,8,0.5,0.5064,0.2532,1,2,2,0,1D-2I-2C-0S,4,0.5,0.5063,0.6087,0.8,0.5,48.53
Team Vitality,Breeze,2026,jett|omen|sova|viper|yoru,"['jett', 'omen', 'sova', 'viper', 'yoru']",3,1,4,0.75,8,0.5,0.5064,0.2532,2,1,2,0,2D-1I-2C-0S,4,0.5,0.5063,0.6087,0.8,0.5,61.01
Team Vitality,Corrode,2026,astra|chamber|phoenix|sova|yoru,"['astra', 'chamber', 'phoenix', 'sova', 'yoru']",3,0,3,1.0,3,1.0,0.4362,0.4362,2,1,1,1,2D-1I-1C-1S,3,1.0,0.5063,0.6429,1.0,1.0,64.11
Team Vitality,Haven,2026,cypher|neon|omen|phoenix|sova,"['cypher', 'neon', 'omen', 'phoenix', 'sova']",1,1,2,0.5,6,0.3333,0.3457,0.1152,2,1,1,1,2D-1I-1C-1S,2,0.3333,0.5063,0.4,0.7,0.3333,39.58
Team Vitality,Haven,2026,killjoy|neon|omen|sova|viper,"['killjoy', 'neon', 'omen', 'sova', 'viper']",2,1,3,0.6666666666666666,6,0.5,0.4362,0.2181,1,1,2,1,1D-1I-2C-1S,4,0.6667,0.5063,0.4,0.8333,0.6667,54.36
Team Vitality,Haven,2026,killjoy|omen|sova|viper|yoru,"['killjoy', 'omen', 'sova', 'viper', 'yoru']",0,1,1,0.0,6,0.1667,0.2181,0.0364,1,1,2,1,1D-1I-2C-1S,4,0.6667,0.5063,0.4,0.7,0.1667,48.66
Team Vitality,Lotus,2026,fade|killjoy|neon|omen|viper,"['fade', 'killjoy', 'neon', 'omen', 'viper']",0,1,1,0.0,4,0.25,0.2181,0.0545,1,1,2,1,1D-1I-2C-1S,4,1.0,0.5063,0.5278,0.75,0.25,49.75
Team Vitality,Lotus,2026,fade|neon|omen|viper|vyse,"['fade', 'neon', 'omen', 'viper', 'vyse']",1,0,1,1.0,4,0.25,0.2181,0.0545,1,1,2,1,1D-1I-2C-1S,4,1.0,0.5063,0.5278,0.85,0.5,56.0
Team Vitality,Lotus,2026,fade|omen|raze|viper|vyse,"['fade', 'omen', 'raze', 'viper', 'vyse']",1,1,2,0.5,4,0.5,0.3457,0.1728,1,1,2,1,1D-1I-2C-1S,4,1.0,0.5063,0.5278,0.85,0.5,56.35
Team Vitality,Pearl,2026,astra|chamber|kayo|neon|sova,"['astra', 'chamber', 'kayo', 'neon', 'sova']",4,0,4,1.0,5,0.8,0.5064,0.4051,1,2,1,1,1D-2I-1C-1S,5,1.0,0.5063,0.6,0.84,0.8,70.27
Team Vitality,Pearl,2026,astra|fade|sage|tejo|yoru,"['astra', 'fade', 'sage', 'tejo', 'yoru']",0,1,1,0.0,5,0.2,0.2181,0.0436,1,2,1,1,1D-2I-1C-1S,5,1.0,0.5063,0.6,0.36,0.2,58.44
Team Vitality,Split,2026,fade|neon|omen|raze|viper,"['fade', 'neon', 'omen', 'raze', 'viper']",2,2,4,0.5,4,1.0,0.5064,0.5064,2,1,2,0,2D-1I-2C-0S,4,1.0,0.5063,0.5,1.0,1.0,47.47
Titan Esports Club,Abyss,2026,astra|neon|sova|tejo|waylay,"['astra', 'neon', 'sova', 'tejo', 'waylay']",0,1,1,0.0,1,1.0,0.2181,0.2181,2,2,1,0,2D-2I-1C-0S,1,1.0,0.4,0.5,1.0,1.0,32.05
Titan Esports Club,Bind,2026,brimstone|chamber|skye|viper|waylay,"['brimstone', 'chamber', 'skye', 'viper', 'waylay']",1,0,1,1.0,3,0.3333,0.2181,0.0727,1,1,2,1,1D-1I-2C-1S,1,0.3333,0.4,0.4762,0.8,0.3333,54.02
Titan Esports Club,Bind,2026,brimstone|fade|tejo|viper|waylay,"['brimstone', 'fade', 'tejo', 'viper', 'waylay']",0,1,1,0.0,3,0.3333,0.2181,0.0727,1,2,2,0,1D-2I-2C-0S,1,0.3333,0.4,0.4762,0.7333,0.3333,27.07
Titan Esports Club,Bind,2026,brimstone|neon|skye|viper|waylay,"['brimstone', 'neon', 'skye', 'viper', 'waylay']",1,0,1,1.0,3,0.3333,0.2181,0.0727,2,1,2,0,2D-1I-2C-0S,1,0.3333,0.4,0.4762,0.8,0.3333,47.68
Titan Esports Club,Breeze,2026,astra|neon|sova|viper|waylay,"['astra', 'neon', 'sova', 'viper', 'waylay']",1,1,2,0.5,6,0.3333,0.3457,0.1152,2,1,2,0,2D-1I-2C-0S,6,1.0,0.4,0.5,0.8333,0.5,38.21
Titan Esports Club,Breeze,2026,astra|neon|sova|viper|yoru,"['astra', 'neon', 'sova', 'viper', 'yoru']",1,1,2,0.5,6,0.3333,0.3457,0.1152,2,1,2,0,2D-1I-2C-0S,6,1.0,0.4,0.5,0.8,0.3333,38.21
Titan Esports Club,Breeze,2026,harbor|neon|phoenix|sova|viper,"['harbor', 'neon', 'phoenix', 'sova', 'viper']",0,1,1,0.0,6,0.1667,0.2181,0.0364,2,1,2,0,2D-1I-2C-0S,6,1.0,0.4,0.5,0.7,0.1667,34.34
Titan Esports Club,Breeze,2026,harbor|neon|sova|viper|waylay,"['harbor', 'neon', 'sova', 'viper', 'waylay']",0,1,1,0.0,6,0.1667,0.2181,0.0364,2,1,2,0,2D-1I-2C-0S,6,1.0,0.4,0.5,0.7667,0.3333,34.34
Titan Esports Club,Corrode,2026,kayo|omen|sova|viper|waylay,"['kayo', 'omen', 'sova', 'viper', 'waylay']",1,1,2,0.5,2,1.0,0.3457,0.3457,1,2,2,0,1D-2I-2C-0S,2,1.0,0.4,0.4615,1.0,1.0,38.15
Titan Esports Club,Fracture,2026,brimstone|cypher|neon|raze|skye,"['brimstone', 'cypher', 'neon', 'raze', 'skye']",0,1,1,0.0,6,0.1667,0.2181,0.0364,2,1,1,1,2D-1I-1C-1S,6,1.0,0.4,0.4783,0.8333,0.1667,47.42
Titan Esports Club,Fracture,2026,brimstone|cypher|neon|skye|waylay,"['brimstone', 'cypher', 'neon', 'skye', 'waylay']",3,2,5,0.6,6,0.8333,0.5638,0.4698,2,1,1,1,2D-1I-1C-1S,6,1.0,0.4,0.4783,0.9667,0.8333,52.93
Titan Esports Club,Haven,2026,cypher|neon|omen|sova|waylay,"['cypher', 'neon', 'omen', 'sova', 'waylay']",0,1,1,0.0,4,0.25,0.2181,0.0545,2,1,1,1,2D-1I-1C-1S,1,0.25,0.4,0.4286,0.7,0.25,39.79
Titan Esports Club,Haven,2026,killjoy|neon|omen|sova|viper,"['killjoy', 'neon', 'omen', 'sova', 'viper']",2,1,3,0.6666666666666666,4,0.75,0.4362,0.3272,1,1,2,1,1D-1I-2C-1S,3,0.75,0.4,0.4286,0.9,0.75,63.31
Titan Esports Club,Lotus,2026,fade|neon|omen|raze|vyse,"['fade', 'neon', 'omen', 'raze', 'vyse']",0,1,1,0.0,2,0.5,0.2181,0.109,2,1,1,1,2D-1I-1C-1S,1,0.5,0.4,0.3846,0.8,0.5,43.4
Titan Esports Club,Lotus,2026,fade|neon|omen|viper|waylay,"['fade', 'neon', 'omen', 'viper', 'waylay']",0,1,1,0.0,2,0.5,0.2181,0.109,2,1,2,0,2D-1I-2C-0S,1,0.5,0.4,0.3846,0.8,0.5,32.91
Titan Esports Club,Pearl,2026,astra|fade|killjoy|neon|phoenix,"['astra', 'fade', 'killjoy', 'neon', 'phoenix']",1,0,1,1.0,1,1.0,0.2181,0.2181,2,1,1,1,2D-1I-1C-1S,1,1.0,0.4,0.5,1.0,1.0,58.18
Titan Esports Club,Split,2026,fade|neon|omen|viper|yoru,"['fade', 'neon', 'omen', 'viper', 'yoru']",0,2,2,0.0,6,0.3333,0.3457,0.1152,2,1,2,0,2D-1I-2C-0S,6,1.0,0.4,0.3913,0.7333,0.3333,28.73
Titan Esports Club,Split,2026,neon|omen|raze|skye|viper,"['neon', 'omen', 'raze', 'skye', 'viper']",0,1,1,0.0,6,0.1667,0.2181,0.0364,2,1,2,0,2D-1I-2C-0S,6,1.0,0.4,0.3913,0.7667,0.1667,30.53
Titan Esports Club,Split,2026,neon|omen|skye|viper|waylay,"['neon', 'omen', 'skye', 'viper', 'waylay']",1,2,3,0.3333333333333333,6,0.5,0.4362,0.2181,2,1,2,0,2D-1I-2C-0S,6,1.0,0.4,0.3913,0.8333,0.5,32.69
Trace Esports,Abyss,2026,astra|breach|sova|waylay|yoru,"['astra', 'breach', 'sova', 'waylay', 'yoru']",1,3,4,0.25,4,1.0,0.5064,0.5064,2,2,1,0,2D-2I-1C-0S,4,1.0,0.4904,0.35,1.0,1.0,31.59
Trace Esports,Ascent,2026,jett|omen|phoenix|sova|vyse,"['jett', 'omen', 'phoenix', 'sova', 'vyse']",0,1,1,0.0,1,1.0,0.2181,0.2181,2,1,1,1,2D-1I-1C-1S,1,1.0,0.4904,0.619,1.0,1.0,41.41
Trace Esports,Bind,2026,brimstone|fade|raze|viper|yoru,"['brimstone', 'fade', 'raze', 'viper', 'yoru']",1,1,2,0.5,5,0.4,0.3457,0.1383,2,1,2,0,2D-1I-2C-0S,5,1.0,0.4904,0.4375,0.64,0.4,49.4
Trace Esports,Bind,2026,brimstone|neon|skye|viper|waylay,"['brimstone', 'neon', 'skye', 'viper', 'waylay']",1,2,3,0.3333333333333333,5,0.6,0.4362,0.2617,2,1,2,0,2D-1I-2C-0S,5,1.0,0.4904,0.4375,0.76,0.6,46.66
Trace Esports,Breeze,2026,jett|omen|phoenix|sova|viper,"['jett', 'omen', 'phoenix', 'sova', 'viper']",2,1,3,0.6666666666666666,4,0.75,0.4362,0.3272,2,1,2,0,2D-1I-2C-0S,4,1.0,0.4904,0.4737,0.95,0.75,54.99
Trace Esports,Breeze,2026,jett|omen|sova|viper|yoru,"['jett', 'omen', 'sova', 'viper', 'yoru']",0,1,1,0.0,4,0.25,0.2181,0.0545,2,1,2,0,2D-1I-2C-0S,4,1.0,0.4904,0.4737,0.85,0.25,49.36
Trace Esports,Corrode,2026,fade|kayo|omen|viper|waylay,"['fade', 'kayo', 'omen', 'viper', 'waylay']",1,0,1,1.0,1,1.0,0.2181,0.2181,1,2,2,0,1D-2I-2C-0S,1,1.0,0.4904,0.5,1.0,1.0,60.96
Trace Esports,Fracture,2026,breach|brimstone|cypher|neon|tejo,"['breach', 'brimstone', 'cypher', 'neon', 'tejo']",0,1,1,0.0,1,1.0,0.2181,0.2181,1,2,1,1,1D-2I-1C-1S,1,1.0,0.4904,0.3571,1.0,1.0,31.97
Trace Esports,Haven,2026,killjoy|neon|omen|sova|viper,"['killjoy', 'neon', 'omen', 'sova', 'viper']",0,3,3,0.0,3,1.0,0.4362,0.4362,1,1,2,1,1D-1I-2C-1S,3,1.0,0.4904,0.4231,1.0,1.0,34.26
Trace Esports,Lotus,2026,fade|killjoy|omen|viper|waylay,"['fade', 'killjoy', 'omen', 'viper', 'waylay']",1,1,2,0.5,7,0.2857,0.3457,0.0988,1,1,2,1,1D-1I-2C-1S,4,0.5714,0.4904,0.561,0.6857,0.2857,57.6
Trace Esports,Lotus,2026,fade|neon|omen|raze|vyse,"['fade', 'neon', 'omen', 'raze', 'vyse']",0,1,1,0.0,7,0.1429,0.2181,0.0312,2,1,1,1,2D-1I-1C-1S,3,0.4286,0.4904,0.561,0.6571,0.4286,42.25
Trace Esports,Lotus,2026,fade|neon|omen|vyse|waylay,"['fade', 'neon', 'omen', 'vyse', 'waylay']",1,1,2,0.5,7,0.2857,0.3457,0.0988,2,1,1,1,2D-1I-1C-1S,3,0.4286,0.4904,0.561,0.6857,0.4286,45.65
Trace Esports,Lotus,2026,fade|omen|raze|veto|viper,"['fade', 'omen', 'raze', 'veto', 'viper']",1,1,2,0.5,7,0.2857,0.3457,0.0988,1,1,2,1,1D-1I-2C-1S,4,0.5714,0.4904,0.561,0.6571,0.2857,57.6
Trace Esports,Pearl,2026,astra|chamber|neon|sova|tejo,"['astra', 'chamber', 'neon', 'sova', 'tejo']",0,1,1,0.0,1,1.0,0.2181,0.2181,1,2,1,1,1D-2I-1C-1S,1,1.0,0.4904,0.4667,1.0,1.0,40.69
Trace Esports,Split,2026,neon|omen|skye|viper|waylay,"['neon', 'omen', 'skye', 'viper', 'waylay']",4,1,5,0.8,5,1.0,0.5638,0.5638,2,1,2,0,2D-1I-2C-0S,5,1.0,0.4904,0.625,1.0,1.0,66.86
ULF Esports,Abyss,2026,astra|breach|jett|sova|waylay,"['astra', 'breach', 'jett', 'sova', 'waylay']",1,0,1,1.0,1,1.0,0.2181,0.2181,2,2,1,0,2D-2I-1C-0S,1,1.0,0.4211,0.5455,1.0,1.0,54.57
ULF Esports,Bind,2026,brimstone|chamber|skye|viper|waylay,"['brimstone', 'chamber', 'skye', 'viper', 'waylay']",0,1,1,0.0,1,1.0,0.2181,0.2181,1,1,2,1,1D-1I-2C-1S,1,1.0,0.4211,0.4545,1.0,1.0,36.34
ULF Esports,Breeze,2026,astra|jett|sova|viper|yoru,"['astra', 'jett', 'sova', 'viper', 'yoru']",0,1,1,0.0,2,0.5,0.2181,0.109,2,1,2,0,2D-1I-2C-0S,2,1.0,0.4211,0.4167,0.8,0.5,32.81
ULF Esports,Breeze,2026,astra|neon|sova|viper|waylay,"['astra', 'neon', 'sova', 'viper', 'waylay']",0,1,1,0.0,2,0.5,0.2181,0.109,2,1,2,0,2D-1I-2C-0S,2,1.0,0.4211,0.4167,0.8,0.5,32.81
ULF Esports,Corrode,2026,astra|breach|fade|neon|omen,"['astra', 'breach', 'fade', 'neon', 'omen']",0,1,1,0.0,1,1.0,0.2181,0.2181,1,2,2,0,1D-2I-2C-0S,1,1.0,0.4211,0.4545,1.0,1.0,45.93
ULF Esports,Haven,2026,killjoy|neon|omen|sova|viper,"['killjoy', 'neon', 'omen', 'sova', 'viper']",0,1,1,0.0,1,1.0,0.2181,0.2181,1,1,2,1,1D-1I-2C-1S,1,1.0,0.4211,0.4545,1.0,1.0,36.34
ULF Esports,Pearl,2026,astra|chamber|kayo|neon|sova,"['astra', 'chamber', 'kayo', 'neon', 'sova']",0,1,1,0.0,1,1.0,0.2181,0.2181,1,2,1,1,1D-2I-1C-1S,1,1.0,0.4211,0.4545,1.0,1.0,37.03
ULF Esports,Split,2026,breach|fade|omen|viper|waylay,"['breach', 'fade', 'omen', 'viper', 'waylay']",2,0,2,1.0,2,1.0,0.3457,0.3457,1,2,2,0,1D-2I-2C-0S,2,1.0,0.4211,0.5833,1.0,1.0,66.1
VARREL,Abyss,2026,astra|harbor|sova|veto|yoru,"['astra', 'harbor', 'sova', 'veto', 'yoru']",0,1,1,0.0,1,1.0,0.2181,0.2181,1,1,2,1,1D-1I-2C-1S,1,1.0,0.3,0.4545,1.0,1.0,33.55
VARREL,Bind,2026,astra|brimstone|raze|skye|yoru,"['astra', 'brimstone', 'raze', 'skye', 'yoru']",0,1,1,0.0,3,0.3333,0.2181,0.0727,2,1,2,0,2D-1I-2C-0S,2,0.6667,0.3,0.4615,0.6,0.3333,40.16
VARREL,Bind,2026,astra|chamber|jett|skye|waylay,"['astra', 'chamber', 'jett', 'skye', 'waylay']",0,1,1,0.0,3,0.3333,0.2181,0.0727,2,1,1,1,2D-1I-1C-1S,1,0.3333,0.3,0.4615,0.5333,0.3333,33.05
VARREL,Bind,2026,brimstone|neon|phoenix|skye|viper,"['brimstone', 'neon', 'phoenix', 'skye', 'viper']",1,0,1,1.0,3,0.3333,0.2181,0.0727,2,1,2,0,2D-1I-2C-0S,2,0.6667,0.3,0.4615,0.5333,0.3333,46.41
VARREL,Breeze,2026,astra|jett|sova|viper|yoru,"['astra', 'jett', 'sova', 'viper', 'yoru']",0,1,1,0.0,2,0.5,0.2181,0.109,2,1,2,0,2D-1I-2C-0S,1,0.5,0.3,0.4167,0.7,0.5,35.29
VARREL,Breeze,2026,chamber|neon|omen|sova|viper,"['chamber', 'neon', 'omen', 'sova', 'viper']",0,1,1,0.0,2,0.5,0.2181,0.109,1,1,2,1,1D-1I-2C-1S,1,0.5,0.3,0.4167,0.7,0.5,33.55
VARREL,Corrode,2026,brimstone|omen|raze|sova|waylay,"['brimstone', 'omen', 'raze', 'sova', 'waylay']",1,0,1,1.0,1,1.0,0.2181,0.2181,2,1,2,0,2D-1I-2C-0S,1,1.0,0.3,0.5455,1.0,1.0,50.06
VARREL,Fracture,2026,breach|brimstone|cypher|neon|raze,"['breach', 'brimstone', 'cypher', 'neon', 'raze']",0,1,1,0.0,2,0.5,0.2181,0.109,2,1,1,1,2D-1I-1C-1S,1,0.5,0.3,0.4167,0.8,0.5,33.05
VARREL,Fracture,2026,breach|brimstone|neon|tejo|waylay,"['breach', 'brimstone', 'neon', 'tejo', 'waylay']",0,1,1,0.0,2,0.5,0.2181,0.109,2,2,1,0,2D-2I-1C-0S,1,0.5,0.3,0.4167,0.8,0.5,32.05
VARREL,Haven,2026,astra|chamber|neon|phoenix|sova,"['astra', 'chamber', 'neon', 'phoenix', 'sova']",0,1,1,0.0,4,0.25,0.2181,0.0545,2,1,1,1,2D-1I-1C-1S,3,0.75,0.3,0.4286,0.4,0.25,27.96
VARREL,Haven,2026,cypher|deadlock|omen|skye|waylay,"['cypher', 'deadlock', 'omen', 'skye', 'waylay']",1,0,1,1.0,4,0.25,0.2181,0.0545,1,1,1,2,1D-1I-1C-2S,1,0.25,0.3,0.4286,0.45,0.25,63.09
VARREL,Haven,2026,cypher|jett|neon|omen|sova,"['cypher', 'jett', 'neon', 'omen', 'sova']",0,1,1,0.0,4,0.25,0.2181,0.0545,2,1,1,1,2D-1I-1C-1S,3,0.75,0.3,0.4286,0.65,0.5,27.96
VARREL,Haven,2026,cypher|jett|omen|sova|yoru,"['cypher', 'jett', 'omen', 'sova', 'yoru']",0,1,1,0.0,4,0.25,0.2181,0.0545,2,1,1,1,2D-1I-1C-1S,3,0.75,0.3,0.4286,0.6,0.25,27.96
VARREL,Lotus,2026,fade|neon|omen|raze|viper,"['fade', 'neon', 'omen', 'raze', 'viper']",0,2,2,0.0,2,1.0,0.3457,0.3457,2,1,2,0,2D-1I-2C-0S,2,1.0,0.3,0.4167,1.0,1.0,30.45
VARREL,Pearl,2026,astra|cypher|sova|waylay|yoru,"['astra', 'cypher', 'sova', 'waylay', 'yoru']",1,0,1,1.0,2,0.5,0.2181,0.109,2,1,1,1,2D-1I-1C-1S,1,0.5,0.3,0.5,0.7,0.5,47.82
VARREL,Pearl,2026,astra|fade|kayo|killjoy|waylay,"['astra', 'fade', 'kayo', 'killjoy', 'waylay']",0,1,1,0.0,2,0.5,0.2181,0.109,1,2,1,1,1D-2I-1C-1S,1,0.5,0.3,0.5,0.7,0.5,33.94
VARREL,Split,2026,astra|deadlock|jett|skye|tejo,"['astra', 'deadlock', 'jett', 'skye', 'tejo']",0,1,1,0.0,3,0.3333,0.2181,0.0727,1,2,1,1,1D-2I-1C-1S,1,0.3333,0.3,0.3846,0.4,0.3333,33.94
VARREL,Split,2026,chamber|omen|raze|skye|viper,"['chamber', 'omen', 'raze', 'skye', 'viper']",0,1,1,0.0,3,0.3333,0.2181,0.0727,1,1,2,1,1D-1I-2C-1S,1,0.3333,0.3,0.3846,0.6,0.3333,33.55
VARREL,Split,2026,fade|omen|raze|viper|yoru,"['fade', 'omen', 'raze', 'viper', 'yoru']",0,1,1,0.0,3,0.3333,0.2181,0.0727,2,1,2,0,2D-1I-2C-0S,1,0.3333,0.3,0.3846,0.5333,0.3333,35.29
Wolves Esports,Abyss,2026,astra|kayo|omen|sova|waylay,"['astra', 'kayo', 'omen', 'sova', 'waylay']",0,1,1,0.0,4,0.25,0.2181,0.0545,1,2,2,0,1D-2I-2C-0S,1,0.25,0.4083,0.4667,0.7,0.25,38.38
Wolves Esports,Abyss,2026,astra|omen|sova|veto|yoru,"['astra', 'omen', 'sova', 'veto', 'yoru']",0,1,1,0.0,4,0.25,0.2181,0.0545,1,1,2,1,1D-1I-2C-1S,1,0.25,0.4083,0.4667,0.8,0.5,31.42
Wolves Esports,Abyss,2026,astra|sova|veto|waylay|yoru,"['astra', 'sova', 'veto', 'waylay', 'yoru']",1,1,2,0.5,4,0.5,0.3457,0.1728,2,1,1,1,2D-1I-1C-1S,2,0.5,0.4083,0.4667,0.85,0.75,43.75
Wolves Esports,Bind,2026,brimstone|chamber|skye|viper|waylay,"['brimstone', 'chamber', 'skye', 'viper', 'waylay']",2,1,3,0.6666666666666666,5,0.6,0.4362,0.2617,1,1,2,1,1D-1I-2C-1S,3,0.6,0.4083,0.381,0.88,0.6,47.57
Wolves Esports,Bind,2026,brimstone|neon|raze|skye|viper,"['brimstone', 'neon', 'raze', 'skye', 'viper']",0,1,1,0.0,5,0.2,0.2181,0.0436,2,1,2,0,2D-1I-2C-0S,1,0.2,0.4083,0.381,0.68,0.2,22.5
Wolves Esports,Bind,2026,brimstone|skye|tejo|viper|waylay,"['brimstone', 'skye', 'tejo', 'viper', 'waylay']",0,1,1,0.0,5,0.2,0.2181,0.0436,1,2,2,0,1D-2I-2C-0S,1,0.2,0.4083,0.381,0.8,0.2,39.69
Wolves Esports,Breeze,2026,astra|jett|kayo|sova|viper,"['astra', 'jett', 'kayo', 'sova', 'viper']",0,1,1,0.0,3,0.3333,0.2181,0.0727,1,2,2,0,1D-2I-2C-0S,1,0.3333,0.4083,0.4,0.8,0.3333,38.38
Wolves Esports,Breeze,2026,astra|jett|sova|viper|yoru,"['astra', 'jett', 'sova', 'viper', 'yoru']",0,1,1,0.0,3,0.3333,0.2181,0.0727,2,1,2,0,2D-1I-2C-0S,1,0.3333,0.4083,0.4,0.8667,0.6667,28.63
Wolves Esports,Breeze,2026,astra|sova|veto|viper|yoru,"['astra', 'sova', 'veto', 'viper', 'yoru']",0,1,1,0.0,3,0.3333,0.2181,0.0727,1,1,2,1,1D-1I-2C-1S,1,0.3333,0.4083,0.4,0.8,0.3333,31.42
Wolves Esports,Fracture,2026,breach|brimstone|cypher|tejo|waylay,"['breach', 'brimstone', 'cypher', 'tejo', 'waylay']",1,1,2,0.5,3,0.6667,0.3457,0.2305,1,2,1,1,1D-2I-1C-1S,2,0.6667,0.4083,0.4118,0.8667,0.6667,45.51
Wolves Esports,Fracture,2026,brimstone|cypher|neon|skye|waylay,"['brimstone', 'cypher', 'neon', 'skye', 'waylay']",0,1,1,0.0,3,0.3333,0.2181,0.0727,2,1,1,1,2D-1I-1C-1S,1,0.3333,0.4083,0.4118,0.7333,0.3333,35.37
Wolves Esports,Haven,2026,killjoy|neon|omen|sova|viper,"['killjoy', 'neon', 'omen', 'sova', 'viper']",2,1,3,0.6666666666666666,3,1.0,0.4362,0.4362,1,1,2,1,1D-1I-2C-1S,3,1.0,0.4083,0.5789,1.0,1.0,44.96
Wolves Esports,Lotus,2026,fade|killjoy|omen|viper|waylay,"['fade', 'killjoy', 'omen', 'viper', 'waylay']",0,4,4,0.0,5,0.8,0.5064,0.4051,1,1,2,1,1D-1I-2C-1S,4,0.8,0.4083,0.3333,0.88,0.8,21.38
Wolves Esports,Lotus,2026,fade|neon|omen|raze|vyse,"['fade', 'neon', 'omen', 'raze', 'vyse']",0,1,1,0.0,5,0.2,0.2181,0.0436,2,1,1,1,2D-1I-1C-1S,1,0.2,0.4083,0.3333,0.52,0.2,34.48
Wolves Esports,Pearl,2026,astra|fade|killjoy|tejo|yoru,"['astra', 'fade', 'killjoy', 'tejo', 'yoru']",1,0,1,1.0,2,0.5,0.2181,0.109,1,2,1,1,1D-2I-1C-1S,2,1.0,0.4083,0.6111,0.8,0.5,62.39
Wolves Esports,Pearl,2026,astra|killjoy|sova|tejo|waylay,"['astra', 'killjoy', 'sova', 'tejo', 'waylay']",1,0,1,1.0,2,0.5,0.2181,0.109,1,2,1,1,1D-2I-1C-1S,2,1.0,0.4083,0.6111,0.8,0.5,62.39
Wolves Esports,Split,2026,chamber|omen|raze|skye|viper,"['chamber', 'omen', 'raze', 'skye', 'viper']",0,1,1,0.0,1,1.0,0.2181,0.2181,1,1,2,1,1D-1I-2C-1S,1,1.0,0.4083,0.4286,1.0,1.0,40.04
Xi Lai Gaming,Abyss,2026,astra|omen|sova|waylay|yoru,"['astra', 'omen', 'sova', 'waylay', 'yoru']",2,3,5,0.4,5,1.0,0.5638,0.5638,2,1,2,0,2D-1I-2C-0S,5,1.0,0.5906,0.3889,1.0,1.0,48.0
Xi Lai Gaming,Bind,2026,brimstone|fade|viper|waylay|yoru,"['brimstone', 'fade', 'viper', 'waylay', 'yoru']",2,0,2,1.0,7,0.2857,0.3457,0.0988,2,1,2,0,2D-1I-2C-0S,7,1.0,0.5906,0.6522,0.7143,0.2857,79.79
Xi Lai Gaming,Bind,2026,brimstone|neon|skye|viper|waylay,"['brimstone', 'neon', 'skye', 'viper', 'waylay']",5,0,5,1.0,7,0.7143,0.5638,0.4027,2,1,2,0,2D-1I-2C-0S,7,1.0,0.5906,0.6522,0.8857,0.7143,82.83
Xi Lai Gaming,Breeze,2026,chamber|neon|sage|sova|viper,"['chamber', 'neon', 'sage', 'sova', 'viper']",0,1,1,0.0,7,0.1429,0.2181,0.0312,1,1,1,2,1D-1I-1C-2S,1,0.1429,0.5906,0.4706,0.5714,0.1429,45.92
Xi Lai Gaming,Breeze,2026,jett|kayo|omen|sova|viper,"['jett', 'kayo', 'omen', 'sova', 'viper']",1,0,1,1.0,7,0.1429,0.2181,0.0312,1,2,2,0,1D-2I-2C-0S,4,0.5714,0.5906,0.4706,0.7714,0.4286,58.72
Xi Lai Gaming,Breeze,2026,jett|omen|sova|viper|yoru,"['jett', 'omen', 'sova', 'viper', 'yoru']",1,1,2,0.5,7,0.2857,0.3457,0.0988,2,1,2,0,2D-1I-2C-0S,2,0.2857,0.5906,0.4706,0.7143,0.2857,58.14
Xi Lai Gaming,Breeze,2026,kayo|neon|omen|sova|viper,"['kayo', 'neon', 'omen', 'sova', 'viper']",1,2,3,0.3333333333333333,7,0.4286,0.4362,0.187,1,2,2,0,1D-2I-2C-0S,4,0.5714,0.5906,0.4706,0.8,0.5714,52.2
Xi Lai Gaming,Fracture,2026,brimstone|cypher|neon|skye|tejo,"['brimstone', 'cypher', 'neon', 'skye', 'tejo']",1,0,1,1.0,2,0.5,0.2181,0.109,1,2,1,1,1D-2I-1C-1S,2,1.0,0.5906,0.5882,0.9,0.5,61.74
Xi Lai Gaming,Fracture,2026,brimstone|neon|skye|tejo|veto,"['brimstone', 'neon', 'skye', 'tejo', 'veto']",0,1,1,0.0,2,0.5,0.2181,0.109,1,2,1,1,1D-2I-1C-1S,2,1.0,0.5906,0.5882,0.9,0.5,55.49
Xi Lai Gaming,Haven,2026,killjoy|neon|omen|sova|viper,"['killjoy', 'neon', 'omen', 'sova', 'viper']",3,4,7,0.42857142857142855,7,1.0,0.6543,0.6543,1,1,2,1,1D-1I-2C-1S,7,1.0,0.5906,0.6071,1.0,1.0,64.91
Xi Lai Gaming,Lotus,2026,cypher|deadlock|fade|omen|sage,"['cypher', 'deadlock', 'fade', 'omen', 'sage']",3,0,3,1.0,8,0.375,0.4362,0.1636,0,1,1,3,0D-1I-1C-3S,3,0.375,0.5906,0.6486,0.5,0.375,66.3
Xi Lai Gaming,Lotus,2026,neon|omen|skye|viper|waylay,"['neon', 'omen', 'skye', 'viper', 'waylay']",3,2,5,0.6,8,0.625,0.5638,0.3524,2,1,2,0,2D-1I-2C-0S,5,0.625,0.5906,0.6486,0.7,0.625,61.28
Xi Lai Gaming,Pearl,2026,astra|chamber|kayo|neon|tejo,"['astra', 'chamber', 'kayo', 'neon', 'tejo']",1,1,2,0.5,5,0.4,0.3457,0.1383,1,2,1,1,1D-2I-1C-1S,2,0.4,0.5906,0.55,0.52,0.4,50.39
Xi Lai Gaming,Pearl,2026,astra|fade|killjoy|waylay|yoru,"['astra', 'fade', 'killjoy', 'waylay', 'yoru']",2,1,3,0.6666666666666666,5,0.6,0.4362,0.2617,2,1,1,1,2D-1I-1C-1S,3,0.6,0.5906,0.55,0.68,0.6,56.92
Xi Lai Gaming,Split,2026,fade|omen|viper|waylay|yoru,"['fade', 'omen', 'viper', 'waylay', 'yoru']",2,1,3,0.6666666666666666,8,0.375,0.4362,0.1636,2,1,2,0,2D-1I-2C-0S,8,1.0,0.5906,0.6,0.725,0.375,62.53
Xi Lai Gaming,Split,2026,neon|omen|raze|skye|viper,"['neon', 'omen', 'raze', 'skye', 'viper']",0,1,1,0.0,8,0.125,0.2181,0.0273,2,1,2,0,2D-1I-2C-0S,8,1.0,0.5906,0.6,0.675,0.125,57.85
Xi Lai Gaming,Split,2026,neon|omen|skye|viper|waylay,"['neon', 'omen', 'skye', 'viper', 'waylay']",3,1,4,0.75,8,0.5,0.5064,0.2532,2,1,2,0,2D-1I-2C-0S,8,1.0,0.5906,0.6,0.825,0.625,64.5
ZETA DIVISION,Abyss,2026,astra|omen|sova|waylay|yoru,"['astra', 'omen', 'sova', 'waylay', 'yoru']",1,1,2,0.5,2,1.0,0.3457,0.3457,2,1,2,0,2D-1I-2C-0S,2,1.0,0.39,0.5,1.0,1.0,45.33
ZETA DIVISION,Bind,2026,brimstone|neon|raze|skye|viper,"['brimstone', 'neon', 'raze', 'skye', 'viper']",0,1,1,0.0,4,0.25,0.2181,0.0545,2,1,2,0,2D-1I-2C-0S,4,1.0,0.39,0.5556,0.85,0.5,42.62
ZETA DIVISION,Bind,2026,brimstone|neon|skye|viper|waylay,"['brimstone', 'neon', 'skye', 'viper', 'waylay']",1,0,1,1.0,4,0.25,0.2181,0.0545,2,1,2,0,2D-1I-2C-0S,4,1.0,0.39,0.5556,0.85,0.5,48.87
ZETA DIVISION,Bind,2026,brimstone|raze|skye|viper|waylay,"['brimstone', 'raze', 'skye', 'viper', 'waylay']",1,1,2,0.5,4,0.5,0.3457,0.1728,2,1,2,0,2D-1I-2C-0S,4,1.0,0.39,0.5556,0.9,0.75,46.0
ZETA DIVISION,Breeze,2026,harbor|kayo|neon|sova|viper,"['harbor', 'kayo', 'neon', 'sova', 'viper']",1,0,1,1.0,1,1.0,0.2181,0.2181,1,2,2,0,1D-2I-2C-0S,1,1.0,0.39,0.5,1.0,1.0,62.75
ZETA DIVISION,Corrode,2026,fade|neon|omen|viper|yoru,"['fade', 'neon', 'omen', 'viper', 'yoru']",0,1,1,0.0,1,1.0,0.2181,0.2181,2,1,2,0,2D-1I-2C-0S,1,1.0,0.39,0.4615,1.0,1.0,37.2
ZETA DIVISION,Fracture,2026,breach|brimstone|cypher|neon|raze,"['breach', 'brimstone', 'cypher', 'neon', 'raze']",1,0,1,1.0,3,0.3333,0.2181,0.0727,2,1,1,1,2D-1I-1C-1S,3,1.0,0.39,0.4,0.7333,0.3333,43.63
ZETA DIVISION,Fracture,2026,breach|brimstone|neon|veto|waylay,"['breach', 'brimstone', 'neon', 'veto', 'waylay']",0,2,2,0.0,3,0.6667,0.3457,0.2305,2,1,1,1,2D-1I-1C-1S,3,1.0,0.39,0.4,0.8667,0.6667,35.18
ZETA DIVISION,Haven,2026,cypher|neon|omen|sova|waylay,"['cypher', 'neon', 'omen', 'sova', 'waylay']",0,1,1,0.0,4,0.25,0.2181,0.0545,2,1,1,1,2D-1I-1C-1S,3,0.75,0.39,0.35,0.75,0.25,30.17
ZETA DIVISION,Haven,2026,cypher|neon|omen|sova|yoru,"['cypher', 'neon', 'omen', 'sova', 'yoru']",0,2,2,0.0,4,0.5,0.3457,0.1728,2,1,1,1,2D-1I-1C-1S,3,0.75,0.39,0.35,0.8,0.5,28.4
ZETA DIVISION,Haven,2026,harbor|killjoy|neon|omen|skye,"['harbor', 'killjoy', 'neon', 'omen', 'skye']",0,1,1,0.0,4,0.25,0.2181,0.0545,1,1,2,1,1D-1I-2C-1S,1,0.25,0.39,0.35,0.55,0.25,34.29
ZETA DIVISION,Lotus,2026,fade|neon|omen|raze|vyse,"['fade', 'neon', 'omen', 'raze', 'vyse']",0,1,1,0.0,2,0.5,0.2181,0.109,2,1,1,1,2D-1I-1C-1S,1,0.5,0.39,0.4615,0.8,0.5,41.41
ZETA DIVISION,Lotus,2026,fade|neon|omen|viper|waylay,"['fade', 'neon', 'omen', 'viper', 'waylay']",0,1,1,0.0,2,0.5,0.2181,0.109,2,1,2,0,2D-1I-2C-0S,1,0.5,0.39,0.4615,0.8,0.5,37.2
ZETA DIVISION,Pearl,2026,astra|cypher|fade|neon|phoenix,"['astra', 'cypher', 'fade', 'neon', 'phoenix']",0,1,1,0.0,1,1.0,0.2181,0.2181,2,1,1,1,2D-1I-1C-1S,1,1.0,0.39,0.5,1.0,1.0,35.66
ZETA DIVISION,Split,2026,fade|neon|omen|viper|yoru,"['fade', 'neon', 'omen', 'viper', 'yoru']",1,2,3,0.3333333333333333,5,0.6,0.4362,0.2617,2,1,2,0,2D-1I-2C-0S,5,1.0,0.39,0.4091,0.84,0.6,40.92
ZETA DIVISION,Split,2026,neon|omen|skye|viper|waylay,"['neon', 'omen', 'skye', 'viper', 'waylay']",1,1,2,0.5,5,0.4,0.3457,0.1383,2,1,2,0,2D-1I-2C-0S,5,1.0,0.39,0.4091,0.76,0.4,43.32
