Map,Year,Composition Key,Agent,Total Wins By Map,Total Loss By Map,Total Maps Played
Abyss,2024,astra|breach|cypher|gekko|raze,"['astra', 'breach', 'cypher', 'gekko', 'raze']",1,0,1
Abyss,2024,astra|cypher|gekko|jett|sova,"['astra', 'cypher', 'gekko', 'jett', 'sova']",3,4,7
Abyss,2024,astra|cypher|jett|kayo|sova,"['astra', 'cypher', 'jett', 'kayo', 'sova']",0,1,1
Abyss,2024,astra|jett|kayo|omen|sova,"['astra', 'jett', 'kayo', 'omen', 'sova']",2,0,2
Abyss,2024,astra|jett|sova|viper|yoru,"['astra', 'jett', 'sova', 'viper', 'yoru']",1,0,1
Abyss,2024,astra|killjoy|sova|viper|yoru,"['astra', 'killjoy', 'sova', 'viper', 'yoru']",1,3,4
Abyss,2024,breach|kayo|neon|omen|phoenix,"['breach', 'kayo', 'neon', 'omen', 'phoenix']",1,0,1
Abyss,2024,cypher|deadlock|gekko|jett|omen,"['cypher', 'deadlock', 'gekko', 'jett', 'omen']",0,1,1
Abyss,2024,cypher|fade|omen|viper|yoru,"['cypher', 'fade', 'omen', 'viper', 'yoru']",2,1,3
Abyss,2024,cypher|gekko|jett|omen|sova,"['cypher', 'gekko', 'jett', 'omen', 'sova']",0,1,1
Abyss,2024,cypher|harbor|jett|omen|sova,"['cypher', 'harbor', 'jett', 'omen', 'sova']",3,1,4
Abyss,2024,cypher|harbor|kayo|omen|sova,"['cypher', 'harbor', 'kayo', 'omen', 'sova']",0,1,1
Abyss,2024,cypher|iso|jett|omen|sova,"['cypher', 'iso', 'jett', 'omen', 'sova']",1,1,2
Abyss,2024,cypher|jett|kayo|omen|sova,"['cypher', 'jett', 'kayo', 'omen', 'sova']",6,4,10
Abyss,2024,cypher|kayo|omen|raze|viper,"['cypher', 'kayo', 'omen', 'raze', 'viper']",0,2,2
Abyss,2024,gekko|jett|omen|sova|yoru,"['gekko', 'jett', 'omen', 'sova', 'yoru']",1,1,2
Abyss,2024,jett|kayo|killjoy|omen|sova,"['jett', 'kayo', 'killjoy', 'omen', 'sova']",0,1,1
Ascent,2024,astra|jett|kayo|omen|sova,"['astra', 'jett', 'kayo', 'omen', 'sova']",2,3,5
Ascent,2024,breach|cypher|jett|omen|sova,"['breach', 'cypher', 'jett', 'omen', 'sova']",0,2,2
Ascent,2024,breach|fade|jett|kayo|omen,"['breach', 'fade', 'jett', 'kayo', 'omen']",0,1,1
Ascent,2024,breach|jett|killjoy|omen|sova,"['breach', 'jett', 'killjoy', 'omen', 'sova']",2,4,6
Ascent,2024,breach|jett|omen|sova|viper,"['breach', 'jett', 'omen', 'sova', 'viper']",1,1,2
Ascent,2024,breach|kayo|omen|phoenix|viper,"['breach', 'kayo', 'omen', 'phoenix', 'viper']",2,3,5
Ascent,2024,clove|kayo|phoenix|sage|sova,"['clove', 'kayo', 'phoenix', 'sage', 'sova']",0,1,1
Ascent,2024,cypher|deadlock|jett|omen|sova,"['cypher', 'deadlock', 'jett', 'omen', 'sova']",4,3,7
Ascent,2024,cypher|fade|jett|omen|viper,"['cypher', 'fade', 'jett', 'omen', 'viper']",0,2,2
Ascent,2024,cypher|fade|jett|omen|yoru,"['cypher', 'fade', 'jett', 'omen', 'yoru']",1,1,2
Ascent,2024,cypher|iso|jett|omen|sova,"['cypher', 'iso', 'jett', 'omen', 'sova']",1,2,3
Ascent,2024,cypher|jett|kayo|omen|sova,"['cypher', 'jett', 'kayo', 'omen', 'sova']",19,22,41
Ascent,2024,cypher|jett|kayo|omen|viper,"['cypher', 'jett', 'kayo', 'omen', 'viper']",1,0,1
Ascent,2024,cypher|jett|omen|phoenix|sova,"['cypher', 'jett', 'omen', 'phoenix', 'sova']",0,2,2
Ascent,2024,cypher|jett|omen|skye|viper,"['cypher', 'jett', 'omen', 'skye', 'viper']",1,1,2
Ascent,2024,cypher|kayo|omen|raze|viper,"['cypher', 'kayo', 'omen', 'raze', 'viper']",1,2,3
Ascent,2024,cypher|omen|phoenix|sova|yoru,"['cypher', 'omen', 'phoenix', 'sova', 'yoru']",1,0,1
Ascent,2024,cypher|omen|sova|viper|yoru,"['cypher', 'omen', 'sova', 'viper', 'yoru']",2,2,4
Ascent,2024,fade|gekko|omen|raze|viper,"['fade', 'gekko', 'omen', 'raze', 'viper']",3,2,5
Ascent,2024,fade|killjoy|omen|viper|yoru,"['fade', 'killjoy', 'omen', 'viper', 'yoru']",3,1,4
Ascent,2024,gekko|jett|killjoy|omen|sova,"['gekko', 'jett', 'killjoy', 'omen', 'sova']",0,1,1
Ascent,2024,harbor|omen|raze|reyna|skye,"['harbor', 'omen', 'raze', 'reyna', 'skye']",1,4,5
Ascent,2024,harbor|raze|reyna|skye|viper,"['harbor', 'raze', 'reyna', 'skye', 'viper']",1,0,1
Ascent,2024,iso|jett|killjoy|omen|sova,"['iso', 'jett', 'killjoy', 'omen', 'sova']",0,2,2
Ascent,2024,jett|kayo|killjoy|omen|sova,"['jett', 'kayo', 'killjoy', 'omen', 'sova']",92,74,166
Ascent,2024,jett|kayo|omen|sage|sova,"['jett', 'kayo', 'omen', 'sage', 'sova']",1,1,2
Ascent,2024,jett|kayo|omen|sova|viper,"['jett', 'kayo', 'omen', 'sova', 'viper']",0,1,1
Ascent,2024,jett|killjoy|omen|reyna|sova,"['jett', 'killjoy', 'omen', 'reyna', 'sova']",0,1,1
Bind,2024,astra|breach|cypher|deadlock|raze,"['astra', 'breach', 'cypher', 'deadlock', 'raze']",1,0,1
Bind,2024,astra|fade|gekko|raze|viper,"['astra', 'fade', 'gekko', 'raze', 'viper']",3,0,3
Bind,2024,astra|fade|raze|skye|viper,"['astra', 'fade', 'raze', 'skye', 'viper']",1,0,1
Bind,2024,astra|kayo|sova|viper|yoru,"['astra', 'kayo', 'sova', 'viper', 'yoru']",1,1,2
Bind,2024,breach|brimstone|kayo|phoenix|viper,"['breach', 'brimstone', 'kayo', 'phoenix', 'viper']",1,1,2
Bind,2024,breach|brimstone|kayo|raze|viper,"['breach', 'brimstone', 'kayo', 'raze', 'viper']",2,1,3
Bind,2024,breach|brimstone|raze|skye|viper,"['breach', 'brimstone', 'raze', 'skye', 'viper']",1,3,4
Bind,2024,breach|gekko|omen|raze|skye,"['breach', 'gekko', 'omen', 'raze', 'skye']",2,3,5
Bind,2024,brimstone|chamber|raze|skye|viper,"['brimstone', 'chamber', 'raze', 'skye', 'viper']",1,1,2
Bind,2024,brimstone|cypher|deadlock|raze|skye,"['brimstone', 'cypher', 'deadlock', 'raze', 'skye']",3,2,5
Bind,2024,brimstone|cypher|gekko|jett|sova,"['brimstone', 'cypher', 'gekko', 'jett', 'sova']",1,1,2
Bind,2024,brimstone|cypher|gekko|raze|viper,"['brimstone', 'cypher', 'gekko', 'raze', 'viper']",1,3,4
Bind,2024,brimstone|cypher|gekko|viper|yoru,"['brimstone', 'cypher', 'gekko', 'viper', 'yoru']",0,1,1
Bind,2024,brimstone|cypher|harbor|raze|skye,"['brimstone', 'cypher', 'harbor', 'raze', 'skye']",0,1,1
Bind,2024,brimstone|cypher|kayo|raze|sova,"['brimstone', 'cypher', 'kayo', 'raze', 'sova']",3,0,3
Bind,2024,brimstone|cypher|kayo|raze|viper,"['brimstone', 'cypher', 'kayo', 'raze', 'viper']",4,1,5
Bind,2024,brimstone|cypher|raze|skye|viper,"['brimstone', 'cypher', 'raze', 'skye', 'viper']",21,18,39
Bind,2024,brimstone|deadlock|fade|gekko|raze,"['brimstone', 'deadlock', 'fade', 'gekko', 'raze']",0,1,1
Bind,2024,brimstone|deadlock|gekko|raze|viper,"['brimstone', 'deadlock', 'gekko', 'raze', 'viper']",0,1,1
Bind,2024,brimstone|fade|gekko|raze|viper,"['brimstone', 'fade', 'gekko', 'raze', 'viper']",25,21,46
Bind,2024,brimstone|fade|gekko|raze|yoru,"['brimstone', 'fade', 'gekko', 'raze', 'yoru']",0,1,1
Bind,2024,brimstone|fade|jett|raze|skye,"['brimstone', 'fade', 'jett', 'raze', 'skye']",2,2,4
Bind,2024,brimstone|fade|raze|skye|viper,"['brimstone', 'fade', 'raze', 'skye', 'viper']",2,3,5
Bind,2024,brimstone|gekko|harbor|raze|skye,"['brimstone', 'gekko', 'harbor', 'raze', 'skye']",4,2,6
Bind,2024,brimstone|gekko|kayo|raze|viper,"['brimstone', 'gekko', 'kayo', 'raze', 'viper']",5,8,13
Bind,2024,brimstone|gekko|omen|raze|skye,"['brimstone', 'gekko', 'omen', 'raze', 'skye']",3,2,5
Bind,2024,brimstone|gekko|raze|skye|viper,"['brimstone', 'gekko', 'raze', 'skye', 'viper']",30,26,56
Bind,2024,brimstone|harbor|raze|reyna|skye,"['brimstone', 'harbor', 'raze', 'reyna', 'skye']",2,2,4
Bind,2024,brimstone|jett|raze|skye|viper,"['brimstone', 'jett', 'raze', 'skye', 'viper']",3,2,5
Bind,2024,brimstone|raze|sage|skye|viper,"['brimstone', 'raze', 'sage', 'skye', 'viper']",0,1,1
Bind,2024,brimstone|raze|skye|sova|viper,"['brimstone', 'raze', 'skye', 'sova', 'viper']",1,1,2
Bind,2024,brimstone|raze|skye|viper|yoru,"['brimstone', 'raze', 'skye', 'viper', 'yoru']",2,3,5
Bind,2024,chamber|fade|omen|viper|yoru,"['chamber', 'fade', 'omen', 'viper', 'yoru']",1,1,2
Bind,2024,clove|gekko|raze|skye|viper,"['clove', 'gekko', 'raze', 'skye', 'viper']",1,1,2
Bind,2024,cypher|deadlock|omen|raze|yoru,"['cypher', 'deadlock', 'omen', 'raze', 'yoru']",0,1,1
Bind,2024,cypher|gekko|kayo|raze|viper,"['cypher', 'gekko', 'kayo', 'raze', 'viper']",0,2,2
Bind,2024,fade|gekko|omen|raze|viper,"['fade', 'gekko', 'omen', 'raze', 'viper']",1,2,3
Bind,2024,fade|harbor|omen|sova|yoru,"['fade', 'harbor', 'omen', 'sova', 'yoru']",0,1,1
Bind,2024,fade|omen|raze|viper|yoru,"['fade', 'omen', 'raze', 'viper', 'yoru']",0,1,1
Bind,2024,gekko|harbor|kayo|raze|viper,"['gekko', 'harbor', 'kayo', 'raze', 'viper']",0,1,1
Bind,2024,gekko|harbor|raze|skye|viper,"['gekko', 'harbor', 'raze', 'skye', 'viper']",5,6,11
Bind,2024,gekko|kayo|omen|raze|viper,"['gekko', 'kayo', 'omen', 'raze', 'viper']",2,3,5
Bind,2024,gekko|omen|raze|skye|viper,"['gekko', 'omen', 'raze', 'skye', 'viper']",3,3,6
Bind,2024,gekko|omen|raze|viper|yoru,"['gekko', 'omen', 'raze', 'viper', 'yoru']",0,2,2
Bind,2024,kayo|omen|raze|skye|viper,"['kayo', 'omen', 'raze', 'skye', 'viper']",2,2,4
Bind,2024,neon|omen|skye|viper|yoru,"['neon', 'omen', 'skye', 'viper', 'yoru']",0,1,1
Bind,2024,omen|raze|skye|viper|yoru,"['omen', 'raze', 'skye', 'viper', 'yoru']",2,5,7
Bind,2024,omen|skye|sova|viper|yoru,"['omen', 'skye', 'sova', 'viper', 'yoru']",3,0,3
Breeze,2024,astra|cypher|jett|skye|viper,"['astra', 'cypher', 'jett', 'skye', 'viper']",2,3,5
Breeze,2024,astra|cypher|jett|sova|viper,"['astra', 'cypher', 'jett', 'sova', 'viper']",1,0,1
Breeze,2024,astra|cypher|jett|sova|yoru,"['astra', 'cypher', 'jett', 'sova', 'yoru']",0,1,1
Breeze,2024,astra|cypher|sova|viper|yoru,"['astra', 'cypher', 'sova', 'viper', 'yoru']",5,2,7
Breeze,2024,astra|harbor|jett|sova|yoru,"['astra', 'harbor', 'jett', 'sova', 'yoru']",2,2,4
Breeze,2024,astra|jett|sova|viper|yoru,"['astra', 'jett', 'sova', 'viper', 'yoru']",9,5,14
Breeze,2024,cypher|harbor|sova|viper|yoru,"['cypher', 'harbor', 'sova', 'viper', 'yoru']",2,5,7
Breeze,2024,cypher|jett|kayo|sova|viper,"['cypher', 'jett', 'kayo', 'sova', 'viper']",28,31,59
Breeze,2024,cypher|jett|skye|sova|viper,"['cypher', 'jett', 'skye', 'sova', 'viper']",0,1,1
Breeze,2024,cypher|jett|sova|viper|yoru,"['cypher', 'jett', 'sova', 'viper', 'yoru']",15,12,27
Breeze,2024,cypher|kayo|sova|viper|yoru,"['cypher', 'kayo', 'sova', 'viper', 'yoru']",7,8,15
Breeze,2024,cypher|omen|sova|viper|yoru,"['cypher', 'omen', 'sova', 'viper', 'yoru']",4,2,6
Breeze,2024,cypher|phoenix|sova|viper|yoru,"['cypher', 'phoenix', 'sova', 'viper', 'yoru']",1,1,2
Breeze,2024,harbor|jett|reyna|sova|viper,"['harbor', 'jett', 'reyna', 'sova', 'viper']",0,1,1
Breeze,2024,harbor|jett|sova|viper|yoru,"['harbor', 'jett', 'sova', 'viper', 'yoru']",3,3,6
Breeze,2024,harbor|neon|skye|sova|viper,"['harbor', 'neon', 'skye', 'sova', 'viper']",0,1,1
Breeze,2024,harbor|neon|sova|viper|yoru,"['harbor', 'neon', 'sova', 'viper', 'yoru']",1,1,2
Breeze,2024,harbor|omen|sova|viper|yoru,"['harbor', 'omen', 'sova', 'viper', 'yoru']",0,1,1
Haven,2024,astra|breach|iso|killjoy|neon,"['astra', 'breach', 'iso', 'killjoy', 'neon']",0,2,2
Haven,2024,breach|cypher|iso|neon|omen,"['breach', 'cypher', 'iso', 'neon', 'omen']",2,1,3
Haven,2024,breach|cypher|jett|kayo|omen,"['breach', 'cypher', 'jett', 'kayo', 'omen']",3,4,7
Haven,2024,breach|cypher|jett|omen|sova,"['breach', 'cypher', 'jett', 'omen', 'sova']",9,12,21
Haven,2024,breach|cypher|neon|omen|sova,"['breach', 'cypher', 'neon', 'omen', 'sova']",11,8,19
Haven,2024,breach|gekko|jett|killjoy|omen,"['breach', 'gekko', 'jett', 'killjoy', 'omen']",0,2,2
Haven,2024,breach|gekko|killjoy|neon|omen,"['breach', 'gekko', 'killjoy', 'neon', 'omen']",1,1,2
Haven,2024,breach|jett|killjoy|omen|sova,"['breach', 'jett', 'killjoy', 'omen', 'sova']",5,9,14
Haven,2024,breach|killjoy|neon|omen|sova,"['breach', 'killjoy', 'neon', 'omen', 'sova']",2,2,4
Haven,2024,clove|deadlock|fade|omen|yoru,"['clove', 'deadlock', 'fade', 'omen', 'yoru']",0,1,1
Haven,2024,cypher|fade|gekko|jett|omen,"['cypher', 'fade', 'gekko', 'jett', 'omen']",3,1,4
Haven,2024,cypher|iso|omen|sova|yoru,"['cypher', 'iso', 'omen', 'sova', 'yoru']",7,0,7
Haven,2024,cypher|neon|omen|skye|viper,"['cypher', 'neon', 'omen', 'skye', 'viper']",1,0,1
Haven,2024,cypher|neon|omen|sova|yoru,"['cypher', 'neon', 'omen', 'sova', 'yoru']",1,0,1
Haven,2024,fade|iso|killjoy|omen|yoru,"['fade', 'iso', 'killjoy', 'omen', 'yoru']",0,1,1
Haven,2024,gekko|harbor|killjoy|viper|yoru,"['gekko', 'harbor', 'killjoy', 'viper', 'yoru']",0,1,1
Haven,2024,jett|kayo|killjoy|omen|sova,"['jett', 'kayo', 'killjoy', 'omen', 'sova']",1,2,3
Haven,2024,jett|killjoy|omen|sage|sova,"['jett', 'killjoy', 'omen', 'sage', 'sova']",0,1,1
Haven,2024,jett|killjoy|omen|skye|viper,"['jett', 'killjoy', 'omen', 'skye', 'viper']",3,1,4
Haven,2024,killjoy|omen|sova|viper|yoru,"['killjoy', 'omen', 'sova', 'viper', 'yoru']",1,1,2
Icebox,2024,brimstone|jett|killjoy|sova|viper,"['brimstone', 'jett', 'killjoy', 'sova', 'viper']",0,2,2
Icebox,2024,chamber|fade|phoenix|sova|viper,"['chamber', 'fade', 'phoenix', 'sova', 'viper']",0,1,1
Icebox,2024,chamber|gekko|iso|kayo|viper,"['chamber', 'gekko', 'iso', 'kayo', 'viper']",0,2,2
Icebox,2024,chamber|gekko|kayo|killjoy|viper,"['chamber', 'gekko', 'kayo', 'killjoy', 'viper']",0,1,1
Icebox,2024,chamber|gekko|kayo|omen|viper,"['chamber', 'gekko', 'kayo', 'omen', 'viper']",1,0,1
Icebox,2024,chamber|harbor|reyna|sova|viper,"['chamber', 'harbor', 'reyna', 'sova', 'viper']",3,1,4
Icebox,2024,chamber|jett|sage|sova|viper,"['chamber', 'jett', 'sage', 'sova', 'viper']",0,2,2
Icebox,2024,chamber|reyna|sage|sova|viper,"['chamber', 'reyna', 'sage', 'sova', 'viper']",1,1,2
Icebox,2024,clove|gekko|harbor|kayo|omen,"['clove', 'gekko', 'harbor', 'kayo', 'omen']",1,1,2
Icebox,2024,clove|gekko|jett|kayo|omen,"['clove', 'gekko', 'jett', 'kayo', 'omen']",2,2,4
Icebox,2024,clove|harbor|iso|killjoy|sova,"['clove', 'harbor', 'iso', 'killjoy', 'sova']",2,3,5
Icebox,2024,clove|jett|kayo|killjoy|viper,"['clove', 'jett', 'kayo', 'killjoy', 'viper']",6,3,9
Icebox,2024,cypher|gekko|jett|sova|viper,"['cypher', 'gekko', 'jett', 'sova', 'viper']",0,1,1
Icebox,2024,cypher|jett|killjoy|sova|viper,"['cypher', 'jett', 'killjoy', 'sova', 'viper']",1,1,2
Icebox,2024,deadlock|gekko|kayo|killjoy|viper,"['deadlock', 'gekko', 'kayo', 'killjoy', 'viper']",1,1,2
Icebox,2024,deadlock|jett|kayo|killjoy|viper,"['deadlock', 'jett', 'kayo', 'killjoy', 'viper']",3,1,4
Icebox,2024,gekko|harbor|jett|kayo|killjoy,"['gekko', 'harbor', 'jett', 'kayo', 'killjoy']",0,2,2
Icebox,2024,gekko|harbor|jett|killjoy|viper,"['gekko', 'harbor', 'jett', 'killjoy', 'viper']",1,1,2
Icebox,2024,gekko|harbor|kayo|killjoy|omen,"['gekko', 'harbor', 'kayo', 'killjoy', 'omen']",0,3,3
Icebox,2024,gekko|harbor|killjoy|sova|viper,"['gekko', 'harbor', 'killjoy', 'sova', 'viper']",7,8,15
Icebox,2024,gekko|iso|killjoy|sova|viper,"['gekko', 'iso', 'killjoy', 'sova', 'viper']",1,2,3
Icebox,2024,gekko|jett|kayo|killjoy|viper,"['gekko', 'jett', 'kayo', 'killjoy', 'viper']",32,25,57
Icebox,2024,gekko|jett|killjoy|reyna|viper,"['gekko', 'jett', 'killjoy', 'reyna', 'viper']",0,2,2
Icebox,2024,gekko|jett|killjoy|sage|viper,"['gekko', 'jett', 'killjoy', 'sage', 'viper']",6,4,10
Icebox,2024,gekko|jett|killjoy|sova|viper,"['gekko', 'jett', 'killjoy', 'sova', 'viper']",14,14,28
Icebox,2024,gekko|jett|omen|reyna|viper,"['gekko', 'jett', 'omen', 'reyna', 'viper']",1,1,2
Icebox,2024,gekko|kayo|killjoy|omen|viper,"['gekko', 'kayo', 'killjoy', 'omen', 'viper']",2,3,5
Icebox,2024,gekko|kayo|killjoy|raze|viper,"['gekko', 'kayo', 'killjoy', 'raze', 'viper']",2,2,4
Icebox,2024,gekko|kayo|killjoy|reyna|viper,"['gekko', 'kayo', 'killjoy', 'reyna', 'viper']",1,3,4
Icebox,2024,gekko|kayo|killjoy|sage|viper,"['gekko', 'kayo', 'killjoy', 'sage', 'viper']",1,5,6
Icebox,2024,gekko|kayo|killjoy|sova|viper,"['gekko', 'kayo', 'killjoy', 'sova', 'viper']",1,1,2
Icebox,2024,gekko|killjoy|neon|sova|viper,"['gekko', 'killjoy', 'neon', 'sova', 'viper']",5,3,8
Icebox,2024,gekko|killjoy|reyna|sova|viper,"['gekko', 'killjoy', 'reyna', 'sova', 'viper']",2,1,3
Icebox,2024,harbor|jett|killjoy|sova|viper,"['harbor', 'jett', 'killjoy', 'sova', 'viper']",31,20,51
Icebox,2024,harbor|kayo|killjoy|raze|viper,"['harbor', 'kayo', 'killjoy', 'raze', 'viper']",0,4,4
Icebox,2024,harbor|killjoy|reyna|sova|viper,"['harbor', 'killjoy', 'reyna', 'sova', 'viper']",1,0,1
Icebox,2024,harbor|killjoy|sova|viper|yoru,"['harbor', 'killjoy', 'sova', 'viper', 'yoru']",0,2,2
Icebox,2024,jett|kayo|killjoy|sage|viper,"['jett', 'kayo', 'killjoy', 'sage', 'viper']",9,6,15
Icebox,2024,jett|kayo|killjoy|sova|viper,"['jett', 'kayo', 'killjoy', 'sova', 'viper']",16,21,37
Icebox,2024,jett|killjoy|reyna|sova|viper,"['jett', 'killjoy', 'reyna', 'sova', 'viper']",1,1,2
Icebox,2024,jett|killjoy|sage|sova|viper,"['jett', 'killjoy', 'sage', 'sova', 'viper']",10,8,18
Icebox,2024,kayo|killjoy|raze|sova|viper,"['kayo', 'killjoy', 'raze', 'sova', 'viper']",0,1,1
Icebox,2024,killjoy|omen|raze|sova|viper,"['killjoy', 'omen', 'raze', 'sova', 'viper']",1,0,1
Icebox,2024,killjoy|omen|sage|sova|viper,"['killjoy', 'omen', 'sage', 'sova', 'viper']",1,1,2
Lotus,2024,astra|breach|cypher|gekko|raze,"['astra', 'breach', 'cypher', 'gekko', 'raze']",0,2,2
Lotus,2024,astra|breach|cypher|neon|sova,"['astra', 'breach', 'cypher', 'neon', 'sova']",3,0,4
Lotus,2024,astra|fade|killjoy|raze|viper,"['astra', 'fade', 'killjoy', 'raze', 'viper']",0,2,2
Lotus,2024,astra|gekko|omen|raze|viper,"['astra', 'gekko', 'omen', 'raze', 'viper']",8,4,12
Lotus,2024,breach|brimstone|cypher|gekko|jett,"['breach', 'brimstone', 'cypher', 'gekko', 'jett']",0,2,2
Lotus,2024,breach|brimstone|cypher|gekko|raze,"['breach', 'brimstone', 'cypher', 'gekko', 'raze']",1,0,1
Lotus,2024,breach|brimstone|gekko|killjoy|raze,"['breach', 'brimstone', 'gekko', 'killjoy', 'raze']",1,2,3
Lotus,2024,breach|chamber|fade|neon|omen,"['breach', 'chamber', 'fade', 'neon', 'omen']",1,4,5
Lotus,2024,breach|chamber|gekko|neon|omen,"['breach', 'chamber', 'gekko', 'neon', 'omen']",0,2,2
Lotus,2024,breach|chamber|neon|omen|sova,"['breach', 'chamber', 'neon', 'omen', 'sova']",2,1,3
Lotus,2024,breach|clove|cypher|gekko|neon,"['breach', 'clove', 'cypher', 'gekko', 'neon']",0,1,1
Lotus,2024,breach|clove|fade|neon|omen,"['breach', 'clove', 'fade', 'neon', 'omen']",5,0,5
Lotus,2024,breach|cypher|deadlock|neon|omen,"['breach', 'cypher', 'deadlock', 'neon', 'omen']",0,1,1
Lotus,2024,breach|cypher|fade|neon|omen,"['breach', 'cypher', 'fade', 'neon', 'omen']",8,11,19
Lotus,2024,breach|cypher|fade|omen|raze,"['breach', 'cypher', 'fade', 'omen', 'raze']",12,13,25
Lotus,2024,breach|cypher|jett|omen|viper,"['breach', 'cypher', 'jett', 'omen', 'viper']",4,3,7
Lotus,2024,breach|cypher|kayo|neon|omen,"['breach', 'cypher', 'kayo', 'neon', 'omen']",0,1,1
Lotus,2024,breach|cypher|omen|phoenix|raze,"['breach', 'cypher', 'omen', 'phoenix', 'raze']",0,2,2
Lotus,2024,breach|cypher|omen|raze|sova,"['breach', 'cypher', 'omen', 'raze', 'sova']",2,2,4
Lotus,2024,breach|fade|neon|omen|viper,"['breach', 'fade', 'neon', 'omen', 'viper']",0,2,2
Lotus,2024,breach|gekko|killjoy|omen|raze,"['breach', 'gekko', 'killjoy', 'omen', 'raze']",1,1,2
Lotus,2024,breach|gekko|omen|raze|viper,"['breach', 'gekko', 'omen', 'raze', 'viper']",0,2,2
Lotus,2024,breach|jett|killjoy|omen|raze,"['breach', 'jett', 'killjoy', 'omen', 'raze']",0,2,2
Lotus,2024,breach|jett|omen|raze|skye,"['breach', 'jett', 'omen', 'raze', 'skye']",4,3,7
Lotus,2024,breach|killjoy|neon|omen|sova,"['breach', 'killjoy', 'neon', 'omen', 'sova']",1,1,2
Lotus,2024,breach|killjoy|omen|phoenix|raze,"['breach', 'killjoy', 'omen', 'phoenix', 'raze']",0,2,2
Lotus,2024,breach|killjoy|omen|raze|skye,"['breach', 'killjoy', 'omen', 'raze', 'skye']",0,1,1
Lotus,2024,breach|omen|phoenix|skye|viper,"['breach', 'omen', 'phoenix', 'skye', 'viper']",0,1,1
Lotus,2024,breach|omen|raze|reyna|sage,"['breach', 'omen', 'raze', 'reyna', 'sage']",0,1,1
Lotus,2024,chamber|fade|omen|raze|viper,"['chamber', 'fade', 'omen', 'raze', 'viper']",10,8,18
Lotus,2024,chamber|gekko|neon|omen|viper,"['chamber', 'gekko', 'neon', 'omen', 'viper']",2,1,3
Lotus,2024,chamber|gekko|omen|raze|viper,"['chamber', 'gekko', 'omen', 'raze', 'viper']",2,1,3
Lotus,2024,clove|deadlock|fade|omen|raze,"['clove', 'deadlock', 'fade', 'omen', 'raze']",0,1,1
Lotus,2024,cypher|deadlock|fade|omen|raze,"['cypher', 'deadlock', 'fade', 'omen', 'raze']",2,2,4
Lotus,2024,cypher|fade|gekko|omen|raze,"['cypher', 'fade', 'gekko', 'omen', 'raze']",0,1,1
Lotus,2024,cypher|fade|jett|omen|raze,"['cypher', 'fade', 'jett', 'omen', 'raze']",0,4,4
Lotus,2024,cypher|fade|neon|omen|viper,"['cypher', 'fade', 'neon', 'omen', 'viper']",0,1,1
Lotus,2024,cypher|fade|neon|omen|yoru,"['cypher', 'fade', 'neon', 'omen', 'yoru']",1,0,1
Lotus,2024,cypher|fade|omen|raze|viper,"['cypher', 'fade', 'omen', 'raze', 'viper']",2,5,7
Lotus,2024,cypher|fade|omen|raze|yoru,"['cypher', 'fade', 'omen', 'raze', 'yoru']",0,2,2
Lotus,2024,cypher|fade|omen|sova|yoru,"['cypher', 'fade', 'omen', 'sova', 'yoru']",2,2,4
Lotus,2024,cypher|jett|omen|raze|skye,"['cypher', 'jett', 'omen', 'raze', 'skye']",1,5,6
Lotus,2024,cypher|jett|omen|sage|viper,"['cypher', 'jett', 'omen', 'sage', 'viper']",2,1,3
Lotus,2024,cypher|neon|omen|skye|sova,"['cypher', 'neon', 'omen', 'skye', 'sova']",0,2,2
Lotus,2024,deadlock|fade|omen|raze|viper,"['deadlock', 'fade', 'omen', 'raze', 'viper']",1,1,2
Lotus,2024,fade|gekko|killjoy|omen|raze,"['fade', 'gekko', 'killjoy', 'omen', 'raze']",1,0,1
Lotus,2024,fade|jett|kayo|neon|omen,"['fade', 'jett', 'kayo', 'neon', 'omen']",3,2,5
Lotus,2024,fade|killjoy|neon|omen|skye,"['fade', 'killjoy', 'neon', 'omen', 'skye']",1,1,2
Lotus,2024,fade|killjoy|neon|omen|viper,"['fade', 'killjoy', 'neon', 'omen', 'viper']",1,4,5
Lotus,2024,fade|killjoy|omen|raze|viper,"['fade', 'killjoy', 'omen', 'raze', 'viper']",110,79,189
Lotus,2024,gekko|killjoy|neon|omen|viper,"['gekko', 'killjoy', 'neon', 'omen', 'viper']",3,2,5
Lotus,2024,gekko|killjoy|omen|raze|viper,"['gekko', 'killjoy', 'omen', 'raze', 'viper']",2,2,4
Lotus,2024,killjoy|omen|raze|skye|viper,"['killjoy', 'omen', 'raze', 'skye', 'viper']",3,7,10
Split,2024,astra|breach|chamber|viper|yoru,"['astra', 'breach', 'chamber', 'viper', 'yoru']",0,1,1
Split,2024,astra|breach|cypher|raze|skye,"['astra', 'breach', 'cypher', 'raze', 'skye']",1,0,1
Split,2024,astra|breach|fade|raze|viper,"['astra', 'breach', 'fade', 'raze', 'viper']",1,0,1
Split,2024,astra|cypher|raze|skye|sova,"['astra', 'cypher', 'raze', 'skye', 'sova']",0,1,1
Split,2024,astra|cypher|raze|skye|viper,"['astra', 'cypher', 'raze', 'skye', 'viper']",1,0,1
Split,2024,astra|fade|gekko|raze|viper,"['astra', 'fade', 'gekko', 'raze', 'viper']",4,3,7
Split,2024,astra|fade|omen|raze|yoru,"['astra', 'fade', 'omen', 'raze', 'yoru']",3,2,5
Split,2024,astra|jett|kayo|skye|viper,"['astra', 'jett', 'kayo', 'skye', 'viper']",0,1,1
Split,2024,astra|jett|raze|skye|viper,"['astra', 'jett', 'raze', 'skye', 'viper']",4,12,16
Split,2024,astra|killjoy|raze|skye|viper,"['astra', 'killjoy', 'raze', 'skye', 'viper']",0,2,2
Split,2024,astra|raze|sage|skye|viper,"['astra', 'raze', 'sage', 'skye', 'viper']",1,0,1
Split,2024,breach|cypher|fade|omen|raze,"['breach', 'cypher', 'fade', 'omen', 'raze']",1,0,1
Split,2024,breach|cypher|gekko|omen|raze,"['breach', 'cypher', 'gekko', 'omen', 'raze']",4,1,5
Split,2024,breach|cypher|iso|neon|omen,"['breach', 'cypher', 'iso', 'neon', 'omen']",1,1,2
Split,2024,breach|cypher|jett|omen|raze,"['breach', 'cypher', 'jett', 'omen', 'raze']",1,2,3
Split,2024,breach|cypher|neon|omen|yoru,"['breach', 'cypher', 'neon', 'omen', 'yoru']",0,1,1
Split,2024,breach|cypher|omen|raze|skye,"['breach', 'cypher', 'omen', 'raze', 'skye']",0,4,4
Split,2024,breach|cypher|omen|raze|viper,"['breach', 'cypher', 'omen', 'raze', 'viper']",5,2,7
Split,2024,breach|cypher|omen|raze|yoru,"['breach', 'cypher', 'omen', 'raze', 'yoru']",6,5,11
Split,2024,breach|fade|omen|raze|viper,"['breach', 'fade', 'omen', 'raze', 'viper']",8,7,15
Split,2024,breach|fade|omen|raze|yoru,"['breach', 'fade', 'omen', 'raze', 'yoru']",1,1,2
Split,2024,breach|omen|raze|skye|viper,"['breach', 'omen', 'raze', 'skye', 'viper']",6,7,13
Split,2024,chamber|omen|raze|skye|viper,"['chamber', 'omen', 'raze', 'skye', 'viper']",3,5,8
Split,2024,clove|cypher|omen|raze|skye,"['clove', 'cypher', 'omen', 'raze', 'skye']",0,2,2
Split,2024,cypher|deadlock|fade|omen|raze,"['cypher', 'deadlock', 'fade', 'omen', 'raze']",0,1,1
Split,2024,cypher|omen|raze|skye|viper,"['cypher', 'omen', 'raze', 'skye', 'viper']",42,36,78
Split,2024,fade|omen|raze|viper|yoru,"['fade', 'omen', 'raze', 'viper', 'yoru']",2,2,4
Split,2024,jett|omen|phoenix|skye|viper,"['jett', 'omen', 'phoenix', 'skye', 'viper']",0,1,1
Split,2024,jett|omen|raze|skye|viper,"['jett', 'omen', 'raze', 'skye', 'viper']",16,13,29
Split,2024,jett|omen|raze|viper|yoru,"['jett', 'omen', 'raze', 'viper', 'yoru']",2,0,2
Sunset,2024,astra|breach|cypher|raze|sova,"['astra', 'breach', 'cypher', 'raze', 'sova']",3,2,5
Sunset,2024,astra|cypher|gekko|omen|raze,"['astra', 'cypher', 'gekko', 'omen', 'raze']",0,2,2
Sunset,2024,astra|jett|omen|sova|yoru,"['astra', 'jett', 'omen', 'sova', 'yoru']",2,3,5
Sunset,2024,breach|brimstone|cypher|neon|sova,"['breach', 'brimstone', 'cypher', 'neon', 'sova']",1,1,2
Sunset,2024,breach|chamber|fade|omen|viper,"['breach', 'chamber', 'fade', 'omen', 'viper']",0,1,1
Sunset,2024,breach|cypher|fade|neon|omen,"['breach', 'cypher', 'fade', 'neon', 'omen']",5,7,12
Sunset,2024,breach|cypher|fade|omen|raze,"['breach', 'cypher', 'fade', 'omen', 'raze']",6,9,15
Sunset,2024,breach|cypher|gekko|neon|omen,"['breach', 'cypher', 'gekko', 'neon', 'omen']",1,1,2
Sunset,2024,breach|cypher|gekko|omen|raze,"['breach', 'cypher', 'gekko', 'omen', 'raze']",19,25,44
Sunset,2024,breach|cypher|jett|omen|raze,"['breach', 'cypher', 'jett', 'omen', 'raze']",1,3,4
Sunset,2024,breach|cypher|neon|omen|sova,"['breach', 'cypher', 'neon', 'omen', 'sova']",10,10,20
Sunset,2024,breach|cypher|omen|raze|sova,"['breach', 'cypher', 'omen', 'raze', 'sova']",18,21,39
Sunset,2024,breach|cypher|omen|raze|yoru,"['breach', 'cypher', 'omen', 'raze', 'yoru']",0,2,2
Sunset,2024,breach|deadlock|omen|sova|yoru,"['breach', 'deadlock', 'omen', 'sova', 'yoru']",0,1,1
Sunset,2024,breach|fade|killjoy|neon|omen,"['breach', 'fade', 'killjoy', 'neon', 'omen']",0,2,2
Sunset,2024,breach|fade|omen|raze|sage,"['breach', 'fade', 'omen', 'raze', 'sage']",1,1,2
Sunset,2024,breach|gekko|omen|raze|sage,"['breach', 'gekko', 'omen', 'raze', 'sage']",12,6,18
Sunset,2024,breach|omen|phoenix|sova|viper,"['breach', 'omen', 'phoenix', 'sova', 'viper']",3,4,7
Sunset,2024,chamber|fade|kayo|omen|viper,"['chamber', 'fade', 'kayo', 'omen', 'viper']",0,2,2
Sunset,2024,chamber|gekko|omen|raze|sage,"['chamber', 'gekko', 'omen', 'raze', 'sage']",2,1,3
Sunset,2024,chamber|harbor|phoenix|sova|viper,"['chamber', 'harbor', 'phoenix', 'sova', 'viper']",2,1,3
Sunset,2024,chamber|kayo|omen|phoenix|raze,"['chamber', 'kayo', 'omen', 'phoenix', 'raze']",2,0,2
Sunset,2024,chamber|omen|phoenix|sova|viper,"['chamber', 'omen', 'phoenix', 'sova', 'viper']",2,2,4
Sunset,2024,clove|cypher|omen|raze|skye,"['clove', 'cypher', 'omen', 'raze', 'skye']",1,0,1
Sunset,2024,cypher|deadlock|fade|omen|raze,"['cypher', 'deadlock', 'fade', 'omen', 'raze']",0,1,1
Sunset,2024,cypher|fade|gekko|omen|raze,"['cypher', 'fade', 'gekko', 'omen', 'raze']",0,2,2
Sunset,2024,cypher|fade|harbor|omen|raze,"['cypher', 'fade', 'harbor', 'omen', 'raze']",0,1,1
Sunset,2024,cypher|fade|harbor|omen|yoru,"['cypher', 'fade', 'harbor', 'omen', 'yoru']",1,2,3
Sunset,2024,cypher|fade|omen|raze|viper,"['cypher', 'fade', 'omen', 'raze', 'viper']",1,1,2
Sunset,2024,cypher|gekko|kayo|neon|omen,"['cypher', 'gekko', 'kayo', 'neon', 'omen']",0,1,1
Sunset,2024,cypher|gekko|kayo|omen|raze,"['cypher', 'gekko', 'kayo', 'omen', 'raze']",13,15,28
Sunset,2024,cypher|gekko|omen|raze|sova,"['cypher', 'gekko', 'omen', 'raze', 'sova']",1,2,3
Sunset,2024,cypher|gekko|omen|raze|viper,"['cypher', 'gekko', 'omen', 'raze', 'viper']",8,3,11
Sunset,2024,cypher|gekko|omen|sova|yoru,"['cypher', 'gekko', 'omen', 'sova', 'yoru']",0,1,1
Sunset,2024,cypher|jett|kayo|omen|sova,"['cypher', 'jett', 'kayo', 'omen', 'sova']",5,5,10
Sunset,2024,cypher|jett|omen|skye|viper,"['cypher', 'jett', 'omen', 'skye', 'viper']",1,1,2
Sunset,2024,cypher|kayo|neon|omen|raze,"['cypher', 'kayo', 'neon', 'omen', 'raze']",2,0,2
Sunset,2024,cypher|kayo|neon|omen|sova,"['cypher', 'kayo', 'neon', 'omen', 'sova']",26,15,41
Sunset,2024,cypher|kayo|omen|raze|sova,"['cypher', 'kayo', 'omen', 'raze', 'sova']",10,7,17
Sunset,2024,cypher|omen|phoenix|raze|sova,"['cypher', 'omen', 'phoenix', 'raze', 'sova']",0,1,1
Sunset,2024,cypher|omen|raze|skye|viper,"['cypher', 'omen', 'raze', 'skye', 'viper']",8,4,12
Sunset,2024,cypher|omen|raze|sova|viper,"['cypher', 'omen', 'raze', 'sova', 'viper']",5,7,12
Sunset,2024,fade|gekko|omen|raze|viper,"['fade', 'gekko', 'omen', 'raze', 'viper']",1,0,1
Sunset,2024,gekko|kayo|killjoy|omen|raze,"['gekko', 'kayo', 'killjoy', 'omen', 'raze']",0,2,2
Sunset,2024,gekko|kayo|omen|raze|viper,"['gekko', 'kayo', 'omen', 'raze', 'viper']",4,2,6
Sunset,2024,gekko|kayo|omen|sage|viper,"['gekko', 'kayo', 'omen', 'sage', 'viper']",5,1,6
Sunset,2024,kayo|killjoy|neon|omen|sova,"['kayo', 'killjoy', 'neon', 'omen', 'sova']",1,1,2
Sunset,2024,omen|raze|skye|viper|yoru,"['omen', 'raze', 'skye', 'viper', 'yoru']",0,1,1
Abyss,2025,astra|breach|chamber|jett|sova,"['astra', 'breach', 'chamber', 'jett', 'sova']",0,3,3
Abyss,2025,astra|breach|chamber|sova|yoru,"['astra', 'breach', 'chamber', 'sova', 'yoru']",4,1,5
Abyss,2025,astra|breach|cypher|sova|waylay,"['astra', 'breach', 'cypher', 'sova', 'waylay']",3,1,4
Abyss,2025,astra|breach|cypher|sova|yoru,"['astra', 'breach', 'cypher', 'sova', 'yoru']",0,1,1
Abyss,2025,astra|breach|jett|sova|tejo,"['astra', 'breach', 'jett', 'sova', 'tejo']",2,1,3
Abyss,2025,astra|breach|jett|sova|yoru,"['astra', 'breach', 'jett', 'sova', 'yoru']",1,2,3
Abyss,2025,astra|breach|sage|sova|yoru,"['astra', 'breach', 'sage', 'sova', 'yoru']",1,0,1
Abyss,2025,astra|chamber|sova|tejo|yoru,"['astra', 'chamber', 'sova', 'tejo', 'yoru']",0,3,3
Abyss,2025,astra|cypher|jett|kayo|sova,"['astra', 'cypher', 'jett', 'kayo', 'sova']",7,7,14
Abyss,2025,astra|cypher|jett|sova|tejo,"['astra', 'cypher', 'jett', 'sova', 'tejo']",2,0,2
Abyss,2025,astra|deadlock|neon|sova|viper,"['astra', 'deadlock', 'neon', 'sova', 'viper']",1,0,1
Abyss,2025,astra|deadlock|sova|tejo|yoru,"['astra', 'deadlock', 'sova', 'tejo', 'yoru']",1,1,2
Abyss,2025,astra|fade|harbor|vyse|yoru,"['astra', 'fade', 'harbor', 'vyse', 'yoru']",0,2,2
Abyss,2025,astra|fade|sova|vyse|yoru,"['astra', 'fade', 'sova', 'vyse', 'yoru']",1,1,2
Abyss,2025,astra|gekko|omen|viper|yoru,"['astra', 'gekko', 'omen', 'viper', 'yoru']",0,2,2
Abyss,2025,astra|jett|kayo|omen|sova,"['astra', 'jett', 'kayo', 'omen', 'sova']",10,7,17
Abyss,2025,astra|jett|kayo|omen|tejo,"['astra', 'jett', 'kayo', 'omen', 'tejo']",0,1,1
Abyss,2025,astra|jett|kayo|sova|viper,"['astra', 'jett', 'kayo', 'sova', 'viper']",2,1,3
Abyss,2025,astra|jett|omen|sova|vyse,"['astra', 'jett', 'omen', 'sova', 'vyse']",1,1,2
Abyss,2025,astra|jett|omen|sova|yoru,"['astra', 'jett', 'omen', 'sova', 'yoru']",2,5,7
Abyss,2025,astra|neon|omen|sova|yoru,"['astra', 'neon', 'omen', 'sova', 'yoru']",0,2,2
Abyss,2025,cypher|jett|kayo|omen|sova,"['cypher', 'jett', 'kayo', 'omen', 'sova']",11,10,21
Abyss,2025,cypher|omen|sova|tejo|yoru,"['cypher', 'omen', 'sova', 'tejo', 'yoru']",1,0,1
Abyss,2025,cypher|omen|sova|waylay|yoru,"['cypher', 'omen', 'sova', 'waylay', 'yoru']",3,1,4
Abyss,2025,fade|jett|omen|reyna|tejo,"['fade', 'jett', 'omen', 'reyna', 'tejo']",0,1,1
Abyss,2025,harbor|jett|omen|sova|yoru,"['harbor', 'jett', 'omen', 'sova', 'yoru']",1,1,2
Abyss,2025,harbor|omen|sova|vyse|yoru,"['harbor', 'omen', 'sova', 'vyse', 'yoru']",4,3,7
Ascent,2025,astra|cypher|jett|sova|yoru,"['astra', 'cypher', 'jett', 'sova', 'yoru']",1,0,1
Ascent,2025,astra|fade|jett|kayo|tejo,"['astra', 'fade', 'jett', 'kayo', 'tejo']",1,2,3
Ascent,2025,breach|killjoy|omen|tejo|yoru,"['breach', 'killjoy', 'omen', 'tejo', 'yoru']",1,1,2
Ascent,2025,chamber|fade|jett|kayo|omen,"['chamber', 'fade', 'jett', 'kayo', 'omen']",3,2,5
Ascent,2025,chamber|jett|kayo|omen|sova,"['chamber', 'jett', 'kayo', 'omen', 'sova']",1,0,1
Ascent,2025,chamber|omen|sova|vyse|yoru,"['chamber', 'omen', 'sova', 'vyse', 'yoru']",17,14,31
Ascent,2025,clove|fade|omen|vyse|yoru,"['clove', 'fade', 'omen', 'vyse', 'yoru']",3,1,4
Ascent,2025,cypher|deadlock|jett|omen|tejo,"['cypher', 'deadlock', 'jett', 'omen', 'tejo']",2,2,4
Ascent,2025,cypher|deadlock|omen|sova|yoru,"['cypher', 'deadlock', 'omen', 'sova', 'yoru']",6,9,15
Ascent,2025,cypher|deadlock|omen|tejo|yoru,"['cypher', 'deadlock', 'omen', 'tejo', 'yoru']",1,1,2
Ascent,2025,cypher|jett|kayo|omen|sova,"['cypher', 'jett', 'kayo', 'omen', 'sova']",22,22,44
Ascent,2025,cypher|jett|omen|raze|sova,"['cypher', 'jett', 'omen', 'raze', 'sova']",0,2,2
Ascent,2025,cypher|jett|omen|sova|yoru,"['cypher', 'jett', 'omen', 'sova', 'yoru']",7,7,14
Ascent,2025,cypher|kayo|omen|tejo|waylay,"['cypher', 'kayo', 'omen', 'tejo', 'waylay']",0,2,2
Ascent,2025,cypher|kayo|omen|tejo|yoru,"['cypher', 'kayo', 'omen', 'tejo', 'yoru']",1,1,2
Ascent,2025,cypher|neon|omen|sova|yoru,"['cypher', 'neon', 'omen', 'sova', 'yoru']",1,4,5
Ascent,2025,cypher|omen|sova|tejo|yoru,"['cypher', 'omen', 'sova', 'tejo', 'yoru']",4,2,6
Ascent,2025,deadlock|jett|kayo|omen|tejo,"['deadlock', 'jett', 'kayo', 'omen', 'tejo']",1,0,1
Ascent,2025,deadlock|jett|omen|tejo|vyse,"['deadlock', 'jett', 'omen', 'tejo', 'vyse']",1,1,2
Ascent,2025,deadlock|omen|sova|vyse|yoru,"['deadlock', 'omen', 'sova', 'vyse', 'yoru']",1,2,3
Ascent,2025,deadlock|omen|tejo|vyse|yoru,"['deadlock', 'omen', 'tejo', 'vyse', 'yoru']",1,2,3
Ascent,2025,fade|jett|kayo|omen|viper,"['fade', 'jett', 'kayo', 'omen', 'viper']",1,1,2
Ascent,2025,fade|jett|kayo|omen|vyse,"['fade', 'jett', 'kayo', 'omen', 'vyse']",2,2,4
Ascent,2025,fade|jett|kayo|omen|yoru,"['fade', 'jett', 'kayo', 'omen', 'yoru']",2,2,4
Ascent,2025,fade|omen|viper|vyse|yoru,"['fade', 'omen', 'viper', 'vyse', 'yoru']",2,2,4
Ascent,2025,jett|kayo|killjoy|omen|sova,"['jett', 'kayo', 'killjoy', 'omen', 'sova']",7,15,22
Ascent,2025,jett|kayo|omen|sova|vyse,"['jett', 'kayo', 'omen', 'sova', 'vyse']",2,4,6
Ascent,2025,jett|kayo|omen|tejo|vyse,"['jett', 'kayo', 'omen', 'tejo', 'vyse']",3,4,7
Ascent,2025,jett|omen|tejo|vyse|yoru,"['jett', 'omen', 'tejo', 'vyse', 'yoru']",4,1,5
Ascent,2025,kayo|killjoy|neon|omen|sova,"['kayo', 'killjoy', 'neon', 'omen', 'sova']",4,3,7
Ascent,2025,kayo|omen|sova|vyse|yoru,"['kayo', 'omen', 'sova', 'vyse', 'yoru']",1,2,3
Ascent,2025,kayo|omen|tejo|vyse|waylay,"['kayo', 'omen', 'tejo', 'vyse', 'waylay']",6,3,9
Ascent,2025,killjoy|neon|omen|sova|viper,"['killjoy', 'neon', 'omen', 'sova', 'viper']",3,1,4
Ascent,2025,killjoy|omen|phoenix|sova|waylay,"['killjoy', 'omen', 'phoenix', 'sova', 'waylay']",1,1,2
Ascent,2025,killjoy|omen|sova|tejo|yoru,"['killjoy', 'omen', 'sova', 'tejo', 'yoru']",1,0,1
Ascent,2025,omen|sage|sova|vyse|yoru,"['omen', 'sage', 'sova', 'vyse', 'yoru']",5,4,9
Ascent,2025,omen|sova|tejo|vyse|yoru,"['omen', 'sova', 'tejo', 'vyse', 'yoru']",3,3,6
Ascent,2025,omen|sova|vyse|waylay|yoru,"['omen', 'sova', 'vyse', 'waylay', 'yoru']",3,0,3
Bind,2025,astra|clove|raze|sova|yoru,"['astra', 'clove', 'raze', 'sova', 'yoru']",0,1,1
Bind,2025,astra|deadlock|fade|gekko|raze,"['astra', 'deadlock', 'fade', 'gekko', 'raze']",5,4,9
Bind,2025,astra|deadlock|gekko|raze|viper,"['astra', 'deadlock', 'gekko', 'raze', 'viper']",3,4,7
Bind,2025,astra|deadlock|gekko|vyse|yoru,"['astra', 'deadlock', 'gekko', 'vyse', 'yoru']",4,2,6
Bind,2025,astra|deadlock|kayo|raze|viper,"['astra', 'deadlock', 'kayo', 'raze', 'viper']",2,0,2
Bind,2025,astra|fade|gekko|raze|viper,"['astra', 'fade', 'gekko', 'raze', 'viper']",0,1,1
Bind,2025,astra|fade|gekko|viper|waylay,"['astra', 'fade', 'gekko', 'viper', 'waylay']",1,1,2
Bind,2025,astra|fade|kayo|raze|viper,"['astra', 'fade', 'kayo', 'raze', 'viper']",0,1,1
Bind,2025,astra|fade|raze|tejo|viper,"['astra', 'fade', 'raze', 'tejo', 'viper']",4,1,5
Bind,2025,astra|fade|tejo|viper|yoru,"['astra', 'fade', 'tejo', 'viper', 'yoru']",1,2,3
Bind,2025,astra|fade|viper|waylay|yoru,"['astra', 'fade', 'viper', 'waylay', 'yoru']",0,4,4
Bind,2025,astra|gekko|neon|vyse|yoru,"['astra', 'gekko', 'neon', 'vyse', 'yoru']",0,1,1
Bind,2025,astra|kayo|raze|tejo|viper,"['astra', 'kayo', 'raze', 'tejo', 'viper']",0,1,1
Bind,2025,astra|raze|sage|tejo|vyse,"['astra', 'raze', 'sage', 'tejo', 'vyse']",0,1,1
Bind,2025,breach|brimstone|cypher|tejo|yoru,"['breach', 'brimstone', 'cypher', 'tejo', 'yoru']",0,1,1
Bind,2025,breach|brimstone|tejo|viper|yoru,"['breach', 'brimstone', 'tejo', 'viper', 'yoru']",1,1,2
Bind,2025,brimstone|clove|deadlock|fade|raze,"['brimstone', 'clove', 'deadlock', 'fade', 'raze']",0,1,1
Bind,2025,brimstone|cypher|kayo|neon|skye,"['brimstone', 'cypher', 'kayo', 'neon', 'skye']",0,2,2
Bind,2025,brimstone|cypher|raze|skye|viper,"['brimstone', 'cypher', 'raze', 'skye', 'viper']",1,1,2
Bind,2025,brimstone|cypher|raze|skye|yoru,"['brimstone', 'cypher', 'raze', 'skye', 'yoru']",0,2,2
Bind,2025,brimstone|deadlock|fade|raze|viper,"['brimstone', 'deadlock', 'fade', 'raze', 'viper']",0,2,2
Bind,2025,brimstone|deadlock|fade|raze|vyse,"['brimstone', 'deadlock', 'fade', 'raze', 'vyse']",2,3,5
Bind,2025,brimstone|deadlock|fade|tejo|yoru,"['brimstone', 'deadlock', 'fade', 'tejo', 'yoru']",3,1,4
Bind,2025,brimstone|deadlock|kayo|raze|skye,"['brimstone', 'deadlock', 'kayo', 'raze', 'skye']",0,1,1
Bind,2025,brimstone|deadlock|kayo|raze|vyse,"['brimstone', 'deadlock', 'kayo', 'raze', 'vyse']",2,0,2
Bind,2025,brimstone|deadlock|raze|skye|viper,"['brimstone', 'deadlock', 'raze', 'skye', 'viper']",0,1,1
Bind,2025,brimstone|deadlock|raze|skye|vyse,"['brimstone', 'deadlock', 'raze', 'skye', 'vyse']",2,3,5
Bind,2025,brimstone|fade|gekko|raze|viper,"['brimstone', 'fade', 'gekko', 'raze', 'viper']",4,7,11
Bind,2025,brimstone|fade|gekko|viper|yoru,"['brimstone', 'fade', 'gekko', 'viper', 'yoru']",1,1,2
Bind,2025,brimstone|fade|iso|viper|yoru,"['brimstone', 'fade', 'iso', 'viper', 'yoru']",1,2,3
Bind,2025,brimstone|fade|kayo|raze|viper,"['brimstone', 'fade', 'kayo', 'raze', 'viper']",5,7,12
Bind,2025,brimstone|fade|kayo|raze|vyse,"['brimstone', 'fade', 'kayo', 'raze', 'vyse']",4,1,5
Bind,2025,brimstone|fade|neon|viper|vyse,"['brimstone', 'fade', 'neon', 'viper', 'vyse']",0,2,2
Bind,2025,brimstone|fade|raze|viper|vyse,"['brimstone', 'fade', 'raze', 'viper', 'vyse']",2,1,3
Bind,2025,brimstone|fade|raze|viper|waylay,"['brimstone', 'fade', 'raze', 'viper', 'waylay']",0,2,2
Bind,2025,brimstone|fade|raze|viper|yoru,"['brimstone', 'fade', 'raze', 'viper', 'yoru']",18,8,26
Bind,2025,brimstone|fade|tejo|viper|yoru,"['brimstone', 'fade', 'tejo', 'viper', 'yoru']",0,1,1
Bind,2025,brimstone|fade|viper|waylay|yoru,"['brimstone', 'fade', 'viper', 'waylay', 'yoru']",5,1,6
Bind,2025,brimstone|gekko|kayo|raze|viper,"['brimstone', 'gekko', 'kayo', 'raze', 'viper']",1,1,2
Bind,2025,brimstone|gekko|kayo|raze|vyse,"['brimstone', 'gekko', 'kayo', 'raze', 'vyse']",3,5,8
Bind,2025,brimstone|gekko|raze|skye|viper,"['brimstone', 'gekko', 'raze', 'skye', 'viper']",11,11,22
Bind,2025,brimstone|gekko|raze|tejo|viper,"['brimstone', 'gekko', 'raze', 'tejo', 'viper']",1,0,1
Bind,2025,brimstone|gekko|skye|viper|waylay,"['brimstone', 'gekko', 'skye', 'viper', 'waylay']",1,0,1
Bind,2025,brimstone|kayo|raze|tejo|viper,"['brimstone', 'kayo', 'raze', 'tejo', 'viper']",1,1,2
Bind,2025,brimstone|kayo|raze|tejo|vyse,"['brimstone', 'kayo', 'raze', 'tejo', 'vyse']",3,3,6
Bind,2025,brimstone|raze|skye|tejo|viper,"['brimstone', 'raze', 'skye', 'tejo', 'viper']",4,3,7
Bind,2025,brimstone|raze|skye|viper|vyse,"['brimstone', 'raze', 'skye', 'viper', 'vyse']",6,1,7
Bind,2025,brimstone|raze|skye|viper|yoru,"['brimstone', 'raze', 'skye', 'viper', 'yoru']",1,1,2
Bind,2025,fade|kayo|omen|raze|viper,"['fade', 'kayo', 'omen', 'raze', 'viper']",3,3,6
Bind,2025,fade|neon|omen|viper|yoru,"['fade', 'neon', 'omen', 'viper', 'yoru']",1,2,3
Bind,2025,kayo|omen|raze|tejo|viper,"['kayo', 'omen', 'raze', 'tejo', 'viper']",1,1,2
Corrode,2025,astra|chamber|fade|omen|yoru,"['astra', 'chamber', 'fade', 'omen', 'yoru']",2,1,3
Corrode,2025,astra|fade|gekko|neon|omen,"['astra', 'fade', 'gekko', 'neon', 'omen']",0,1,1
Corrode,2025,astra|fade|gekko|omen|phoenix,"['astra', 'fade', 'gekko', 'omen', 'phoenix']",0,2,2
Corrode,2025,astra|fade|iso|raze|sage,"['astra', 'fade', 'iso', 'raze', 'sage']",2,2,4
Corrode,2025,astra|fade|neon|omen|vyse,"['astra', 'fade', 'neon', 'omen', 'vyse']",1,1,2
Corrode,2025,astra|fade|raze|vyse|yoru,"['astra', 'fade', 'raze', 'vyse', 'yoru']",1,0,1
Corrode,2025,astra|fade|viper|vyse|yoru,"['astra', 'fade', 'viper', 'vyse', 'yoru']",4,2,6
Corrode,2025,brimstone|fade|kayo|omen|waylay,"['brimstone', 'fade', 'kayo', 'omen', 'waylay']",0,2,2
Corrode,2025,chamber|fade|neon|omen|viper,"['chamber', 'fade', 'neon', 'omen', 'viper']",0,1,1
Corrode,2025,chamber|fade|omen|raze|vyse,"['chamber', 'fade', 'omen', 'raze', 'vyse']",1,0,1
Corrode,2025,chamber|fade|omen|sova|yoru,"['chamber', 'fade', 'omen', 'sova', 'yoru']",3,0,3
Corrode,2025,chamber|neon|omen|sova|viper,"['chamber', 'neon', 'omen', 'sova', 'viper']",2,2,4
Corrode,2025,chamber|omen|sova|vyse|yoru,"['chamber', 'omen', 'sova', 'vyse', 'yoru']",0,1,1
Corrode,2025,clove|cypher|gekko|omen|yoru,"['clove', 'cypher', 'gekko', 'omen', 'yoru']",2,1,3
Corrode,2025,cypher|deadlock|omen|sova|yoru,"['cypher', 'deadlock', 'omen', 'sova', 'yoru']",3,1,4
Corrode,2025,cypher|fade|kayo|neon|omen,"['cypher', 'fade', 'kayo', 'neon', 'omen']",2,1,3
Corrode,2025,cypher|fade|neon|omen|yoru,"['cypher', 'fade', 'neon', 'omen', 'yoru']",1,1,2
Corrode,2025,cypher|fade|omen|tejo|yoru,"['cypher', 'fade', 'omen', 'tejo', 'yoru']",2,1,3
Corrode,2025,cypher|fade|omen|viper|yoru,"['cypher', 'fade', 'omen', 'viper', 'yoru']",2,4,6
Corrode,2025,deadlock|fade|neon|omen|viper,"['deadlock', 'fade', 'neon', 'omen', 'viper']",3,8,11
Corrode,2025,deadlock|neon|omen|sova|viper,"['deadlock', 'neon', 'omen', 'sova', 'viper']",3,2,5
Corrode,2025,fade|gekko|jett|omen|viper,"['fade', 'gekko', 'jett', 'omen', 'viper']",2,2,4
Corrode,2025,fade|gekko|omen|raze|viper,"['fade', 'gekko', 'omen', 'raze', 'viper']",1,0,1
Corrode,2025,fade|gekko|omen|viper|yoru,"['fade', 'gekko', 'omen', 'viper', 'yoru']",1,2,3
Corrode,2025,fade|neon|omen|sage|viper,"['fade', 'neon', 'omen', 'sage', 'viper']",3,3,6
Corrode,2025,fade|neon|omen|viper|vyse,"['fade', 'neon', 'omen', 'viper', 'vyse']",6,9,15
Corrode,2025,fade|neon|omen|viper|waylay,"['fade', 'neon', 'omen', 'viper', 'waylay']",3,3,6
Corrode,2025,fade|neon|omen|viper|yoru,"['fade', 'neon', 'omen', 'viper', 'yoru']",4,2,6
Corrode,2025,fade|neon|omen|vyse|waylay,"['fade', 'neon', 'omen', 'vyse', 'waylay']",0,2,2
Corrode,2025,fade|omen|raze|vyse|yoru,"['fade', 'omen', 'raze', 'vyse', 'yoru']",0,1,1
Corrode,2025,fade|omen|sage|viper|waylay,"['fade', 'omen', 'sage', 'viper', 'waylay']",1,3,4
Corrode,2025,fade|omen|viper|vyse|yoru,"['fade', 'omen', 'viper', 'vyse', 'yoru']",0,1,1
Corrode,2025,fade|omen|viper|waylay|yoru,"['fade', 'omen', 'viper', 'waylay', 'yoru']",2,3,5
Corrode,2025,fade|omen|vyse|waylay|yoru,"['fade', 'omen', 'vyse', 'waylay', 'yoru']",1,2,3
Corrode,2025,kayo|omen|sova|viper|waylay,"['kayo', 'omen', 'sova', 'viper', 'waylay']",11,1,12
Corrode,2025,omen|raze|skye|viper|vyse,"['omen', 'raze', 'skye', 'viper', 'vyse']",1,2,3
Fracture,2025,astra|breach|cypher|jett|tejo,"['astra', 'breach', 'cypher', 'jett', 'tejo']",2,3,5
Fracture,2025,astra|breach|cypher|kayo|neon,"['astra', 'breach', 'cypher', 'kayo', 'neon']",2,0,2
Fracture,2025,astra|breach|cypher|raze|yoru,"['astra', 'breach', 'cypher', 'raze', 'yoru']",0,1,1
Fracture,2025,astra|breach|cypher|tejo|yoru,"['astra', 'breach', 'cypher', 'tejo', 'yoru']",0,1,1
Fracture,2025,astra|cypher|raze|skye|tejo,"['astra', 'cypher', 'raze', 'skye', 'tejo']",1,1,2
Fracture,2025,astra|fade|phoenix|viper|vyse,"['astra', 'fade', 'phoenix', 'viper', 'vyse']",1,0,1
Fracture,2025,breach|brimstone|chamber|neon|tejo,"['breach', 'brimstone', 'chamber', 'neon', 'tejo']",2,2,4
Fracture,2025,breach|brimstone|chamber|raze|sova,"['breach', 'brimstone', 'chamber', 'raze', 'sova']",2,2,4
Fracture,2025,breach|brimstone|cypher|fade|raze,"['breach', 'brimstone', 'cypher', 'fade', 'raze']",1,5,6
Fracture,2025,breach|brimstone|cypher|fade|yoru,"['breach', 'brimstone', 'cypher', 'fade', 'yoru']",2,2,4
Fracture,2025,breach|brimstone|cypher|kayo|neon,"['breach', 'brimstone', 'cypher', 'kayo', 'neon']",2,0,2
Fracture,2025,breach|brimstone|cypher|neon|raze,"['breach', 'brimstone', 'cypher', 'neon', 'raze']",1,3,4
Fracture,2025,breach|brimstone|cypher|neon|tejo,"['breach', 'brimstone', 'cypher', 'neon', 'tejo']",25,20,45
Fracture,2025,breach|brimstone|cypher|raze|sage,"['breach', 'brimstone', 'cypher', 'raze', 'sage']",0,1,1
Fracture,2025,breach|brimstone|cypher|raze|tejo,"['breach', 'brimstone', 'cypher', 'raze', 'tejo']",11,14,25
Fracture,2025,breach|brimstone|cypher|tejo|waylay,"['breach', 'brimstone', 'cypher', 'tejo', 'waylay']",2,2,4
Fracture,2025,breach|brimstone|cypher|tejo|yoru,"['breach', 'brimstone', 'cypher', 'tejo', 'yoru']",0,1,1
Fracture,2025,breach|brimstone|deadlock|raze|tejo,"['breach', 'brimstone', 'deadlock', 'raze', 'tejo']",0,1,1
Fracture,2025,breach|brimstone|fade|killjoy|neon,"['breach', 'brimstone', 'fade', 'killjoy', 'neon']",2,0,2
Fracture,2025,breach|brimstone|fade|killjoy|raze,"['breach', 'brimstone', 'fade', 'killjoy', 'raze']",2,3,5
Fracture,2025,breach|brimstone|killjoy|neon|raze,"['breach', 'brimstone', 'killjoy', 'neon', 'raze']",3,2,5
Fracture,2025,breach|brimstone|killjoy|neon|sova,"['breach', 'brimstone', 'killjoy', 'neon', 'sova']",2,0,2
Fracture,2025,breach|brimstone|killjoy|neon|tejo,"['breach', 'brimstone', 'killjoy', 'neon', 'tejo']",2,2,4
Fracture,2025,breach|brimstone|killjoy|raze|skye,"['breach', 'brimstone', 'killjoy', 'raze', 'skye']",2,0,2
Fracture,2025,breach|brimstone|killjoy|raze|sova,"['breach', 'brimstone', 'killjoy', 'raze', 'sova']",0,4,4
Fracture,2025,breach|brimstone|killjoy|raze|tejo,"['breach', 'brimstone', 'killjoy', 'raze', 'tejo']",1,0,1
Fracture,2025,breach|brimstone|neon|sova|vyse,"['breach', 'brimstone', 'neon', 'sova', 'vyse']",0,1,1
Fracture,2025,breach|brimstone|neon|tejo|vyse,"['breach', 'brimstone', 'neon', 'tejo', 'vyse']",10,10,20
Fracture,2025,breach|brimstone|raze|tejo|vyse,"['breach', 'brimstone', 'raze', 'tejo', 'vyse']",8,4,12
Fracture,2025,breach|brimstone|tejo|vyse|yoru,"['breach', 'brimstone', 'tejo', 'vyse', 'yoru']",0,3,3
Fracture,2025,brimstone|clove|killjoy|raze|tejo,"['brimstone', 'clove', 'killjoy', 'raze', 'tejo']",1,0,1
Fracture,2025,brimstone|killjoy|tejo|vyse|yoru,"['brimstone', 'killjoy', 'tejo', 'vyse', 'yoru']",1,0,1
Haven,2025,astra|breach|jett|tejo|vyse,"['astra', 'breach', 'jett', 'tejo', 'vyse']",0,1,1
Haven,2025,astra|breach|tejo|vyse|yoru,"['astra', 'breach', 'tejo', 'vyse', 'yoru']",6,3,9
Haven,2025,breach|clove|cypher|jett|tejo,"['breach', 'clove', 'cypher', 'jett', 'tejo']",1,1,2
Haven,2025,breach|cypher|iso|omen|sova,"['breach', 'cypher', 'iso', 'omen', 'sova']",0,3,3
Haven,2025,breach|cypher|jett|omen|sova,"['breach', 'cypher', 'jett', 'omen', 'sova']",12,15,27
Haven,2025,breach|cypher|jett|omen|tejo,"['breach', 'cypher', 'jett', 'omen', 'tejo']",6,4,10
Haven,2025,breach|cypher|jett|omen|yoru,"['breach', 'cypher', 'jett', 'omen', 'yoru']",0,2,2
Haven,2025,breach|cypher|kayo|omen|yoru,"['breach', 'cypher', 'kayo', 'omen', 'yoru']",0,1,1
Haven,2025,breach|cypher|neon|omen|sova,"['breach', 'cypher', 'neon', 'omen', 'sova']",24,25,49
Haven,2025,breach|cypher|neon|omen|tejo,"['breach', 'cypher', 'neon', 'omen', 'tejo']",1,4,5
Haven,2025,breach|cypher|omen|sova|waylay,"['breach', 'cypher', 'omen', 'sova', 'waylay']",1,2,3
Haven,2025,breach|cypher|omen|sova|yoru,"['breach', 'cypher', 'omen', 'sova', 'yoru']",0,2,2
Haven,2025,breach|cypher|omen|tejo|yoru,"['breach', 'cypher', 'omen', 'tejo', 'yoru']",9,6,15
Haven,2025,breach|jett|killjoy|omen|sova,"['breach', 'jett', 'killjoy', 'omen', 'sova']",3,4,7
Haven,2025,breach|jett|omen|tejo|vyse,"['breach', 'jett', 'omen', 'tejo', 'vyse']",0,4,4
Haven,2025,breach|killjoy|neon|omen|sova,"['breach', 'killjoy', 'neon', 'omen', 'sova']",0,1,1
Haven,2025,breach|omen|tejo|vyse|yoru,"['breach', 'omen', 'tejo', 'vyse', 'yoru']",0,1,1
Haven,2025,chamber|cypher|neon|omen|sova,"['chamber', 'cypher', 'neon', 'omen', 'sova']",1,0,1
Haven,2025,clove|jett|kayo|omen|tejo,"['clove', 'jett', 'kayo', 'omen', 'tejo']",0,1,1
Haven,2025,cypher|deadlock|neon|omen|sova,"['cypher', 'deadlock', 'neon', 'omen', 'sova']",1,1,2
Haven,2025,cypher|deadlock|omen|sova|yoru,"['cypher', 'deadlock', 'omen', 'sova', 'yoru']",3,3,6
Haven,2025,cypher|deadlock|omen|tejo|yoru,"['cypher', 'deadlock', 'omen', 'tejo', 'yoru']",5,4,9
Haven,2025,cypher|fade|neon|omen|viper,"['cypher', 'fade', 'neon', 'omen', 'viper']",0,2,2
Haven,2025,cypher|iso|jett|omen|sova,"['cypher', 'iso', 'jett', 'omen', 'sova']",0,2,2
Haven,2025,cypher|iso|jett|omen|tejo,"['cypher', 'iso', 'jett', 'omen', 'tejo']",0,2,2
Haven,2025,cypher|iso|neon|omen|sova,"['cypher', 'iso', 'neon', 'omen', 'sova']",3,2,5
Haven,2025,cypher|iso|omen|sova|yoru,"['cypher', 'iso', 'omen', 'sova', 'yoru']",33,35,68
Haven,2025,cypher|jett|neon|omen|sova,"['cypher', 'jett', 'neon', 'omen', 'sova']",2,0,2
Haven,2025,cypher|jett|omen|sova|tejo,"['cypher', 'jett', 'omen', 'sova', 'tejo']",1,0,1
Haven,2025,cypher|jett|omen|sova|yoru,"['cypher', 'jett', 'omen', 'sova', 'yoru']",0,1,1
Haven,2025,cypher|neon|omen|sova|tejo,"['cypher', 'neon', 'omen', 'sova', 'tejo']",1,1,2
Haven,2025,cypher|neon|omen|sova|waylay,"['cypher', 'neon', 'omen', 'sova', 'waylay']",1,2,3
Haven,2025,cypher|neon|omen|sova|yoru,"['cypher', 'neon', 'omen', 'sova', 'yoru']",13,12,25
Haven,2025,cypher|omen|phoenix|sova|yoru,"['cypher', 'omen', 'phoenix', 'sova', 'yoru']",3,0,3
Haven,2025,cypher|omen|sova|tejo|yoru,"['cypher', 'omen', 'sova', 'tejo', 'yoru']",0,1,1
Haven,2025,cypher|omen|sova|vyse|yoru,"['cypher', 'omen', 'sova', 'vyse', 'yoru']",2,1,3
Haven,2025,fade|harbor|killjoy|omen|yoru,"['fade', 'harbor', 'killjoy', 'omen', 'yoru']",0,1,1
Haven,2025,fade|omen|viper|vyse|yoru,"['fade', 'omen', 'viper', 'vyse', 'yoru']",4,1,5
Haven,2025,fade|omen|vyse|waylay|yoru,"['fade', 'omen', 'vyse', 'waylay', 'yoru']",4,1,5
Haven,2025,jett|killjoy|omen|skye|viper,"['jett', 'killjoy', 'omen', 'skye', 'viper']",4,2,6
Haven,2025,killjoy|neon|omen|phoenix|sova,"['killjoy', 'neon', 'omen', 'phoenix', 'sova']",1,0,1
Haven,2025,killjoy|neon|omen|sova|viper,"['killjoy', 'neon', 'omen', 'sova', 'viper']",29,26,55
Haven,2025,killjoy|neon|omen|tejo|viper,"['killjoy', 'neon', 'omen', 'tejo', 'viper']",3,2,5
Haven,2025,killjoy|omen|sova|viper|yoru,"['killjoy', 'omen', 'sova', 'viper', 'yoru']",4,0,4
Haven,2025,neon|omen|sova|viper|vyse,"['neon', 'omen', 'sova', 'viper', 'vyse']",2,2,4
Haven,2025,neon|omen|tejo|viper|vyse,"['neon', 'omen', 'tejo', 'viper', 'vyse']",2,1,3
Icebox,2025,breach|killjoy|tejo|viper|waylay,"['breach', 'killjoy', 'tejo', 'viper', 'waylay']",0,1,1
Icebox,2025,chamber|iso|kayo|sova|viper,"['chamber', 'iso', 'kayo', 'sova', 'viper']",1,1,2
Icebox,2025,chamber|iso|sage|sova|viper,"['chamber', 'iso', 'sage', 'sova', 'viper']",1,1,2
Icebox,2025,chamber|kayo|reyna|sova|viper,"['chamber', 'kayo', 'reyna', 'sova', 'viper']",1,3,4
Icebox,2025,deadlock|gekko|jett|tejo|viper,"['deadlock', 'gekko', 'jett', 'tejo', 'viper']",2,3,5
Icebox,2025,deadlock|jett|kayo|tejo|viper,"['deadlock', 'jett', 'kayo', 'tejo', 'viper']",0,2,2
Icebox,2025,gekko|harbor|jett|sova|viper,"['gekko', 'harbor', 'jett', 'sova', 'viper']",1,1,2
Icebox,2025,gekko|harbor|killjoy|neon|reyna,"['gekko', 'harbor', 'killjoy', 'neon', 'reyna']",1,1,2
Icebox,2025,gekko|harbor|killjoy|tejo|viper,"['gekko', 'harbor', 'killjoy', 'tejo', 'viper']",1,1,2
Icebox,2025,gekko|jett|kayo|killjoy|viper,"['gekko', 'jett', 'kayo', 'killjoy', 'viper']",5,7,12
Icebox,2025,gekko|jett|killjoy|sova|viper,"['gekko', 'jett', 'killjoy', 'sova', 'viper']",3,4,7
Icebox,2025,gekko|jett|killjoy|tejo|viper,"['gekko', 'jett', 'killjoy', 'tejo', 'viper']",3,5,8
Icebox,2025,gekko|jett|tejo|viper|vyse,"['gekko', 'jett', 'tejo', 'viper', 'vyse']",3,2,5
Icebox,2025,gekko|kayo|killjoy|omen|viper,"['gekko', 'kayo', 'killjoy', 'omen', 'viper']",0,2,2
Icebox,2025,gekko|kayo|killjoy|reyna|viper,"['gekko', 'kayo', 'killjoy', 'reyna', 'viper']",1,1,2
Icebox,2025,gekko|killjoy|neon|sova|viper,"['gekko', 'killjoy', 'neon', 'sova', 'viper']",4,3,7
Icebox,2025,gekko|killjoy|omen|tejo|viper,"['gekko', 'killjoy', 'omen', 'tejo', 'viper']",2,1,3
Icebox,2025,gekko|killjoy|sage|tejo|viper,"['gekko', 'killjoy', 'sage', 'tejo', 'viper']",2,1,3
Icebox,2025,harbor|jett|killjoy|sova|viper,"['harbor', 'jett', 'killjoy', 'sova', 'viper']",21,15,36
Icebox,2025,harbor|jett|killjoy|tejo|viper,"['harbor', 'jett', 'killjoy', 'tejo', 'viper']",1,4,5
Icebox,2025,iso|killjoy|raze|sova|viper,"['iso', 'killjoy', 'raze', 'sova', 'viper']",2,0,2
Icebox,2025,iso|killjoy|sova|tejo|viper,"['iso', 'killjoy', 'sova', 'tejo', 'viper']",1,2,3
Icebox,2025,iso|reyna|sova|viper|vyse,"['iso', 'reyna', 'sova', 'viper', 'vyse']",1,0,1
Icebox,2025,jett|kayo|killjoy|omen|viper,"['jett', 'kayo', 'killjoy', 'omen', 'viper']",0,2,2
Icebox,2025,jett|kayo|killjoy|sova|viper,"['jett', 'kayo', 'killjoy', 'sova', 'viper']",5,4,9
Icebox,2025,jett|kayo|killjoy|tejo|viper,"['jett', 'kayo', 'killjoy', 'tejo', 'viper']",9,12,21
Icebox,2025,jett|killjoy|omen|sova|viper,"['jett', 'killjoy', 'omen', 'sova', 'viper']",15,19,34
Icebox,2025,jett|killjoy|sage|sova|viper,"['jett', 'killjoy', 'sage', 'sova', 'viper']",20,9,29
Icebox,2025,jett|killjoy|sova|tejo|viper,"['jett', 'killjoy', 'sova', 'tejo', 'viper']",1,2,3
Icebox,2025,jett|killjoy|sova|viper|yoru,"['jett', 'killjoy', 'sova', 'viper', 'yoru']",0,3,3
Icebox,2025,kayo|killjoy|omen|sova|viper,"['kayo', 'killjoy', 'omen', 'sova', 'viper']",1,1,2
Icebox,2025,kayo|killjoy|omen|tejo|viper,"['kayo', 'killjoy', 'omen', 'tejo', 'viper']",4,0,4
Icebox,2025,kayo|killjoy|tejo|viper|waylay,"['kayo', 'killjoy', 'tejo', 'viper', 'waylay']",2,1,3
Icebox,2025,kayo|killjoy|tejo|viper|yoru,"['kayo', 'killjoy', 'tejo', 'viper', 'yoru']",2,1,3
Icebox,2025,killjoy|neon|omen|sova|viper,"['killjoy', 'neon', 'omen', 'sova', 'viper']",0,1,1
Icebox,2025,killjoy|omen|sage|sova|viper,"['killjoy', 'omen', 'sage', 'sova', 'viper']",2,0,2
Icebox,2025,killjoy|omen|sova|viper|waylay,"['killjoy', 'omen', 'sova', 'viper', 'waylay']",0,1,1
Icebox,2025,killjoy|reyna|sova|tejo|viper,"['killjoy', 'reyna', 'sova', 'tejo', 'viper']",0,1,1
Lotus,2025,astra|breach|deadlock|raze|vyse,"['astra', 'breach', 'deadlock', 'raze', 'vyse']",0,3,3
Lotus,2025,astra|breach|fade|neon|omen,"['astra', 'breach', 'fade', 'neon', 'omen']",0,2,2
Lotus,2025,astra|chamber|deadlock|tejo|vyse,"['astra', 'chamber', 'deadlock', 'tejo', 'vyse']",0,1,1
Lotus,2025,astra|chamber|fade|omen|raze,"['astra', 'chamber', 'fade', 'omen', 'raze']",0,2,2
Lotus,2025,astra|fade|killjoy|omen|raze,"['astra', 'fade', 'killjoy', 'omen', 'raze']",1,1,2
Lotus,2025,astra|fade|neon|omen|vyse,"['astra', 'fade', 'neon', 'omen', 'vyse']",3,1,4
Lotus,2025,astra|fade|omen|raze|vyse,"['astra', 'fade', 'omen', 'raze', 'vyse']",0,1,1
Lotus,2025,astra|fade|raze|viper|yoru,"['astra', 'fade', 'raze', 'viper', 'yoru']",0,1,1
Lotus,2025,astra|omen|sage|tejo|vyse,"['astra', 'omen', 'sage', 'tejo', 'vyse']",0,1,1
Lotus,2025,breach|clove|fade|neon|omen,"['breach', 'clove', 'fade', 'neon', 'omen']",3,3,6
Lotus,2025,breach|clove|neon|omen|sova,"['breach', 'clove', 'neon', 'omen', 'sova']",1,3,4
Lotus,2025,breach|cypher|fade|jett|omen,"['breach', 'cypher', 'fade', 'jett', 'omen']",3,2,5
Lotus,2025,breach|cypher|fade|neon|omen,"['breach', 'cypher', 'fade', 'neon', 'omen']",0,2,2
Lotus,2025,breach|cypher|fade|omen|raze,"['breach', 'cypher', 'fade', 'omen', 'raze']",2,5,7
Lotus,2025,breach|cypher|jett|omen|tejo,"['breach', 'cypher', 'jett', 'omen', 'tejo']",2,0,2
Lotus,2025,breach|cypher|neon|omen|sova,"['breach', 'cypher', 'neon', 'omen', 'sova']",3,2,5
Lotus,2025,breach|cypher|neon|omen|tejo,"['breach', 'cypher', 'neon', 'omen', 'tejo']",1,4,5
Lotus,2025,breach|cypher|neon|omen|yoru,"['breach', 'cypher', 'neon', 'omen', 'yoru']",4,4,8
Lotus,2025,breach|cypher|omen|raze|tejo,"['breach', 'cypher', 'omen', 'raze', 'tejo']",1,2,3
Lotus,2025,breach|cypher|omen|tejo|waylay,"['breach', 'cypher', 'omen', 'tejo', 'waylay']",1,2,3
Lotus,2025,breach|cypher|omen|tejo|yoru,"['breach', 'cypher', 'omen', 'tejo', 'yoru']",5,4,9
Lotus,2025,breach|deadlock|fade|omen|raze,"['breach', 'deadlock', 'fade', 'omen', 'raze']",1,2,3
Lotus,2025,breach|deadlock|omen|raze|tejo,"['breach', 'deadlock', 'omen', 'raze', 'tejo']",2,1,3
Lotus,2025,breach|fade|neon|omen|viper,"['breach', 'fade', 'neon', 'omen', 'viper']",0,3,3
Lotus,2025,breach|fade|omen|raze|vyse,"['breach', 'fade', 'omen', 'raze', 'vyse']",1,4,5
Lotus,2025,breach|fade|omen|viper|yoru,"['breach', 'fade', 'omen', 'viper', 'yoru']",0,2,2
Lotus,2025,breach|iso|omen|vyse|yoru,"['breach', 'iso', 'omen', 'vyse', 'yoru']",1,1,2
Lotus,2025,breach|neon|omen|sova|viper,"['breach', 'neon', 'omen', 'sova', 'viper']",2,4,6
Lotus,2025,breach|neon|omen|tejo|viper,"['breach', 'neon', 'omen', 'tejo', 'viper']",7,8,15
Lotus,2025,breach|neon|omen|tejo|vyse,"['breach', 'neon', 'omen', 'tejo', 'vyse']",6,6,12
Lotus,2025,breach|omen|raze|tejo|vyse,"['breach', 'omen', 'raze', 'tejo', 'vyse']",1,1,2
Lotus,2025,breach|omen|tejo|viper|waylay,"['breach', 'omen', 'tejo', 'viper', 'waylay']",1,2,3
Lotus,2025,breach|omen|tejo|viper|yoru,"['breach', 'omen', 'tejo', 'viper', 'yoru']",27,12,39
Lotus,2025,breach|omen|tejo|vyse|yoru,"['breach', 'omen', 'tejo', 'vyse', 'yoru']",1,3,4
Lotus,2025,breach|omen|vyse|waylay|yoru,"['breach', 'omen', 'vyse', 'waylay', 'yoru']",0,2,2
Lotus,2025,chamber|deadlock|fade|omen|raze,"['chamber', 'deadlock', 'fade', 'omen', 'raze']",4,3,7
Lotus,2025,clove|deadlock|fade|omen|raze,"['clove', 'deadlock', 'fade', 'omen', 'raze']",1,2,3
Lotus,2025,clove|fade|raze|reyna|viper,"['clove', 'fade', 'raze', 'reyna', 'viper']",1,1,2
Lotus,2025,clove|fade|raze|tejo|viper,"['clove', 'fade', 'raze', 'tejo', 'viper']",5,3,8
Lotus,2025,cypher|deadlock|fade|omen|sage,"['cypher', 'deadlock', 'fade', 'omen', 'sage']",1,0,1
Lotus,2025,cypher|deadlock|omen|tejo|waylay,"['cypher', 'deadlock', 'omen', 'tejo', 'waylay']",3,0,3
Lotus,2025,cypher|fade|omen|raze|viper,"['cypher', 'fade', 'omen', 'raze', 'viper']",5,7,12
Lotus,2025,cypher|fade|omen|raze|waylay,"['cypher', 'fade', 'omen', 'raze', 'waylay']",0,1,1
Lotus,2025,cypher|fade|omen|raze|yoru,"['cypher', 'fade', 'omen', 'raze', 'yoru']",3,3,6
Lotus,2025,cypher|iso|omen|raze|sova,"['cypher', 'iso', 'omen', 'raze', 'sova']",4,2,6
Lotus,2025,cypher|omen|tejo|vyse|yoru,"['cypher', 'omen', 'tejo', 'vyse', 'yoru']",1,3,4
Lotus,2025,deadlock|fade|iso|neon|omen,"['deadlock', 'fade', 'iso', 'neon', 'omen']",1,1,2
Lotus,2025,deadlock|fade|neon|omen|viper,"['deadlock', 'fade', 'neon', 'omen', 'viper']",3,3,6
Lotus,2025,fade|harbor|omen|vyse|yoru,"['fade', 'harbor', 'omen', 'vyse', 'yoru']",2,3,5
Lotus,2025,fade|iso|omen|raze|viper,"['fade', 'iso', 'omen', 'raze', 'viper']",1,3,4
Lotus,2025,fade|killjoy|omen|raze|viper,"['fade', 'killjoy', 'omen', 'raze', 'viper']",24,22,46
Lotus,2025,fade|neon|omen|sova|viper,"['fade', 'neon', 'omen', 'sova', 'viper']",0,2,2
Lotus,2025,fade|neon|omen|viper|vyse,"['fade', 'neon', 'omen', 'viper', 'vyse']",3,4,7
Lotus,2025,fade|neon|omen|vyse|yoru,"['fade', 'neon', 'omen', 'vyse', 'yoru']",2,4,6
Lotus,2025,fade|omen|raze|tejo|viper,"['fade', 'omen', 'raze', 'tejo', 'viper']",1,2,3
Lotus,2025,fade|omen|raze|viper|vyse,"['fade', 'omen', 'raze', 'viper', 'vyse']",47,29,76
Lotus,2025,fade|omen|raze|viper|yoru,"['fade', 'omen', 'raze', 'viper', 'yoru']",5,8,13
Lotus,2025,fade|omen|raze|vyse|waylay,"['fade', 'omen', 'raze', 'vyse', 'waylay']",0,2,2
Lotus,2025,fade|omen|raze|vyse|yoru,"['fade', 'omen', 'raze', 'vyse', 'yoru']",26,18,44
Lotus,2025,fade|omen|tejo|viper|yoru,"['fade', 'omen', 'tejo', 'viper', 'yoru']",6,5,11
Lotus,2025,fade|omen|vyse|waylay|yoru,"['fade', 'omen', 'vyse', 'waylay', 'yoru']",1,3,4
Lotus,2025,iso|neon|omen|sova|vyse,"['iso', 'neon', 'omen', 'sova', 'vyse']",3,3,6
Lotus,2025,jett|omen|raze|skye|vyse,"['jett', 'omen', 'raze', 'skye', 'vyse']",1,0,1
Pearl,2025,astra|breach|cypher|jett|yoru,"['astra', 'breach', 'cypher', 'jett', 'yoru']",0,2,2
Pearl,2025,astra|breach|fade|vyse|yoru,"['astra', 'breach', 'fade', 'vyse', 'yoru']",0,1,1
Pearl,2025,astra|breach|jett|tejo|vyse,"['astra', 'breach', 'jett', 'tejo', 'vyse']",1,0,1
Pearl,2025,astra|chamber|fade|vyse|yoru,"['astra', 'chamber', 'fade', 'vyse', 'yoru']",1,0,1
Pearl,2025,astra|chamber|sova|vyse|yoru,"['astra', 'chamber', 'sova', 'vyse', 'yoru']",13,8,21
Pearl,2025,astra|chamber|tejo|vyse|yoru,"['astra', 'chamber', 'tejo', 'vyse', 'yoru']",3,2,5
Pearl,2025,astra|cypher|fade|jett|kayo,"['astra', 'cypher', 'fade', 'jett', 'kayo']",2,3,5
Pearl,2025,astra|cypher|fade|phoenix|viper,"['astra', 'cypher', 'fade', 'phoenix', 'viper']",2,0,2
Pearl,2025,astra|cypher|fade|tejo|yoru,"['astra', 'cypher', 'fade', 'tejo', 'yoru']",2,2,4
Pearl,2025,astra|cypher|fade|viper|yoru,"['astra', 'cypher', 'fade', 'viper', 'yoru']",1,0,1
Pearl,2025,astra|cypher|fade|vyse|yoru,"['astra', 'cypher', 'fade', 'vyse', 'yoru']",0,3,3
Pearl,2025,astra|cypher|jett|kayo|sova,"['astra', 'cypher', 'jett', 'kayo', 'sova']",1,4,5
Pearl,2025,astra|cypher|jett|sova|yoru,"['astra', 'cypher', 'jett', 'sova', 'yoru']",4,2,6
Pearl,2025,astra|cypher|kayo|neon|sova,"['astra', 'cypher', 'kayo', 'neon', 'sova']",2,0,2
Pearl,2025,astra|fade|harbor|vyse|yoru,"['astra', 'fade', 'harbor', 'vyse', 'yoru']",2,1,3
Pearl,2025,astra|fade|jett|kayo|killjoy,"['astra', 'fade', 'jett', 'kayo', 'killjoy']",1,2,3
Pearl,2025,astra|fade|jett|phoenix|vyse,"['astra', 'fade', 'jett', 'phoenix', 'vyse']",1,4,5
Pearl,2025,astra|fade|kayo|killjoy|neon,"['astra', 'fade', 'kayo', 'killjoy', 'neon']",0,3,3
Pearl,2025,astra|fade|killjoy|neon|yoru,"['astra', 'fade', 'killjoy', 'neon', 'yoru']",0,2,2
Pearl,2025,astra|fade|raze|vyse|yoru,"['astra', 'fade', 'raze', 'vyse', 'yoru']",2,0,2
Pearl,2025,astra|fade|tejo|vyse|yoru,"['astra', 'fade', 'tejo', 'vyse', 'yoru']",20,16,36
Pearl,2025,astra|iso|jett|kayo|killjoy,"['astra', 'iso', 'jett', 'kayo', 'killjoy']",1,1,2
Pearl,2025,astra|jett|kayo|killjoy|sova,"['astra', 'jett', 'kayo', 'killjoy', 'sova']",5,7,12
Pearl,2025,astra|jett|kayo|killjoy|tejo,"['astra', 'jett', 'kayo', 'killjoy', 'tejo']",3,0,3
Pearl,2025,astra|jett|kayo|tejo|vyse,"['astra', 'jett', 'kayo', 'tejo', 'vyse']",0,3,3
Pearl,2025,astra|jett|killjoy|phoenix|sova,"['astra', 'jett', 'killjoy', 'phoenix', 'sova']",0,1,1
Pearl,2025,astra|jett|killjoy|skye|vyse,"['astra', 'jett', 'killjoy', 'skye', 'vyse']",0,1,1
Pearl,2025,astra|jett|killjoy|sova|tejo,"['astra', 'jett', 'killjoy', 'sova', 'tejo']",0,1,1
Pearl,2025,astra|jett|killjoy|sova|vyse,"['astra', 'jett', 'killjoy', 'sova', 'vyse']",2,1,3
Pearl,2025,astra|jett|killjoy|sova|yoru,"['astra', 'jett', 'killjoy', 'sova', 'yoru']",1,2,3
Pearl,2025,astra|jett|phoenix|sova|vyse,"['astra', 'jett', 'phoenix', 'sova', 'vyse']",2,2,4
Pearl,2025,astra|jett|tejo|vyse|yoru,"['astra', 'jett', 'tejo', 'vyse', 'yoru']",2,2,4
Pearl,2025,astra|kayo|killjoy|neon|sova,"['astra', 'kayo', 'killjoy', 'neon', 'sova']",0,1,1
Pearl,2025,astra|kayo|killjoy|neon|tejo,"['astra', 'kayo', 'killjoy', 'neon', 'tejo']",2,0,2
Pearl,2025,astra|kayo|tejo|vyse|waylay,"['astra', 'kayo', 'tejo', 'vyse', 'waylay']",1,1,2
Pearl,2025,astra|killjoy|neon|skye|vyse,"['astra', 'killjoy', 'neon', 'skye', 'vyse']",1,0,1
Pearl,2025,astra|killjoy|neon|sova|vyse,"['astra', 'killjoy', 'neon', 'sova', 'vyse']",3,0,3
Pearl,2025,astra|killjoy|neon|sova|yoru,"['astra', 'killjoy', 'neon', 'sova', 'yoru']",6,6,12
Pearl,2025,astra|killjoy|neon|tejo|vyse,"['astra', 'killjoy', 'neon', 'tejo', 'vyse']",3,1,4
Pearl,2025,astra|killjoy|neon|tejo|yoru,"['astra', 'killjoy', 'neon', 'tejo', 'yoru']",1,2,3
Pearl,2025,astra|killjoy|phoenix|sova|yoru,"['astra', 'killjoy', 'phoenix', 'sova', 'yoru']",1,1,2
Pearl,2025,astra|killjoy|sova|tejo|yoru,"['astra', 'killjoy', 'sova', 'tejo', 'yoru']",2,2,4
Pearl,2025,astra|killjoy|tejo|vyse|yoru,"['astra', 'killjoy', 'tejo', 'vyse', 'yoru']",1,0,1
Pearl,2025,astra|neon|tejo|vyse|yoru,"['astra', 'neon', 'tejo', 'vyse', 'yoru']",2,3,5
Pearl,2025,astra|sova|tejo|vyse|yoru,"['astra', 'sova', 'tejo', 'vyse', 'yoru']",0,3,3
Pearl,2025,killjoy|omen|tejo|vyse|yoru,"['killjoy', 'omen', 'tejo', 'vyse', 'yoru']",0,1,1
Split,2025,astra|breach|cypher|fade|raze,"['astra', 'breach', 'cypher', 'fade', 'raze']",0,1,1
Split,2025,astra|breach|cypher|raze|tejo,"['astra', 'breach', 'cypher', 'raze', 'tejo']",3,1,4
Split,2025,astra|breach|cypher|tejo|waylay,"['astra', 'breach', 'cypher', 'tejo', 'waylay']",0,2,2
Split,2025,astra|breach|raze|sage|tejo,"['astra', 'breach', 'raze', 'sage', 'tejo']",3,2,5
Split,2025,astra|breach|raze|tejo|viper,"['astra', 'breach', 'raze', 'tejo', 'viper']",1,1,2
Split,2025,astra|breach|tejo|viper|yoru,"['astra', 'breach', 'tejo', 'viper', 'yoru']",0,1,1
Split,2025,astra|cypher|deadlock|fade|raze,"['astra', 'cypher', 'deadlock', 'fade', 'raze']",2,3,5
Split,2025,astra|cypher|deadlock|raze|skye,"['astra', 'cypher', 'deadlock', 'raze', 'skye']",0,1,1
Split,2025,astra|cypher|fade|kayo|neon,"['astra', 'cypher', 'fade', 'kayo', 'neon']",1,1,2
Split,2025,astra|cypher|raze|skye|yoru,"['astra', 'cypher', 'raze', 'skye', 'yoru']",1,1,2
Split,2025,astra|deadlock|raze|skye|vyse,"['astra', 'deadlock', 'raze', 'skye', 'vyse']",3,3,6
Split,2025,astra|fade|omen|raze|vyse,"['astra', 'fade', 'omen', 'raze', 'vyse']",3,2,5
Split,2025,astra|fade|omen|raze|yoru,"['astra', 'fade', 'omen', 'raze', 'yoru']",1,1,2
Split,2025,astra|fade|raze|viper|yoru,"['astra', 'fade', 'raze', 'viper', 'yoru']",16,4,20
Split,2025,astra|jett|raze|skye|viper,"['astra', 'jett', 'raze', 'skye', 'viper']",3,1,4
Split,2025,breach|cypher|fade|omen|raze,"['breach', 'cypher', 'fade', 'omen', 'raze']",0,1,1
Split,2025,breach|cypher|omen|raze|tejo,"['breach', 'cypher', 'omen', 'raze', 'tejo']",3,0,3
Split,2025,breach|cypher|omen|raze|yoru,"['breach', 'cypher', 'omen', 'raze', 'yoru']",0,1,1
Split,2025,breach|cypher|omen|tejo|waylay,"['breach', 'cypher', 'omen', 'tejo', 'waylay']",1,0,1
Split,2025,breach|cypher|omen|tejo|yoru,"['breach', 'cypher', 'omen', 'tejo', 'yoru']",4,5,9
Split,2025,breach|deadlock|omen|raze|tejo,"['breach', 'deadlock', 'omen', 'raze', 'tejo']",2,0,2
Split,2025,breach|fade|omen|raze|viper,"['breach', 'fade', 'omen', 'raze', 'viper']",2,2,4
Split,2025,breach|fade|omen|viper|yoru,"['breach', 'fade', 'omen', 'viper', 'yoru']",0,2,2
Split,2025,breach|jett|omen|tejo|viper,"['breach', 'jett', 'omen', 'tejo', 'viper']",6,8,14
Split,2025,breach|omen|skye|viper|yoru,"['breach', 'omen', 'skye', 'viper', 'yoru']",1,1,2
Split,2025,breach|omen|tejo|viper|yoru,"['breach', 'omen', 'tejo', 'viper', 'yoru']",21,23,44
Split,2025,chamber|omen|raze|skye|viper,"['chamber', 'omen', 'raze', 'skye', 'viper']",1,4,5
Split,2025,cypher|deadlock|jett|omen|tejo,"['cypher', 'deadlock', 'jett', 'omen', 'tejo']",0,1,1
Split,2025,cypher|fade|iso|neon|omen,"['cypher', 'fade', 'iso', 'neon', 'omen']",1,1,2
Split,2025,cypher|fade|omen|raze|viper,"['cypher', 'fade', 'omen', 'raze', 'viper']",2,2,4
Split,2025,cypher|omen|raze|skye|viper,"['cypher', 'omen', 'raze', 'skye', 'viper']",3,4,7
Split,2025,cypher|omen|raze|skye|vyse,"['cypher', 'omen', 'raze', 'skye', 'vyse']",1,2,3
Split,2025,cypher|omen|raze|tejo|viper,"['cypher', 'omen', 'raze', 'tejo', 'viper']",1,0,1
Split,2025,deadlock|neon|omen|tejo|viper,"['deadlock', 'neon', 'omen', 'tejo', 'viper']",3,3,6
Split,2025,deadlock|omen|tejo|viper|yoru,"['deadlock', 'omen', 'tejo', 'viper', 'yoru']",0,1,1
Split,2025,fade|iso|omen|raze|viper,"['fade', 'iso', 'omen', 'raze', 'viper']",1,2,3
Split,2025,fade|omen|raze|viper|yoru,"['fade', 'omen', 'raze', 'viper', 'yoru']",8,8,16
Split,2025,fade|omen|tejo|viper|yoru,"['fade', 'omen', 'tejo', 'viper', 'yoru']",1,3,4
Split,2025,jett|omen|raze|sage|skye,"['jett', 'omen', 'raze', 'sage', 'skye']",0,1,1
Split,2025,neon|omen|raze|tejo|viper,"['neon', 'omen', 'raze', 'tejo', 'viper']",3,1,4
Split,2025,omen|raze|sage|skye|viper,"['omen', 'raze', 'sage', 'skye', 'viper']",0,1,1
Split,2025,omen|raze|skye|tejo|viper,"['omen', 'raze', 'skye', 'tejo', 'viper']",1,0,1
Split,2025,omen|raze|skye|viper|vyse,"['omen', 'raze', 'skye', 'viper', 'vyse']",0,1,1
Sunset,2025,breach|cypher|fade|neon|omen,"['breach', 'cypher', 'fade', 'neon', 'omen']",7,6,13
Sunset,2025,breach|cypher|fade|omen|raze,"['breach', 'cypher', 'fade', 'omen', 'raze']",1,3,4
Sunset,2025,breach|cypher|fade|omen|waylay,"['breach', 'cypher', 'fade', 'omen', 'waylay']",4,3,7
Sunset,2025,breach|cypher|neon|omen|sova,"['breach', 'cypher', 'neon', 'omen', 'sova']",14,17,31
Sunset,2025,chamber|fade|neon|omen|sage,"['chamber', 'fade', 'neon', 'omen', 'sage']",3,0,3
Sunset,2025,chamber|kayo|omen|phoenix|raze,"['chamber', 'kayo', 'omen', 'phoenix', 'raze']",0,1,1
Sunset,2025,cypher|deadlock|neon|omen|sova,"['cypher', 'deadlock', 'neon', 'omen', 'sova']",1,2,3
Sunset,2025,cypher|fade|kayo|omen|raze,"['cypher', 'fade', 'kayo', 'omen', 'raze']",1,2,3
Sunset,2025,cypher|fade|neon|omen|yoru,"['cypher', 'fade', 'neon', 'omen', 'yoru']",4,4,8
Sunset,2025,cypher|fade|omen|raze|yoru,"['cypher', 'fade', 'omen', 'raze', 'yoru']",3,3,6
Sunset,2025,cypher|jett|kayo|omen|sova,"['cypher', 'jett', 'kayo', 'omen', 'sova']",0,1,1
Sunset,2025,cypher|jett|omen|sova|yoru,"['cypher', 'jett', 'omen', 'sova', 'yoru']",2,2,4
Sunset,2025,cypher|kayo|neon|omen|sova,"['cypher', 'kayo', 'neon', 'omen', 'sova']",3,3,6
Sunset,2025,cypher|neon|omen|raze|sova,"['cypher', 'neon', 'omen', 'raze', 'sova']",1,1,2
Sunset,2025,cypher|neon|omen|sova|viper,"['cypher', 'neon', 'omen', 'sova', 'viper']",4,6,10
Sunset,2025,cypher|neon|omen|sova|yoru,"['cypher', 'neon', 'omen', 'sova', 'yoru']",8,7,15
Sunset,2025,cypher|omen|phoenix|sova|yoru,"['cypher', 'omen', 'phoenix', 'sova', 'yoru']",2,2,4
Sunset,2025,cypher|omen|raze|sova|yoru,"['cypher', 'omen', 'raze', 'sova', 'yoru']",2,2,4
Sunset,2025,cypher|omen|sova|waylay|yoru,"['cypher', 'omen', 'sova', 'waylay', 'yoru']",1,1,2
Sunset,2025,deadlock|neon|omen|sova|viper,"['deadlock', 'neon', 'omen', 'sova', 'viper']",14,15,29
Sunset,2025,kayo|neon|omen|sova|vyse,"['kayo', 'neon', 'omen', 'sova', 'vyse']",3,2,5
Sunset,2025,omen|raze|sage|sova|viper,"['omen', 'raze', 'sage', 'sova', 'viper']",6,1,7
Abyss,2026,astra|breach|chamber|tejo|waylay,"['astra', 'breach', 'chamber', 'tejo', 'waylay']",2,1,3
Abyss,2026,astra|breach|jett|sova|waylay,"['astra', 'breach', 'jett', 'sova', 'waylay']",2,1,3
Abyss,2026,astra|breach|jett|tejo|yoru,"['astra', 'breach', 'jett', 'tejo', 'yoru']",0,1,1
Abyss,2026,astra|breach|omen|tejo|waylay,"['astra', 'breach', 'omen', 'tejo', 'waylay']",4,2,6
Abyss,2026,astra|breach|sova|veto|yoru,"['astra', 'breach', 'sova', 'veto', 'yoru']",2,1,3
Abyss,2026,astra|breach|sova|waylay|yoru,"['astra', 'breach', 'sova', 'waylay', 'yoru']",1,3,4
Abyss,2026,astra|breach|tejo|veto|waylay,"['astra', 'breach', 'tejo', 'veto', 'waylay']",1,0,1
Abyss,2026,astra|breach|tejo|waylay|yoru,"['astra', 'breach', 'tejo', 'waylay', 'yoru']",1,0,1
Abyss,2026,astra|brimstone|sova|waylay|yoru,"['astra', 'brimstone', 'sova', 'waylay', 'yoru']",3,3,6
Abyss,2026,astra|chamber|kayo|sova|waylay,"['astra', 'chamber', 'kayo', 'sova', 'waylay']",0,2,2
Abyss,2026,astra|chamber|kayo|tejo|waylay,"['astra', 'chamber', 'kayo', 'tejo', 'waylay']",1,1,2
Abyss,2026,astra|cypher|jett|kayo|sova,"['astra', 'cypher', 'jett', 'kayo', 'sova']",0,3,3
Abyss,2026,astra|cypher|kayo|sova|waylay,"['astra', 'cypher', 'kayo', 'sova', 'waylay']",0,2,2
Abyss,2026,astra|cypher|reyna|sova|waylay,"['astra', 'cypher', 'reyna', 'sova', 'waylay']",0,3,3
Abyss,2026,astra|cypher|sova|waylay|yoru,"['astra', 'cypher', 'sova', 'waylay', 'yoru']",2,1,3
Abyss,2026,astra|harbor|neon|skye|yoru,"['astra', 'harbor', 'neon', 'skye', 'yoru']",0,1,1
Abyss,2026,astra|harbor|neon|sova|waylay,"['astra', 'harbor', 'neon', 'sova', 'waylay']",3,0,3
Abyss,2026,astra|harbor|sova|veto|yoru,"['astra', 'harbor', 'sova', 'veto', 'yoru']",0,1,1
Abyss,2026,astra|harbor|sova|waylay|yoru,"['astra', 'harbor', 'sova', 'waylay', 'yoru']",0,1,1
Abyss,2026,astra|jett|kayo|omen|sova,"['astra', 'jett', 'kayo', 'omen', 'sova']",3,3,6
Abyss,2026,astra|jett|kayo|sova|vyse,"['astra', 'jett', 'kayo', 'sova', 'vyse']",3,1,4
Abyss,2026,astra|jett|omen|sova|yoru,"['astra', 'jett', 'omen', 'sova', 'yoru']",3,1,4
Abyss,2026,astra|jett|sova|vyse|yoru,"['astra', 'jett', 'sova', 'vyse', 'yoru']",0,1,1
Abyss,2026,astra|kayo|sova|waylay|yoru,"['astra', 'kayo', 'sova', 'waylay', 'yoru']",1,1,2
Abyss,2026,astra|neon|sova|tejo|waylay,"['astra', 'neon', 'sova', 'tejo', 'waylay']",0,1,1
Abyss,2026,astra|omen|raze|skye|tejo,"['astra', 'omen', 'raze', 'skye', 'tejo']",0,1,1
Abyss,2026,astra|omen|sova|tejo|waylay,"['astra', 'omen', 'sova', 'tejo', 'waylay']",3,1,4
Abyss,2026,astra|omen|sova|veto|yoru,"['astra', 'omen', 'sova', 'veto', 'yoru']",3,0,3
Abyss,2026,astra|omen|sova|waylay|yoru,"['astra', 'omen', 'sova', 'waylay', 'yoru']",3,5,8
Abyss,2026,astra|sova|tejo|waylay|yoru,"['astra', 'sova', 'tejo', 'waylay', 'yoru']",1,0,1
Abyss,2026,astra|sova|veto|waylay|yoru,"['astra', 'sova', 'veto', 'waylay', 'yoru']",6,9,15
Abyss,2026,brimstone|kayo|omen|tejo|waylay,"['brimstone', 'kayo', 'omen', 'tejo', 'waylay']",1,2,3
Abyss,2026,cypher|kayo|omen|sova|waylay,"['cypher', 'kayo', 'omen', 'sova', 'waylay']",1,0,1
Abyss,2026,cypher|neon|omen|sova|waylay,"['cypher', 'neon', 'omen', 'sova', 'waylay']",2,1,3
Abyss,2026,cypher|omen|sova|waylay|yoru,"['cypher', 'omen', 'sova', 'waylay', 'yoru']",6,3,9
Abyss,2026,iso|omen|sova|viper|yoru,"['iso', 'omen', 'sova', 'viper', 'yoru']",0,3,3
Abyss,2026,omen|sova|tejo|viper|waylay,"['omen', 'sova', 'tejo', 'viper', 'waylay']",5,2,7
Abyss,2026,omen|sova|vyse|waylay|yoru,"['omen', 'sova', 'vyse', 'waylay', 'yoru']",0,1,1
Ascent,2026,astra|cypher|jett|phoenix|sova,"['astra', 'cypher', 'jett', 'phoenix', 'sova']",1,2,3
Ascent,2026,astra|phoenix|sova|vyse|yoru,"['astra', 'phoenix', 'sova', 'vyse', 'yoru']",1,2,3
Ascent,2026,chamber|jett|omen|sova|vyse,"['chamber', 'jett', 'omen', 'sova', 'vyse']",0,1,1
Ascent,2026,chamber|neon|omen|phoenix|sova,"['chamber', 'neon', 'omen', 'phoenix', 'sova']",3,0,3
Ascent,2026,cypher|deadlock|jett|omen|sova,"['cypher', 'deadlock', 'jett', 'omen', 'sova']",0,1,1
Ascent,2026,cypher|jett|neon|omen|sova,"['cypher', 'jett', 'neon', 'omen', 'sova']",6,0,6
Ascent,2026,cypher|jett|omen|phoenix|sova,"['cypher', 'jett', 'omen', 'phoenix', 'sova']",1,1,2
Ascent,2026,cypher|neon|omen|phoenix|sova,"['cypher', 'neon', 'omen', 'phoenix', 'sova']",3,2,5
Ascent,2026,jett|kayo|killjoy|omen|sova,"['jett', 'kayo', 'killjoy', 'omen', 'sova']",1,0,1
Ascent,2026,jett|kayo|omen|sova|vyse,"['jett', 'kayo', 'omen', 'sova', 'vyse']",0,1,1
Ascent,2026,jett|omen|phoenix|sova|vyse,"['jett', 'omen', 'phoenix', 'sova', 'vyse']",0,1,1
Ascent,2026,jett|omen|sage|sova|vyse,"['jett', 'omen', 'sage', 'sova', 'vyse']",0,2,2
Ascent,2026,jett|omen|sova|vyse|waylay,"['jett', 'omen', 'sova', 'vyse', 'waylay']",0,1,1
Ascent,2026,kayo|omen|phoenix|sage|sova,"['kayo', 'omen', 'phoenix', 'sage', 'sova']",0,1,1
Ascent,2026,neon|omen|phoenix|sova|vyse,"['neon', 'omen', 'phoenix', 'sova', 'vyse']",0,2,2
Ascent,2026,omen|sage|sova|vyse|yoru,"['omen', 'sage', 'sova', 'vyse', 'yoru']",2,1,3
Bind,2026,astra|brimstone|raze|skye|yoru,"['astra', 'brimstone', 'raze', 'skye', 'yoru']",0,1,1
Bind,2026,astra|chamber|neon|skye|viper,"['astra', 'chamber', 'neon', 'skye', 'viper']",0,2,2
Bind,2026,astra|fade|neon|raze|viper,"['astra', 'fade', 'neon', 'raze', 'viper']",0,2,2
Bind,2026,astra|fade|veto|viper|yoru,"['astra', 'fade', 'veto', 'viper', 'yoru']",1,0,1
Bind,2026,astra|fade|veto|waylay|yoru,"['astra', 'fade', 'veto', 'waylay', 'yoru']",0,1,1
Bind,2026,astra|fade|viper|waylay|yoru,"['astra', 'fade', 'viper', 'waylay', 'yoru']",4,3,7
Bind,2026,astra|raze|skye|viper|waylay,"['astra', 'raze', 'skye', 'viper', 'waylay']",0,1,1
Bind,2026,brimstone|chamber|neon|skye|viper,"['brimstone', 'chamber', 'neon', 'skye', 'viper']",2,5,7
Bind,2026,brimstone|chamber|raze|skye|viper,"['brimstone', 'chamber', 'raze', 'skye', 'viper']",2,3,5
Bind,2026,brimstone|chamber|skye|viper|waylay,"['brimstone', 'chamber', 'skye', 'viper', 'waylay']",9,5,14
Bind,2026,brimstone|cypher|reyna|skye|waylay,"['brimstone', 'cypher', 'reyna', 'skye', 'waylay']",0,1,1
Bind,2026,brimstone|deadlock|gekko|kayo|neon,"['brimstone', 'deadlock', 'gekko', 'kayo', 'neon']",1,1,2
Bind,2026,brimstone|fade|gekko|viper|waylay,"['brimstone', 'fade', 'gekko', 'viper', 'waylay']",1,2,3
Bind,2026,brimstone|fade|kayo|raze|viper,"['brimstone', 'fade', 'kayo', 'raze', 'viper']",1,1,2
Bind,2026,brimstone|fade|neon|phoenix|viper,"['brimstone', 'fade', 'neon', 'phoenix', 'viper']",0,1,1
Bind,2026,brimstone|fade|neon|viper|vyse,"['brimstone', 'fade', 'neon', 'viper', 'vyse']",1,1,2
Bind,2026,brimstone|fade|neon|viper|yoru,"['brimstone', 'fade', 'neon', 'viper', 'yoru']",3,1,4
Bind,2026,brimstone|fade|raze|viper|vyse,"['brimstone', 'fade', 'raze', 'viper', 'vyse']",0,1,1
Bind,2026,brimstone|fade|raze|viper|yoru,"['brimstone', 'fade', 'raze', 'viper', 'yoru']",14,15,29
Bind,2026,brimstone|fade|skye|viper|waylay,"['brimstone', 'fade', 'skye', 'viper', 'waylay']",1,1,2
Bind,2026,brimstone|fade|tejo|viper|yoru,"['brimstone', 'fade', 'tejo', 'viper', 'yoru']",0,1,1
Bind,2026,brimstone|fade|viper|waylay|yoru,"['brimstone', 'fade', 'viper', 'waylay', 'yoru']",8,4,12
Bind,2026,brimstone|gekko|harbor|raze|skye,"['brimstone', 'gekko', 'harbor', 'raze', 'skye']",0,1,1
Bind,2026,brimstone|gekko|kayo|viper|waylay,"['brimstone', 'gekko', 'kayo', 'viper', 'waylay']",1,0,1
Bind,2026,brimstone|gekko|raze|skye|viper,"['brimstone', 'gekko', 'raze', 'skye', 'viper']",0,1,1
Bind,2026,brimstone|miks|neon|skye|waylay,"['brimstone', 'miks', 'neon', 'skye', 'waylay']",1,1,2
Bind,2026,brimstone|neon|omen|skye|waylay,"['brimstone', 'neon', 'omen', 'skye', 'waylay']",1,1,2
Bind,2026,brimstone|neon|phoenix|skye|viper,"['brimstone', 'neon', 'phoenix', 'skye', 'viper']",6,3,9
Bind,2026,brimstone|neon|raze|skye|viper,"['brimstone', 'neon', 'raze', 'skye', 'viper']",6,2,8
Bind,2026,brimstone|neon|skye|tejo|viper,"['brimstone', 'neon', 'skye', 'tejo', 'viper']",0,1,1
Bind,2026,brimstone|neon|skye|viper|waylay,"['brimstone', 'neon', 'skye', 'viper', 'waylay']",20,14,34
Bind,2026,brimstone|raze|sage|skye|viper,"['brimstone', 'raze', 'sage', 'skye', 'viper']",0,3,3
Bind,2026,brimstone|raze|skye|tejo|viper,"['brimstone', 'raze', 'skye', 'tejo', 'viper']",1,4,5
Bind,2026,brimstone|raze|skye|viper|waylay,"['brimstone', 'raze', 'skye', 'viper', 'waylay']",1,1,2
Bind,2026,brimstone|skye|tejo|viper|waylay,"['brimstone', 'skye', 'tejo', 'viper', 'waylay']",0,1,1
Bind,2026,brimstone|skye|viper|waylay|yoru,"['brimstone', 'skye', 'viper', 'waylay', 'yoru']",1,0,1
Bind,2026,clove|reyna|skye|viper|yoru,"['clove', 'reyna', 'skye', 'viper', 'yoru']",1,1,2
Bind,2026,fade|harbor|phoenix|raze|viper,"['fade', 'harbor', 'phoenix', 'raze', 'viper']",1,1,2
Bind,2026,harbor|neon|raze|skye|viper,"['harbor', 'neon', 'raze', 'skye', 'viper']",1,1,2
Breeze,2026,astra|cypher|jett|sova|yoru,"['astra', 'cypher', 'jett', 'sova', 'yoru']",1,0,1
Breeze,2026,astra|gekko|neon|sova|viper,"['astra', 'gekko', 'neon', 'sova', 'viper']",3,0,3
Breeze,2026,astra|harbor|jett|neon|skye,"['astra', 'harbor', 'jett', 'neon', 'skye']",1,2,3
Breeze,2026,astra|harbor|jett|neon|sova,"['astra', 'harbor', 'jett', 'neon', 'sova']",1,2,3
Breeze,2026,astra|harbor|kayo|neon|sova,"['astra', 'harbor', 'kayo', 'neon', 'sova']",3,1,4
Breeze,2026,astra|harbor|neon|sova|vyse,"['astra', 'harbor', 'neon', 'sova', 'vyse']",2,1,3
Breeze,2026,astra|jett|kayo|sova|viper,"['astra', 'jett', 'kayo', 'sova', 'viper']",4,2,6
Breeze,2026,astra|jett|neon|skye|viper,"['astra', 'jett', 'neon', 'skye', 'viper']",0,2,2
Breeze,2026,astra|jett|neon|sova|viper,"['astra', 'jett', 'neon', 'sova', 'viper']",0,4,4
Breeze,2026,astra|jett|omen|skye|sova,"['astra', 'jett', 'omen', 'skye', 'sova']",0,1,1
Breeze,2026,astra|jett|sova|viper|yoru,"['astra', 'jett', 'sova', 'viper', 'yoru']",13,16,29
Breeze,2026,astra|kayo|neon|sova|viper,"['astra', 'kayo', 'neon', 'sova', 'viper']",1,2,3
Breeze,2026,astra|neon|skye|tejo|viper,"['astra', 'neon', 'skye', 'tejo', 'viper']",1,1,2
Breeze,2026,astra|neon|skye|viper|waylay,"['astra', 'neon', 'skye', 'viper', 'waylay']",3,4,7
Breeze,2026,astra|neon|skye|viper|yoru,"['astra', 'neon', 'skye', 'viper', 'yoru']",0,1,1
Breeze,2026,astra|neon|sova|viper|waylay,"['astra', 'neon', 'sova', 'viper', 'waylay']",2,4,6
Breeze,2026,astra|neon|sova|viper|yoru,"['astra', 'neon', 'sova', 'viper', 'yoru']",7,4,11
Breeze,2026,astra|omen|phoenix|sova|yoru,"['astra', 'omen', 'phoenix', 'sova', 'yoru']",0,1,1
Breeze,2026,astra|omen|sova|veto|yoru,"['astra', 'omen', 'sova', 'veto', 'yoru']",2,2,4
Breeze,2026,astra|omen|sova|waylay|yoru,"['astra', 'omen', 'sova', 'waylay', 'yoru']",0,1,1
Breeze,2026,chamber|neon|omen|sova|viper,"['chamber', 'neon', 'omen', 'sova', 'viper']",0,1,1
Breeze,2026,chamber|neon|sage|sova|viper,"['chamber', 'neon', 'sage', 'sova', 'viper']",6,2,8
Breeze,2026,cypher|harbor|neon|phoenix|sova,"['cypher', 'harbor', 'neon', 'phoenix', 'sova']",4,2,6
Breeze,2026,cypher|jett|sova|viper|yoru,"['cypher', 'jett', 'sova', 'viper', 'yoru']",2,2,4
Breeze,2026,cypher|neon|phoenix|sova|viper,"['cypher', 'neon', 'phoenix', 'sova', 'viper']",1,0,1
Breeze,2026,fade|jett|omen|vyse|yoru,"['fade', 'jett', 'omen', 'vyse', 'yoru']",0,1,1
Breeze,2026,harbor|iso|neon|sova|viper,"['harbor', 'iso', 'neon', 'sova', 'viper']",3,3,6
Breeze,2026,harbor|jett|kayo|sova|viper,"['harbor', 'jett', 'kayo', 'sova', 'viper']",11,3,14
Breeze,2026,harbor|jett|neon|omen|sova,"['harbor', 'jett', 'neon', 'omen', 'sova']",0,4,4
Breeze,2026,harbor|jett|neon|sova|viper,"['harbor', 'jett', 'neon', 'sova', 'viper']",1,3,4
Breeze,2026,harbor|kayo|neon|sova|viper,"['harbor', 'kayo', 'neon', 'sova', 'viper']",8,7,15
Breeze,2026,harbor|neon|phoenix|sova|viper,"['harbor', 'neon', 'phoenix', 'sova', 'viper']",2,1,3
Breeze,2026,jett|kayo|neon|sova|viper,"['jett', 'kayo', 'neon', 'sova', 'viper']",0,2,2
Breeze,2026,jett|kayo|omen|sova|viper,"['jett', 'kayo', 'omen', 'sova', 'viper']",0,3,3
Breeze,2026,jett|kayo|sova|viper|yoru,"['jett', 'kayo', 'sova', 'viper', 'yoru']",1,2,3
Breeze,2026,jett|neon|omen|sova|viper,"['jett', 'neon', 'omen', 'sova', 'viper']",7,8,15
Breeze,2026,jett|omen|phoenix|sova|viper,"['jett', 'omen', 'phoenix', 'sova', 'viper']",2,1,3
Breeze,2026,jett|omen|sova|viper|yoru,"['jett', 'omen', 'sova', 'viper', 'yoru']",11,6,17
Breeze,2026,kayo|neon|omen|sova|viper,"['kayo', 'neon', 'omen', 'sova', 'viper']",2,4,6
Breeze,2026,neon|omen|skye|sova|viper,"['neon', 'omen', 'skye', 'sova', 'viper']",0,2,2
Breeze,2026,neon|omen|sova|viper|yoru,"['neon', 'omen', 'sova', 'viper', 'yoru']",6,3,9
Corrode,2026,astra|breach|fade|neon|omen,"['astra', 'breach', 'fade', 'neon', 'omen']",0,1,1
Corrode,2026,astra|chamber|phoenix|sova|yoru,"['astra', 'chamber', 'phoenix', 'sova', 'yoru']",3,0,3
Corrode,2026,astra|fade|kayo|omen|waylay,"['astra', 'fade', 'kayo', 'omen', 'waylay']",1,0,1
Corrode,2026,astra|fade|omen|tejo|waylay,"['astra', 'fade', 'omen', 'tejo', 'waylay']",0,1,1
Corrode,2026,astra|fade|phoenix|sage|yoru,"['astra', 'fade', 'phoenix', 'sage', 'yoru']",3,0,3
Corrode,2026,astra|fade|sage|veto|waylay,"['astra', 'fade', 'sage', 'veto', 'waylay']",0,1,1
Corrode,2026,astra|fade|viper|waylay|yoru,"['astra', 'fade', 'viper', 'waylay', 'yoru']",0,2,2
Corrode,2026,astra|iso|skye|viper|waylay,"['astra', 'iso', 'skye', 'viper', 'waylay']",2,4,6
Corrode,2026,astra|kayo|neon|phoenix|sova,"['astra', 'kayo', 'neon', 'phoenix', 'sova']",0,1,1
Corrode,2026,astra|kayo|sova|vyse|waylay,"['astra', 'kayo', 'sova', 'vyse', 'waylay']",2,2,4
Corrode,2026,brimstone|fade|jett|tejo|viper,"['brimstone', 'fade', 'jett', 'tejo', 'viper']",1,0,1
Corrode,2026,brimstone|omen|raze|sova|waylay,"['brimstone', 'omen', 'raze', 'sova', 'waylay']",1,0,1
Corrode,2026,chamber|fade|neon|omen|viper,"['chamber', 'fade', 'neon', 'omen', 'viper']",4,0,4
Corrode,2026,chamber|fade|omen|phoenix|yoru,"['chamber', 'fade', 'omen', 'phoenix', 'yoru']",0,1,1
Corrode,2026,chamber|fade|omen|viper|waylay,"['chamber', 'fade', 'omen', 'viper', 'waylay']",1,0,1
Corrode,2026,cypher|fade|omen|waylay|yoru,"['cypher', 'fade', 'omen', 'waylay', 'yoru']",1,1,2
Corrode,2026,cypher|gekko|neon|omen|yoru,"['cypher', 'gekko', 'neon', 'omen', 'yoru']",2,2,4
Corrode,2026,fade|kayo|neon|omen|veto,"['fade', 'kayo', 'neon', 'omen', 'veto']",0,1,1
Corrode,2026,fade|kayo|omen|viper|waylay,"['fade', 'kayo', 'omen', 'viper', 'waylay']",3,1,4
Corrode,2026,fade|neon|omen|viper|waylay,"['fade', 'neon', 'omen', 'viper', 'waylay']",0,2,2
Corrode,2026,fade|neon|omen|viper|yoru,"['fade', 'neon', 'omen', 'viper', 'yoru']",6,4,10
Corrode,2026,fade|omen|phoenix|viper|waylay,"['fade', 'omen', 'phoenix', 'viper', 'waylay']",1,2,3
Corrode,2026,fade|omen|sage|veto|waylay,"['fade', 'omen', 'sage', 'veto', 'waylay']",2,2,4
Corrode,2026,fade|omen|viper|vyse|waylay,"['fade', 'omen', 'viper', 'vyse', 'waylay']",3,2,5
Corrode,2026,fade|omen|viper|waylay|yoru,"['fade', 'omen', 'viper', 'waylay', 'yoru']",2,6,8
Corrode,2026,kayo|neon|omen|sova|waylay,"['kayo', 'neon', 'omen', 'sova', 'waylay']",1,3,4
Corrode,2026,kayo|omen|sova|viper|waylay,"['kayo', 'omen', 'sova', 'viper', 'waylay']",4,4,8
Corrode,2026,omen|skye|sova|viper|waylay,"['omen', 'skye', 'sova', 'viper', 'waylay']",0,1,1
Corrode,2026,omen|sova|viper|waylay|yoru,"['omen', 'sova', 'viper', 'waylay', 'yoru']",2,1,3
Fracture,2026,astra|cypher|neon|skye|tejo,"['astra', 'cypher', 'neon', 'skye', 'tejo']",1,2,3
Fracture,2026,astra|fade|kayo|vyse|waylay,"['astra', 'fade', 'kayo', 'vyse', 'waylay']",0,2,2
Fracture,2026,astra|neon|sage|tejo|waylay,"['astra', 'neon', 'sage', 'tejo', 'waylay']",1,1,2
Fracture,2026,astra|neon|skye|tejo|veto,"['astra', 'neon', 'skye', 'tejo', 'veto']",0,1,1
Fracture,2026,breach|brimstone|chamber|neon|sova,"['breach', 'brimstone', 'chamber', 'neon', 'sova']",0,1,1
Fracture,2026,breach|brimstone|cypher|neon|raze,"['breach', 'brimstone', 'cypher', 'neon', 'raze']",2,3,5
Fracture,2026,breach|brimstone|cypher|neon|tejo,"['breach', 'brimstone', 'cypher', 'neon', 'tejo']",3,3,6
Fracture,2026,breach|brimstone|cypher|neon|waylay,"['breach', 'brimstone', 'cypher', 'neon', 'waylay']",0,1,1
Fracture,2026,breach|brimstone|cypher|tejo|waylay,"['breach', 'brimstone', 'cypher', 'tejo', 'waylay']",1,2,3
Fracture,2026,breach|brimstone|deadlock|raze|tejo,"['breach', 'brimstone', 'deadlock', 'raze', 'tejo']",0,1,1
Fracture,2026,breach|brimstone|fade|neon|veto,"['breach', 'brimstone', 'fade', 'neon', 'veto']",2,1,3
Fracture,2026,breach|brimstone|killjoy|neon|raze,"['breach', 'brimstone', 'killjoy', 'neon', 'raze']",2,2,4
Fracture,2026,breach|brimstone|neon|raze|tejo,"['breach', 'brimstone', 'neon', 'raze', 'tejo']",0,2,2
Fracture,2026,breach|brimstone|neon|skye|veto,"['breach', 'brimstone', 'neon', 'skye', 'veto']",0,1,1
Fracture,2026,breach|brimstone|neon|tejo|waylay,"['breach', 'brimstone', 'neon', 'tejo', 'waylay']",1,2,3
Fracture,2026,breach|brimstone|neon|veto|waylay,"['breach', 'brimstone', 'neon', 'veto', 'waylay']",1,2,3
Fracture,2026,brimstone|chamber|fade|neon|sage,"['brimstone', 'chamber', 'fade', 'neon', 'sage']",1,0,1
Fracture,2026,brimstone|chamber|neon|raze|skye,"['brimstone', 'chamber', 'neon', 'raze', 'skye']",1,1,2
Fracture,2026,brimstone|cypher|fade|neon|phoenix,"['brimstone', 'cypher', 'fade', 'neon', 'phoenix']",4,2,6
Fracture,2026,brimstone|cypher|fade|neon|raze,"['brimstone', 'cypher', 'fade', 'neon', 'raze']",5,3,8
Fracture,2026,brimstone|cypher|fade|phoenix|waylay,"['brimstone', 'cypher', 'fade', 'phoenix', 'waylay']",3,0,3
Fracture,2026,brimstone|cypher|jett|neon|skye,"['brimstone', 'cypher', 'jett', 'neon', 'skye']",1,1,2
Fracture,2026,brimstone|cypher|jett|neon|tejo,"['brimstone', 'cypher', 'jett', 'neon', 'tejo']",0,1,1
Fracture,2026,brimstone|cypher|neon|skye|tejo,"['brimstone', 'cypher', 'neon', 'skye', 'tejo']",5,3,8
Fracture,2026,brimstone|cypher|neon|skye|waylay,"['brimstone', 'cypher', 'neon', 'skye', 'waylay']",9,8,17
Fracture,2026,brimstone|cypher|neon|tejo|waylay,"['brimstone', 'cypher', 'neon', 'tejo', 'waylay']",1,2,3
Fracture,2026,brimstone|neon|raze|skye|veto,"['brimstone', 'neon', 'raze', 'skye', 'veto']",3,0,3
Fracture,2026,chamber|fade|neon|omen|viper,"['chamber', 'fade', 'neon', 'omen', 'viper']",1,0,1
Haven,2026,astra|chamber|fade|neon|phoenix,"['astra', 'chamber', 'fade', 'neon', 'phoenix']",2,2,4
Haven,2026,astra|chamber|fade|phoenix|yoru,"['astra', 'chamber', 'fade', 'phoenix', 'yoru']",6,2,8
Haven,2026,astra|chamber|jett|skye|sova,"['astra', 'chamber', 'jett', 'skye', 'sova']",2,0,2
Haven,2026,astra|chamber|neon|phoenix|sova,"['astra', 'chamber', 'neon', 'phoenix', 'sova']",4,3,7
Haven,2026,astra|cypher|neon|sova|yoru,"['astra', 'cypher', 'neon', 'sova', 'yoru']",3,1,4
Haven,2026,breach|cypher|jett|omen|sova,"['breach', 'cypher', 'jett', 'omen', 'sova']",1,2,3
Haven,2026,breach|cypher|neon|omen|sova,"['breach', 'cypher', 'neon', 'omen', 'sova']",0,2,2
Haven,2026,breach|cypher|omen|tejo|waylay,"['breach', 'cypher', 'omen', 'tejo', 'waylay']",1,1,2
Haven,2026,chamber|fade|jett|omen|phoenix,"['chamber', 'fade', 'jett', 'omen', 'phoenix']",3,2,5
Haven,2026,chamber|fade|neon|omen|phoenix,"['chamber', 'fade', 'neon', 'omen', 'phoenix']",4,2,6
Haven,2026,chamber|fade|omen|phoenix|yoru,"['chamber', 'fade', 'omen', 'phoenix', 'yoru']",4,2,6
Haven,2026,chamber|iso|neon|omen|sova,"['chamber', 'iso', 'neon', 'omen', 'sova']",3,1,4
Haven,2026,chamber|neon|omen|phoenix|sova,"['chamber', 'neon', 'omen', 'phoenix', 'sova']",3,0,3
Haven,2026,chamber|neon|omen|sova|viper,"['chamber', 'neon', 'omen', 'sova', 'viper']",0,4,4
Haven,2026,cypher|deadlock|neon|omen|sova,"['cypher', 'deadlock', 'neon', 'omen', 'sova']",1,2,3
Haven,2026,cypher|deadlock|omen|skye|waylay,"['cypher', 'deadlock', 'omen', 'skye', 'waylay']",1,1,2
Haven,2026,cypher|fade|neon|omen|phoenix,"['cypher', 'fade', 'neon', 'omen', 'phoenix']",5,5,10
Haven,2026,cypher|jett|neon|omen|skye,"['cypher', 'jett', 'neon', 'omen', 'skye']",1,1,2
Haven,2026,cypher|jett|neon|omen|sova,"['cypher', 'jett', 'neon', 'omen', 'sova']",6,5,11
Haven,2026,cypher|jett|omen|sova|yoru,"['cypher', 'jett', 'omen', 'sova', 'yoru']",1,3,4
Haven,2026,cypher|neon|omen|phoenix|sova,"['cypher', 'neon', 'omen', 'phoenix', 'sova']",10,9,19
Haven,2026,cypher|neon|omen|skye|waylay,"['cypher', 'neon', 'omen', 'skye', 'waylay']",6,5,11
Haven,2026,cypher|neon|omen|sova|waylay,"['cypher', 'neon', 'omen', 'sova', 'waylay']",10,11,21
Haven,2026,cypher|neon|omen|sova|yoru,"['cypher', 'neon', 'omen', 'sova', 'yoru']",10,7,17
Haven,2026,cypher|omen|phoenix|sova|yoru,"['cypher', 'omen', 'phoenix', 'sova', 'yoru']",1,2,3
Haven,2026,cypher|omen|sova|waylay|yoru,"['cypher', 'omen', 'sova', 'waylay', 'yoru']",1,1,2
Haven,2026,fade|killjoy|omen|viper|waylay,"['fade', 'killjoy', 'omen', 'viper', 'waylay']",0,1,1
Haven,2026,fade|neon|omen|veto|viper,"['fade', 'neon', 'omen', 'veto', 'viper']",1,1,2
Haven,2026,iso|killjoy|neon|omen|sova,"['iso', 'killjoy', 'neon', 'omen', 'sova']",1,1,2
Haven,2026,killjoy|neon|omen|phoenix|skye,"['killjoy', 'neon', 'omen', 'phoenix', 'skye']",1,1,2
Haven,2026,killjoy|neon|omen|phoenix|sova,"['killjoy', 'neon', 'omen', 'phoenix', 'sova']",0,3,3
Haven,2026,killjoy|neon|omen|sova|viper,"['killjoy', 'neon', 'omen', 'sova', 'viper']",25,34,59
Haven,2026,killjoy|neon|omen|sova|yoru,"['killjoy', 'neon', 'omen', 'sova', 'yoru']",4,0,4
Haven,2026,killjoy|omen|sova|viper|yoru,"['killjoy', 'omen', 'sova', 'viper', 'yoru']",1,5,6
Haven,2026,neon|omen|sova|veto|viper,"['neon', 'omen', 'sova', 'veto', 'viper']",1,0,1
Haven,2026,neon|omen|sova|viper|vyse,"['neon', 'omen', 'sova', 'viper', 'vyse']",1,2,3
Lotus,2026,astra|deadlock|fade|omen|raze,"['astra', 'deadlock', 'fade', 'omen', 'raze']",1,2,3
Lotus,2026,breach|fade|neon|omen|waylay,"['breach', 'fade', 'neon', 'omen', 'waylay']",0,2,2
Lotus,2026,chamber|fade|neon|omen|raze,"['chamber', 'fade', 'neon', 'omen', 'raze']",2,2,4
Lotus,2026,chamber|fade|neon|omen|viper,"['chamber', 'fade', 'neon', 'omen', 'viper']",5,3,8
Lotus,2026,cypher|fade|neon|omen|phoenix,"['cypher', 'fade', 'neon', 'omen', 'phoenix']",0,3,3
Lotus,2026,cypher|fade|neon|omen|raze,"['cypher', 'fade', 'neon', 'omen', 'raze']",7,4,11
Lotus,2026,cypher|fade|neon|omen|viper,"['cypher', 'fade', 'neon', 'omen', 'viper']",1,1,2
Lotus,2026,cypher|fade|neon|omen|waylay,"['cypher', 'fade', 'neon', 'omen', 'waylay']",5,2,7
Lotus,2026,cypher|fade|omen|phoenix|raze,"['cypher', 'fade', 'omen', 'phoenix', 'raze']",4,2,6
Lotus,2026,cypher|neon|omen|skye|viper,"['cypher', 'neon', 'omen', 'skye', 'viper']",6,2,8
Lotus,2026,cypher|neon|omen|skye|waylay,"['cypher', 'neon', 'omen', 'skye', 'waylay']",6,3,9
Lotus,2026,deadlock|fade|neon|omen|sage,"['deadlock', 'fade', 'neon', 'omen', 'sage']",0,2,2
Lotus,2026,fade|killjoy|neon|omen|raze,"['fade', 'killjoy', 'neon', 'omen', 'raze']",1,3,4
Lotus,2026,fade|killjoy|neon|omen|viper,"['fade', 'killjoy', 'neon', 'omen', 'viper']",4,3,7
Lotus,2026,fade|killjoy|omen|raze|viper,"['fade', 'killjoy', 'omen', 'raze', 'viper']",1,1,2
Lotus,2026,fade|killjoy|omen|viper|waylay,"['fade', 'killjoy', 'omen', 'viper', 'waylay']",0,5,5
Lotus,2026,fade|neon|omen|raze|veto,"['fade', 'neon', 'omen', 'raze', 'veto']",1,3,4
Lotus,2026,fade|neon|omen|raze|viper,"['fade', 'neon', 'omen', 'raze', 'viper']",1,9,10
Lotus,2026,fade|neon|omen|raze|vyse,"['fade', 'neon', 'omen', 'raze', 'vyse']",12,10,22
Lotus,2026,fade|neon|omen|viper|vyse,"['fade', 'neon', 'omen', 'viper', 'vyse']",11,12,23
Lotus,2026,fade|neon|omen|viper|waylay,"['fade', 'neon', 'omen', 'viper', 'waylay']",1,4,5
Lotus,2026,fade|omen|raze|veto|viper,"['fade', 'omen', 'raze', 'veto', 'viper']",3,4,7
Lotus,2026,fade|omen|raze|viper|vyse,"['fade', 'omen', 'raze', 'viper', 'vyse']",5,1,6
Lotus,2026,jett|omen|raze|skye|vyse,"['jett', 'omen', 'raze', 'skye', 'vyse']",8,2,10
Pearl,2026,astra|chamber|fade|jett|neon,"['astra', 'chamber', 'fade', 'jett', 'neon']",2,1,3
Pearl,2026,astra|chamber|fade|kayo|neon,"['astra', 'chamber', 'fade', 'kayo', 'neon']",0,1,1
Pearl,2026,astra|chamber|fade|kayo|waylay,"['astra', 'chamber', 'fade', 'kayo', 'waylay']",2,2,4
Pearl,2026,astra|chamber|fade|neon|phoenix,"['astra', 'chamber', 'fade', 'neon', 'phoenix']",4,6,10
Pearl,2026,astra|chamber|fade|tejo|waylay,"['astra', 'chamber', 'fade', 'tejo', 'waylay']",0,1,1
Pearl,2026,astra|chamber|jett|neon|skye,"['astra', 'chamber', 'jett', 'neon', 'skye']",1,3,4
Pearl,2026,astra|chamber|kayo|neon|sova,"['astra', 'chamber', 'kayo', 'neon', 'sova']",5,5,10
Pearl,2026,astra|chamber|kayo|neon|tejo,"['astra', 'chamber', 'kayo', 'neon', 'tejo']",3,3,6
Pearl,2026,astra|chamber|kayo|tejo|waylay,"['astra', 'chamber', 'kayo', 'tejo', 'waylay']",1,1,2
Pearl,2026,astra|chamber|killjoy|neon|skye,"['astra', 'chamber', 'killjoy', 'neon', 'skye']",4,3,7
Pearl,2026,astra|chamber|neon|phoenix|sova,"['astra', 'chamber', 'neon', 'phoenix', 'sova']",3,3,6
Pearl,2026,astra|chamber|neon|skye|tejo,"['astra', 'chamber', 'neon', 'skye', 'tejo']",0,2,2
Pearl,2026,astra|chamber|neon|sova|tejo,"['astra', 'chamber', 'neon', 'sova', 'tejo']",1,5,6
Pearl,2026,astra|chamber|neon|sova|yoru,"['astra', 'chamber', 'neon', 'sova', 'yoru']",2,1,3
Pearl,2026,astra|cypher|fade|neon|phoenix,"['astra', 'cypher', 'fade', 'neon', 'phoenix']",9,10,19
Pearl,2026,astra|cypher|fade|neon|yoru,"['astra', 'cypher', 'fade', 'neon', 'yoru']",4,1,5
Pearl,2026,astra|cypher|fade|tejo|waylay,"['astra', 'cypher', 'fade', 'tejo', 'waylay']",0,2,2
Pearl,2026,astra|cypher|neon|sova|waylay,"['astra', 'cypher', 'neon', 'sova', 'waylay']",0,1,1
Pearl,2026,astra|cypher|neon|sova|yoru,"['astra', 'cypher', 'neon', 'sova', 'yoru']",2,2,4
Pearl,2026,astra|cypher|sova|waylay|yoru,"['astra', 'cypher', 'sova', 'waylay', 'yoru']",1,0,1
Pearl,2026,astra|fade|jett|phoenix|vyse,"['astra', 'fade', 'jett', 'phoenix', 'vyse']",3,1,4
Pearl,2026,astra|fade|jett|tejo|veto,"['astra', 'fade', 'jett', 'tejo', 'veto']",0,2,2
Pearl,2026,astra|fade|kayo|killjoy|waylay,"['astra', 'fade', 'kayo', 'killjoy', 'waylay']",0,1,1
Pearl,2026,astra|fade|killjoy|neon|phoenix,"['astra', 'fade', 'killjoy', 'neon', 'phoenix']",8,5,13
Pearl,2026,astra|fade|killjoy|neon|tejo,"['astra', 'fade', 'killjoy', 'neon', 'tejo']",0,2,2
Pearl,2026,astra|fade|killjoy|neon|waylay,"['astra', 'fade', 'killjoy', 'neon', 'waylay']",3,1,4
Pearl,2026,astra|fade|killjoy|neon|yoru,"['astra', 'fade', 'killjoy', 'neon', 'yoru']",1,3,4
Pearl,2026,astra|fade|killjoy|raze|yoru,"['astra', 'fade', 'killjoy', 'raze', 'yoru']",2,0,2
Pearl,2026,astra|fade|killjoy|sage|yoru,"['astra', 'fade', 'killjoy', 'sage', 'yoru']",0,1,1
Pearl,2026,astra|fade|killjoy|tejo|yoru,"['astra', 'fade', 'killjoy', 'tejo', 'yoru']",4,2,6
Pearl,2026,astra|fade|killjoy|waylay|yoru,"['astra', 'fade', 'killjoy', 'waylay', 'yoru']",4,1,5
Pearl,2026,astra|fade|neon|phoenix|vyse,"['astra', 'fade', 'neon', 'phoenix', 'vyse']",5,0,5
Pearl,2026,astra|fade|neon|raze|veto,"['astra', 'fade', 'neon', 'raze', 'veto']",1,0,1
Pearl,2026,astra|fade|sage|tejo|yoru,"['astra', 'fade', 'sage', 'tejo', 'yoru']",0,1,1
Pearl,2026,astra|fade|veto|waylay|yoru,"['astra', 'fade', 'veto', 'waylay', 'yoru']",0,1,1
Pearl,2026,astra|kayo|killjoy|neon|sova,"['astra', 'kayo', 'killjoy', 'neon', 'sova']",1,1,2
Pearl,2026,astra|killjoy|neon|phoenix|tejo,"['astra', 'killjoy', 'neon', 'phoenix', 'tejo']",3,0,3
Pearl,2026,astra|killjoy|neon|skye|waylay,"['astra', 'killjoy', 'neon', 'skye', 'waylay']",1,2,3
Pearl,2026,astra|killjoy|neon|sova|tejo,"['astra', 'killjoy', 'neon', 'sova', 'tejo']",1,3,4
Pearl,2026,astra|killjoy|neon|sova|yoru,"['astra', 'killjoy', 'neon', 'sova', 'yoru']",8,10,18
Pearl,2026,astra|killjoy|neon|tejo|yoru,"['astra', 'killjoy', 'neon', 'tejo', 'yoru']",0,2,2
Pearl,2026,astra|killjoy|sova|tejo|waylay,"['astra', 'killjoy', 'sova', 'tejo', 'waylay']",8,3,11
Pearl,2026,astra|killjoy|sova|waylay|yoru,"['astra', 'killjoy', 'sova', 'waylay', 'yoru']",2,1,3
Pearl,2026,astra|neon|phoenix|tejo|vyse,"['astra', 'neon', 'phoenix', 'tejo', 'vyse']",1,1,2
Pearl,2026,astra|neon|skye|vyse|waylay,"['astra', 'neon', 'skye', 'vyse', 'waylay']",0,1,1
Pearl,2026,astra|neon|sova|vyse|yoru,"['astra', 'neon', 'sova', 'vyse', 'yoru']",1,3,4
Pearl,2026,astra|phoenix|sova|veto|yoru,"['astra', 'phoenix', 'sova', 'veto', 'yoru']",1,0,1
Pearl,2026,brimstone|fade|killjoy|waylay|yoru,"['brimstone', 'fade', 'killjoy', 'waylay', 'yoru']",2,1,3
Pearl,2026,brimstone|kayo|killjoy|neon|tejo,"['brimstone', 'kayo', 'killjoy', 'neon', 'tejo']",1,2,3
Pearl,2026,harbor|neon|skye|viper|waylay,"['harbor', 'neon', 'skye', 'viper', 'waylay']",0,1,1
Split,2026,astra|cypher|fade|neon|raze,"['astra', 'cypher', 'fade', 'neon', 'raze']",0,2,2
Split,2026,astra|cypher|fade|neon|waylay,"['astra', 'cypher', 'fade', 'neon', 'waylay']",0,4,4
Split,2026,astra|deadlock|jett|skye|tejo,"['astra', 'deadlock', 'jett', 'skye', 'tejo']",0,1,1
Split,2026,astra|fade|jett|raze|viper,"['astra', 'fade', 'jett', 'raze', 'viper']",0,2,2
Split,2026,astra|fade|neon|raze|viper,"['astra', 'fade', 'neon', 'raze', 'viper']",1,4,5
Split,2026,astra|fade|neon|raze|vyse,"['astra', 'fade', 'neon', 'raze', 'vyse']",4,2,6
Split,2026,astra|fade|neon|viper|waylay,"['astra', 'fade', 'neon', 'viper', 'waylay']",2,4,6
Split,2026,astra|fade|raze|viper|vyse,"['astra', 'fade', 'raze', 'viper', 'vyse']",2,3,5
Split,2026,astra|fade|raze|viper|yoru,"['astra', 'fade', 'raze', 'viper', 'yoru']",7,5,12
Split,2026,astra|fade|veto|viper|yoru,"['astra', 'fade', 'veto', 'viper', 'yoru']",2,2,4
Split,2026,astra|jett|raze|skye|vyse,"['astra', 'jett', 'raze', 'skye', 'vyse']",1,1,2
Split,2026,astra|neon|raze|skye|viper,"['astra', 'neon', 'raze', 'skye', 'viper']",4,1,5
Split,2026,astra|neon|skye|viper|waylay,"['astra', 'neon', 'skye', 'viper', 'waylay']",2,1,3
Split,2026,astra|skye|tejo|viper|waylay,"['astra', 'skye', 'tejo', 'viper', 'waylay']",1,5,6
Split,2026,breach|fade|omen|viper|waylay,"['breach', 'fade', 'omen', 'viper', 'waylay']",5,4,9
Split,2026,breach|omen|raze|skye|viper,"['breach', 'omen', 'raze', 'skye', 'viper']",1,0,1
Split,2026,chamber|omen|raze|skye|viper,"['chamber', 'omen', 'raze', 'skye', 'viper']",5,2,7
Split,2026,cypher|fade|neon|omen|yoru,"['cypher', 'fade', 'neon', 'omen', 'yoru']",2,1,3
Split,2026,cypher|jett|omen|raze|skye,"['cypher', 'jett', 'omen', 'raze', 'skye']",2,0,2
Split,2026,cypher|neon|omen|skye|viper,"['cypher', 'neon', 'omen', 'skye', 'viper']",1,5,6
Split,2026,deadlock|fade|neon|omen|viper,"['deadlock', 'fade', 'neon', 'omen', 'viper']",0,2,2
Split,2026,fade|kayo|omen|viper|waylay,"['fade', 'kayo', 'omen', 'viper', 'waylay']",0,2,2
Split,2026,fade|neon|omen|phoenix|viper,"['fade', 'neon', 'omen', 'phoenix', 'viper']",4,1,5
Split,2026,fade|neon|omen|raze|viper,"['fade', 'neon', 'omen', 'raze', 'viper']",5,6,11
Split,2026,fade|neon|omen|viper|vyse,"['fade', 'neon', 'omen', 'viper', 'vyse']",3,2,5
Split,2026,fade|neon|omen|viper|waylay,"['fade', 'neon', 'omen', 'viper', 'waylay']",2,4,6
Split,2026,fade|neon|omen|viper|yoru,"['fade', 'neon', 'omen', 'viper', 'yoru']",6,8,14
Split,2026,fade|omen|raze|veto|viper,"['fade', 'omen', 'raze', 'veto', 'viper']",2,2,4
Split,2026,fade|omen|raze|viper|vyse,"['fade', 'omen', 'raze', 'viper', 'vyse']",1,1,2
Split,2026,fade|omen|raze|viper|yoru,"['fade', 'omen', 'raze', 'viper', 'yoru']",17,14,31
Split,2026,fade|omen|viper|waylay|yoru,"['fade', 'omen', 'viper', 'waylay', 'yoru']",8,10,18
Split,2026,jett|omen|raze|skye|viper,"['jett', 'omen', 'raze', 'skye', 'viper']",12,4,16
Split,2026,jett|omen|skye|viper|yoru,"['jett', 'omen', 'skye', 'viper', 'yoru']",0,1,1
Split,2026,neon|omen|raze|skye|viper,"['neon', 'omen', 'raze', 'skye', 'viper']",6,5,11
Split,2026,neon|omen|sage|skye|viper,"['neon', 'omen', 'sage', 'skye', 'viper']",1,1,2
Split,2026,neon|omen|skye|viper|vyse,"['neon', 'omen', 'skye', 'viper', 'vyse']",1,2,3
Split,2026,neon|omen|skye|viper|waylay,"['neon', 'omen', 'skye', 'viper', 'waylay']",13,10,23
Split,2026,omen|raze|sage|skye|viper,"['omen', 'raze', 'sage', 'skye', 'viper']",2,1,3
Split,2026,omen|raze|skye|tejo|viper,"['omen', 'raze', 'skye', 'tejo', 'viper']",2,2,4
Split,2026,omen|raze|skye|viper|waylay,"['omen', 'raze', 'skye', 'viper', 'waylay']",4,4,8
Split,2026,omen|sage|skye|viper|waylay,"['omen', 'sage', 'skye', 'viper', 'waylay']",2,2,4
