Team,Map,Year,Composition Key,Agent,Total Wins By Map,Total Loss By Map,Total Maps Played,Winrate,Context Played,Usage Ratio,Reliability,Duelist Count,Initiator Count,Controller Count,Sentinel Count,Role Pattern,Pattern Played,Pattern Usage,Team Overall WR,Team Map WR,Agent Usage Mean,Agent Usage Min,Low Familiarity Count
100 Thieves,Abyss,2024,cypher|gekko|jett|omen|sova,"['cypher', 'gekko', 'jett', 'omen', 'sova']",0,1,1,0.0,1,1.0,0.2181,1,2,1,1,1D-2I-1C-1S,1,1.0,0.4773,0.25,1.0,1.0,0
100 Thieves,Ascent,2024,jett|kayo|killjoy|omen|sova,"['jett', 'kayo', 'killjoy', 'omen', 'sova']",5,2,7,0.7142857142857143,7,1.0,0.6543,1,2,1,1,1D-2I-1C-1S,7,1.0,0.4773,0.8571,1.0,1.0,0
100 Thieves,Bind,2024,brimstone|fade|gekko|raze|viper,"['brimstone', 'fade', 'gekko', 'raze', 'viper']",8,6,14,0.5714285714285714,14,1.0,0.8521,1,2,2,0,1D-2I-2C-0S,14,1.0,0.4773,0.6262,1.0,1.0,0
100 Thieves,Breeze,2024,cypher|jett|kayo|sova|viper,"['cypher', 'jett', 'kayo', 'sova', 'viper']",3,0,3,1.0,3,1.0,0.4362,1,2,1,1,1D-2I-1C-1S,3,1.0,0.4773,0.5556,1.0,1.0,0
100 Thieves,Haven,2024,jett|kayo|killjoy|omen|sova,"['jett', 'kayo', 'killjoy', 'omen', 'sova']",1,2,3,0.3333333333333333,3,1.0,0.4362,1,2,1,1,1D-2I-1C-1S,3,1.0,0.4773,0.4533,1.0,1.0,0
100 Thieves,Icebox,2024,gekko|jett|killjoy|sova|viper,"['gekko', 'jett', 'killjoy', 'sova', 'viper']",6,4,10,0.6,10,1.0,0.7545,1,2,1,1,1D-2I-1C-1S,10,1.0,0.4773,0.3667,1.0,1.0,0
100 Thieves,Lotus,2024,chamber|fade|omen|raze|viper,"['chamber', 'fade', 'omen', 'raze', 'viper']",0,1,1,0.0,5,0.2,0.2181,1,1,2,1,1D-1I-2C-1S,5,1.0,0.4773,0.35,0.84,0.2,0
100 Thieves,Lotus,2024,fade|killjoy|omen|raze|viper,"['fade', 'killjoy', 'omen', 'raze', 'viper']",1,3,4,0.25,5,0.8,0.5064,1,1,2,1,1D-1I-2C-1S,5,1.0,0.4773,0.35,0.96,0.8,0
100 Thieves,Split,2024,astra|breach|fade|raze|viper,"['astra', 'breach', 'fade', 'raze', 'viper']",1,0,1,1.0,8,0.125,0.2181,1,2,2,0,1D-2I-2C-0S,8,1.0,0.4773,0.6676,0.825,0.125,1
100 Thieves,Split,2024,astra|fade|gekko|raze|viper,"['astra', 'fade', 'gekko', 'raze', 'viper']",4,3,7,0.5714285714285714,8,0.875,0.6543,1,2,2,0,1D-2I-2C-0S,8,1.0,0.4773,0.6676,0.975,0.875,0
100 Thieves,Sunset,2024,cypher|fade|gekko|omen|raze,"['cypher', 'fade', 'gekko', 'omen', 'raze']",0,2,2,0.0,5,0.4,0.3457,1,2,1,1,1D-2I-1C-1S,5,1.0,0.4773,0.1944,0.88,0.4,0
100 Thieves,Sunset,2024,cypher|gekko|omen|raze|sova,"['cypher', 'gekko', 'omen', 'raze', 'sova']",1,2,3,0.3333333333333333,5,0.6,0.4362,1,2,1,1,1D-2I-1C-1S,5,1.0,0.4773,0.1944,0.92,0.6,0
All Gamers,Ascent,2024,jett|kayo|killjoy|omen|sova,"['jett', 'kayo', 'killjoy', 'omen', 'sova']",0,1,1,0.0,2,0.5,0.2181,1,2,1,1,1D-2I-1C-1S,1,0.5,0.4083,0.0,0.9,0.5,0
All Gamers,Ascent,2024,jett|killjoy|omen|reyna|sova,"['jett', 'killjoy', 'omen', 'reyna', 'sova']",0,1,1,0.0,2,0.5,0.2181,2,1,1,1,2D-1I-1C-1S,1,0.5,0.4083,0.0,0.9,0.5,0
All Gamers,Bind,2024,brimstone|gekko|raze|skye|viper,"['brimstone', 'gekko', 'raze', 'skye', 'viper']",1,1,2,0.5,2,1.0,0.3457,1,2,2,0,1D-2I-2C-0S,2,1.0,0.4083,0.4833,1.0,1.0,0
All Gamers,Breeze,2024,cypher|harbor|sova|viper|yoru,"['cypher', 'harbor', 'sova', 'viper', 'yoru']",1,2,3,0.3333333333333333,3,1.0,0.4362,1,1,2,1,1D-1I-2C-1S,3,1.0,0.4083,0.4167,1.0,1.0,0
All Gamers,Haven,2024,breach|cypher|jett|omen|sova,"['breach', 'cypher', 'jett', 'omen', 'sova']",1,2,3,0.3333333333333333,3,1.0,0.4362,1,2,1,1,1D-2I-1C-1S,3,1.0,0.4083,0.4583,1.0,1.0,0
All Gamers,Icebox,2024,gekko|jett|kayo|killjoy|viper,"['gekko', 'jett', 'kayo', 'killjoy', 'viper']",2,1,3,0.6666666666666666,7,0.4286,0.4362,1,2,1,1,1D-2I-1C-1S,3,0.4286,0.4083,0.4722,0.7714,0.4286,0
All Gamers,Icebox,2024,harbor|kayo|killjoy|raze|viper,"['harbor', 'kayo', 'killjoy', 'raze', 'viper']",0,4,4,0.0,7,0.5714,0.5064,1,1,2,1,1D-1I-2C-1S,4,0.5714,0.4083,0.4722,0.8286,0.5714,0
All Gamers,Lotus,2024,cypher|deadlock|fade|omen|raze,"['cypher', 'deadlock', 'fade', 'omen', 'raze']",0,1,1,0.0,3,0.3333,0.2181,1,1,1,2,1D-1I-1C-2S,1,0.3333,0.4083,0.4079,0.7333,0.3333,0
All Gamers,Lotus,2024,fade|killjoy|omen|raze|viper,"['fade', 'killjoy', 'omen', 'raze', 'viper']",2,0,2,1.0,3,0.6667,0.3457,1,1,2,1,1D-1I-2C-1S,2,0.6667,0.4083,0.4079,0.8667,0.6667,0
All Gamers,Split,2024,astra|breach|cypher|raze|skye,"['astra', 'breach', 'cypher', 'raze', 'skye']",1,0,1,1.0,1,1.0,0.2181,1,2,1,1,1D-2I-1C-1S,1,1.0,0.4083,0.5667,1.0,1.0,0
All Gamers,Sunset,2024,breach|cypher|gekko|omen|raze,"['breach', 'cypher', 'gekko', 'omen', 'raze']",2,3,5,0.4,10,0.5,0.5638,1,2,1,1,1D-2I-1C-1S,10,1.0,0.4083,0.4222,0.9,0.5,0
All Gamers,Sunset,2024,breach|cypher|omen|raze|sova,"['breach', 'cypher', 'omen', 'raze', 'sova']",1,4,5,0.2,10,0.5,0.5638,1,2,1,1,1D-2I-1C-1S,10,1.0,0.4083,0.4222,0.9,0.5,0
BBL Esports,Ascent,2024,cypher|jett|kayo|omen|sova,"['cypher', 'jett', 'kayo', 'omen', 'sova']",1,2,3,0.3333333333333333,6,0.5,0.4362,1,2,1,1,1D-2I-1C-1S,6,1.0,0.4662,0.2867,0.9,0.5,0
BBL Esports,Ascent,2024,jett|kayo|killjoy|omen|sova,"['jett', 'kayo', 'killjoy', 'omen', 'sova']",0,3,3,0.0,6,0.5,0.4362,1,2,1,1,1D-2I-1C-1S,6,1.0,0.4662,0.2867,0.9,0.5,0
BBL Esports,Bind,2024,breach|brimstone|raze|skye|viper,"['breach', 'brimstone', 'raze', 'skye', 'viper']",1,3,4,0.25,5,0.8,0.5064,1,2,2,0,1D-2I-2C-0S,5,1.0,0.4662,0.3958,0.92,0.8,0
BBL Esports,Bind,2024,brimstone|fade|gekko|raze|viper,"['brimstone', 'fade', 'gekko', 'raze', 'viper']",1,0,1,1.0,5,0.2,0.2181,1,2,2,0,1D-2I-2C-0S,5,1.0,0.4662,0.3958,0.68,0.2,0
BBL Esports,Breeze,2024,cypher|jett|kayo|sova|viper,"['cypher', 'jett', 'kayo', 'sova', 'viper']",0,1,1,0.0,2,0.5,0.2181,1,2,1,1,1D-2I-1C-1S,1,0.5,0.4662,0.5417,0.8,0.5,0
BBL Esports,Breeze,2024,cypher|omen|sova|viper|yoru,"['cypher', 'omen', 'sova', 'viper', 'yoru']",1,0,1,1.0,2,0.5,0.2181,1,1,2,1,1D-1I-2C-1S,1,0.5,0.4662,0.5417,0.8,0.5,0
BBL Esports,Icebox,2024,killjoy|omen|sage|sova|viper,"['killjoy', 'omen', 'sage', 'sova', 'viper']",1,1,2,0.5,2,1.0,0.3457,0,1,2,2,0D-1I-2C-2S,2,1.0,0.4662,0.5833,1.0,1.0,0
BBL Esports,Lotus,2024,breach|cypher|fade|neon|omen,"['breach', 'cypher', 'fade', 'neon', 'omen']",1,3,4,0.25,4,1.0,0.5064,1,2,1,1,1D-2I-1C-1S,4,1.0,0.4662,0.5833,1.0,1.0,0
BBL Esports,Split,2024,breach|omen|raze|skye|viper,"['breach', 'omen', 'raze', 'skye', 'viper']",2,1,3,0.6666666666666666,3,1.0,0.4362,1,2,2,0,1D-2I-2C-0S,3,1.0,0.4662,0.4167,1.0,1.0,0
BBL Esports,Sunset,2024,cypher|gekko|kayo|omen|raze,"['cypher', 'gekko', 'kayo', 'omen', 'raze']",3,3,6,0.5,6,1.0,0.6123,1,2,1,1,1D-2I-1C-1S,6,1.0,0.4662,0.55,1.0,1.0,0
BLEED,Ascent,2024,jett|kayo|killjoy|omen|sova,"['jett', 'kayo', 'killjoy', 'omen', 'sova']",3,3,6,0.5,6,1.0,0.6123,1,2,1,1,1D-2I-1C-1S,6,1.0,0.2108,0.5,1.0,1.0,0
BLEED,Bind,2024,brimstone|cypher|deadlock|raze|skye,"['brimstone', 'cypher', 'deadlock', 'raze', 'skye']",0,1,1,0.0,4,0.25,0.2181,1,1,1,2,1D-1I-1C-2S,1,0.25,0.2108,0.0,0.7,0.25,0
BLEED,Bind,2024,brimstone|gekko|raze|skye|viper,"['brimstone', 'gekko', 'raze', 'skye', 'viper']",0,3,3,0.0,4,0.75,0.4362,1,2,2,0,1D-2I-2C-0S,3,0.75,0.2108,0.0,0.9,0.75,0
BLEED,Breeze,2024,cypher|jett|sova|viper|yoru,"['cypher', 'jett', 'sova', 'viper', 'yoru']",0,1,1,0.0,2,0.5,0.2181,2,1,1,1,2D-1I-1C-1S,1,0.5,0.2108,0.0,0.7,0.5,0
BLEED,Breeze,2024,harbor|neon|skye|sova|viper,"['harbor', 'neon', 'skye', 'sova', 'viper']",0,1,1,0.0,2,0.5,0.2181,1,2,2,0,1D-2I-2C-0S,1,0.5,0.2108,0.0,0.7,0.5,0
BLEED,Icebox,2024,gekko|harbor|jett|kayo|killjoy,"['gekko', 'harbor', 'jett', 'kayo', 'killjoy']",0,2,2,0.0,4,0.5,0.3457,1,2,1,1,1D-2I-1C-1S,3,0.75,0.2108,0.3333,0.8,0.5,0
BLEED,Icebox,2024,harbor|jett|killjoy|sova|viper,"['harbor', 'jett', 'killjoy', 'sova', 'viper']",1,0,1,1.0,4,0.25,0.2181,1,1,2,1,1D-1I-2C-1S,1,0.25,0.2108,0.3333,0.75,0.5,0
BLEED,Icebox,2024,jett|kayo|killjoy|sova|viper,"['jett', 'kayo', 'killjoy', 'sova', 'viper']",0,1,1,0.0,4,0.25,0.2181,1,2,1,1,1D-2I-1C-1S,3,0.75,0.2108,0.3333,0.75,0.5,0
BLEED,Lotus,2024,breach|killjoy|neon|omen|sova,"['breach', 'killjoy', 'neon', 'omen', 'sova']",1,1,2,0.5,7,0.2857,0.3457,1,2,1,1,1D-2I-1C-1S,3,0.4286,0.2108,0.25,0.6,0.2857,0
BLEED,Lotus,2024,breach|killjoy|omen|raze|skye,"['breach', 'killjoy', 'omen', 'raze', 'skye']",0,1,1,0.0,7,0.1429,0.2181,1,2,1,1,1D-2I-1C-1S,3,0.4286,0.2108,0.25,0.6571,0.1429,1
BLEED,Lotus,2024,fade|killjoy|omen|raze|viper,"['fade', 'killjoy', 'omen', 'raze', 'viper']",1,3,4,0.25,7,0.5714,0.5064,1,1,2,1,1D-1I-2C-1S,4,0.5714,0.2108,0.25,0.7714,0.5714,0
BLEED,Split,2024,cypher|deadlock|fade|omen|raze,"['cypher', 'deadlock', 'fade', 'omen', 'raze']",0,1,1,0.0,3,0.3333,0.2181,1,1,1,2,1D-1I-1C-2S,1,0.3333,0.2108,0.3333,0.6667,0.3333,0
BLEED,Split,2024,cypher|omen|raze|skye|viper,"['cypher', 'omen', 'raze', 'skye', 'viper']",0,1,1,0.0,3,0.3333,0.2181,1,1,2,1,1D-1I-2C-1S,1,0.3333,0.2108,0.3333,0.8,0.6667,0
BLEED,Split,2024,jett|omen|raze|skye|viper,"['jett', 'omen', 'raze', 'skye', 'viper']",1,0,1,1.0,3,0.3333,0.2181,2,1,2,0,2D-1I-2C-0S,1,0.3333,0.2108,0.3333,0.7333,0.3333,0
BLEED,Sunset,2024,cypher|gekko|kayo|omen|raze,"['cypher', 'gekko', 'kayo', 'omen', 'raze']",0,1,1,0.0,5,0.2,0.2181,1,2,1,1,1D-2I-1C-1S,4,0.8,0.2108,0.1111,0.8,0.2,0
BLEED,Sunset,2024,cypher|kayo|omen|raze|sova,"['cypher', 'kayo', 'omen', 'raze', 'sova']",1,2,3,0.3333333333333333,5,0.6,0.4362,1,2,1,1,1D-2I-1C-1S,4,0.8,0.2108,0.1111,0.92,0.8,0
BLEED,Sunset,2024,cypher|omen|raze|sova|viper,"['cypher', 'omen', 'raze', 'sova', 'viper']",0,1,1,0.0,5,0.2,0.2181,1,1,2,1,1D-1I-2C-1S,1,0.2,0.2108,0.1111,0.8,0.2,0
Bilibili Gaming,Ascent,2024,jett|kayo|killjoy|omen|sova,"['jett', 'kayo', 'killjoy', 'omen', 'sova']",3,2,5,0.6,5,1.0,0.5638,1,2,1,1,1D-2I-1C-1S,5,1.0,0.458,0.5857,1.0,1.0,0
Bilibili Gaming,Bind,2024,brimstone|cypher|gekko|raze|viper,"['brimstone', 'cypher', 'gekko', 'raze', 'viper']",1,3,4,0.25,9,0.4444,0.5064,1,1,2,1,1D-1I-2C-1S,9,1.0,0.458,0.4333,0.8889,0.4444,0
Bilibili Gaming,Bind,2024,brimstone|cypher|raze|skye|viper,"['brimstone', 'cypher', 'raze', 'skye', 'viper']",3,2,5,0.6,9,0.5556,0.5638,1,1,2,1,1D-1I-2C-1S,9,1.0,0.458,0.4333,0.9111,0.5556,0
Bilibili Gaming,Breeze,2024,cypher|omen|sova|viper|yoru,"['cypher', 'omen', 'sova', 'viper', 'yoru']",0,1,1,0.0,1,1.0,0.2181,1,1,2,1,1D-1I-2C-1S,1,1.0,0.458,0.3333,1.0,1.0,0
Bilibili Gaming,Haven,2024,breach|cypher|jett|omen|sova,"['breach', 'cypher', 'jett', 'omen', 'sova']",0,1,1,0.0,1,1.0,0.2181,1,2,1,1,1D-2I-1C-1S,1,1.0,0.458,0.3472,1.0,1.0,0
Bilibili Gaming,Icebox,2024,harbor|jett|killjoy|sova|viper,"['harbor', 'jett', 'killjoy', 'sova', 'viper']",3,3,6,0.5,10,0.6,0.6123,1,1,2,1,1D-1I-2C-1S,6,0.6,0.458,0.5556,0.84,0.6,0
Bilibili Gaming,Icebox,2024,jett|kayo|killjoy|sage|viper,"['jett', 'kayo', 'killjoy', 'sage', 'viper']",2,2,4,0.5,10,0.4,0.5064,1,1,1,2,1D-1I-1C-2S,4,0.4,0.458,0.5556,0.76,0.4,0
Bilibili Gaming,Lotus,2024,breach|cypher|fade|omen|raze,"['breach', 'cypher', 'fade', 'omen', 'raze']",1,2,3,0.3333333333333333,11,0.2727,0.4362,1,2,1,1,1D-2I-1C-1S,3,0.2727,0.458,0.4592,0.7091,0.2727,0
Bilibili Gaming,Lotus,2024,breach|fade|neon|omen|viper,"['breach', 'fade', 'neon', 'omen', 'viper']",0,2,2,0.0,11,0.1818,0.3457,1,2,2,0,1D-2I-2C-0S,2,0.1818,0.458,0.4592,0.6727,0.1818,1
Bilibili Gaming,Lotus,2024,fade|killjoy|omen|raze|viper,"['fade', 'killjoy', 'omen', 'raze', 'viper']",4,2,6,0.6666666666666666,11,0.5455,0.6123,1,1,2,1,1D-1I-2C-1S,6,0.5455,0.458,0.4592,0.8182,0.5455,0
Bilibili Gaming,Split,2024,cypher|omen|raze|skye|viper,"['cypher', 'omen', 'raze', 'skye', 'viper']",1,1,2,0.5,2,1.0,0.3457,1,1,2,1,1D-1I-2C-1S,2,1.0,0.458,0.1875,1.0,1.0,0
Bilibili Gaming,Sunset,2024,breach|cypher|fade|omen|raze,"['breach', 'cypher', 'fade', 'omen', 'raze']",1,2,3,0.3333333333333333,6,0.5,0.4362,1,2,1,1,1D-2I-1C-1S,3,0.5,0.458,0.625,0.7,0.5,0
Bilibili Gaming,Sunset,2024,chamber|gekko|omen|raze|sage,"['chamber', 'gekko', 'omen', 'raze', 'sage']",2,1,3,0.6666666666666666,6,0.5,0.4362,1,1,1,2,1D-1I-1C-2S,3,0.5,0.458,0.625,0.7,0.5,0
Cloud9,Abyss,2024,jett|kayo|killjoy|omen|sova,"['jett', 'kayo', 'killjoy', 'omen', 'sova']",0,1,1,0.0,1,1.0,0.2181,1,2,1,1,1D-2I-1C-1S,1,1.0,0.462,0.1667,1.0,1.0,0
Cloud9,Ascent,2024,jett|kayo|killjoy|omen|sova,"['jett', 'kayo', 'killjoy', 'omen', 'sova']",1,7,8,0.125,8,1.0,0.6914,1,2,1,1,1D-2I-1C-1S,8,1.0,0.462,0.2292,1.0,1.0,0
Cloud9,Bind,2024,brimstone|cypher|raze|skye|viper,"['brimstone', 'cypher', 'raze', 'skye', 'viper']",1,2,3,0.3333333333333333,5,0.6,0.4362,1,1,2,1,1D-1I-2C-1S,3,0.6,0.462,0.5833,0.92,0.6,0
Cloud9,Bind,2024,brimstone|raze|skye|viper|yoru,"['brimstone', 'raze', 'skye', 'viper', 'yoru']",1,1,2,0.5,5,0.4,0.3457,2,1,2,0,2D-1I-2C-0S,2,0.4,0.462,0.5833,0.88,0.4,0
Cloud9,Haven,2024,breach|gekko|jett|killjoy|omen,"['breach', 'gekko', 'jett', 'killjoy', 'omen']",0,2,2,0.0,2,1.0,0.3457,1,2,1,1,1D-2I-1C-1S,2,1.0,0.462,0.375,1.0,1.0,0
Cloud9,Icebox,2024,gekko|killjoy|reyna|sova|viper,"['gekko', 'killjoy', 'reyna', 'sova', 'viper']",2,1,3,0.6666666666666666,6,0.5,0.4362,1,2,1,1,1D-2I-1C-1S,3,0.5,0.462,0.5833,0.8,0.5,0
Cloud9,Icebox,2024,jett|killjoy|sage|sova|viper,"['jett', 'killjoy', 'sage', 'sova', 'viper']",2,1,3,0.6666666666666666,6,0.5,0.4362,1,1,1,2,1D-1I-1C-2S,3,0.5,0.462,0.5833,0.8,0.5,0
Cloud9,Lotus,2024,breach|gekko|killjoy|omen|raze,"['breach', 'gekko', 'killjoy', 'omen', 'raze']",1,1,2,0.5,7,0.2857,0.3457,1,2,1,1,1D-2I-1C-1S,3,0.4286,0.462,0.4898,0.8571,0.2857,0
Cloud9,Lotus,2024,fade|gekko|killjoy|omen|raze,"['fade', 'gekko', 'killjoy', 'omen', 'raze']",1,0,1,1.0,7,0.1429,0.2181,1,2,1,1,1D-2I-1C-1S,3,0.4286,0.462,0.4898,0.8286,0.1429,1
Cloud9,Lotus,2024,gekko|killjoy|omen|raze|viper,"['gekko', 'killjoy', 'omen', 'raze', 'viper']",2,2,4,0.5,7,0.5714,0.5064,1,1,2,1,1D-1I-2C-1S,4,0.5714,0.462,0.4898,0.9143,0.5714,0
Cloud9,Split,2024,astra|killjoy|raze|skye|viper,"['astra', 'killjoy', 'raze', 'skye', 'viper']",0,1,1,0.0,4,0.25,0.2181,1,1,2,1,1D-1I-2C-1S,4,1.0,0.462,0.6167,0.7,0.25,0
Cloud9,Split,2024,cypher|omen|raze|skye|viper,"['cypher', 'omen', 'raze', 'skye', 'viper']",1,2,3,0.3333333333333333,4,0.75,0.4362,1,1,2,1,1D-1I-2C-1S,4,1.0,0.462,0.6167,0.9,0.75,0
Cloud9,Sunset,2024,clove|cypher|omen|raze|skye,"['clove', 'cypher', 'omen', 'raze', 'skye']",1,0,1,1.0,5,0.2,0.2181,1,1,2,1,1D-1I-2C-1S,4,0.8,0.462,0.6667,0.8,0.2,0
Cloud9,Sunset,2024,cypher|omen|raze|skye|viper,"['cypher', 'omen', 'raze', 'skye', 'viper']",3,0,3,1.0,5,0.6,0.4362,1,1,2,1,1D-1I-2C-1S,4,0.8,0.462,0.6667,0.92,0.8,0
Cloud9,Sunset,2024,omen|raze|skye|viper|yoru,"['omen', 'raze', 'skye', 'viper', 'yoru']",0,1,1,0.0,5,0.2,0.2181,2,1,2,0,2D-1I-2C-0S,1,0.2,0.462,0.6667,0.8,0.2,0
DRX,Abyss,2024,cypher|jett|kayo|omen|sova,"['cypher', 'jett', 'kayo', 'omen', 'sova']",5,1,6,0.8333333333333334,6,1.0,0.6123,1,2,1,1,1D-2I-1C-1S,6,1.0,0.5828,0.9583,1.0,1.0,0
DRX,Ascent,2024,cypher|jett|kayo|omen|sova,"['cypher', 'jett', 'kayo', 'omen', 'sova']",2,2,4,0.5,9,0.4444,0.5064,1,2,1,1,1D-2I-1C-1S,9,1.0,0.5828,0.77,0.8889,0.4444,0
DRX,Ascent,2024,jett|kayo|killjoy|omen|sova,"['jett', 'kayo', 'killjoy', 'omen', 'sova']",3,2,5,0.6,9,0.5556,0.5638,1,2,1,1,1D-2I-1C-1S,9,1.0,0.5828,0.77,0.9111,0.5556,0
DRX,Bind,2024,brimstone|cypher|gekko|viper|yoru,"['brimstone', 'cypher', 'gekko', 'viper', 'yoru']",0,1,1,0.0,10,0.1,0.2181,1,1,2,1,1D-1I-2C-1S,6,0.6,0.5828,0.4595,0.64,0.1,1
DRX,Bind,2024,brimstone|cypher|kayo|raze|viper,"['brimstone', 'cypher', 'kayo', 'raze', 'viper']",4,1,5,0.8,10,0.5,0.5638,1,1,2,1,1D-1I-2C-1S,6,0.6,0.5828,0.4595,0.8,0.5,0
DRX,Bind,2024,brimstone|fade|gekko|raze|viper,"['brimstone', 'fade', 'gekko', 'raze', 'viper']",2,2,4,0.5,10,0.4,0.5064,1,2,2,0,1D-2I-2C-0S,4,0.4,0.5828,0.4595,0.76,0.4,0
DRX,Breeze,2024,astra|cypher|jett|sova|viper,"['astra', 'cypher', 'jett', 'sova', 'viper']",1,0,1,1.0,4,0.25,0.2181,1,1,2,1,1D-1I-2C-1S,1,0.25,0.5828,0.8333,0.85,0.25,0
DRX,Breeze,2024,cypher|jett|sova|viper|yoru,"['cypher', 'jett', 'sova', 'viper', 'yoru']",2,1,3,0.6666666666666666,4,0.75,0.4362,2,1,1,1,2D-1I-1C-1S,3,0.75,0.5828,0.8333,0.95,0.75,0
DRX,Haven,2024,breach|cypher|jett|omen|sova,"['breach', 'cypher', 'jett', 'omen', 'sova']",4,3,7,0.5714285714285714,7,1.0,0.6543,1,2,1,1,1D-2I-1C-1S,7,1.0,0.5828,0.6508,1.0,1.0,0
DRX,Icebox,2024,clove|jett|kayo|killjoy|viper,"['clove', 'jett', 'kayo', 'killjoy', 'viper']",4,2,6,0.6666666666666666,7,0.8571,0.6123,1,1,2,1,1D-1I-2C-1S,6,0.8571,0.5828,0.4042,0.9714,0.8571,0
DRX,Icebox,2024,jett|kayo|killjoy|sova|viper,"['jett', 'kayo', 'killjoy', 'sova', 'viper']",0,1,1,0.0,7,0.1429,0.2181,1,2,1,1,1D-2I-1C-1S,1,0.1429,0.5828,0.4042,0.8286,0.1429,1
DRX,Lotus,2024,breach|chamber|fade|neon|omen,"['breach', 'chamber', 'fade', 'neon', 'omen']",0,2,2,0.0,9,0.2222,0.3457,1,2,1,1,1D-2I-1C-1S,2,0.2222,0.5828,0.5438,0.5778,0.2222,0
DRX,Lotus,2024,chamber|fade|omen|raze|viper,"['chamber', 'fade', 'omen', 'raze', 'viper']",2,0,2,1.0,9,0.2222,0.3457,1,1,2,1,1D-1I-2C-1S,7,0.7778,0.5828,0.5438,0.8,0.4444,0
DRX,Lotus,2024,fade|killjoy|omen|raze|viper,"['fade', 'killjoy', 'omen', 'raze', 'viper']",3,2,5,0.6,9,0.5556,0.5638,1,1,2,1,1D-1I-2C-1S,7,0.7778,0.5828,0.5438,0.8222,0.5556,0
DRX,Split,2024,breach|cypher|omen|raze|viper,"['breach', 'cypher', 'omen', 'raze', 'viper']",1,0,1,1.0,5,0.2,0.2181,1,1,2,1,1D-1I-2C-1S,5,1.0,0.5828,0.6667,0.76,0.2,0
DRX,Split,2024,clove|cypher|omen|raze|skye,"['clove', 'cypher', 'omen', 'raze', 'skye']",0,2,2,0.0,5,0.4,0.3457,1,1,2,1,1D-1I-2C-1S,5,1.0,0.5828,0.6667,0.84,0.4,0
DRX,Split,2024,cypher|omen|raze|skye|viper,"['cypher', 'omen', 'raze', 'skye', 'viper']",2,0,2,1.0,5,0.4,0.3457,1,1,2,1,1D-1I-2C-1S,5,1.0,0.5828,0.6667,0.88,0.6,0
DRX,Sunset,2024,breach|cypher|fade|omen|raze,"['breach', 'cypher', 'fade', 'omen', 'raze']",1,1,2,0.5,7,0.2857,0.3457,1,2,1,1,1D-2I-1C-1S,7,1.0,0.5828,0.4,0.7143,0.2857,0
DRX,Sunset,2024,breach|cypher|neon|omen|sova,"['breach', 'cypher', 'neon', 'omen', 'sova']",1,4,5,0.2,7,0.7143,0.5638,1,2,1,1,1D-2I-1C-1S,7,1.0,0.5828,0.4,0.8857,0.7143,0
DetonatioN FocusMe,Ascent,2024,cypher|kayo|omen|raze|viper,"['cypher', 'kayo', 'omen', 'raze', 'viper']",1,2,3,0.3333333333333333,6,0.5,0.4362,1,1,2,1,1D-1I-2C-1S,3,0.5,0.3585,0.4667,0.7,0.5,0
DetonatioN FocusMe,Ascent,2024,jett|kayo|killjoy|omen|sova,"['jett', 'kayo', 'killjoy', 'omen', 'sova']",2,1,3,0.6666666666666666,6,0.5,0.4362,1,2,1,1,1D-2I-1C-1S,3,0.5,0.3585,0.4667,0.7,0.5,0
DetonatioN FocusMe,Breeze,2024,cypher|harbor|sova|viper|yoru,"['cypher', 'harbor', 'sova', 'viper', 'yoru']",0,2,2,0.0,3,0.6667,0.3457,1,1,2,1,1D-1I-2C-1S,3,1.0,0.3585,0.25,0.9333,0.6667,0
DetonatioN FocusMe,Breeze,2024,cypher|omen|sova|viper|yoru,"['cypher', 'omen', 'sova', 'viper', 'yoru']",1,0,1,1.0,3,0.3333,0.2181,1,1,2,1,1D-1I-2C-1S,3,1.0,0.3585,0.25,0.8667,0.3333,0
DetonatioN FocusMe,Haven,2024,breach|jett|killjoy|omen|sova,"['breach', 'jett', 'killjoy', 'omen', 'sova']",0,2,2,0.0,2,1.0,0.3457,1,2,1,1,1D-2I-1C-1S,2,1.0,0.3585,0.2333,1.0,1.0,0
DetonatioN FocusMe,Icebox,2024,harbor|jett|killjoy|sova|viper,"['harbor', 'jett', 'killjoy', 'sova', 'viper']",0,3,3,0.0,3,1.0,0.4362,1,1,2,1,1D-1I-2C-1S,3,1.0,0.3585,0.5,1.0,1.0,0
DetonatioN FocusMe,Lotus,2024,breach|cypher|deadlock|neon|omen,"['breach', 'cypher', 'deadlock', 'neon', 'omen']",0,1,1,0.0,8,0.125,0.2181,1,1,1,2,1D-1I-1C-2S,1,0.125,0.3585,0.1214,0.3,0.125,4
DetonatioN FocusMe,Lotus,2024,fade|killjoy|omen|raze|viper,"['fade', 'killjoy', 'omen', 'raze', 'viper']",1,4,5,0.2,8,0.625,0.5638,1,1,2,1,1D-1I-2C-1S,7,0.875,0.3585,0.1214,0.85,0.625,0
DetonatioN FocusMe,Lotus,2024,killjoy|omen|raze|skye|viper,"['killjoy', 'omen', 'raze', 'skye', 'viper']",0,2,2,0.0,8,0.25,0.3457,1,1,2,1,1D-1I-2C-1S,7,0.875,0.3585,0.1214,0.775,0.25,0
DetonatioN FocusMe,Split,2024,cypher|omen|raze|skye|viper,"['cypher', 'omen', 'raze', 'skye', 'viper']",1,2,3,0.3333333333333333,3,1.0,0.4362,1,1,2,1,1D-1I-2C-1S,3,1.0,0.3585,0.6444,1.0,1.0,0
DetonatioN FocusMe,Sunset,2024,breach|cypher|gekko|omen|raze,"['breach', 'cypher', 'gekko', 'omen', 'raze']",1,2,3,0.3333333333333333,5,0.6,0.4362,1,2,1,1,1D-2I-1C-1S,3,0.6,0.3585,0.4444,0.92,0.6,0
DetonatioN FocusMe,Sunset,2024,cypher|gekko|omen|raze|viper,"['cypher', 'gekko', 'omen', 'raze', 'viper']",1,1,2,0.5,5,0.4,0.3457,1,1,2,1,1D-1I-2C-1S,2,0.4,0.3585,0.4444,0.88,0.4,0
Dragon Ranger Gaming,Ascent,2024,cypher|jett|kayo|omen|sova,"['cypher', 'jett', 'kayo', 'omen', 'sova']",3,4,7,0.42857142857142855,9,0.7778,0.6543,1,2,1,1,1D-2I-1C-1S,9,1.0,0.4373,0.6357,0.9556,0.7778,0
Dragon Ranger Gaming,Ascent,2024,jett|kayo|killjoy|omen|sova,"['jett', 'kayo', 'killjoy', 'omen', 'sova']",1,1,2,0.5,9,0.2222,0.3457,1,2,1,1,1D-2I-1C-1S,9,1.0,0.4373,0.6357,0.8444,0.2222,0
Dragon Ranger Gaming,Bind,2024,brimstone|cypher|harbor|raze|skye,"['brimstone', 'cypher', 'harbor', 'raze', 'skye']",0,1,1,0.0,7,0.1429,0.2181,1,1,2,1,1D-1I-2C-1S,7,1.0,0.4373,0.3611,0.8286,0.1429,1
Dragon Ranger Gaming,Bind,2024,brimstone|cypher|raze|skye|viper,"['brimstone', 'cypher', 'raze', 'skye', 'viper']",4,2,6,0.6666666666666666,7,0.8571,0.6123,1,1,2,1,1D-1I-2C-1S,7,1.0,0.4373,0.3611,0.9714,0.8571,0
Dragon Ranger Gaming,Breeze,2024,cypher|jett|kayo|sova|viper,"['cypher', 'jett', 'kayo', 'sova', 'viper']",2,6,8,0.25,8,1.0,0.6914,1,2,1,1,1D-2I-1C-1S,8,1.0,0.4373,0.5595,1.0,1.0,0
Dragon Ranger Gaming,Haven,2024,breach|cypher|jett|omen|sova,"['breach', 'cypher', 'jett', 'omen', 'sova']",1,0,1,1.0,1,1.0,0.2181,1,2,1,1,1D-2I-1C-1S,1,1.0,0.4373,0.7,1.0,1.0,0
Dragon Ranger Gaming,Icebox,2024,gekko|jett|killjoy|sova|viper,"['gekko', 'jett', 'killjoy', 'sova', 'viper']",1,0,1,1.0,7,0.1429,0.2181,1,2,1,1,1D-2I-1C-1S,2,0.2857,0.4373,0.42,0.8286,0.1429,1
Dragon Ranger Gaming,Icebox,2024,harbor|jett|killjoy|sova|viper,"['harbor', 'jett', 'killjoy', 'sova', 'viper']",3,2,5,0.6,7,0.7143,0.5638,1,1,2,1,1D-1I-2C-1S,5,0.7143,0.4373,0.42,0.9429,0.7143,0
Dragon Ranger Gaming,Icebox,2024,jett|kayo|killjoy|sova|viper,"['jett', 'kayo', 'killjoy', 'sova', 'viper']",0,1,1,0.0,7,0.1429,0.2181,1,2,1,1,1D-2I-1C-1S,2,0.2857,0.4373,0.42,0.8286,0.1429,1
Dragon Ranger Gaming,Lotus,2024,fade|killjoy|neon|omen|viper,"['fade', 'killjoy', 'neon', 'omen', 'viper']",1,2,3,0.3333333333333333,3,1.0,0.4362,1,1,2,1,1D-1I-2C-1S,3,1.0,0.4373,0.45,1.0,1.0,0
Dragon Ranger Gaming,Split,2024,breach|cypher|omen|raze|skye,"['breach', 'cypher', 'omen', 'raze', 'skye']",0,1,1,0.0,5,0.2,0.2181,1,2,1,1,1D-2I-1C-1S,1,0.2,0.4373,0.3333,0.84,0.2,0
Dragon Ranger Gaming,Split,2024,cypher|omen|raze|skye|viper,"['cypher', 'omen', 'raze', 'skye', 'viper']",2,2,4,0.5,5,0.8,0.5064,1,1,2,1,1D-1I-2C-1S,4,0.8,0.4373,0.3333,0.96,0.8,0
Dragon Ranger Gaming,Sunset,2024,breach|cypher|neon|omen|sova,"['breach', 'cypher', 'neon', 'omen', 'sova']",1,0,1,1.0,7,0.1429,0.2181,1,2,1,1,1D-2I-1C-1S,7,1.0,0.4373,0.3833,0.7714,0.2857,0
Dragon Ranger Gaming,Sunset,2024,breach|cypher|omen|raze|sova,"['breach', 'cypher', 'omen', 'raze', 'sova']",1,3,4,0.25,7,0.5714,0.5064,1,2,1,1,1D-2I-1C-1S,7,1.0,0.4373,0.3833,0.8571,0.7143,0
Dragon Ranger Gaming,Sunset,2024,cypher|gekko|kayo|omen|raze,"['cypher', 'gekko', 'kayo', 'omen', 'raze']",0,1,1,0.0,7,0.1429,0.2181,1,2,1,1,1D-2I-1C-1S,7,1.0,0.4373,0.3833,0.6286,0.1429,1
Dragon Ranger Gaming,Sunset,2024,cypher|kayo|neon|omen|sova,"['cypher', 'kayo', 'neon', 'omen', 'sova']",0,1,1,0.0,7,0.1429,0.2181,1,2,1,1,1D-2I-1C-1S,7,1.0,0.4373,0.3833,0.6857,0.2857,0
EDward Gaming,Abyss,2024,astra|jett|kayo|omen|sova,"['astra', 'jett', 'kayo', 'omen', 'sova']",2,0,2,1.0,4,0.5,0.3457,1,2,2,0,1D-2I-2C-0S,2,0.5,0.5694,0.65,0.8,0.5,0
EDward Gaming,Abyss,2024,gekko|jett|omen|sova|yoru,"['gekko', 'jett', 'omen', 'sova', 'yoru']",1,1,2,0.5,4,0.5,0.3457,2,2,1,0,2D-2I-1C-0S,2,0.5,0.5694,0.65,0.8,0.5,0
EDward Gaming,Ascent,2024,breach|jett|omen|sova|viper,"['breach', 'jett', 'omen', 'sova', 'viper']",1,1,2,0.5,7,0.2857,0.3457,1,2,2,0,1D-2I-2C-0S,2,0.2857,0.5694,0.5458,0.7143,0.2857,0
EDward Gaming,Ascent,2024,jett|kayo|killjoy|omen|sova,"['jett', 'kayo', 'killjoy', 'omen', 'sova']",3,2,5,0.6,7,0.7143,0.5638,1,2,1,1,1D-2I-1C-1S,5,0.7143,0.5694,0.5458,0.8857,0.7143,0
EDward Gaming,Bind,2024,brimstone|cypher|kayo|raze|sova,"['brimstone', 'cypher', 'kayo', 'raze', 'sova']",3,0,3,1.0,17,0.1765,0.4362,1,2,1,1,1D-2I-1C-1S,3,0.1765,0.5694,0.5091,0.4941,0.1765,3
EDward Gaming,Bind,2024,brimstone|fade|gekko|raze|viper,"['brimstone', 'fade', 'gekko', 'raze', 'viper']",2,2,4,0.5,17,0.2353,0.5064,1,2,2,0,1D-2I-2C-0S,10,0.5882,0.5694,0.5091,0.7176,0.4706,0
EDward Gaming,Bind,2024,brimstone|fade|jett|raze|skye,"['brimstone', 'fade', 'jett', 'raze', 'skye']",2,2,4,0.5,17,0.2353,0.5064,2,2,1,0,2D-2I-1C-0S,4,0.2353,0.5694,0.5091,0.6471,0.2353,0
EDward Gaming,Bind,2024,brimstone|gekko|raze|skye|viper,"['brimstone', 'gekko', 'raze', 'skye', 'viper']",3,2,5,0.6,17,0.2941,0.5638,1,2,2,0,1D-2I-2C-0S,10,0.5882,0.5694,0.5091,0.7412,0.5882,0
EDward Gaming,Bind,2024,gekko|omen|raze|skye|viper,"['gekko', 'omen', 'raze', 'skye', 'viper']",0,1,1,0.0,17,0.0588,0.2181,1,2,2,0,1D-2I-2C-0S,10,0.5882,0.5694,0.5091,0.5647,0.0588,1
EDward Gaming,Breeze,2024,cypher|jett|kayo|sova|viper,"['cypher', 'jett', 'kayo', 'sova', 'viper']",6,2,8,0.75,8,1.0,0.6914,1,2,1,1,1D-2I-1C-1S,8,1.0,0.5694,0.5833,1.0,1.0,0
EDward Gaming,Haven,2024,breach|cypher|neon|omen|sova,"['breach', 'cypher', 'neon', 'omen', 'sova']",2,4,6,0.3333333333333333,6,1.0,0.6123,1,2,1,1,1D-2I-1C-1S,6,1.0,0.5694,0.4896,1.0,1.0,0
EDward Gaming,Icebox,2024,gekko|jett|kayo|killjoy|viper,"['gekko', 'jett', 'kayo', 'killjoy', 'viper']",3,3,6,0.5,12,0.5,0.6123,1,2,1,1,1D-2I-1C-1S,12,1.0,0.5694,0.375,0.9,0.5,0
EDward Gaming,Icebox,2024,jett|kayo|killjoy|sova|viper,"['jett', 'kayo', 'killjoy', 'sova', 'viper']",2,4,6,0.3333333333333333,12,0.5,0.6123,1,2,1,1,1D-2I-1C-1S,12,1.0,0.5694,0.375,0.9,0.5,0
EDward Gaming,Lotus,2024,breach|chamber|neon|omen|sova,"['breach', 'chamber', 'neon', 'omen', 'sova']",2,1,3,0.6666666666666666,9,0.3333,0.4362,1,2,1,1,1D-2I-1C-1S,3,0.3333,0.5694,0.3854,0.7111,0.3333,0
EDward Gaming,Lotus,2024,breach|clove|fade|neon|omen,"['breach', 'clove', 'fade', 'neon', 'omen']",5,0,5,1.0,9,0.5556,0.5638,1,2,2,0,1D-2I-2C-0S,5,0.5556,0.5694,0.3854,0.8,0.5556,0
EDward Gaming,Lotus,2024,breach|omen|raze|reyna|sage,"['breach', 'omen', 'raze', 'reyna', 'sage']",0,1,1,0.0,9,0.1111,0.2181,2,1,1,1,2D-1I-1C-1S,1,0.1111,0.5694,0.3854,0.4667,0.1111,3
EDward Gaming,Split,2024,breach|omen|raze|skye|viper,"['breach', 'omen', 'raze', 'skye', 'viper']",2,1,3,0.6666666666666666,8,0.375,0.4362,1,2,2,0,1D-2I-2C-0S,3,0.375,0.5694,0.6571,0.875,0.375,0
EDward Gaming,Split,2024,cypher|omen|raze|skye|viper,"['cypher', 'omen', 'raze', 'skye', 'viper']",4,1,5,0.8,8,0.625,0.5638,1,1,2,1,1D-1I-2C-1S,5,0.625,0.5694,0.6571,0.925,0.625,0
EDward Gaming,Sunset,2024,astra|cypher|gekko|omen|raze,"['astra', 'cypher', 'gekko', 'omen', 'raze']",0,2,2,0.0,16,0.125,0.3457,1,1,2,1,1D-1I-2C-1S,6,0.375,0.5694,0.6389,0.6125,0.125,1
EDward Gaming,Sunset,2024,cypher|gekko|omen|raze|viper,"['cypher', 'gekko', 'omen', 'raze', 'viper']",4,0,4,1.0,16,0.25,0.5064,1,1,2,1,1D-1I-2C-1S,6,0.375,0.5694,0.6389,0.6375,0.25,0
EDward Gaming,Sunset,2024,cypher|kayo|neon|omen|sova,"['cypher', 'kayo', 'neon', 'omen', 'sova']",7,0,7,1.0,16,0.4375,0.6543,1,2,1,1,1D-2I-1C-1S,10,0.625,0.5694,0.6389,0.7375,0.4375,0
EDward Gaming,Sunset,2024,cypher|kayo|omen|raze|sova,"['cypher', 'kayo', 'omen', 'raze', 'sova']",1,2,3,0.3333333333333333,16,0.1875,0.4362,1,2,1,1,1D-2I-1C-1S,10,0.625,0.5694,0.6389,0.7625,0.5625,0
Evil Geniuses,Ascent,2024,cypher|jett|kayo|omen|sova,"['cypher', 'jett', 'kayo', 'omen', 'sova']",1,1,2,0.5,3,0.6667,0.3457,1,2,1,1,1D-2I-1C-1S,3,1.0,0.3686,0.7222,0.9333,0.6667,0
Evil Geniuses,Ascent,2024,jett|kayo|killjoy|omen|sova,"['jett', 'kayo', 'killjoy', 'omen', 'sova']",1,0,1,1.0,3,0.3333,0.2181,1,2,1,1,1D-2I-1C-1S,3,1.0,0.3686,0.7222,0.8667,0.3333,0
Evil Geniuses,Bind,2024,brimstone|gekko|omen|raze|skye,"['brimstone', 'gekko', 'omen', 'raze', 'skye']",2,1,3,0.6666666666666666,4,0.75,0.4362,1,2,2,0,1D-2I-2C-0S,4,1.0,0.3686,0.3333,0.95,0.75,0
Evil Geniuses,Bind,2024,brimstone|gekko|raze|skye|viper,"['brimstone', 'gekko', 'raze', 'skye', 'viper']",1,0,1,1.0,4,0.25,0.2181,1,2,2,0,1D-2I-2C-0S,4,1.0,0.3686,0.3333,0.85,0.25,0
Evil Geniuses,Breeze,2024,astra|jett|sova|viper|yoru,"['astra', 'jett', 'sova', 'viper', 'yoru']",0,1,1,0.0,1,1.0,0.2181,2,1,2,0,2D-1I-2C-0S,1,1.0,0.3686,0.0,1.0,1.0,0
Evil Geniuses,Icebox,2024,clove|harbor|iso|killjoy|sova,"['clove', 'harbor', 'iso', 'killjoy', 'sova']",1,1,2,0.5,5,0.4,0.3457,1,1,2,1,1D-1I-2C-1S,3,0.6,0.3686,0.5,0.6,0.4,0
Evil Geniuses,Icebox,2024,deadlock|gekko|kayo|killjoy|viper,"['deadlock', 'gekko', 'kayo', 'killjoy', 'viper']",1,1,2,0.5,5,0.4,0.3457,0,2,1,2,0D-2I-1C-2S,2,0.4,0.3686,0.5,0.56,0.4,0
Evil Geniuses,Icebox,2024,harbor|jett|killjoy|sova|viper,"['harbor', 'jett', 'killjoy', 'sova', 'viper']",0,1,1,0.0,5,0.2,0.2181,1,1,2,1,1D-1I-2C-1S,3,0.6,0.3686,0.5,0.6,0.2,0
Evil Geniuses,Lotus,2024,breach|cypher|fade|neon|omen,"['breach', 'cypher', 'fade', 'neon', 'omen']",1,3,4,0.25,9,0.4444,0.5064,1,2,1,1,1D-2I-1C-1S,4,0.4444,0.3686,0.2688,0.7778,0.4444,0
Evil Geniuses,Lotus,2024,cypher|fade|omen|raze|viper,"['cypher', 'fade', 'omen', 'raze', 'viper']",1,4,5,0.2,9,0.5556,0.5638,1,1,2,1,1D-1I-2C-1S,5,0.5556,0.3686,0.2688,0.8222,0.5556,0
Evil Geniuses,Split,2024,cypher|omen|raze|skye|viper,"['cypher', 'omen', 'raze', 'skye', 'viper']",0,1,1,0.0,1,1.0,0.2181,1,1,2,1,1D-1I-2C-1S,1,1.0,0.3686,0.1667,1.0,1.0,0
Evil Geniuses,Sunset,2024,breach|cypher|fade|neon|omen,"['breach', 'cypher', 'fade', 'neon', 'omen']",1,1,2,0.5,7,0.2857,0.3457,1,2,1,1,1D-2I-1C-1S,7,1.0,0.3686,0.3667,0.8571,0.2857,0
Evil Geniuses,Sunset,2024,breach|cypher|fade|omen|raze,"['breach', 'cypher', 'fade', 'omen', 'raze']",3,2,5,0.6,7,0.7143,0.5638,1,2,1,1,1D-2I-1C-1S,7,1.0,0.3686,0.3667,0.9429,0.7143,0
FNATIC,Abyss,2024,astra|killjoy|sova|viper|yoru,"['astra', 'killjoy', 'sova', 'viper', 'yoru']",0,2,2,0.0,2,1.0,0.3457,1,1,2,1,1D-1I-2C-1S,2,1.0,0.5015,0.4583,1.0,1.0,0
FNATIC,Ascent,2024,cypher|iso|jett|omen|sova,"['cypher', 'iso', 'jett', 'omen', 'sova']",1,1,2,0.5,6,0.3333,0.3457,2,1,1,1,2D-1I-1C-1S,2,0.3333,0.5015,0.3452,0.7333,0.3333,0
FNATIC,Ascent,2024,jett|kayo|killjoy|omen|sova,"['jett', 'kayo', 'killjoy', 'omen', 'sova']",2,2,4,0.5,6,0.6667,0.5064,1,2,1,1,1D-2I-1C-1S,4,0.6667,0.5015,0.3452,0.8667,0.6667,0
FNATIC,Bind,2024,astra|fade|gekko|raze|viper,"['astra', 'fade', 'gekko', 'raze', 'viper']",3,0,3,1.0,12,0.25,0.4362,1,2,2,0,1D-2I-2C-0S,12,1.0,0.5015,0.6007,0.7,0.25,0
FNATIC,Bind,2024,brimstone|gekko|raze|skye|viper,"['brimstone', 'gekko', 'raze', 'skye', 'viper']",4,3,7,0.5714285714285714,12,0.5833,0.6543,1,2,2,0,1D-2I-2C-0S,12,1.0,0.5015,0.6007,0.8667,0.5833,0
FNATIC,Bind,2024,clove|gekko|raze|skye|viper,"['clove', 'gekko', 'raze', 'skye', 'viper']",1,1,2,0.5,12,0.1667,0.3457,1,2,2,0,1D-2I-2C-0S,12,1.0,0.5015,0.6007,0.7833,0.1667,1
FNATIC,Breeze,2024,cypher|kayo|sova|viper|yoru,"['cypher', 'kayo', 'sova', 'viper', 'yoru']",5,3,8,0.625,8,1.0,0.6914,1,2,1,1,1D-2I-1C-1S,8,1.0,0.5015,0.4583,1.0,1.0,0
FNATIC,Haven,2024,cypher|iso|omen|sova|yoru,"['cypher', 'iso', 'omen', 'sova', 'yoru']",7,0,7,1.0,7,1.0,0.6543,2,1,1,1,2D-1I-1C-1S,7,1.0,0.5015,0.5278,1.0,1.0,0
FNATIC,Icebox,2024,gekko|iso|killjoy|sova|viper,"['gekko', 'iso', 'killjoy', 'sova', 'viper']",1,2,3,0.3333333333333333,7,0.4286,0.4362,1,2,1,1,1D-2I-1C-1S,3,0.4286,0.5015,0.5625,0.7714,0.4286,0
FNATIC,Icebox,2024,jett|killjoy|sage|sova|viper,"['jett', 'killjoy', 'sage', 'sova', 'viper']",1,3,4,0.25,7,0.5714,0.5064,1,1,1,2,1D-1I-1C-2S,4,0.5714,0.5015,0.5625,0.8286,0.5714,0
FNATIC,Lotus,2024,fade|killjoy|omen|raze|viper,"['fade', 'killjoy', 'omen', 'raze', 'viper']",13,8,21,0.6190476190476191,21,1.0,0.9726,1,1,2,1,1D-1I-2C-1S,21,1.0,0.5015,0.6286,1.0,1.0,0
FNATIC,Split,2024,breach|cypher|omen|raze|skye,"['breach', 'cypher', 'omen', 'raze', 'skye']",0,1,1,0.0,6,0.1667,0.2181,1,2,1,1,1D-2I-1C-1S,1,0.1667,0.5015,0.5731,0.8333,0.1667,1
FNATIC,Split,2024,breach|cypher|omen|raze|yoru,"['breach', 'cypher', 'omen', 'raze', 'yoru']",4,1,5,0.8,6,0.8333,0.5638,2,1,1,1,2D-1I-1C-1S,5,0.8333,0.5015,0.5731,0.9667,0.8333,0
FNATIC,Sunset,2024,astra|breach|cypher|raze|sova,"['astra', 'breach', 'cypher', 'raze', 'sova']",3,2,5,0.6,6,0.8333,0.5638,1,2,1,1,1D-2I-1C-1S,6,1.0,0.5015,0.12,0.9,0.8333,0
FNATIC,Sunset,2024,breach|deadlock|omen|sova|yoru,"['breach', 'deadlock', 'omen', 'sova', 'yoru']",0,1,1,0.0,6,0.1667,0.2181,1,2,1,1,1D-2I-1C-1S,6,1.0,0.5015,0.12,0.5,0.1667,3
FURIA,Ascent,2024,jett|kayo|killjoy|omen|sova,"['jett', 'kayo', 'killjoy', 'omen', 'sova']",1,1,2,0.5,2,1.0,0.3457,1,2,1,1,1D-2I-1C-1S,2,1.0,0.2667,0.2778,1.0,1.0,0
FURIA,Bind,2024,brimstone|cypher|raze|skye|viper,"['brimstone', 'cypher', 'raze', 'skye', 'viper']",0,1,1,0.0,3,0.3333,0.2181,1,1,2,1,1D-1I-2C-1S,1,0.3333,0.2667,0.125,0.8667,0.3333,0
FURIA,Bind,2024,brimstone|fade|raze|skye|viper,"['brimstone', 'fade', 'raze', 'skye', 'viper']",1,1,2,0.5,3,0.6667,0.3457,1,2,2,0,1D-2I-2C-0S,2,0.6667,0.2667,0.125,0.9333,0.6667,0
FURIA,Breeze,2024,cypher|jett|kayo|sova|viper,"['cypher', 'jett', 'kayo', 'sova', 'viper']",0,2,2,0.0,4,0.5,0.3457,1,2,1,1,1D-2I-1C-1S,2,0.5,0.2667,0.3,0.9,0.5,0
FURIA,Breeze,2024,cypher|jett|sova|viper|yoru,"['cypher', 'jett', 'sova', 'viper', 'yoru']",0,2,2,0.0,4,0.5,0.3457,2,1,1,1,2D-1I-1C-1S,2,0.5,0.2667,0.3,0.9,0.5,0
FURIA,Haven,2024,breach|gekko|killjoy|neon|omen,"['breach', 'gekko', 'killjoy', 'neon', 'omen']",1,1,2,0.5,2,1.0,0.3457,1,2,1,1,1D-2I-1C-1S,2,1.0,0.2667,0.3733,1.0,1.0,0
FURIA,Icebox,2024,gekko|kayo|killjoy|omen|viper,"['gekko', 'kayo', 'killjoy', 'omen', 'viper']",1,2,3,0.3333333333333333,7,0.4286,0.4362,0,2,2,1,0D-2I-2C-1S,3,0.4286,0.2667,0.2708,0.6571,0.4286,0
FURIA,Icebox,2024,jett|killjoy|sage|sova|viper,"['jett', 'killjoy', 'sage', 'sova', 'viper']",3,1,4,0.75,7,0.5714,0.5064,1,1,1,2,1D-1I-1C-2S,4,0.5714,0.2667,0.2708,0.7429,0.5714,0
FURIA,Lotus,2024,breach|cypher|kayo|neon|omen,"['breach', 'cypher', 'kayo', 'neon', 'omen']",0,1,1,0.0,4,0.25,0.2181,1,2,1,1,1D-2I-1C-1S,1,0.25,0.2667,0.3333,0.4,0.25,0
FURIA,Lotus,2024,fade|killjoy|omen|raze|viper,"['fade', 'killjoy', 'omen', 'raze', 'viper']",0,3,3,0.0,4,0.75,0.4362,1,1,2,1,1D-1I-2C-1S,3,0.75,0.2667,0.3333,0.8,0.75,0
FURIA,Split,2024,astra|jett|raze|skye|viper,"['astra', 'jett', 'raze', 'skye', 'viper']",0,1,1,0.0,3,0.3333,0.2181,2,1,2,0,2D-1I-2C-0S,3,1.0,0.2667,0.2361,0.8667,0.3333,0
FURIA,Split,2024,jett|omen|raze|skye|viper,"['jett', 'omen', 'raze', 'skye', 'viper']",0,2,2,0.0,3,0.6667,0.3457,2,1,2,0,2D-1I-2C-0S,3,1.0,0.2667,0.2361,0.9333,0.6667,0
FURIA,Sunset,2024,cypher|jett|kayo|omen|sova,"['cypher', 'jett', 'kayo', 'omen', 'sova']",1,1,2,0.5,2,1.0,0.3457,1,2,1,1,1D-2I-1C-1S,2,1.0,0.2667,0.25,1.0,1.0,0
FUT Esports,Abyss,2024,cypher|deadlock|gekko|jett|omen,"['cypher', 'deadlock', 'gekko', 'jett', 'omen']",0,1,1,0.0,1,1.0,0.2181,1,1,1,2,1D-1I-1C-2S,1,1.0,0.4077,0.1667,1.0,1.0,0
FUT Esports,Ascent,2024,jett|kayo|killjoy|omen|sova,"['jett', 'kayo', 'killjoy', 'omen', 'sova']",4,0,4,1.0,4,1.0,0.5064,1,2,1,1,1D-2I-1C-1S,4,1.0,0.4077,0.5,1.0,1.0,0
FUT Esports,Bind,2024,brimstone|fade|gekko|raze|viper,"['brimstone', 'fade', 'gekko', 'raze', 'viper']",0,2,2,0.0,11,0.1818,0.3457,1,2,2,0,1D-2I-2C-0S,11,1.0,0.4077,0.4556,0.6,0.1818,2
FUT Esports,Bind,2024,gekko|kayo|omen|raze|viper,"['gekko', 'kayo', 'omen', 'raze', 'viper']",2,3,5,0.4,11,0.4545,0.5638,1,2,2,0,1D-2I-2C-0S,11,1.0,0.4077,0.4556,0.8545,0.6364,0
FUT Esports,Bind,2024,kayo|omen|raze|skye|viper,"['kayo', 'omen', 'raze', 'skye', 'viper']",2,2,4,0.5,11,0.3636,0.5064,1,2,2,0,1D-2I-2C-0S,11,1.0,0.4077,0.4556,0.8,0.3636,0
FUT Esports,Breeze,2024,cypher|jett|kayo|sova|viper,"['cypher', 'jett', 'kayo', 'sova', 'viper']",1,1,2,0.5,2,1.0,0.3457,1,2,1,1,1D-2I-1C-1S,2,1.0,0.4077,0.5,1.0,1.0,0
FUT Esports,Haven,2024,jett|killjoy|omen|sage|sova,"['jett', 'killjoy', 'omen', 'sage', 'sova']",0,1,1,0.0,1,1.0,0.2181,1,1,1,2,1D-1I-1C-2S,1,1.0,0.4077,0.3472,1.0,1.0,0
FUT Esports,Icebox,2024,chamber|fade|phoenix|sova|viper,"['chamber', 'fade', 'phoenix', 'sova', 'viper']",0,1,1,0.0,8,0.125,0.2181,1,2,1,1,1D-2I-1C-1S,8,1.0,0.4077,0.1905,0.475,0.125,3
FUT Esports,Icebox,2024,jett|kayo|killjoy|sova|viper,"['jett', 'kayo', 'killjoy', 'sova', 'viper']",4,3,7,0.5714285714285714,8,0.875,0.6543,1,2,1,1,1D-2I-1C-1S,8,1.0,0.4077,0.1905,0.925,0.875,0
FUT Esports,Lotus,2024,astra|breach|cypher|gekko|raze,"['astra', 'breach', 'cypher', 'gekko', 'raze']",0,2,2,0.0,12,0.1667,0.3457,1,2,1,1,1D-2I-1C-1S,2,0.1667,0.4077,0.4452,0.45,0.1667,3
FUT Esports,Lotus,2024,breach|cypher|jett|omen|viper,"['breach', 'cypher', 'jett', 'omen', 'viper']",4,3,7,0.5714285714285714,12,0.5833,0.6543,1,1,2,1,1D-1I-2C-1S,7,0.5833,0.4077,0.4452,0.85,0.75,0
FUT Esports,Lotus,2024,cypher|jett|omen|sage|viper,"['cypher', 'jett', 'omen', 'sage', 'viper']",2,1,3,0.6666666666666666,12,0.25,0.4362,1,0,2,2,1D-0I-2C-2S,3,0.25,0.4077,0.4452,0.75,0.25,0
FUT Esports,Split,2024,breach|cypher|gekko|omen|raze,"['breach', 'cypher', 'gekko', 'omen', 'raze']",3,1,4,0.75,10,0.4,0.5064,1,2,1,1,1D-2I-1C-1S,4,0.4,0.4077,0.3889,0.64,0.4,0
FUT Esports,Split,2024,chamber|omen|raze|skye|viper,"['chamber', 'omen', 'raze', 'skye', 'viper']",3,3,6,0.5,10,0.6,0.6123,1,1,2,1,1D-1I-2C-1S,6,0.6,0.4077,0.3889,0.76,0.6,0
FUT Esports,Sunset,2024,breach|cypher|gekko|omen|raze,"['breach', 'cypher', 'gekko', 'omen', 'raze']",4,7,11,0.36363636363636365,13,0.8462,0.7819,1,2,1,1,1D-2I-1C-1S,11,0.8462,0.4077,0.399,0.9385,0.8462,0
FUT Esports,Sunset,2024,cypher|fade|omen|raze|viper,"['cypher', 'fade', 'omen', 'raze', 'viper']",1,1,2,0.5,13,0.1538,0.3457,1,1,2,1,1D-1I-2C-1S,2,0.1538,0.4077,0.399,0.6615,0.1538,2
FunPlus Phoenix,Abyss,2024,cypher|fade|omen|viper|yoru,"['cypher', 'fade', 'omen', 'viper', 'yoru']",2,1,3,0.6666666666666666,3,1.0,0.4362,1,1,2,1,1D-1I-2C-1S,3,1.0,0.4128,0.3333,1.0,1.0,0
FunPlus Phoenix,Ascent,2024,astra|jett|kayo|omen|sova,"['astra', 'jett', 'kayo', 'omen', 'sova']",2,3,5,0.4,11,0.4545,0.5638,1,2,2,0,1D-2I-2C-0S,5,0.4545,0.4128,0.43,0.6,0.4545,0
FunPlus Phoenix,Ascent,2024,cypher|fade|jett|omen|yoru,"['cypher', 'fade', 'jett', 'omen', 'yoru']",1,1,2,0.5,11,0.1818,0.3457,2,1,1,1,2D-1I-1C-1S,2,0.1818,0.4128,0.43,0.5818,0.1818,1
FunPlus Phoenix,Ascent,2024,fade|killjoy|omen|viper|yoru,"['fade', 'killjoy', 'omen', 'viper', 'yoru']",3,1,4,0.75,11,0.3636,0.5064,1,1,2,1,1D-1I-2C-1S,4,0.3636,0.4128,0.43,0.5636,0.3636,0
FunPlus Phoenix,Bind,2024,brimstone|cypher|gekko|jett|sova,"['brimstone', 'cypher', 'gekko', 'jett', 'sova']",1,1,2,0.5,8,0.25,0.3457,1,2,1,1,1D-2I-1C-1S,2,0.25,0.4128,0.2708,0.425,0.25,0
FunPlus Phoenix,Bind,2024,brimstone|gekko|kayo|raze|viper,"['brimstone', 'gekko', 'kayo', 'raze', 'viper']",2,1,3,0.6666666666666666,8,0.375,0.4362,1,2,2,0,1D-2I-2C-0S,3,0.375,0.4128,0.2708,0.6,0.375,0
FunPlus Phoenix,Bind,2024,chamber|fade|omen|viper|yoru,"['chamber', 'fade', 'omen', 'viper', 'yoru']",1,1,2,0.5,8,0.25,0.3457,1,1,2,1,1D-1I-2C-1S,2,0.25,0.4128,0.2708,0.4,0.25,0
FunPlus Phoenix,Bind,2024,gekko|omen|raze|viper|yoru,"['gekko', 'omen', 'raze', 'viper', 'yoru']",0,1,1,0.0,8,0.125,0.2181,2,1,2,0,2D-1I-2C-0S,1,0.125,0.4128,0.2708,0.55,0.375,0
FunPlus Phoenix,Breeze,2024,astra|harbor|jett|sova|yoru,"['astra', 'harbor', 'jett', 'sova', 'yoru']",2,2,4,0.5,7,0.5714,0.5064,2,1,2,0,2D-1I-2C-0S,7,1.0,0.4128,0.4167,0.9143,0.5714,0
FunPlus Phoenix,Breeze,2024,astra|jett|sova|viper|yoru,"['astra', 'jett', 'sova', 'viper', 'yoru']",1,2,3,0.3333333333333333,7,0.4286,0.4362,2,1,2,0,2D-1I-2C-0S,7,1.0,0.4128,0.4167,0.8857,0.4286,0
FunPlus Phoenix,Haven,2024,breach|cypher|jett|kayo|omen,"['breach', 'cypher', 'jett', 'kayo', 'omen']",3,4,7,0.42857142857142855,7,1.0,0.6543,1,2,1,1,1D-2I-1C-1S,7,1.0,0.4128,0.319,1.0,1.0,0
FunPlus Phoenix,Icebox,2024,clove|gekko|harbor|kayo|omen,"['clove', 'gekko', 'harbor', 'kayo', 'omen']",1,1,2,0.5,11,0.1818,0.3457,0,2,3,0,0D-2I-3C-0S,2,0.1818,0.4128,0.4167,0.6545,0.1818,1
FunPlus Phoenix,Icebox,2024,clove|gekko|jett|kayo|omen,"['clove', 'gekko', 'jett', 'kayo', 'omen']",2,2,4,0.5,11,0.3636,0.5064,1,2,2,0,1D-2I-2C-0S,4,0.3636,0.4128,0.4167,0.7818,0.7273,0
FunPlus Phoenix,Icebox,2024,clove|jett|kayo|killjoy|viper,"['clove', 'jett', 'kayo', 'killjoy', 'viper']",2,1,3,0.6666666666666666,11,0.2727,0.4362,1,1,2,1,1D-1I-2C-1S,3,0.2727,0.4128,0.4167,0.6364,0.2727,0
FunPlus Phoenix,Icebox,2024,gekko|jett|omen|reyna|viper,"['gekko', 'jett', 'omen', 'reyna', 'viper']",1,1,2,0.5,11,0.1818,0.3457,2,1,2,0,2D-1I-2C-0S,2,0.1818,0.4128,0.4167,0.5818,0.1818,1
FunPlus Phoenix,Lotus,2024,astra|gekko|omen|raze|viper,"['astra', 'gekko', 'omen', 'raze', 'viper']",8,4,12,0.6666666666666666,17,0.7059,0.8071,1,1,3,0,1D-1I-3C-0S,12,0.7059,0.4128,0.2667,0.9412,0.7059,0
FunPlus Phoenix,Lotus,2024,breach|gekko|omen|raze|viper,"['breach', 'gekko', 'omen', 'raze', 'viper']",0,2,2,0.0,17,0.1176,0.3457,1,2,2,0,1D-2I-2C-0S,2,0.1176,0.4128,0.2667,0.8235,0.1176,1
FunPlus Phoenix,Lotus,2024,chamber|gekko|omen|raze|viper,"['chamber', 'gekko', 'omen', 'raze', 'viper']",2,1,3,0.6666666666666666,17,0.1765,0.4362,1,1,2,1,1D-1I-2C-1S,3,0.1765,0.4128,0.2667,0.8353,0.1765,1
FunPlus Phoenix,Split,2024,breach|cypher|omen|raze|yoru,"['breach', 'cypher', 'omen', 'raze', 'yoru']",0,1,1,0.0,1,1.0,0.2181,2,1,1,1,2D-1I-1C-1S,1,1.0,0.4128,0.1667,1.0,1.0,0
FunPlus Phoenix,Sunset,2024,astra|jett|omen|sova|yoru,"['astra', 'jett', 'omen', 'sova', 'yoru']",2,3,5,0.4,12,0.4167,0.5638,2,1,2,0,2D-1I-2C-0S,5,0.4167,0.4128,0.58,0.5833,0.4167,0
FunPlus Phoenix,Sunset,2024,chamber|harbor|phoenix|sova|viper,"['chamber', 'harbor', 'phoenix', 'sova', 'viper']",2,1,3,0.6666666666666666,12,0.25,0.4362,1,1,2,1,1D-1I-2C-1S,6,0.5,0.4128,0.58,0.4,0.25,0
FunPlus Phoenix,Sunset,2024,cypher|fade|harbor|omen|yoru,"['cypher', 'fade', 'harbor', 'omen', 'yoru']",1,2,3,0.3333333333333333,12,0.25,0.4362,1,1,2,1,1D-1I-2C-1S,6,0.5,0.4128,0.58,0.4833,0.25,0
FunPlus Phoenix,Sunset,2024,gekko|kayo|omen|raze|viper,"['gekko', 'kayo', 'omen', 'raze', 'viper']",1,0,1,1.0,12,0.0833,0.2181,1,2,2,0,1D-2I-2C-0S,1,0.0833,0.4128,0.58,0.2667,0.0833,3
G2 Esports,Abyss,2024,astra|killjoy|sova|viper|yoru,"['astra', 'killjoy', 'sova', 'viper', 'yoru']",1,1,2,0.5,2,1.0,0.3457,1,1,2,1,1D-1I-2C-1S,2,1.0,0.5899,0.56,1.0,1.0,0
G2 Esports,Ascent,2024,cypher|jett|kayo|omen|viper,"['cypher', 'jett', 'kayo', 'omen', 'viper']",1,0,1,1.0,10,0.1,0.2181,1,1,2,1,1D-1I-2C-1S,1,0.1,0.5899,0.7381,0.64,0.1,2
G2 Esports,Ascent,2024,jett|kayo|killjoy|omen|sova,"['jett', 'kayo', 'killjoy', 'omen', 'sova']",6,3,9,0.6666666666666666,10,0.9,0.7245,1,2,1,1,1D-2I-1C-1S,9,0.9,0.5899,0.7381,0.96,0.9,0
G2 Esports,Bind,2024,brimstone|gekko|raze|skye|viper,"['brimstone', 'gekko', 'raze', 'skye', 'viper']",9,6,15,0.6,15,1.0,0.8724,1,2,2,0,1D-2I-2C-0S,15,1.0,0.5899,0.57,1.0,1.0,0
G2 Esports,Breeze,2024,astra|cypher|sova|viper|yoru,"['astra', 'cypher', 'sova', 'viper', 'yoru']",2,2,4,0.5,6,0.6667,0.5064,1,1,2,1,1D-1I-2C-1S,6,1.0,0.5899,0.6042,0.9333,0.6667,0
G2 Esports,Breeze,2024,cypher|harbor|sova|viper|yoru,"['cypher', 'harbor', 'sova', 'viper', 'yoru']",1,1,2,0.5,6,0.3333,0.3457,1,1,2,1,1D-1I-2C-1S,6,1.0,0.5899,0.6042,0.8667,0.3333,0
G2 Esports,Haven,2024,breach|jett|killjoy|omen|sova,"['breach', 'jett', 'killjoy', 'omen', 'sova']",1,1,2,0.5,4,0.5,0.3457,1,2,1,1,1D-2I-1C-1S,2,0.5,0.5899,0.6611,0.8,0.5,0
G2 Esports,Haven,2024,killjoy|omen|sova|viper|yoru,"['killjoy', 'omen', 'sova', 'viper', 'yoru']",1,1,2,0.5,4,0.5,0.3457,1,1,2,1,1D-1I-2C-1S,2,0.5,0.5899,0.6611,0.8,0.5,0
G2 Esports,Icebox,2024,brimstone|jett|killjoy|sova|viper,"['brimstone', 'jett', 'killjoy', 'sova', 'viper']",0,2,2,0.0,17,0.1176,0.3457,1,1,2,1,1D-1I-2C-1S,2,0.1176,0.5899,0.4917,0.6471,0.1176,2
G2 Esports,Icebox,2024,gekko|harbor|killjoy|sova|viper,"['gekko', 'harbor', 'killjoy', 'sova', 'viper']",7,8,15,0.4666666666666667,17,0.8824,0.8724,0,2,2,1,0D-2I-2C-1S,15,0.8824,0.5899,0.4917,0.9529,0.8824,0
G2 Esports,Lotus,2024,fade|killjoy|omen|raze|viper,"['fade', 'killjoy', 'omen', 'raze', 'viper']",11,6,17,0.6470588235294118,17,1.0,0.9095,1,1,2,1,1D-1I-2C-1S,17,1.0,0.5899,0.7337,1.0,1.0,0
G2 Esports,Split,2024,breach|cypher|omen|raze|viper,"['breach', 'cypher', 'omen', 'raze', 'viper']",3,0,3,1.0,8,0.375,0.4362,1,1,2,1,1D-1I-2C-1S,3,0.375,0.5899,0.4393,0.875,0.375,0
G2 Esports,Split,2024,breach|fade|omen|raze|viper,"['breach', 'fade', 'omen', 'raze', 'viper']",2,3,5,0.4,8,0.625,0.5638,1,2,2,0,1D-2I-2C-0S,5,0.625,0.5899,0.4393,0.925,0.625,0
G2 Esports,Sunset,2024,breach|cypher|gekko|omen|raze,"['breach', 'cypher', 'gekko', 'omen', 'raze']",0,1,1,0.0,6,0.1667,0.2181,1,2,1,1,1D-2I-1C-1S,1,0.1667,0.5899,0.4667,0.6667,0.1667,2
G2 Esports,Sunset,2024,cypher|omen|raze|sova|viper,"['cypher', 'omen', 'raze', 'sova', 'viper']",2,3,5,0.4,6,0.8333,0.5638,1,1,2,1,1D-1I-2C-1S,5,0.8333,0.5899,0.4667,0.9333,0.8333,0
GIANTX,Ascent,2024,cypher|jett|kayo|omen|sova,"['cypher', 'jett', 'kayo', 'omen', 'sova']",1,1,2,0.5,2,1.0,0.3457,1,2,1,1,1D-2I-1C-1S,2,1.0,0.3717,0.6,1.0,1.0,0
GIANTX,Bind,2024,omen|raze|skye|viper|yoru,"['omen', 'raze', 'skye', 'viper', 'yoru']",1,2,3,0.3333333333333333,3,1.0,0.4362,2,1,2,0,2D-1I-2C-0S,3,1.0,0.3717,0.1524,1.0,1.0,0
GIANTX,Breeze,2024,cypher|jett|sova|viper|yoru,"['cypher', 'jett', 'sova', 'viper', 'yoru']",2,2,4,0.5,4,1.0,0.5064,2,1,1,1,2D-1I-1C-1S,4,1.0,0.3717,0.1667,1.0,1.0,0
GIANTX,Haven,2024,breach|killjoy|neon|omen|sova,"['breach', 'killjoy', 'neon', 'omen', 'sova']",0,1,1,0.0,1,1.0,0.2181,1,2,1,1,1D-2I-1C-1S,1,1.0,0.3717,0.5536,1.0,1.0,0
GIANTX,Icebox,2024,chamber|gekko|kayo|killjoy|viper,"['chamber', 'gekko', 'kayo', 'killjoy', 'viper']",0,1,1,0.0,3,0.3333,0.2181,0,2,1,2,0D-2I-1C-2S,1,0.3333,0.3717,0.375,0.6,0.3333,0
GIANTX,Icebox,2024,jett|killjoy|sage|sova|viper,"['jett', 'killjoy', 'sage', 'sova', 'viper']",0,1,1,0.0,3,0.3333,0.2181,1,1,1,2,1D-1I-1C-2S,1,0.3333,0.3717,0.375,0.6667,0.3333,0
GIANTX,Icebox,2024,killjoy|omen|raze|sova|viper,"['killjoy', 'omen', 'raze', 'sova', 'viper']",1,0,1,1.0,3,0.3333,0.2181,1,1,2,1,1D-1I-2C-1S,1,0.3333,0.3717,0.375,0.6667,0.3333,0
GIANTX,Lotus,2024,fade|killjoy|neon|omen|skye,"['fade', 'killjoy', 'neon', 'omen', 'skye']",1,1,2,0.5,5,0.4,0.3457,1,2,1,1,1D-2I-1C-1S,2,0.4,0.3717,0.369,0.76,0.4,0
GIANTX,Lotus,2024,fade|killjoy|omen|raze|viper,"['fade', 'killjoy', 'omen', 'raze', 'viper']",2,0,2,1.0,5,0.4,0.3457,1,1,2,1,1D-1I-2C-1S,3,0.6,0.3717,0.369,0.8,0.6,0
GIANTX,Lotus,2024,killjoy|omen|raze|skye|viper,"['killjoy', 'omen', 'raze', 'skye', 'viper']",0,1,1,0.0,5,0.2,0.2181,1,1,2,1,1D-1I-2C-1S,3,0.6,0.3717,0.369,0.76,0.6,0
GIANTX,Split,2024,breach|cypher|jett|omen|raze,"['breach', 'cypher', 'jett', 'omen', 'raze']",1,2,3,0.3333333333333333,6,0.5,0.4362,2,1,1,1,2D-1I-1C-1S,3,0.5,0.3717,0.3333,0.8667,0.5,0
GIANTX,Split,2024,breach|cypher|omen|raze|skye,"['breach', 'cypher', 'omen', 'raze', 'skye']",0,2,2,0.0,6,0.3333,0.3457,1,2,1,1,1D-2I-1C-1S,2,0.3333,0.3717,0.3333,0.8667,0.5,0
GIANTX,Split,2024,breach|omen|raze|skye|viper,"['breach', 'omen', 'raze', 'skye', 'viper']",0,1,1,0.0,6,0.1667,0.2181,1,2,2,0,1D-2I-2C-0S,1,0.1667,0.3717,0.3333,0.7333,0.1667,1
GIANTX,Sunset,2024,breach|cypher|gekko|omen|raze,"['breach', 'cypher', 'gekko', 'omen', 'raze']",2,3,5,0.4,7,0.7143,0.5638,1,2,1,1,1D-2I-1C-1S,7,1.0,0.3717,0.5222,0.8857,0.7143,0
GIANTX,Sunset,2024,breach|fade|omen|raze|sage,"['breach', 'fade', 'omen', 'raze', 'sage']",1,1,2,0.5,7,0.2857,0.3457,1,2,1,1,1D-2I-1C-1S,7,1.0,0.3717,0.5222,0.7143,0.2857,0
Gen.G,Abyss,2024,astra|jett|sova|viper|yoru,"['astra', 'jett', 'sova', 'viper', 'yoru']",1,0,1,1.0,1,1.0,0.2181,2,1,2,0,2D-1I-2C-0S,1,1.0,0.466,0.5,1.0,1.0,0
Gen.G,Ascent,2024,jett|kayo|killjoy|omen|sova,"['jett', 'kayo', 'killjoy', 'omen', 'sova']",15,3,18,0.8333333333333334,18,1.0,0.9265,1,2,1,1,1D-2I-1C-1S,18,1.0,0.466,0.6667,1.0,1.0,0
Gen.G,Bind,2024,brimstone|cypher|raze|skye|viper,"['brimstone', 'cypher', 'raze', 'skye', 'viper']",8,5,13,0.6153846153846154,13,1.0,0.8304,1,1,2,1,1D-1I-2C-1S,13,1.0,0.466,0.2372,1.0,1.0,0
Gen.G,Breeze,2024,astra|cypher|jett|skye|viper,"['astra', 'cypher', 'jett', 'skye', 'viper']",1,2,3,0.3333333333333333,12,0.25,0.4362,1,1,2,1,1D-1I-2C-1S,3,0.25,0.466,0.5278,0.7,0.25,0
Gen.G,Breeze,2024,astra|jett|sova|viper|yoru,"['astra', 'jett', 'sova', 'viper', 'yoru']",7,2,9,0.7777777777777778,12,0.75,0.7245,2,1,2,0,2D-1I-2C-0S,9,0.75,0.466,0.5278,0.9,0.75,0
Gen.G,Haven,2024,jett|killjoy|omen|skye|viper,"['jett', 'killjoy', 'omen', 'skye', 'viper']",3,1,4,0.75,4,1.0,0.5064,1,1,2,1,1D-1I-2C-1S,4,1.0,0.466,0.7144,1.0,1.0,0
Gen.G,Icebox,2024,gekko|jett|kayo|killjoy|viper,"['gekko', 'jett', 'kayo', 'killjoy', 'viper']",10,7,17,0.5882352941176471,17,1.0,0.9095,1,2,1,1,1D-2I-1C-1S,17,1.0,0.466,0.5294,1.0,1.0,0
Gen.G,Lotus,2024,fade|killjoy|omen|raze|viper,"['fade', 'killjoy', 'omen', 'raze', 'viper']",16,7,23,0.6956521739130435,23,1.0,1.0,1,1,2,1,1D-1I-2C-1S,23,1.0,0.466,0.6739,1.0,1.0,0
Gen.G,Split,2024,astra|jett|raze|skye|viper,"['astra', 'jett', 'raze', 'skye', 'viper']",0,2,2,0.0,14,0.1429,0.3457,2,1,2,0,2D-1I-2C-0S,11,0.7857,0.466,0.3889,0.7857,0.1429,1
Gen.G,Split,2024,cypher|omen|raze|skye|viper,"['cypher', 'omen', 'raze', 'skye', 'viper']",2,1,3,0.6666666666666666,14,0.2143,0.4362,1,1,2,1,1D-1I-2C-1S,3,0.2143,0.466,0.3889,0.8143,0.2143,0
Gen.G,Split,2024,jett|omen|raze|skye|viper,"['jett', 'omen', 'raze', 'skye', 'viper']",5,4,9,0.5555555555555556,14,0.6429,0.7245,2,1,2,0,2D-1I-2C-0S,11,0.7857,0.466,0.3889,0.9286,0.7857,0
Gen.G,Sunset,2024,cypher|jett|kayo|omen|sova,"['cypher', 'jett', 'kayo', 'omen', 'sova']",4,4,8,0.5,10,0.8,0.6914,1,2,1,1,1D-2I-1C-1S,8,0.8,0.466,0.4667,0.88,0.8,0
Gen.G,Sunset,2024,cypher|omen|raze|skye|viper,"['cypher', 'omen', 'raze', 'skye', 'viper']",1,1,2,0.5,10,0.2,0.3457,1,1,2,1,1D-1I-2C-1S,2,0.2,0.466,0.4667,0.52,0.2,0
Gentle Mates,Ascent,2024,cypher|jett|kayo|omen|sova,"['cypher', 'jett', 'kayo', 'omen', 'sova']",1,0,1,1.0,2,0.5,0.2181,1,2,1,1,1D-2I-1C-1S,1,0.5,0.3633,0.7083,0.8,0.5,0
Gentle Mates,Ascent,2024,cypher|omen|phoenix|sova|yoru,"['cypher', 'omen', 'phoenix', 'sova', 'yoru']",1,0,1,1.0,2,0.5,0.2181,2,1,1,1,2D-1I-1C-1S,1,0.5,0.3633,0.7083,0.8,0.5,0
Gentle Mates,Breeze,2024,cypher|kayo|sova|viper|yoru,"['cypher', 'kayo', 'sova', 'viper', 'yoru']",0,1,1,0.0,3,0.3333,0.2181,1,2,1,1,1D-2I-1C-1S,1,0.3333,0.3633,0.25,0.8667,0.3333,0
Gentle Mates,Breeze,2024,cypher|phoenix|sova|viper|yoru,"['cypher', 'phoenix', 'sova', 'viper', 'yoru']",1,1,2,0.5,3,0.6667,0.3457,2,1,1,1,2D-1I-1C-1S,2,0.6667,0.3633,0.25,0.9333,0.6667,0
Gentle Mates,Icebox,2024,gekko|kayo|killjoy|omen|viper,"['gekko', 'kayo', 'killjoy', 'omen', 'viper']",1,0,1,1.0,4,0.25,0.2181,0,2,2,1,0D-2I-2C-1S,1,0.25,0.3633,0.6667,0.85,0.25,0
Gentle Mates,Icebox,2024,gekko|kayo|killjoy|sage|viper,"['gekko', 'kayo', 'killjoy', 'sage', 'viper']",1,2,3,0.3333333333333333,4,0.75,0.4362,0,2,1,2,0D-2I-1C-2S,3,0.75,0.3633,0.6667,0.95,0.75,0
Gentle Mates,Lotus,2024,breach|cypher|omen|phoenix|raze,"['breach', 'cypher', 'omen', 'phoenix', 'raze']",0,2,2,0.0,5,0.4,0.3457,2,1,1,1,2D-1I-1C-1S,4,0.8,0.3633,0.0833,0.8,0.6,0
Gentle Mates,Lotus,2024,breach|killjoy|omen|phoenix|raze,"['breach', 'killjoy', 'omen', 'phoenix', 'raze']",0,2,2,0.0,5,0.4,0.3457,2,1,1,1,2D-1I-1C-1S,4,0.8,0.3633,0.0833,0.76,0.4,0
Gentle Mates,Lotus,2024,cypher|fade|neon|omen|viper,"['cypher', 'fade', 'neon', 'omen', 'viper']",0,1,1,0.0,5,0.2,0.2181,1,1,2,1,1D-1I-2C-1S,1,0.2,0.3633,0.0833,0.44,0.2,0
Gentle Mates,Split,2024,breach|cypher|omen|raze|yoru,"['breach', 'cypher', 'omen', 'raze', 'yoru']",2,2,4,0.5,5,0.8,0.5064,2,1,1,1,2D-1I-1C-1S,4,0.8,0.3633,0.35,0.84,0.8,0
Gentle Mates,Split,2024,jett|omen|phoenix|skye|viper,"['jett', 'omen', 'phoenix', 'skye', 'viper']",0,1,1,0.0,5,0.2,0.2181,2,1,2,0,2D-1I-2C-0S,1,0.2,0.3633,0.35,0.36,0.2,0
Gentle Mates,Sunset,2024,breach|cypher|omen|raze|yoru,"['breach', 'cypher', 'omen', 'raze', 'yoru']",0,2,2,0.0,9,0.2222,0.3457,2,1,1,1,2D-1I-1C-1S,4,0.4444,0.3633,0.3,0.5778,0.2222,0
Gentle Mates,Sunset,2024,cypher|kayo|neon|omen|raze,"['cypher', 'kayo', 'neon', 'omen', 'raze']",2,0,2,1.0,9,0.2222,0.3457,2,1,1,1,2D-1I-1C-1S,4,0.4444,0.3633,0.3,0.8,0.4444,0
Gentle Mates,Sunset,2024,cypher|kayo|neon|omen|sova,"['cypher', 'kayo', 'neon', 'omen', 'sova']",1,4,5,0.2,9,0.5556,0.5638,1,2,1,1,1D-2I-1C-1S,5,0.5556,0.3633,0.3,0.8222,0.5556,0
Global Esports,Ascent,2024,jett|kayo|killjoy|omen|sova,"['jett', 'kayo', 'killjoy', 'omen', 'sova']",1,5,6,0.16666666666666666,6,1.0,0.6123,1,2,1,1,1D-2I-1C-1S,6,1.0,0.3472,0.0556,1.0,1.0,0
Global Esports,Bind,2024,cypher|gekko|kayo|raze|viper,"['cypher', 'gekko', 'kayo', 'raze', 'viper']",0,2,2,0.0,2,1.0,0.3457,1,2,1,1,1D-2I-1C-1S,2,1.0,0.3472,0.125,1.0,1.0,0
Global Esports,Breeze,2024,cypher|jett|kayo|sova|viper,"['cypher', 'jett', 'kayo', 'sova', 'viper']",0,1,1,0.0,1,1.0,0.2181,1,2,1,1,1D-2I-1C-1S,1,1.0,0.3472,0.4167,1.0,1.0,0
Global Esports,Icebox,2024,gekko|jett|killjoy|sage|viper,"['gekko', 'jett', 'killjoy', 'sage', 'viper']",3,1,4,0.75,7,0.5714,0.5064,1,1,1,2,1D-1I-1C-2S,5,0.7143,0.3472,0.5625,0.8571,0.5714,0
Global Esports,Icebox,2024,jett|kayo|killjoy|sage|viper,"['jett', 'kayo', 'killjoy', 'sage', 'viper']",1,0,1,1.0,7,0.1429,0.2181,1,1,1,2,1D-1I-1C-2S,5,0.7143,0.3472,0.5625,0.8286,0.4286,0
Global Esports,Icebox,2024,jett|kayo|killjoy|sova|viper,"['jett', 'kayo', 'killjoy', 'sova', 'viper']",0,2,2,0.0,7,0.2857,0.3457,1,2,1,1,1D-2I-1C-1S,2,0.2857,0.3472,0.5625,0.7429,0.2857,0
Global Esports,Lotus,2024,breach|cypher|fade|neon|omen,"['breach', 'cypher', 'fade', 'neon', 'omen']",1,2,3,0.3333333333333333,8,0.375,0.4362,1,2,1,1,1D-2I-1C-1S,4,0.5,0.3472,0.2143,0.65,0.375,0
Global Esports,Lotus,2024,cypher|fade|gekko|omen|raze,"['cypher', 'fade', 'gekko', 'omen', 'raze']",0,1,1,0.0,8,0.125,0.2181,1,2,1,1,1D-2I-1C-1S,4,0.5,0.3472,0.2143,0.65,0.125,1
Global Esports,Lotus,2024,fade|killjoy|omen|raze|viper,"['fade', 'killjoy', 'omen', 'raze', 'viper']",2,2,4,0.5,8,0.5,0.5064,1,1,2,1,1D-1I-2C-1S,4,0.5,0.3472,0.2143,0.725,0.5,0
Global Esports,Split,2024,breach|cypher|gekko|omen|raze,"['breach', 'cypher', 'gekko', 'omen', 'raze']",1,0,1,1.0,2,0.5,0.2181,1,2,1,1,1D-2I-1C-1S,1,0.5,0.3472,0.48,0.8,0.5,0
Global Esports,Split,2024,cypher|omen|raze|skye|viper,"['cypher', 'omen', 'raze', 'skye', 'viper']",0,1,1,0.0,2,0.5,0.2181,1,1,2,1,1D-1I-2C-1S,1,0.5,0.3472,0.48,0.8,0.5,0
Global Esports,Sunset,2024,cypher|kayo|neon|omen|sova,"['cypher', 'kayo', 'neon', 'omen', 'sova']",1,1,2,0.5,5,0.4,0.3457,1,2,1,1,1D-2I-1C-1S,4,0.8,0.3472,0.5,0.6,0.4,0
Global Esports,Sunset,2024,fade|gekko|omen|raze|viper,"['fade', 'gekko', 'omen', 'raze', 'viper']",1,0,1,1.0,5,0.2,0.2181,1,2,2,0,1D-2I-2C-0S,1,0.2,0.3472,0.5,0.52,0.2,0
Global Esports,Sunset,2024,gekko|kayo|killjoy|omen|raze,"['gekko', 'kayo', 'killjoy', 'omen', 'raze']",0,2,2,0.0,5,0.4,0.3457,1,2,1,1,1D-2I-1C-1S,4,0.8,0.3472,0.5,0.68,0.4,0
JDG Esports,Ascent,2024,jett|kayo|killjoy|omen|sova,"['jett', 'kayo', 'killjoy', 'omen', 'sova']",1,2,3,0.3333333333333333,3,1.0,0.4362,1,2,1,1,1D-2I-1C-1S,3,1.0,0.4534,0.4167,1.0,1.0,0
JDG Esports,Bind,2024,astra|breach|cypher|deadlock|raze,"['astra', 'breach', 'cypher', 'deadlock', 'raze']",1,0,1,1.0,6,0.1667,0.2181,1,1,1,2,1D-1I-1C-2S,1,0.1667,0.4534,0.4722,0.3333,0.1667,4
JDG Esports,Bind,2024,brimstone|gekko|raze|skye|viper,"['brimstone', 'gekko', 'raze', 'skye', 'viper']",1,2,3,0.3333333333333333,6,0.5,0.4362,1,2,2,0,1D-2I-2C-0S,5,0.8333,0.4534,0.4722,0.8,0.5,0
JDG Esports,Bind,2024,brimstone|raze|skye|sova|viper,"['brimstone', 'raze', 'skye', 'sova', 'viper']",1,1,2,0.5,6,0.3333,0.3457,1,2,2,0,1D-2I-2C-0S,5,0.8333,0.4534,0.4722,0.7667,0.3333,0
JDG Esports,Breeze,2024,harbor|jett|sova|viper|yoru,"['harbor', 'jett', 'sova', 'viper', 'yoru']",0,1,1,0.0,1,1.0,0.2181,2,1,2,0,2D-1I-2C-0S,1,1.0,0.4534,0.0,1.0,1.0,0
JDG Esports,Haven,2024,cypher|fade|gekko|jett|omen,"['cypher', 'fade', 'gekko', 'jett', 'omen']",3,1,4,0.75,4,1.0,0.5064,1,2,1,1,1D-2I-1C-1S,4,1.0,0.4534,0.4464,1.0,1.0,0
JDG Esports,Icebox,2024,deadlock|jett|kayo|killjoy|viper,"['deadlock', 'jett', 'kayo', 'killjoy', 'viper']",3,1,4,0.75,8,0.5,0.5064,1,1,1,2,1D-1I-1C-2S,4,0.5,0.4534,0.55,0.8,0.5,0
JDG Esports,Icebox,2024,gekko|harbor|jett|killjoy|viper,"['gekko', 'harbor', 'jett', 'killjoy', 'viper']",1,1,2,0.5,8,0.25,0.3457,1,1,2,1,1D-1I-2C-1S,4,0.5,0.4534,0.55,0.75,0.25,0
JDG Esports,Icebox,2024,harbor|jett|killjoy|sova|viper,"['harbor', 'jett', 'killjoy', 'sova', 'viper']",1,1,2,0.5,8,0.25,0.3457,1,1,2,1,1D-1I-2C-1S,4,0.5,0.4534,0.55,0.75,0.25,0
JDG Esports,Lotus,2024,astra|fade|killjoy|raze|viper,"['astra', 'fade', 'killjoy', 'raze', 'viper']",0,2,2,0.0,5,0.4,0.3457,1,1,2,1,1D-1I-2C-1S,5,1.0,0.4534,0.3833,0.88,0.4,0
JDG Esports,Lotus,2024,fade|killjoy|omen|raze|viper,"['fade', 'killjoy', 'omen', 'raze', 'viper']",2,1,3,0.6666666666666666,5,0.6,0.4362,1,1,2,1,1D-1I-2C-1S,5,1.0,0.4534,0.3833,0.92,0.6,0
JDG Esports,Split,2024,jett|omen|raze|skye|viper,"['jett', 'omen', 'raze', 'skye', 'viper']",0,1,1,0.0,1,1.0,0.2181,2,1,2,0,2D-1I-2C-0S,1,1.0,0.4534,0.625,1.0,1.0,0
JDG Esports,Sunset,2024,cypher|omen|raze|sova|viper,"['cypher', 'omen', 'raze', 'sova', 'viper']",2,3,5,0.4,5,1.0,0.5638,1,1,2,1,1D-1I-2C-1S,5,1.0,0.4534,0.45,1.0,1.0,0
KOI,Ascent,2024,cypher|jett|kayo|omen|sova,"['cypher', 'jett', 'kayo', 'omen', 'sova']",0,1,1,0.0,1,1.0,0.2181,1,2,1,1,1D-2I-1C-1S,1,1.0,0.287,0.1667,1.0,1.0,0
KOI,Bind,2024,brimstone|fade|raze|skye|viper,"['brimstone', 'fade', 'raze', 'skye', 'viper']",1,2,3,0.3333333333333333,6,0.5,0.4362,1,2,2,0,1D-2I-2C-0S,6,1.0,0.287,0.0833,0.8,0.5,0
KOI,Bind,2024,brimstone|gekko|kayo|raze|viper,"['brimstone', 'gekko', 'kayo', 'raze', 'viper']",0,3,3,0.0,6,0.5,0.4362,1,2,2,0,1D-2I-2C-0S,6,1.0,0.287,0.0833,0.8,0.5,0
KOI,Breeze,2024,cypher|jett|sova|viper|yoru,"['cypher', 'jett', 'sova', 'viper', 'yoru']",0,2,2,0.0,3,0.6667,0.3457,2,1,1,1,2D-1I-1C-1S,2,0.6667,0.287,0.0,0.9333,0.6667,0
KOI,Breeze,2024,cypher|kayo|sova|viper|yoru,"['cypher', 'kayo', 'sova', 'viper', 'yoru']",0,1,1,0.0,3,0.3333,0.2181,1,2,1,1,1D-2I-1C-1S,1,0.3333,0.287,0.0,0.8667,0.3333,0
KOI,Haven,2024,breach|cypher|jett|omen|sova,"['breach', 'cypher', 'jett', 'omen', 'sova']",0,1,1,0.0,1,1.0,0.2181,1,2,1,1,1D-2I-1C-1S,1,1.0,0.287,0.1111,1.0,1.0,0
KOI,Icebox,2024,gekko|jett|kayo|killjoy|viper,"['gekko', 'jett', 'kayo', 'killjoy', 'viper']",5,2,7,0.7142857142857143,9,0.7778,0.6543,1,2,1,1,1D-2I-1C-1S,7,0.7778,0.287,0.3869,0.8667,0.7778,0
KOI,Icebox,2024,harbor|killjoy|sova|viper|yoru,"['harbor', 'killjoy', 'sova', 'viper', 'yoru']",0,2,2,0.0,9,0.2222,0.3457,1,1,2,1,1D-1I-2C-1S,2,0.2222,0.287,0.3869,0.5333,0.2222,0
KOI,Lotus,2024,cypher|fade|neon|omen|yoru,"['cypher', 'fade', 'neon', 'omen', 'yoru']",1,0,1,1.0,1,1.0,0.2181,2,1,1,1,2D-1I-1C-1S,1,1.0,0.287,0.5278,1.0,1.0,0
KOI,Split,2024,breach|fade|omen|raze|viper,"['breach', 'fade', 'omen', 'raze', 'viper']",3,2,5,0.6,7,0.7143,0.5638,1,2,2,0,1D-2I-2C-0S,5,0.7143,0.287,0.3667,0.9429,0.7143,0
KOI,Split,2024,fade|omen|raze|viper|yoru,"['fade', 'omen', 'raze', 'viper', 'yoru']",1,1,2,0.5,7,0.2857,0.3457,2,1,2,0,2D-1I-2C-0S,2,0.2857,0.287,0.3667,0.8571,0.2857,0
KOI,Sunset,2024,breach|cypher|fade|omen|raze,"['breach', 'cypher', 'fade', 'omen', 'raze']",1,2,3,0.3333333333333333,7,0.4286,0.4362,1,2,1,1,1D-2I-1C-1S,7,1.0,0.287,0.1667,0.7429,0.4286,0
KOI,Sunset,2024,cypher|gekko|kayo|neon|omen,"['cypher', 'gekko', 'kayo', 'neon', 'omen']",0,1,1,0.0,7,0.1429,0.2181,1,2,1,1,1D-2I-1C-1S,7,1.0,0.287,0.1667,0.5714,0.1429,2
KOI,Sunset,2024,cypher|kayo|omen|raze|sova,"['cypher', 'kayo', 'omen', 'raze', 'sova']",1,2,3,0.3333333333333333,7,0.4286,0.4362,1,2,1,1,1D-2I-1C-1S,7,1.0,0.287,0.1667,0.7714,0.4286,0
KRÜ Esports,Abyss,2024,cypher|harbor|kayo|omen|sova,"['cypher', 'harbor', 'kayo', 'omen', 'sova']",0,1,1,0.0,3,0.3333,0.2181,0,2,2,1,0D-2I-2C-1S,1,0.3333,0.4417,0.4167,0.8667,0.3333,0
KRÜ Esports,Abyss,2024,cypher|jett|kayo|omen|sova,"['cypher', 'jett', 'kayo', 'omen', 'sova']",1,1,2,0.5,3,0.6667,0.3457,1,2,1,1,1D-2I-1C-1S,2,0.6667,0.4417,0.4167,0.9333,0.6667,0
KRÜ Esports,Ascent,2024,jett|kayo|killjoy|omen|sova,"['jett', 'kayo', 'killjoy', 'omen', 'sova']",2,6,8,0.25,8,1.0,0.6914,1,2,1,1,1D-2I-1C-1S,8,1.0,0.4417,0.3056,1.0,1.0,0
KRÜ Esports,Bind,2024,brimstone|fade|gekko|raze|viper,"['brimstone', 'fade', 'gekko', 'raze', 'viper']",0,1,1,0.0,1,1.0,0.2181,1,2,2,0,1D-2I-2C-0S,1,1.0,0.4417,0.3667,1.0,1.0,0
KRÜ Esports,Breeze,2024,cypher|jett|kayo|sova|viper,"['cypher', 'jett', 'kayo', 'sova', 'viper']",3,1,4,0.75,4,1.0,0.5064,1,2,1,1,1D-2I-1C-1S,4,1.0,0.4417,0.3611,1.0,1.0,0
KRÜ Esports,Haven,2024,breach|cypher|neon|omen|sova,"['breach', 'cypher', 'neon', 'omen', 'sova']",3,1,4,0.75,4,1.0,0.5064,1,2,1,1,1D-2I-1C-1S,4,1.0,0.4417,0.5967,1.0,1.0,0
KRÜ Esports,Icebox,2024,gekko|jett|killjoy|sova|viper,"['gekko', 'jett', 'killjoy', 'sova', 'viper']",1,0,1,1.0,10,0.1,0.2181,1,2,1,1,1D-2I-1C-1S,10,1.0,0.4417,0.5625,0.74,0.5,0
KRÜ Esports,Icebox,2024,gekko|kayo|killjoy|reyna|viper,"['gekko', 'kayo', 'killjoy', 'reyna', 'viper']",1,3,4,0.25,10,0.4,0.5064,1,2,1,1,1D-2I-1C-1S,10,1.0,0.4417,0.5625,0.76,0.4,0
KRÜ Esports,Icebox,2024,jett|kayo|killjoy|sova|viper,"['jett', 'kayo', 'killjoy', 'sova', 'viper']",2,3,5,0.4,10,0.5,0.5638,1,2,1,1,1D-2I-1C-1S,10,1.0,0.4417,0.5625,0.82,0.6,0
KRÜ Esports,Lotus,2024,fade|killjoy|omen|raze|viper,"['fade', 'killjoy', 'omen', 'raze', 'viper']",6,4,10,0.6,10,1.0,0.7545,1,1,2,1,1D-1I-2C-1S,10,1.0,0.4417,0.4125,1.0,1.0,0
KRÜ Esports,Split,2024,astra|jett|kayo|skye|viper,"['astra', 'jett', 'kayo', 'skye', 'viper']",0,1,1,0.0,7,0.1429,0.2181,1,2,2,0,1D-2I-2C-0S,1,0.1429,0.4417,0.4167,0.4857,0.1429,3
KRÜ Esports,Split,2024,cypher|omen|raze|skye|viper,"['cypher', 'omen', 'raze', 'skye', 'viper']",4,2,6,0.6666666666666666,7,0.8571,0.6123,1,1,2,1,1D-1I-2C-1S,6,0.8571,0.4417,0.4167,0.9143,0.8571,0
KRÜ Esports,Sunset,2024,breach|cypher|gekko|omen|raze,"['breach', 'cypher', 'gekko', 'omen', 'raze']",2,1,3,0.6666666666666666,9,0.3333,0.4362,1,2,1,1,1D-2I-1C-1S,7,0.7778,0.4417,0.5417,0.6444,0.3333,0
KRÜ Esports,Sunset,2024,breach|cypher|neon|omen|sova,"['breach', 'cypher', 'neon', 'omen', 'sova']",2,2,4,0.5,9,0.4444,0.5064,1,2,1,1,1D-2I-1C-1S,7,0.7778,0.4417,0.5417,0.6889,0.4444,0
KRÜ Esports,Sunset,2024,chamber|fade|kayo|omen|viper,"['chamber', 'fade', 'kayo', 'omen', 'viper']",0,2,2,0.0,9,0.2222,0.3457,0,2,2,1,0D-2I-2C-1S,2,0.2222,0.4417,0.5417,0.3778,0.2222,0
Karmine Corp,Ascent,2024,breach|fade|jett|kayo|omen,"['breach', 'fade', 'jett', 'kayo', 'omen']",0,1,1,0.0,2,0.5,0.2181,1,3,1,0,1D-3I-1C-0S,1,0.5,0.3587,0.3333,0.5,0.5,0
Karmine Corp,Ascent,2024,harbor|raze|reyna|skye|viper,"['harbor', 'raze', 'reyna', 'skye', 'viper']",1,0,1,1.0,2,0.5,0.2181,2,1,2,0,2D-1I-2C-0S,1,0.5,0.3587,0.3333,0.5,0.5,0
Karmine Corp,Bind,2024,fade|harbor|omen|sova|yoru,"['fade', 'harbor', 'omen', 'sova', 'yoru']",0,1,1,0.0,9,0.1111,0.2181,1,2,2,0,1D-2I-2C-0S,6,0.6667,0.3587,0.32,0.3556,0.1111,3
Karmine Corp,Bind,2024,gekko|omen|raze|skye|viper,"['gekko', 'omen', 'raze', 'skye', 'viper']",3,2,5,0.6,9,0.5556,0.5638,1,2,2,0,1D-2I-2C-0S,6,0.6667,0.3587,0.32,0.8444,0.5556,0
Karmine Corp,Bind,2024,omen|raze|skye|viper|yoru,"['omen', 'raze', 'skye', 'viper', 'yoru']",1,2,3,0.3333333333333333,9,0.3333,0.4362,2,1,2,0,2D-1I-2C-0S,3,0.3333,0.3587,0.32,0.8222,0.4444,0
Karmine Corp,Breeze,2024,cypher|jett|kayo|sova|viper,"['cypher', 'jett', 'kayo', 'sova', 'viper']",1,2,3,0.3333333333333333,3,1.0,0.4362,1,2,1,1,1D-2I-1C-1S,3,1.0,0.3587,0.1111,1.0,1.0,0
Karmine Corp,Haven,2024,gekko|harbor|killjoy|viper|yoru,"['gekko', 'harbor', 'killjoy', 'viper', 'yoru']",0,1,1,0.0,1,1.0,0.2181,1,1,2,1,1D-1I-2C-1S,1,1.0,0.3587,0.4167,1.0,1.0,0
Karmine Corp,Icebox,2024,gekko|jett|killjoy|sage|viper,"['gekko', 'jett', 'killjoy', 'sage', 'viper']",3,3,6,0.5,8,0.75,0.6123,1,1,1,2,1D-1I-1C-2S,6,0.75,0.3587,0.625,0.95,0.75,0
Karmine Corp,Icebox,2024,gekko|jett|killjoy|sova|viper,"['gekko', 'jett', 'killjoy', 'sova', 'viper']",1,1,2,0.5,8,0.25,0.3457,1,2,1,1,1D-2I-1C-1S,2,0.25,0.3587,0.625,0.85,0.25,0
Karmine Corp,Lotus,2024,cypher|fade|omen|raze|viper,"['cypher', 'fade', 'omen', 'raze', 'viper']",1,1,2,0.5,14,0.1429,0.3457,1,1,2,1,1D-1I-2C-1S,10,0.7143,0.3587,0.4417,0.7714,0.4286,0
Karmine Corp,Lotus,2024,cypher|fade|omen|sova|yoru,"['cypher', 'fade', 'omen', 'sova', 'yoru']",2,2,4,0.5,14,0.2857,0.5064,1,2,1,1,1D-2I-1C-1S,4,0.2857,0.3587,0.4417,0.6,0.2857,0
Karmine Corp,Lotus,2024,fade|killjoy|omen|raze|viper,"['fade', 'killjoy', 'omen', 'raze', 'viper']",6,2,8,0.75,14,0.5714,0.6914,1,1,2,1,1D-1I-2C-1S,10,0.7143,0.3587,0.4417,0.8,0.5714,0
Karmine Corp,Split,2024,astra|fade|omen|raze|yoru,"['astra', 'fade', 'omen', 'raze', 'yoru']",3,2,5,0.6,7,0.7143,0.5638,2,1,2,0,2D-1I-2C-0S,7,1.0,0.3587,0.275,0.9429,0.7143,0
Karmine Corp,Split,2024,fade|omen|raze|viper|yoru,"['fade', 'omen', 'raze', 'viper', 'yoru']",1,1,2,0.5,7,0.2857,0.3457,2,1,2,0,2D-1I-2C-0S,7,1.0,0.3587,0.275,0.8571,0.2857,0
Karmine Corp,Sunset,2024,breach|cypher|jett|omen|raze,"['breach', 'cypher', 'jett', 'omen', 'raze']",1,3,4,0.25,13,0.3077,0.5064,2,1,1,1,2D-1I-1C-1S,4,0.3077,0.3587,0.4625,0.7231,0.3077,0
Karmine Corp,Sunset,2024,cypher|gekko|kayo|omen|raze,"['cypher', 'gekko', 'kayo', 'omen', 'raze']",2,2,4,0.5,13,0.3077,0.5064,1,2,1,1,1D-2I-1C-1S,4,0.3077,0.3587,0.4625,0.8,0.3077,0
Karmine Corp,Sunset,2024,cypher|gekko|omen|raze|viper,"['cypher', 'gekko', 'omen', 'raze', 'viper']",3,2,5,0.6,13,0.3846,0.5638,1,1,2,1,1D-1I-2C-1S,5,0.3846,0.3587,0.4625,0.8154,0.3846,0
LEVIATÁN,Abyss,2024,cypher|harbor|jett|omen|sova,"['cypher', 'harbor', 'jett', 'omen', 'sova']",3,1,4,0.75,4,1.0,0.5064,1,1,2,1,1D-1I-2C-1S,4,1.0,0.4981,0.75,1.0,1.0,0
LEVIATÁN,Ascent,2024,cypher|deadlock|jett|omen|sova,"['cypher', 'deadlock', 'jett', 'omen', 'sova']",4,1,5,0.8,9,0.5556,0.5638,1,1,1,2,1D-1I-1C-2S,5,0.5556,0.4981,0.5767,0.8222,0.5556,0
LEVIATÁN,Ascent,2024,jett|kayo|killjoy|omen|sova,"['jett', 'kayo', 'killjoy', 'omen', 'sova']",1,3,4,0.25,9,0.4444,0.5064,1,2,1,1,1D-2I-1C-1S,4,0.4444,0.4981,0.5767,0.7778,0.4444,0
LEVIATÁN,Bind,2024,brimstone|fade|gekko|raze|viper,"['brimstone', 'fade', 'gekko', 'raze', 'viper']",1,2,3,0.3333333333333333,12,0.25,0.4362,1,2,2,0,1D-2I-2C-0S,12,1.0,0.4981,0.5833,0.8,0.25,0
LEVIATÁN,Bind,2024,brimstone|gekko|raze|skye|viper,"['brimstone', 'gekko', 'raze', 'skye', 'viper']",3,3,6,0.5,12,0.5,0.6123,1,2,2,0,1D-2I-2C-0S,12,1.0,0.4981,0.5833,0.9,0.75,0
LEVIATÁN,Bind,2024,gekko|harbor|raze|skye|viper,"['gekko', 'harbor', 'raze', 'skye', 'viper']",2,1,3,0.6666666666666666,12,0.25,0.4362,1,2,2,0,1D-2I-2C-0S,12,1.0,0.4981,0.5833,0.8,0.25,0
LEVIATÁN,Breeze,2024,cypher|jett|kayo|sova|viper,"['cypher', 'jett', 'kayo', 'sova', 'viper']",3,3,6,0.5,6,1.0,0.6123,1,2,1,1,1D-2I-1C-1S,6,1.0,0.4981,0.1667,1.0,1.0,0
LEVIATÁN,Haven,2024,breach|cypher|neon|omen|sova,"['breach', 'cypher', 'neon', 'omen', 'sova']",2,1,3,0.6666666666666666,3,1.0,0.4362,1,2,1,1,1D-2I-1C-1S,3,1.0,0.4981,0.5933,1.0,1.0,0
LEVIATÁN,Icebox,2024,harbor|jett|killjoy|sova|viper,"['harbor', 'jett', 'killjoy', 'sova', 'viper']",15,4,19,0.7894736842105263,20,0.95,0.9426,1,1,2,1,1D-1I-2C-1S,20,1.0,0.4981,0.4474,0.99,0.95,0
LEVIATÁN,Icebox,2024,harbor|killjoy|reyna|sova|viper,"['harbor', 'killjoy', 'reyna', 'sova', 'viper']",1,0,1,1.0,20,0.05,0.2181,1,1,2,1,1D-1I-2C-1S,20,1.0,0.4981,0.4474,0.81,0.05,1
LEVIATÁN,Lotus,2024,breach|cypher|fade|neon|omen,"['breach', 'cypher', 'fade', 'neon', 'omen']",2,0,2,1.0,12,0.1667,0.3457,1,2,1,1,1D-2I-1C-1S,5,0.4167,0.4981,0.5841,0.6,0.1667,1
LEVIATÁN,Lotus,2024,breach|cypher|fade|omen|raze,"['breach', 'cypher', 'fade', 'omen', 'raze']",1,2,3,0.3333333333333333,12,0.25,0.4362,1,2,1,1,1D-2I-1C-1S,5,0.4167,0.4981,0.5841,0.7333,0.4167,0
LEVIATÁN,Lotus,2024,fade|killjoy|omen|raze|viper,"['fade', 'killjoy', 'omen', 'raze', 'viper']",4,3,7,0.5714285714285714,12,0.5833,0.6543,1,1,2,1,1D-1I-2C-1S,7,0.5833,0.4981,0.5841,0.8,0.5833,0
LEVIATÁN,Split,2024,astra|jett|raze|skye|viper,"['astra', 'jett', 'raze', 'skye', 'viper']",0,3,3,0.0,3,1.0,0.4362,2,1,2,0,2D-1I-2C-0S,3,1.0,0.4981,0.3267,1.0,1.0,0
LEVIATÁN,Sunset,2024,breach|cypher|gekko|omen|raze,"['breach', 'cypher', 'gekko', 'omen', 'raze']",4,2,6,0.6666666666666666,13,0.4615,0.6123,1,2,1,1,1D-2I-1C-1S,13,1.0,0.4981,0.6825,0.7846,0.4615,0
LEVIATÁN,Sunset,2024,breach|cypher|neon|omen|sova,"['breach', 'cypher', 'neon', 'omen', 'sova']",5,2,7,0.7142857142857143,13,0.5385,0.6543,1,2,1,1,1D-2I-1C-1S,13,1.0,0.4981,0.6825,0.8154,0.5385,0
LOUD,Ascent,2024,breach|kayo|omen|phoenix|viper,"['breach', 'kayo', 'omen', 'phoenix', 'viper']",2,3,5,0.4,8,0.625,0.5638,1,2,2,0,1D-2I-2C-0S,6,0.75,0.3736,0.35,0.8,0.625,0
LOUD,Ascent,2024,cypher|jett|kayo|omen|sova,"['cypher', 'jett', 'kayo', 'omen', 'sova']",1,1,2,0.5,8,0.25,0.3457,1,2,1,1,1D-2I-1C-1S,2,0.25,0.3736,0.35,0.6,0.25,0
LOUD,Ascent,2024,jett|kayo|omen|sova|viper,"['jett', 'kayo', 'omen', 'sova', 'viper']",0,1,1,0.0,8,0.125,0.2181,1,2,2,0,1D-2I-2C-0S,6,0.75,0.3736,0.35,0.7,0.375,0
LOUD,Bind,2024,breach|brimstone|kayo|phoenix|viper,"['breach', 'brimstone', 'kayo', 'phoenix', 'viper']",1,1,2,0.5,7,0.2857,0.3457,1,2,2,0,1D-2I-2C-0S,7,1.0,0.3736,0.2857,0.6857,0.2857,0
LOUD,Bind,2024,breach|brimstone|kayo|raze|viper,"['breach', 'brimstone', 'kayo', 'raze', 'viper']",2,1,3,0.6666666666666666,7,0.4286,0.4362,1,2,2,0,1D-2I-2C-0S,7,1.0,0.3736,0.2857,0.7714,0.7143,0
LOUD,Bind,2024,brimstone|gekko|omen|raze|skye,"['brimstone', 'gekko', 'omen', 'raze', 'skye']",1,1,2,0.5,7,0.2857,0.3457,1,2,2,0,1D-2I-2C-0S,7,1.0,0.3736,0.2857,0.5143,0.2857,0
LOUD,Breeze,2024,cypher|jett|kayo|sova|viper,"['cypher', 'jett', 'kayo', 'sova', 'viper']",2,1,3,0.6666666666666666,3,1.0,0.4362,1,2,1,1,1D-2I-1C-1S,3,1.0,0.3736,0.8056,1.0,1.0,0
LOUD,Haven,2024,cypher|neon|omen|skye|viper,"['cypher', 'neon', 'omen', 'skye', 'viper']",1,0,1,1.0,1,1.0,0.2181,1,1,2,1,1D-1I-2C-1S,1,1.0,0.3736,0.3611,1.0,1.0,0
LOUD,Icebox,2024,gekko|harbor|kayo|killjoy|omen,"['gekko', 'harbor', 'kayo', 'killjoy', 'omen']",0,3,3,0.0,12,0.25,0.4362,0,2,2,1,0D-2I-2C-1S,3,0.25,0.3736,0.2917,0.55,0.25,0
LOUD,Icebox,2024,harbor|jett|killjoy|sova|viper,"['harbor', 'jett', 'killjoy', 'sova', 'viper']",6,3,9,0.6666666666666666,12,0.75,0.7245,1,1,2,1,1D-1I-2C-1S,9,0.75,0.3736,0.2917,0.85,0.75,0
LOUD,Lotus,2024,breach|cypher|fade|neon|omen,"['breach', 'cypher', 'fade', 'neon', 'omen']",2,2,4,0.5,7,0.5714,0.5064,1,2,1,1,1D-2I-1C-1S,4,0.5714,0.3736,0.4524,0.7429,0.5714,0
LOUD,Lotus,2024,breach|omen|phoenix|skye|viper,"['breach', 'omen', 'phoenix', 'skye', 'viper']",0,1,1,0.0,7,0.1429,0.2181,1,2,2,0,1D-2I-2C-0S,1,0.1429,0.3736,0.4524,0.4857,0.1429,2
LOUD,Lotus,2024,deadlock|fade|omen|raze|viper,"['deadlock', 'fade', 'omen', 'raze', 'viper']",1,1,2,0.5,7,0.2857,0.3457,1,1,2,1,1D-1I-2C-1S,2,0.2857,0.3736,0.4524,0.5714,0.2857,0
LOUD,Split,2024,breach|omen|raze|skye|viper,"['breach', 'omen', 'raze', 'skye', 'viper']",2,3,5,0.4,5,1.0,0.5638,1,2,2,0,1D-2I-2C-0S,5,1.0,0.3736,0.2667,1.0,1.0,0
LOUD,Sunset,2024,breach|cypher|gekko|neon|omen,"['breach', 'cypher', 'gekko', 'neon', 'omen']",1,1,2,0.5,9,0.2222,0.3457,1,2,1,1,1D-2I-1C-1S,2,0.2222,0.3736,0.4762,0.5333,0.2222,0
LOUD,Sunset,2024,breach|omen|phoenix|sova|viper,"['breach', 'omen', 'phoenix', 'sova', 'viper']",3,4,7,0.42857142857142855,9,0.7778,0.6543,1,2,2,0,1D-2I-2C-0S,7,0.7778,0.3736,0.4762,0.8667,0.7778,0
MIBR,Ascent,2024,cypher|jett|omen|skye|viper,"['cypher', 'jett', 'omen', 'skye', 'viper']",1,1,2,0.5,4,0.5,0.3457,1,1,2,1,1D-1I-2C-1S,2,0.5,0.4074,0.0833,0.7,0.5,0
MIBR,Ascent,2024,iso|jett|killjoy|omen|sova,"['iso', 'jett', 'killjoy', 'omen', 'sova']",0,2,2,0.0,4,0.5,0.3457,2,1,1,1,2D-1I-1C-1S,2,0.5,0.4074,0.0833,0.7,0.5,0
MIBR,Bind,2024,brimstone|cypher|deadlock|raze|skye,"['brimstone', 'cypher', 'deadlock', 'raze', 'skye']",1,0,1,1.0,5,0.2,0.2181,1,1,1,2,1D-1I-1C-2S,1,0.2,0.4074,0.4375,0.68,0.2,0
MIBR,Bind,2024,brimstone|gekko|raze|skye|viper,"['brimstone', 'gekko', 'raze', 'skye', 'viper']",0,2,2,0.0,5,0.4,0.3457,1,2,2,0,1D-2I-2C-0S,2,0.4,0.4074,0.4375,0.84,0.4,0
MIBR,Bind,2024,brimstone|jett|raze|skye|viper,"['brimstone', 'jett', 'raze', 'skye', 'viper']",1,1,2,0.5,5,0.4,0.3457,2,1,2,0,2D-1I-2C-0S,2,0.4,0.4074,0.4375,0.84,0.4,0
MIBR,Breeze,2024,cypher|jett|kayo|sova|viper,"['cypher', 'jett', 'kayo', 'sova', 'viper']",2,1,3,0.6666666666666666,3,1.0,0.4362,1,2,1,1,1D-2I-1C-1S,3,1.0,0.4074,0.5556,1.0,1.0,0
MIBR,Icebox,2024,gekko|jett|killjoy|sova|viper,"['gekko', 'jett', 'killjoy', 'sova', 'viper']",0,3,3,0.0,6,0.5,0.4362,1,2,1,1,1D-2I-1C-1S,3,0.5,0.4074,0.2917,0.8,0.5,0
MIBR,Icebox,2024,gekko|kayo|killjoy|sage|viper,"['gekko', 'kayo', 'killjoy', 'sage', 'viper']",0,3,3,0.0,6,0.5,0.4362,0,2,1,2,0D-2I-1C-2S,3,0.5,0.4074,0.2917,0.8,0.5,0
MIBR,Lotus,2024,fade|killjoy|omen|raze|viper,"['fade', 'killjoy', 'omen', 'raze', 'viper']",2,0,2,1.0,4,0.5,0.3457,1,1,2,1,1D-1I-2C-1S,4,1.0,0.4074,0.4167,0.9,0.5,0
MIBR,Lotus,2024,killjoy|omen|raze|skye|viper,"['killjoy', 'omen', 'raze', 'skye', 'viper']",0,2,2,0.0,4,0.5,0.3457,1,1,2,1,1D-1I-2C-1S,4,1.0,0.4074,0.4167,0.9,0.5,0
MIBR,Split,2024,astra|jett|raze|skye|viper,"['astra', 'jett', 'raze', 'skye', 'viper']",2,3,5,0.4,6,0.8333,0.5638,2,1,2,0,2D-1I-2C-0S,6,1.0,0.4074,0.4306,0.9667,0.8333,0
MIBR,Split,2024,jett|omen|raze|skye|viper,"['jett', 'omen', 'raze', 'skye', 'viper']",0,1,1,0.0,6,0.1667,0.2181,2,1,2,0,2D-1I-2C-0S,6,1.0,0.4074,0.4306,0.8333,0.1667,1
MIBR,Sunset,2024,breach|cypher|gekko|omen|raze,"['breach', 'cypher', 'gekko', 'omen', 'raze']",0,2,2,0.0,5,0.4,0.3457,1,2,1,1,1D-2I-1C-1S,2,0.4,0.4074,0.3667,0.76,0.4,0
MIBR,Sunset,2024,cypher|omen|raze|skye|viper,"['cypher', 'omen', 'raze', 'skye', 'viper']",1,2,3,0.3333333333333333,5,0.6,0.4362,1,1,2,1,1D-1I-2C-1S,3,0.6,0.4074,0.3667,0.84,0.6,0
NRG Esports,Ascent,2024,cypher|jett|kayo|omen|sova,"['cypher', 'jett', 'kayo', 'omen', 'sova']",2,0,2,1.0,6,0.3333,0.3457,1,2,1,1,1D-2I-1C-1S,6,1.0,0.4115,0.875,0.8667,0.3333,0
NRG Esports,Ascent,2024,jett|kayo|killjoy|omen|sova,"['jett', 'kayo', 'killjoy', 'omen', 'sova']",3,1,4,0.75,6,0.6667,0.5064,1,2,1,1,1D-2I-1C-1S,6,1.0,0.4115,0.875,0.9333,0.6667,0
NRG Esports,Bind,2024,brimstone|gekko|kayo|raze|viper,"['brimstone', 'gekko', 'kayo', 'raze', 'viper']",0,2,2,0.0,3,0.6667,0.3457,1,2,2,0,1D-2I-2C-0S,2,0.6667,0.4115,0.0,0.8667,0.6667,0
NRG Esports,Bind,2024,brimstone|raze|sage|skye|viper,"['brimstone', 'raze', 'sage', 'skye', 'viper']",0,1,1,0.0,3,0.3333,0.2181,1,1,2,1,1D-1I-2C-1S,1,0.3333,0.4115,0.0,0.7333,0.3333,0
NRG Esports,Breeze,2024,cypher|jett|kayo|sova|viper,"['cypher', 'jett', 'kayo', 'sova', 'viper']",1,0,1,1.0,4,0.25,0.2181,1,2,1,1,1D-2I-1C-1S,1,0.25,0.4115,1.0,0.85,0.25,0
NRG Esports,Breeze,2024,cypher|jett|sova|viper|yoru,"['cypher', 'jett', 'sova', 'viper', 'yoru']",3,0,3,1.0,4,0.75,0.4362,2,1,1,1,2D-1I-1C-1S,3,0.75,0.4115,1.0,0.95,0.75,0
NRG Esports,Haven,2024,clove|deadlock|fade|omen|yoru,"['clove', 'deadlock', 'fade', 'omen', 'yoru']",0,1,1,0.0,1,1.0,0.2181,1,1,2,1,1D-1I-2C-1S,1,1.0,0.4115,0.0,1.0,1.0,0
NRG Esports,Icebox,2024,jett|kayo|killjoy|sova|viper,"['jett', 'kayo', 'killjoy', 'sova', 'viper']",0,1,1,0.0,1,1.0,0.2181,1,2,1,1,1D-2I-1C-1S,1,1.0,0.4115,0.0,1.0,1.0,0
NRG Esports,Lotus,2024,breach|brimstone|cypher|gekko|raze,"['breach', 'brimstone', 'cypher', 'gekko', 'raze']",1,0,1,1.0,2,0.5,0.2181,1,2,1,1,1D-2I-1C-1S,2,1.0,0.4115,0.5,0.8,0.5,0
NRG Esports,Lotus,2024,breach|clove|cypher|gekko|neon,"['breach', 'clove', 'cypher', 'gekko', 'neon']",0,1,1,0.0,2,0.5,0.2181,1,2,1,1,1D-2I-1C-1S,2,1.0,0.4115,0.5,0.8,0.5,0
NRG Esports,Split,2024,breach|cypher|neon|omen|yoru,"['breach', 'cypher', 'neon', 'omen', 'yoru']",0,1,1,0.0,5,0.2,0.2181,2,1,1,1,2D-1I-1C-1S,1,0.2,0.4115,0.2222,0.4,0.2,0
NRG Esports,Split,2024,breach|omen|raze|skye|viper,"['breach', 'omen', 'raze', 'skye', 'viper']",0,1,1,0.0,5,0.2,0.2181,1,2,2,0,1D-2I-2C-0S,1,0.2,0.4115,0.2222,0.76,0.4,0
NRG Esports,Split,2024,jett|omen|raze|skye|viper,"['jett', 'omen', 'raze', 'skye', 'viper']",2,1,3,0.6666666666666666,5,0.6,0.4362,2,1,2,0,2D-1I-2C-0S,3,0.6,0.4115,0.2222,0.8,0.6,0
NRG Esports,Sunset,2024,breach|cypher|fade|neon|omen,"['breach', 'cypher', 'fade', 'neon', 'omen']",1,2,3,0.3333333333333333,8,0.375,0.4362,1,2,1,1,1D-2I-1C-1S,6,0.75,0.4115,0.3889,0.625,0.375,0
NRG Esports,Sunset,2024,cypher|gekko|kayo|omen|raze,"['cypher', 'gekko', 'kayo', 'omen', 'raze']",1,2,3,0.3333333333333333,8,0.375,0.4362,1,2,1,1,1D-2I-1C-1S,6,0.75,0.4115,0.3889,0.625,0.375,0
NRG Esports,Sunset,2024,cypher|jett|omen|skye|viper,"['cypher', 'jett', 'omen', 'skye', 'viper']",1,1,2,0.5,8,0.25,0.3457,1,1,2,1,1D-1I-2C-1S,2,0.25,0.4115,0.3889,0.55,0.25,0
Natus Vincere,Ascent,2024,cypher|jett|kayo|omen|sova,"['cypher', 'jett', 'kayo', 'omen', 'sova']",4,4,8,0.5,8,1.0,0.6914,1,2,1,1,1D-2I-1C-1S,8,1.0,0.4109,0.5556,1.0,1.0,0
Natus Vincere,Bind,2024,brimstone|fade|gekko|raze|viper,"['brimstone', 'fade', 'gekko', 'raze', 'viper']",0,1,1,0.0,5,0.2,0.2181,1,2,2,0,1D-2I-2C-0S,5,1.0,0.4109,0.3056,0.84,0.2,0
Natus Vincere,Bind,2024,brimstone|gekko|kayo|raze|viper,"['brimstone', 'gekko', 'kayo', 'raze', 'viper']",2,2,4,0.5,5,0.8,0.5064,1,2,2,0,1D-2I-2C-0S,5,1.0,0.4109,0.3056,0.96,0.8,0
Natus Vincere,Breeze,2024,astra|cypher|jett|sova|yoru,"['astra', 'cypher', 'jett', 'sova', 'yoru']",0,1,1,0.0,4,0.25,0.2181,2,1,1,1,2D-1I-1C-1S,1,0.25,0.4109,0.5417,0.7,0.25,0
Natus Vincere,Breeze,2024,cypher|omen|sova|viper|yoru,"['cypher', 'omen', 'sova', 'viper', 'yoru']",2,1,3,0.6666666666666666,4,0.75,0.4362,1,1,2,1,1D-1I-2C-1S,3,0.75,0.4109,0.5417,0.9,0.75,0
Natus Vincere,Haven,2024,cypher|neon|omen|sova|yoru,"['cypher', 'neon', 'omen', 'sova', 'yoru']",1,0,1,1.0,1,1.0,0.2181,2,1,1,1,2D-1I-1C-1S,1,1.0,0.4109,0.5,1.0,1.0,0
Natus Vincere,Icebox,2024,cypher|gekko|jett|sova|viper,"['cypher', 'gekko', 'jett', 'sova', 'viper']",0,1,1,0.0,1,1.0,0.2181,1,2,1,1,1D-2I-1C-1S,1,1.0,0.4109,0.4889,1.0,1.0,0
Natus Vincere,Lotus,2024,breach|brimstone|cypher|gekko|jett,"['breach', 'brimstone', 'cypher', 'gekko', 'jett']",0,2,2,0.0,5,0.4,0.3457,1,2,1,1,1D-2I-1C-1S,5,1.0,0.4109,0.1667,0.76,0.4,0
Natus Vincere,Lotus,2024,breach|brimstone|gekko|killjoy|raze,"['breach', 'brimstone', 'gekko', 'killjoy', 'raze']",1,2,3,0.3333333333333333,5,0.6,0.4362,1,2,1,1,1D-2I-1C-1S,5,1.0,0.4109,0.1667,0.84,0.6,0
Natus Vincere,Split,2024,breach|fade|omen|raze|viper,"['breach', 'fade', 'omen', 'raze', 'viper']",3,2,5,0.6,7,0.7143,0.5638,1,2,2,0,1D-2I-2C-0S,5,0.7143,0.4109,0.5733,0.9429,0.7143,0
Natus Vincere,Split,2024,breach|fade|omen|raze|yoru,"['breach', 'fade', 'omen', 'raze', 'yoru']",1,1,2,0.5,7,0.2857,0.3457,2,2,1,0,2D-2I-1C-0S,2,0.2857,0.4109,0.5733,0.8571,0.2857,0
Natus Vincere,Sunset,2024,breach|chamber|fade|omen|viper,"['breach', 'chamber', 'fade', 'omen', 'viper']",0,1,1,0.0,6,0.1667,0.2181,0,2,2,1,0D-2I-2C-1S,1,0.1667,0.4109,0.2708,0.3333,0.1667,4
Natus Vincere,Sunset,2024,cypher|kayo|neon|omen|sova,"['cypher', 'kayo', 'neon', 'omen', 'sova']",1,2,3,0.3333333333333333,6,0.5,0.4362,1,2,1,1,1D-2I-1C-1S,5,0.8333,0.4109,0.2708,0.8,0.5,0
Natus Vincere,Sunset,2024,kayo|killjoy|neon|omen|sova,"['kayo', 'killjoy', 'neon', 'omen', 'sova']",1,1,2,0.5,6,0.3333,0.3457,1,2,1,1,1D-2I-1C-1S,5,0.8333,0.4109,0.2708,0.7667,0.3333,0
Nova Esports,Ascent,2024,breach|cypher|jett|omen|sova,"['breach', 'cypher', 'jett', 'omen', 'sova']",0,2,2,0.0,8,0.25,0.3457,1,2,1,1,1D-2I-1C-1S,8,1.0,0.3725,0.2083,0.85,0.25,0
Nova Esports,Ascent,2024,breach|jett|killjoy|omen|sova,"['breach', 'jett', 'killjoy', 'omen', 'sova']",2,4,6,0.3333333333333333,8,0.75,0.6123,1,2,1,1,1D-2I-1C-1S,8,1.0,0.3725,0.2083,0.95,0.75,0
Nova Esports,Bind,2024,breach|gekko|omen|raze|skye,"['breach', 'gekko', 'omen', 'raze', 'skye']",2,3,5,0.4,5,1.0,0.5638,1,3,1,0,1D-3I-1C-0S,5,1.0,0.3725,0.35,1.0,1.0,0
Nova Esports,Icebox,2024,chamber|gekko|kayo|omen|viper,"['chamber', 'gekko', 'kayo', 'omen', 'viper']",1,0,1,1.0,2,0.5,0.2181,0,2,2,1,0D-2I-2C-1S,1,0.5,0.3725,0.875,0.8,0.5,0
Nova Esports,Icebox,2024,gekko|jett|kayo|killjoy|viper,"['gekko', 'jett', 'kayo', 'killjoy', 'viper']",1,0,1,1.0,2,0.5,0.2181,1,2,1,1,1D-2I-1C-1S,1,0.5,0.3725,0.875,0.8,0.5,0
Nova Esports,Lotus,2024,breach|jett|killjoy|omen|raze,"['breach', 'jett', 'killjoy', 'omen', 'raze']",0,2,2,0.0,8,0.25,0.3457,2,1,1,1,2D-1I-1C-1S,2,0.25,0.3725,0.1667,0.7,0.25,0
Nova Esports,Lotus,2024,fade|killjoy|omen|raze|viper,"['fade', 'killjoy', 'omen', 'raze', 'viper']",2,4,6,0.3333333333333333,8,0.75,0.6123,1,1,2,1,1D-1I-2C-1S,6,0.75,0.3725,0.1667,0.9,0.75,0
Nova Esports,Split,2024,astra|jett|raze|skye|viper,"['astra', 'jett', 'raze', 'skye', 'viper']",1,1,2,0.5,5,0.4,0.3457,2,1,2,0,2D-1I-2C-0S,4,0.8,0.3725,0.4167,0.88,0.6,0
Nova Esports,Split,2024,astra|raze|sage|skye|viper,"['astra', 'raze', 'sage', 'skye', 'viper']",1,0,1,1.0,5,0.2,0.2181,1,1,2,1,1D-1I-2C-1S,1,0.2,0.3725,0.4167,0.76,0.2,0
Nova Esports,Split,2024,jett|omen|raze|skye|viper,"['jett', 'omen', 'raze', 'skye', 'viper']",1,1,2,0.5,5,0.4,0.3457,2,1,2,0,2D-1I-2C-0S,4,0.8,0.3725,0.4167,0.84,0.4,0
Nova Esports,Sunset,2024,breach|fade|killjoy|neon|omen,"['breach', 'fade', 'killjoy', 'neon', 'omen']",0,2,2,0.0,4,0.5,0.3457,1,2,1,1,1D-2I-1C-1S,2,0.5,0.3725,0.3333,0.6,0.5,0
Nova Esports,Sunset,2024,chamber|kayo|omen|phoenix|raze,"['chamber', 'kayo', 'omen', 'phoenix', 'raze']",2,0,2,1.0,4,0.5,0.3457,2,1,1,1,2D-1I-1C-1S,2,0.5,0.3725,0.3333,0.6,0.5,0
Paper Rex,Abyss,2024,breach|kayo|neon|omen|phoenix,"['breach', 'kayo', 'neon', 'omen', 'phoenix']",1,0,1,1.0,1,1.0,0.2181,2,2,1,0,2D-2I-1C-0S,1,1.0,0.5164,0.3333,1.0,1.0,0
Paper Rex,Ascent,2024,fade|gekko|omen|raze|viper,"['fade', 'gekko', 'omen', 'raze', 'viper']",3,2,5,0.6,12,0.4167,0.5638,1,2,2,0,1D-2I-2C-0S,5,0.4167,0.5164,0.5095,0.6167,0.4167,0
Paper Rex,Ascent,2024,harbor|omen|raze|reyna|skye,"['harbor', 'omen', 'raze', 'reyna', 'skye']",1,4,5,0.2,12,0.4167,0.5638,2,1,2,0,2D-1I-2C-0S,5,0.4167,0.5164,0.5095,0.6167,0.4167,0
Paper Rex,Ascent,2024,jett|kayo|omen|sage|sova,"['jett', 'kayo', 'omen', 'sage', 'sova']",1,1,2,0.5,12,0.1667,0.3457,1,2,1,1,1D-2I-1C-1S,2,0.1667,0.5164,0.5095,0.3333,0.1667,4
Paper Rex,Bind,2024,brimstone|fade|gekko|raze|viper,"['brimstone', 'fade', 'gekko', 'raze', 'viper']",1,0,1,1.0,13,0.0769,0.2181,1,2,2,0,1D-2I-2C-0S,7,0.5385,0.5164,0.375,0.5846,0.1538,2
Paper Rex,Bind,2024,brimstone|fade|gekko|raze|yoru,"['brimstone', 'fade', 'gekko', 'raze', 'yoru']",0,1,1,0.0,13,0.0769,0.2181,2,2,1,0,2D-2I-1C-0S,1,0.0769,0.5164,0.375,0.5846,0.1538,2
Paper Rex,Bind,2024,brimstone|gekko|harbor|raze|skye,"['brimstone', 'gekko', 'harbor', 'raze', 'skye']",4,2,6,0.6666666666666666,13,0.4615,0.6123,1,2,2,0,1D-2I-2C-0S,7,0.5385,0.5164,0.375,0.8308,0.6923,0
Paper Rex,Bind,2024,brimstone|harbor|raze|reyna|skye,"['brimstone', 'harbor', 'raze', 'reyna', 'skye']",2,2,4,0.5,13,0.3077,0.5064,2,1,2,0,2D-1I-2C-0S,5,0.3846,0.5164,0.375,0.7538,0.3077,0
Paper Rex,Bind,2024,gekko|omen|raze|viper|yoru,"['gekko', 'omen', 'raze', 'viper', 'yoru']",0,1,1,0.0,13,0.0769,0.2181,2,1,2,0,2D-1I-2C-0S,5,0.3846,0.5164,0.375,0.4154,0.0769,3
Paper Rex,Breeze,2024,harbor|jett|reyna|sova|viper,"['harbor', 'jett', 'reyna', 'sova', 'viper']",0,1,1,0.0,2,0.5,0.2181,2,1,2,0,2D-1I-2C-0S,1,0.5,0.5164,0.3375,0.8,0.5,0
Paper Rex,Breeze,2024,harbor|omen|sova|viper|yoru,"['harbor', 'omen', 'sova', 'viper', 'yoru']",0,1,1,0.0,2,0.5,0.2181,1,1,3,0,1D-1I-3C-0S,1,0.5,0.5164,0.3375,0.8,0.5,0
Paper Rex,Haven,2024,fade|iso|killjoy|omen|yoru,"['fade', 'iso', 'killjoy', 'omen', 'yoru']",0,1,1,0.0,1,1.0,0.2181,2,1,1,1,2D-1I-1C-1S,1,1.0,0.5164,0.3933,1.0,1.0,0
Paper Rex,Icebox,2024,jett|kayo|killjoy|sage|viper,"['jett', 'kayo', 'killjoy', 'sage', 'viper']",6,4,10,0.6,12,0.8333,0.7545,1,1,1,2,1D-1I-1C-2S,12,1.0,0.5164,0.65,0.9667,0.8333,0
Paper Rex,Icebox,2024,jett|killjoy|sage|sova|viper,"['jett', 'killjoy', 'sage', 'sova', 'viper']",1,1,2,0.5,12,0.1667,0.3457,1,1,1,2,1D-1I-1C-2S,12,1.0,0.5164,0.65,0.8333,0.1667,1
Paper Rex,Lotus,2024,breach|jett|omen|raze|skye,"['breach', 'jett', 'omen', 'raze', 'skye']",4,3,7,0.5714285714285714,18,0.3889,0.6543,2,2,1,0,2D-2I-1C-0S,12,0.6667,0.5164,0.6476,0.7667,0.3889,0
Paper Rex,Lotus,2024,cypher|jett|omen|raze|skye,"['cypher', 'jett', 'omen', 'raze', 'skye']",1,5,6,0.16666666666666666,18,0.3333,0.6123,2,1,1,1,2D-1I-1C-1S,6,0.3333,0.5164,0.6476,0.7556,0.3333,0
Paper Rex,Lotus,2024,fade|jett|kayo|neon|omen,"['fade', 'jett', 'kayo', 'neon', 'omen']",3,2,5,0.6,18,0.2778,0.5638,2,2,1,0,2D-2I-1C-0S,12,0.6667,0.5164,0.6476,0.5667,0.2778,0
Paper Rex,Split,2024,jett|omen|raze|skye|viper,"['jett', 'omen', 'raze', 'skye', 'viper']",5,2,7,0.7142857142857143,9,0.7778,0.6543,2,1,2,0,2D-1I-2C-0S,7,0.7778,0.5164,0.682,0.9556,0.7778,0
Paper Rex,Split,2024,jett|omen|raze|viper|yoru,"['jett', 'omen', 'raze', 'viper', 'yoru']",2,0,2,1.0,9,0.2222,0.3457,3,0,2,0,3D-0I-2C-0S,2,0.2222,0.5164,0.682,0.8444,0.2222,0
Paper Rex,Sunset,2024,breach|gekko|omen|raze|sage,"['breach', 'gekko', 'omen', 'raze', 'sage']",12,2,14,0.8571428571428571,19,0.7368,0.8521,1,2,1,1,1D-2I-1C-1S,14,0.7368,0.5164,0.8381,0.8947,0.7368,0
Paper Rex,Sunset,2024,gekko|kayo|omen|sage|viper,"['gekko', 'kayo', 'omen', 'sage', 'viper']",4,1,5,0.8,19,0.2632,0.5638,0,2,2,1,0D-2I-2C-1S,5,0.2632,0.5164,0.8381,0.7053,0.2632,0
Rex Regum Qeon,Ascent,2024,jett|kayo|killjoy|omen|sova,"['jett', 'kayo', 'killjoy', 'omen', 'sova']",4,1,5,0.8,5,1.0,0.5638,1,2,1,1,1D-2I-1C-1S,5,1.0,0.4492,0.3333,1.0,1.0,0
Rex Regum Qeon,Bind,2024,cypher|deadlock|omen|raze|yoru,"['cypher', 'deadlock', 'omen', 'raze', 'yoru']",0,1,1,0.0,1,1.0,0.2181,2,0,1,2,2D-0I-1C-2S,1,1.0,0.4492,0.25,1.0,1.0,0
Rex Regum Qeon,Breeze,2024,cypher|jett|sova|viper|yoru,"['cypher', 'jett', 'sova', 'viper', 'yoru']",2,1,3,0.6666666666666666,3,1.0,0.4362,2,1,1,1,2D-1I-1C-1S,3,1.0,0.4492,0.3333,1.0,1.0,0
Rex Regum Qeon,Haven,2024,breach|cypher|jett|omen|sova,"['breach', 'cypher', 'jett', 'omen', 'sova']",0,1,1,0.0,1,1.0,0.2181,1,2,1,1,1D-2I-1C-1S,1,1.0,0.4492,0.4537,1.0,1.0,0
Rex Regum Qeon,Icebox,2024,gekko|jett|killjoy|sova|viper,"['gekko', 'jett', 'killjoy', 'sova', 'viper']",2,3,5,0.4,7,0.7143,0.5638,1,2,1,1,1D-2I-1C-1S,5,0.7143,0.4492,0.5,0.9429,0.7143,0
Rex Regum Qeon,Icebox,2024,gekko|kayo|killjoy|sova|viper,"['gekko', 'kayo', 'killjoy', 'sova', 'viper']",1,1,2,0.5,7,0.2857,0.3457,0,3,1,1,0D-3I-1C-1S,2,0.2857,0.4492,0.5,0.8571,0.2857,0
Rex Regum Qeon,Lotus,2024,breach|chamber|gekko|neon|omen,"['breach', 'chamber', 'gekko', 'neon', 'omen']",0,2,2,0.0,6,0.3333,0.3457,1,2,1,1,1D-2I-1C-1S,2,0.3333,0.4492,0.4286,0.5,0.3333,0
Rex Regum Qeon,Lotus,2024,chamber|fade|omen|raze|viper,"['chamber', 'fade', 'omen', 'raze', 'viper']",0,1,1,0.0,6,0.1667,0.2181,1,1,2,1,1D-1I-2C-1S,4,0.6667,0.4492,0.4286,0.7,0.5,0
Rex Regum Qeon,Lotus,2024,fade|killjoy|omen|raze|viper,"['fade', 'killjoy', 'omen', 'raze', 'viper']",1,2,3,0.3333333333333333,6,0.5,0.4362,1,1,2,1,1D-1I-2C-1S,4,0.6667,0.4492,0.4286,0.7,0.5,0
Rex Regum Qeon,Split,2024,astra|cypher|raze|skye|viper,"['astra', 'cypher', 'raze', 'skye', 'viper']",1,0,1,1.0,5,0.2,0.2181,1,1,2,1,1D-1I-2C-1S,3,0.6,0.4492,0.7333,0.76,0.2,0
Rex Regum Qeon,Split,2024,cypher|omen|raze|skye|viper,"['cypher', 'omen', 'raze', 'skye', 'viper']",1,1,2,0.5,5,0.4,0.3457,1,1,2,1,1D-1I-2C-1S,3,0.6,0.4492,0.7333,0.88,0.6,0
Rex Regum Qeon,Split,2024,jett|omen|raze|skye|viper,"['jett', 'omen', 'raze', 'skye', 'viper']",2,0,2,1.0,5,0.4,0.3457,2,1,2,0,2D-1I-2C-0S,2,0.4,0.4492,0.7333,0.84,0.4,0
Rex Regum Qeon,Sunset,2024,breach|cypher|gekko|omen|raze,"['breach', 'cypher', 'gekko', 'omen', 'raze']",2,1,3,0.6666666666666666,4,0.75,0.4362,1,2,1,1,1D-2I-1C-1S,3,0.75,0.4492,0.4127,0.9,0.75,0
Rex Regum Qeon,Sunset,2024,cypher|fade|harbor|omen|raze,"['cypher', 'fade', 'harbor', 'omen', 'raze']",0,1,1,0.0,4,0.25,0.2181,1,1,2,1,1D-1I-2C-1S,1,0.25,0.4492,0.4127,0.7,0.25,0
Sentinels,Abyss,2024,cypher|jett|kayo|omen|sova,"['cypher', 'jett', 'kayo', 'omen', 'sova']",0,1,1,0.0,1,1.0,0.2181,1,2,1,1,1D-2I-1C-1S,1,1.0,0.421,0.4375,1.0,1.0,0
Sentinels,Ascent,2024,cypher|deadlock|jett|omen|sova,"['cypher', 'deadlock', 'jett', 'omen', 'sova']",0,2,2,0.0,7,0.2857,0.3457,1,1,1,2,1D-1I-1C-2S,2,0.2857,0.421,0.2133,0.7143,0.2857,0
Sentinels,Ascent,2024,jett|kayo|killjoy|omen|sova,"['jett', 'kayo', 'killjoy', 'omen', 'sova']",2,3,5,0.4,7,0.7143,0.5638,1,2,1,1,1D-2I-1C-1S,5,0.7143,0.421,0.2133,0.8857,0.7143,0
Sentinels,Bind,2024,brimstone|deadlock|fade|gekko|raze,"['brimstone', 'deadlock', 'fade', 'gekko', 'raze']",0,1,1,0.0,10,0.1,0.2181,1,2,1,1,1D-2I-1C-1S,1,0.1,0.421,0.3981,0.62,0.1,1
Sentinels,Bind,2024,brimstone|fade|gekko|raze|viper,"['brimstone', 'fade', 'gekko', 'raze', 'viper']",1,1,2,0.5,10,0.2,0.3457,1,2,2,0,1D-2I-2C-0S,6,0.6,0.421,0.3981,0.78,0.3,0
Sentinels,Bind,2024,brimstone|gekko|raze|skye|viper,"['brimstone', 'gekko', 'raze', 'skye', 'viper']",3,1,4,0.75,10,0.4,0.5064,1,2,2,0,1D-2I-2C-0S,6,0.6,0.421,0.3981,0.86,0.7,0
Sentinels,Bind,2024,brimstone|raze|skye|viper|yoru,"['brimstone', 'raze', 'skye', 'viper', 'yoru']",1,2,3,0.3333333333333333,10,0.3,0.4362,2,1,2,0,2D-1I-2C-0S,3,0.3,0.421,0.3981,0.78,0.3,0
Sentinels,Breeze,2024,cypher|jett|kayo|sova|viper,"['cypher', 'jett', 'kayo', 'sova', 'viper']",0,4,4,0.0,4,1.0,0.5064,1,2,1,1,1D-2I-1C-1S,4,1.0,0.421,0.2222,1.0,1.0,0
Sentinels,Haven,2024,breach|cypher|neon|omen|sova,"['breach', 'cypher', 'neon', 'omen', 'sova']",3,1,4,0.75,6,0.6667,0.5064,1,2,1,1,1D-2I-1C-1S,6,1.0,0.421,0.431,0.8667,0.6667,0
Sentinels,Haven,2024,breach|jett|killjoy|omen|sova,"['breach', 'jett', 'killjoy', 'omen', 'sova']",1,1,2,0.5,6,0.3333,0.3457,1,2,1,1,1D-2I-1C-1S,6,1.0,0.421,0.431,0.7333,0.3333,0
Sentinels,Icebox,2024,gekko|jett|kayo|killjoy|viper,"['gekko', 'jett', 'kayo', 'killjoy', 'viper']",3,4,7,0.42857142857142855,9,0.7778,0.6543,1,2,1,1,1D-2I-1C-1S,9,1.0,0.421,0.3524,0.9556,0.7778,0
Sentinels,Icebox,2024,jett|kayo|killjoy|sova|viper,"['jett', 'kayo', 'killjoy', 'sova', 'viper']",1,1,2,0.5,9,0.2222,0.3457,1,2,1,1,1D-2I-1C-1S,9,1.0,0.421,0.3524,0.8444,0.2222,0
Sentinels,Lotus,2024,cypher|deadlock|fade|omen|raze,"['cypher', 'deadlock', 'fade', 'omen', 'raze']",2,1,3,0.6666666666666666,17,0.1765,0.4362,1,1,1,2,1D-1I-1C-2S,3,0.1765,0.421,0.506,0.6706,0.1765,2
Sentinels,Lotus,2024,fade|killjoy|omen|raze|viper,"['fade', 'killjoy', 'omen', 'raze', 'viper']",11,3,14,0.7857142857142857,17,0.8235,0.8521,1,1,2,1,1D-1I-2C-1S,14,0.8235,0.421,0.506,0.9294,0.8235,0
Sentinels,Split,2024,cypher|omen|raze|skye|viper,"['cypher', 'omen', 'raze', 'skye', 'viper']",12,4,16,0.75,16,1.0,0.8915,1,1,2,1,1D-1I-2C-1S,16,1.0,0.421,0.4833,1.0,1.0,0
Sentinels,Sunset,2024,breach|cypher|fade|neon|omen,"['breach', 'cypher', 'fade', 'neon', 'omen']",2,1,3,0.6666666666666666,11,0.2727,0.4362,1,2,1,1,1D-2I-1C-1S,11,1.0,0.421,0.7341,0.5818,0.2727,0
Sentinels,Sunset,2024,breach|cypher|gekko|omen|raze,"['breach', 'cypher', 'gekko', 'omen', 'raze']",1,0,1,1.0,11,0.0909,0.2181,1,2,1,1,1D-2I-1C-1S,11,1.0,0.421,0.7341,0.7636,0.3636,0
Sentinels,Sunset,2024,cypher|gekko|kayo|omen|raze,"['cypher', 'gekko', 'kayo', 'omen', 'raze']",5,2,7,0.7142857142857143,11,0.6364,0.6543,1,2,1,1,1D-2I-1C-1S,11,1.0,0.421,0.7341,0.8182,0.6364,0
T1,Ascent,2024,cypher|fade|jett|omen|viper,"['cypher', 'fade', 'jett', 'omen', 'viper']",0,2,2,0.0,7,0.2857,0.3457,1,1,2,1,1D-1I-2C-1S,2,0.2857,0.4741,0.4933,0.5714,0.2857,0
T1,Ascent,2024,jett|kayo|killjoy|omen|sova,"['jett', 'kayo', 'killjoy', 'omen', 'sova']",4,1,5,0.8,7,0.7143,0.5638,1,2,1,1,1D-2I-1C-1S,5,0.7143,0.4741,0.4933,0.8286,0.7143,0
T1,Bind,2024,brimstone|gekko|kayo|raze|viper,"['brimstone', 'gekko', 'kayo', 'raze', 'viper']",1,0,1,1.0,6,0.1667,0.2181,1,2,2,0,1D-2I-2C-0S,6,1.0,0.4741,0.6095,0.6667,0.1667,2
T1,Bind,2024,gekko|harbor|raze|skye|viper,"['gekko', 'harbor', 'raze', 'skye', 'viper']",0,5,5,0.0,6,0.8333,0.5638,1,2,2,0,1D-2I-2C-0S,6,1.0,0.4741,0.6095,0.9333,0.8333,0
T1,Breeze,2024,harbor|jett|sova|viper|yoru,"['harbor', 'jett', 'sova', 'viper', 'yoru']",3,2,5,0.6,5,1.0,0.5638,2,1,2,0,2D-1I-2C-0S,5,1.0,0.4741,0.5556,1.0,1.0,0
T1,Haven,2024,breach|cypher|jett|omen|sova,"['breach', 'cypher', 'jett', 'omen', 'sova']",1,0,1,1.0,1,1.0,0.2181,1,2,1,1,1D-2I-1C-1S,1,1.0,0.4741,0.6583,1.0,1.0,0
T1,Icebox,2024,chamber|gekko|iso|kayo|viper,"['chamber', 'gekko', 'iso', 'kayo', 'viper']",0,2,2,0.0,4,0.5,0.3457,1,2,1,1,1D-2I-1C-1S,2,0.5,0.4741,0.25,0.7,0.5,0
T1,Icebox,2024,chamber|reyna|sage|sova|viper,"['chamber', 'reyna', 'sage', 'sova', 'viper']",1,1,2,0.5,4,0.5,0.3457,1,1,1,2,1D-1I-1C-2S,2,0.5,0.4741,0.25,0.7,0.5,0
T1,Lotus,2024,chamber|fade|omen|raze|viper,"['chamber', 'fade', 'omen', 'raze', 'viper']",8,6,14,0.5714285714285714,14,1.0,0.8521,1,1,2,1,1D-1I-2C-1S,14,1.0,0.4741,0.4643,1.0,1.0,0
T1,Split,2024,astra|jett|raze|skye|viper,"['astra', 'jett', 'raze', 'skye', 'viper']",0,1,1,0.0,4,0.25,0.2181,2,1,2,0,2D-1I-2C-0S,2,0.5,0.4741,0.25,0.75,0.25,0
T1,Split,2024,chamber|omen|raze|skye|viper,"['chamber', 'omen', 'raze', 'skye', 'viper']",0,2,2,0.0,4,0.5,0.3457,1,1,2,1,1D-1I-2C-1S,2,0.5,0.4741,0.25,0.85,0.5,0
T1,Split,2024,jett|omen|raze|skye|viper,"['jett', 'omen', 'raze', 'skye', 'viper']",0,1,1,0.0,4,0.25,0.2181,2,1,2,0,2D-1I-2C-0S,2,0.5,0.4741,0.25,0.85,0.5,0
T1,Sunset,2024,breach|gekko|omen|raze|sage,"['breach', 'gekko', 'omen', 'raze', 'sage']",0,2,2,0.0,8,0.25,0.3457,1,2,1,1,1D-2I-1C-1S,7,0.875,0.4741,0.5286,0.675,0.25,0
T1,Sunset,2024,cypher|gekko|kayo|omen|raze,"['cypher', 'gekko', 'kayo', 'omen', 'raze']",2,3,5,0.4,8,0.625,0.5638,1,2,1,1,1D-2I-1C-1S,7,0.875,0.4741,0.5286,0.85,0.625,0
T1,Sunset,2024,cypher|omen|raze|sova|viper,"['cypher', 'omen', 'raze', 'sova', 'viper']",1,0,1,1.0,8,0.125,0.2181,1,1,2,1,1D-1I-2C-1S,1,0.125,0.4741,0.5286,0.6,0.125,2
TYLOO,Ascent,2024,cypher|jett|omen|phoenix|sova,"['cypher', 'jett', 'omen', 'phoenix', 'sova']",0,2,2,0.0,6,0.3333,0.3457,2,1,1,1,2D-1I-1C-1S,2,0.3333,0.4371,0.2778,0.7333,0.3333,0
TYLOO,Ascent,2024,jett|kayo|killjoy|omen|sova,"['jett', 'kayo', 'killjoy', 'omen', 'sova']",2,2,4,0.5,6,0.6667,0.5064,1,2,1,1,1D-2I-1C-1S,4,0.6667,0.4371,0.2778,0.8667,0.6667,0
TYLOO,Bind,2024,brimstone|cypher|raze|skye|viper,"['brimstone', 'cypher', 'raze', 'skye', 'viper']",2,1,3,0.6666666666666666,4,0.75,0.4362,1,1,2,1,1D-1I-2C-1S,3,0.75,0.4371,0.65,0.95,0.75,0
TYLOO,Bind,2024,brimstone|gekko|raze|skye|viper,"['brimstone', 'gekko', 'raze', 'skye', 'viper']",1,0,1,1.0,4,0.25,0.2181,1,2,2,0,1D-2I-2C-0S,1,0.25,0.4371,0.65,0.85,0.25,0
TYLOO,Breeze,2024,astra|jett|sova|viper|yoru,"['astra', 'jett', 'sova', 'viper', 'yoru']",1,0,1,1.0,1,1.0,0.2181,2,1,2,0,2D-1I-2C-0S,1,1.0,0.4371,1.0,1.0,1.0,0
TYLOO,Haven,2024,breach|cypher|jett|omen|sova,"['breach', 'cypher', 'jett', 'omen', 'sova']",1,1,2,0.5,2,1.0,0.3457,1,2,1,1,1D-2I-1C-1S,2,1.0,0.4371,0.38,1.0,1.0,0
TYLOO,Icebox,2024,gekko|jett|kayo|killjoy|viper,"['gekko', 'jett', 'kayo', 'killjoy', 'viper']",1,3,4,0.25,6,0.6667,0.5064,1,2,1,1,1D-2I-1C-1S,4,0.6667,0.4371,0.4792,0.9333,0.6667,0
TYLOO,Icebox,2024,gekko|jett|killjoy|reyna|viper,"['gekko', 'jett', 'killjoy', 'reyna', 'viper']",0,2,2,0.0,6,0.3333,0.3457,2,1,1,1,2D-1I-1C-1S,2,0.3333,0.4371,0.4792,0.8667,0.3333,0
TYLOO,Lotus,2024,fade|killjoy|omen|raze|viper,"['fade', 'killjoy', 'omen', 'raze', 'viper']",0,1,1,0.0,1,1.0,0.2181,1,1,2,1,1D-1I-2C-1S,1,1.0,0.4371,0.3333,1.0,1.0,0
TYLOO,Split,2024,cypher|omen|raze|skye|viper,"['cypher', 'omen', 'raze', 'skye', 'viper']",1,2,3,0.3333333333333333,3,1.0,0.4362,1,1,2,1,1D-1I-2C-1S,3,1.0,0.4371,0.4583,1.0,1.0,0
TYLOO,Sunset,2024,breach|brimstone|cypher|neon|sova,"['breach', 'brimstone', 'cypher', 'neon', 'sova']",1,1,2,0.5,5,0.4,0.3457,1,2,1,1,1D-2I-1C-1S,5,1.0,0.4371,0.1667,0.68,0.4,0
TYLOO,Sunset,2024,breach|cypher|omen|raze|sova,"['breach', 'cypher', 'omen', 'raze', 'sova']",0,2,2,0.0,5,0.4,0.3457,1,2,1,1,1D-2I-1C-1S,5,1.0,0.4371,0.1667,0.76,0.6,0
TYLOO,Sunset,2024,cypher|gekko|kayo|omen|raze,"['cypher', 'gekko', 'kayo', 'omen', 'raze']",0,1,1,0.0,5,0.2,0.2181,1,2,1,1,1D-2I-1C-1S,5,1.0,0.4371,0.1667,0.52,0.2,0
Talon Esports,Abyss,2024,cypher|iso|jett|omen|sova,"['cypher', 'iso', 'jett', 'omen', 'sova']",1,1,2,0.5,2,1.0,0.3457,2,1,1,1,2D-1I-1C-1S,2,1.0,0.3922,0.75,1.0,1.0,0
Talon Esports,Ascent,2024,clove|kayo|phoenix|sage|sova,"['clove', 'kayo', 'phoenix', 'sage', 'sova']",0,1,1,0.0,10,0.1,0.2181,1,2,1,1,1D-2I-1C-1S,10,1.0,0.3922,0.2407,0.46,0.1,3
Talon Esports,Ascent,2024,jett|kayo|killjoy|omen|sova,"['jett', 'kayo', 'killjoy', 'omen', 'sova']",2,7,9,0.2222222222222222,10,0.9,0.7245,1,2,1,1,1D-2I-1C-1S,10,1.0,0.3922,0.2407,0.94,0.9,0
Talon Esports,Bind,2024,gekko|harbor|raze|skye|viper,"['gekko', 'harbor', 'raze', 'skye', 'viper']",3,0,3,1.0,4,0.75,0.4362,1,2,2,0,1D-2I-2C-0S,3,0.75,0.3922,0.5185,0.85,0.75,0
Talon Esports,Bind,2024,neon|omen|skye|viper|yoru,"['neon', 'omen', 'skye', 'viper', 'yoru']",0,1,1,0.0,4,0.25,0.2181,2,1,2,0,2D-1I-2C-0S,1,0.25,0.3922,0.5185,0.55,0.25,0
Talon Esports,Breeze,2024,cypher|jett|sova|viper|yoru,"['cypher', 'jett', 'sova', 'viper', 'yoru']",2,0,2,1.0,4,0.5,0.3457,2,1,1,1,2D-1I-1C-1S,2,0.5,0.3922,0.75,0.8,0.5,0
Talon Esports,Breeze,2024,harbor|neon|sova|viper|yoru,"['harbor', 'neon', 'sova', 'viper', 'yoru']",1,1,2,0.5,4,0.5,0.3457,2,1,2,0,2D-1I-2C-0S,2,0.5,0.3922,0.75,0.8,0.5,0
Talon Esports,Haven,2024,astra|breach|iso|killjoy|neon,"['astra', 'breach', 'iso', 'killjoy', 'neon']",0,2,2,0.0,2,1.0,0.3457,2,1,1,1,2D-1I-1C-1S,2,1.0,0.3922,0.3667,1.0,1.0,0
Talon Esports,Icebox,2024,clove|harbor|iso|killjoy|sova,"['clove', 'harbor', 'iso', 'killjoy', 'sova']",1,2,3,0.3333333333333333,5,0.6,0.4362,1,1,2,1,1D-1I-2C-1S,3,0.6,0.3922,0.3917,0.68,0.6,0
Talon Esports,Icebox,2024,gekko|jett|kayo|killjoy|viper,"['gekko', 'jett', 'kayo', 'killjoy', 'viper']",1,1,2,0.5,5,0.4,0.3457,1,2,1,1,1D-2I-1C-1S,2,0.4,0.3922,0.3917,0.52,0.4,0
Talon Esports,Lotus,2024,astra|breach|cypher|neon|sova,"['astra', 'breach', 'cypher', 'neon', 'sova']",3,0,4,1.0,11,0.3636,0.5064,1,2,1,1,1D-2I-1C-1S,4,0.3636,0.3922,0.5278,0.3636,0.3636,0
Talon Esports,Lotus,2024,clove|deadlock|fade|omen|raze,"['clove', 'deadlock', 'fade', 'omen', 'raze']",0,1,1,0.0,11,0.0909,0.2181,1,1,2,1,1D-1I-2C-1S,7,0.6364,0.3922,0.5278,0.4182,0.0909,2
Talon Esports,Lotus,2024,fade|killjoy|omen|raze|viper,"['fade', 'killjoy', 'omen', 'raze', 'viper']",3,3,6,0.5,11,0.5455,0.6123,1,1,2,1,1D-1I-2C-1S,7,0.6364,0.3922,0.5278,0.6,0.5455,0
Talon Esports,Split,2024,astra|cypher|raze|skye|sova,"['astra', 'cypher', 'raze', 'skye', 'sova']",0,1,1,0.0,1,1.0,0.2181,1,2,1,1,1D-2I-1C-1S,1,1.0,0.3922,0.1667,1.0,1.0,0
Talon Esports,Sunset,2024,breach|cypher|fade|neon|omen,"['breach', 'cypher', 'fade', 'neon', 'omen']",0,2,2,0.0,6,0.3333,0.3457,1,2,1,1,1D-2I-1C-1S,5,0.8333,0.3922,0.0833,0.8333,0.5,0
Talon Esports,Sunset,2024,breach|cypher|neon|omen|sova,"['breach', 'cypher', 'neon', 'omen', 'sova']",1,2,3,0.3333333333333333,6,0.5,0.4362,1,2,1,1,1D-2I-1C-1S,5,0.8333,0.3922,0.0833,0.8333,0.5,0
Talon Esports,Sunset,2024,cypher|deadlock|fade|omen|raze,"['cypher', 'deadlock', 'fade', 'omen', 'raze']",0,1,1,0.0,6,0.1667,0.2181,1,1,1,2,1D-1I-1C-2S,1,0.1667,0.3922,0.0833,0.5667,0.1667,2
Team Heretics,Abyss,2024,astra|breach|cypher|gekko|raze,"['astra', 'breach', 'cypher', 'gekko', 'raze']",1,0,1,1.0,8,0.125,0.2181,1,2,1,1,1D-2I-1C-1S,8,1.0,0.553,0.3571,0.65,0.125,2
Team Heretics,Abyss,2024,astra|cypher|gekko|jett|sova,"['astra', 'cypher', 'gekko', 'jett', 'sova']",3,4,7,0.42857142857142855,8,0.875,0.6543,1,2,1,1,1D-2I-1C-1S,8,1.0,0.553,0.3571,0.95,0.875,0
Team Heretics,Ascent,2024,jett|kayo|killjoy|omen|sova,"['jett', 'kayo', 'killjoy', 'omen', 'sova']",1,1,2,0.5,2,1.0,0.3457,1,2,1,1,1D-2I-1C-1S,2,1.0,0.553,0.6852,1.0,1.0,0
Team Heretics,Bind,2024,astra|kayo|sova|viper|yoru,"['astra', 'kayo', 'sova', 'viper', 'yoru']",1,1,2,0.5,16,0.125,0.3457,1,2,2,0,1D-2I-2C-0S,16,1.0,0.553,0.6515,0.375,0.125,2
Team Heretics,Bind,2024,brimstone|fade|gekko|raze|viper,"['brimstone', 'fade', 'gekko', 'raze', 'viper']",8,3,11,0.7272727272727273,16,0.6875,0.7819,1,2,2,0,1D-2I-2C-0S,16,1.0,0.553,0.6515,0.75,0.6875,0
Team Heretics,Bind,2024,omen|skye|sova|viper|yoru,"['omen', 'skye', 'sova', 'viper', 'yoru']",3,0,3,1.0,16,0.1875,0.4362,1,2,2,0,1D-2I-2C-0S,16,1.0,0.553,0.6515,0.4,0.1875,2
Team Heretics,Breeze,2024,cypher|jett|skye|sova|viper,"['cypher', 'jett', 'skye', 'sova', 'viper']",0,1,1,0.0,5,0.2,0.2181,1,2,1,1,1D-2I-1C-1S,5,1.0,0.553,0.4167,0.68,0.2,0
Team Heretics,Breeze,2024,cypher|kayo|sova|viper|yoru,"['cypher', 'kayo', 'sova', 'viper', 'yoru']",2,2,4,0.5,5,0.8,0.5064,1,2,1,1,1D-2I-1C-1S,5,1.0,0.553,0.4167,0.92,0.8,0
Team Heretics,Haven,2024,breach|cypher|iso|neon|omen,"['breach', 'cypher', 'iso', 'neon', 'omen']",2,1,3,0.6666666666666666,5,0.6,0.4362,2,1,1,1,2D-1I-1C-1S,3,0.6,0.553,0.5333,0.92,0.6,0
Team Heretics,Haven,2024,breach|cypher|neon|omen|sova,"['breach', 'cypher', 'neon', 'omen', 'sova']",1,1,2,0.5,5,0.4,0.3457,1,2,1,1,1D-2I-1C-1S,2,0.4,0.553,0.5333,0.88,0.4,0
Team Heretics,Icebox,2024,gekko|jett|kayo|killjoy|viper,"['gekko', 'jett', 'kayo', 'killjoy', 'viper']",2,1,3,0.6666666666666666,17,0.1765,0.4362,1,2,1,1,1D-2I-1C-1S,17,1.0,0.553,0.4772,0.7294,0.4706,0
Team Heretics,Icebox,2024,gekko|killjoy|neon|sova|viper,"['gekko', 'killjoy', 'neon', 'sova', 'viper']",5,3,8,0.625,17,0.4706,0.6914,1,2,1,1,1D-2I-1C-1S,17,1.0,0.553,0.4772,0.7882,0.4706,0
Team Heretics,Icebox,2024,jett|kayo|killjoy|sova|viper,"['jett', 'kayo', 'killjoy', 'sova', 'viper']",5,0,5,1.0,17,0.2941,0.5638,1,2,1,1,1D-2I-1C-1S,17,1.0,0.553,0.4772,0.7647,0.4706,0
Team Heretics,Icebox,2024,kayo|killjoy|raze|sova|viper,"['kayo', 'killjoy', 'raze', 'sova', 'viper']",0,1,1,0.0,17,0.0588,0.2181,1,2,1,1,1D-2I-1C-1S,17,1.0,0.553,0.4772,0.6824,0.0588,1
Team Heretics,Lotus,2024,breach|cypher|fade|neon|omen,"['breach', 'cypher', 'fade', 'neon', 'omen']",1,1,2,0.5,24,0.0833,0.3457,1,2,1,1,1D-2I-1C-1S,13,0.5417,0.553,0.5532,0.6333,0.2917,0
Team Heretics,Lotus,2024,breach|cypher|fade|omen|raze,"['breach', 'cypher', 'fade', 'omen', 'raze']",6,5,11,0.5454545454545454,24,0.4583,0.7819,1,2,1,1,1D-2I-1C-1S,13,0.5417,0.553,0.5532,0.7167,0.5417,0
Team Heretics,Lotus,2024,fade|killjoy|omen|raze|viper,"['fade', 'killjoy', 'omen', 'raze', 'viper']",4,2,6,0.6666666666666666,24,0.25,0.6123,1,1,2,1,1D-1I-2C-1S,11,0.4583,0.553,0.5532,0.6833,0.4583,0
Team Heretics,Lotus,2024,gekko|killjoy|neon|omen|viper,"['gekko', 'killjoy', 'neon', 'omen', 'viper']",3,2,5,0.6,24,0.2083,0.5638,1,1,2,1,1D-1I-2C-1S,11,0.4583,0.553,0.5532,0.4833,0.2083,0
Team Heretics,Split,2024,breach|cypher|iso|neon|omen,"['breach', 'cypher', 'iso', 'neon', 'omen']",1,1,2,0.5,12,0.1667,0.3457,2,1,1,1,2D-1I-1C-1S,2,0.1667,0.553,0.4325,0.55,0.1667,2
Team Heretics,Split,2024,breach|cypher|omen|raze|viper,"['breach', 'cypher', 'omen', 'raze', 'viper']",1,2,3,0.3333333333333333,12,0.25,0.4362,1,1,2,1,1D-1I-2C-1S,10,0.8333,0.553,0.4325,0.8167,0.4167,0
Team Heretics,Split,2024,cypher|omen|raze|skye|viper,"['cypher', 'omen', 'raze', 'skye', 'viper']",3,4,7,0.42857142857142855,12,0.5833,0.6543,1,1,2,1,1D-1I-2C-1S,10,0.8333,0.553,0.4325,0.85,0.5833,0
Team Heretics,Sunset,2024,cypher|kayo|neon|omen|sova,"['cypher', 'kayo', 'neon', 'omen', 'sova']",10,4,14,0.7142857142857143,22,0.6364,0.8521,1,2,1,1,1D-2I-1C-1S,22,1.0,0.553,0.7723,0.9273,0.6364,0
Team Heretics,Sunset,2024,cypher|kayo|omen|raze|sova,"['cypher', 'kayo', 'omen', 'raze', 'sova']",7,1,8,0.875,22,0.3636,0.6914,1,2,1,1,1D-2I-1C-1S,22,1.0,0.553,0.7723,0.8727,0.3636,0
Team Liquid,Ascent,2024,cypher|iso|jett|omen|sova,"['cypher', 'iso', 'jett', 'omen', 'sova']",0,1,1,0.0,5,0.2,0.2181,2,1,1,1,2D-1I-1C-1S,1,0.2,0.4583,0.5333,0.68,0.2,0
Team Liquid,Ascent,2024,cypher|omen|sova|viper|yoru,"['cypher', 'omen', 'sova', 'viper', 'yoru']",2,2,4,0.5,5,0.8,0.5064,1,1,2,1,1D-1I-2C-1S,4,0.8,0.4583,0.5333,0.92,0.8,0
Team Liquid,Bind,2024,astra|fade|raze|skye|viper,"['astra', 'fade', 'raze', 'skye', 'viper']",1,0,1,1.0,3,0.3333,0.2181,1,2,2,0,1D-2I-2C-0S,3,1.0,0.4583,0.7143,0.6667,0.3333,0
Team Liquid,Bind,2024,brimstone|gekko|raze|skye|viper,"['brimstone', 'gekko', 'raze', 'skye', 'viper']",1,0,1,1.0,3,0.3333,0.2181,1,2,2,0,1D-2I-2C-0S,3,1.0,0.4583,0.7143,0.7333,0.3333,0
Team Liquid,Bind,2024,gekko|harbor|kayo|raze|viper,"['gekko', 'harbor', 'kayo', 'raze', 'viper']",0,1,1,0.0,3,0.3333,0.2181,1,2,2,0,1D-2I-2C-0S,3,1.0,0.4583,0.7143,0.6667,0.3333,0
Team Liquid,Breeze,2024,cypher|kayo|sova|viper|yoru,"['cypher', 'kayo', 'sova', 'viper', 'yoru']",0,1,1,0.0,1,1.0,0.2181,1,2,1,1,1D-2I-1C-1S,1,1.0,0.4583,0.2381,1.0,1.0,0
Team Liquid,Haven,2024,breach|jett|killjoy|omen|sova,"['breach', 'jett', 'killjoy', 'omen', 'sova']",0,1,1,0.0,1,1.0,0.2181,1,2,1,1,1D-2I-1C-1S,1,1.0,0.4583,0.5,1.0,1.0,0
Team Liquid,Icebox,2024,chamber|harbor|reyna|sova|viper,"['chamber', 'harbor', 'reyna', 'sova', 'viper']",3,1,4,0.75,8,0.5,0.5064,1,1,2,1,1D-1I-2C-1S,4,0.5,0.4583,0.4833,0.75,0.5,0
Team Liquid,Icebox,2024,chamber|jett|sage|sova|viper,"['chamber', 'jett', 'sage', 'sova', 'viper']",0,2,2,0.0,8,0.25,0.3457,1,1,1,2,1D-1I-1C-2S,4,0.5,0.4583,0.4833,0.75,0.5,0
Team Liquid,Icebox,2024,jett|killjoy|sage|sova|viper,"['jett', 'killjoy', 'sage', 'sova', 'viper']",2,0,2,1.0,8,0.25,0.3457,1,1,1,2,1D-1I-1C-2S,4,0.5,0.4583,0.4833,0.65,0.25,0
Team Liquid,Lotus,2024,breach|cypher|omen|raze|sova,"['breach', 'cypher', 'omen', 'raze', 'sova']",2,2,4,0.5,6,0.6667,0.5064,1,2,1,1,1D-2I-1C-1S,4,0.6667,0.4583,0.4583,0.8667,0.6667,0
Team Liquid,Lotus,2024,cypher|fade|omen|raze|yoru,"['cypher', 'fade', 'omen', 'raze', 'yoru']",0,2,2,0.0,6,0.3333,0.3457,2,1,1,1,2D-1I-1C-1S,2,0.3333,0.4583,0.4583,0.7333,0.3333,0
Team Liquid,Split,2024,cypher|omen|raze|skye|viper,"['cypher', 'omen', 'raze', 'skye', 'viper']",1,4,5,0.2,5,1.0,0.5638,1,1,2,1,1D-1I-2C-1S,5,1.0,0.4583,0.5855,1.0,1.0,0
Team Liquid,Sunset,2024,breach|cypher|fade|omen|raze,"['breach', 'cypher', 'fade', 'omen', 'raze']",0,1,1,0.0,3,0.3333,0.2181,1,2,1,1,1D-2I-1C-1S,2,0.6667,0.4583,0.3667,0.5333,0.3333,0
Team Liquid,Sunset,2024,cypher|gekko|omen|sova|yoru,"['cypher', 'gekko', 'omen', 'sova', 'yoru']",0,1,1,0.0,3,0.3333,0.2181,1,2,1,1,1D-2I-1C-1S,2,0.6667,0.4583,0.3667,0.6,0.3333,0
Team Liquid,Sunset,2024,gekko|kayo|omen|sage|viper,"['gekko', 'kayo', 'omen', 'sage', 'viper']",1,0,1,1.0,3,0.3333,0.2181,0,2,2,1,0D-2I-2C-1S,1,0.3333,0.4583,0.3667,0.5333,0.3333,0
Team Secret,Abyss,2024,cypher|jett|kayo|omen|sova,"['cypher', 'jett', 'kayo', 'omen', 'sova']",0,1,1,0.0,1,1.0,0.2181,1,2,1,1,1D-2I-1C-1S,1,1.0,0.371,0.3333,1.0,1.0,0
Team Secret,Ascent,2024,jett|kayo|killjoy|omen|sova,"['jett', 'kayo', 'killjoy', 'omen', 'sova']",3,2,5,0.6,5,1.0,0.5638,1,2,1,1,1D-2I-1C-1S,5,1.0,0.371,0.6444,1.0,1.0,0
Team Secret,Breeze,2024,cypher|jett|kayo|sova|viper,"['cypher', 'jett', 'kayo', 'sova', 'viper']",3,4,7,0.42857142857142855,7,1.0,0.6543,1,2,1,1,1D-2I-1C-1S,7,1.0,0.371,0.381,1.0,1.0,0
Team Secret,Haven,2024,breach|killjoy|neon|omen|sova,"['breach', 'killjoy', 'neon', 'omen', 'sova']",0,1,1,0.0,1,1.0,0.2181,1,2,1,1,1D-2I-1C-1S,1,1.0,0.371,0.0,1.0,1.0,0
Team Secret,Icebox,2024,gekko|jett|kayo|killjoy|viper,"['gekko', 'jett', 'kayo', 'killjoy', 'viper']",1,0,1,1.0,6,0.1667,0.2181,1,2,1,1,1D-2I-1C-1S,4,0.6667,0.371,0.5333,0.7667,0.1667,1
Team Secret,Icebox,2024,jett|kayo|killjoy|sova|viper,"['jett', 'kayo', 'killjoy', 'sova', 'viper']",2,1,3,0.6666666666666666,6,0.5,0.4362,1,2,1,1,1D-2I-1C-1S,4,0.6667,0.371,0.5333,0.9,0.6667,0
Team Secret,Icebox,2024,jett|killjoy|sage|sova|viper,"['jett', 'killjoy', 'sage', 'sova', 'viper']",1,1,2,0.5,6,0.3333,0.3457,1,1,1,2,1D-1I-1C-2S,2,0.3333,0.371,0.5333,0.8333,0.3333,0
Team Secret,Lotus,2024,cypher|neon|omen|skye|sova,"['cypher', 'neon', 'omen', 'skye', 'sova']",0,2,2,0.0,9,0.2222,0.3457,1,2,1,1,1D-2I-1C-1S,2,0.2222,0.371,0.3381,0.4222,0.2222,0
Team Secret,Lotus,2024,fade|killjoy|omen|raze|viper,"['fade', 'killjoy', 'omen', 'raze', 'viper']",1,4,5,0.2,9,0.5556,0.5638,1,1,2,1,1D-1I-2C-1S,7,0.7778,0.371,0.3381,0.7778,0.5556,0
Team Secret,Lotus,2024,killjoy|omen|raze|skye|viper,"['killjoy', 'omen', 'raze', 'skye', 'viper']",1,1,2,0.5,9,0.2222,0.3457,1,1,2,1,1D-1I-2C-1S,7,0.7778,0.371,0.3381,0.7556,0.4444,0
Team Secret,Split,2024,breach|cypher|fade|omen|raze,"['breach', 'cypher', 'fade', 'omen', 'raze']",1,0,1,1.0,4,0.25,0.2181,1,2,1,1,1D-2I-1C-1S,1,0.25,0.371,0.3889,0.7,0.25,0
Team Secret,Split,2024,cypher|omen|raze|skye|viper,"['cypher', 'omen', 'raze', 'skye', 'viper']",3,0,3,1.0,4,0.75,0.4362,1,1,2,1,1D-1I-2C-1S,3,0.75,0.371,0.3889,0.9,0.75,0
Team Secret,Sunset,2024,breach|cypher|omen|raze|sova,"['breach', 'cypher', 'omen', 'raze', 'sova']",7,2,9,0.7777777777777778,9,1.0,0.7245,1,2,1,1,1D-2I-1C-1S,9,1.0,0.371,0.6389,1.0,1.0,0
Team Vitality,Ascent,2024,cypher|jett|kayo|omen|sova,"['cypher', 'jett', 'kayo', 'omen', 'sova']",0,2,2,0.0,7,0.2857,0.3457,1,2,1,1,1D-2I-1C-1S,7,1.0,0.4264,0.42,0.8571,0.2857,0
Team Vitality,Ascent,2024,jett|kayo|killjoy|omen|sova,"['jett', 'kayo', 'killjoy', 'omen', 'sova']",3,2,5,0.6,7,0.7143,0.5638,1,2,1,1,1D-2I-1C-1S,7,1.0,0.4264,0.42,0.9429,0.7143,0
Team Vitality,Bind,2024,brimstone|deadlock|gekko|raze|viper,"['brimstone', 'deadlock', 'gekko', 'raze', 'viper']",0,1,1,0.0,4,0.25,0.2181,1,1,2,1,1D-1I-2C-1S,1,0.25,0.4264,0.1667,0.7,0.25,0
Team Vitality,Bind,2024,fade|gekko|omen|raze|viper,"['fade', 'gekko', 'omen', 'raze', 'viper']",1,2,3,0.3333333333333333,4,0.75,0.4362,1,2,2,0,1D-2I-2C-0S,3,0.75,0.4264,0.1667,0.9,0.75,0
Team Vitality,Breeze,2024,astra|cypher|jett|skye|viper,"['astra', 'cypher', 'jett', 'skye', 'viper']",1,1,2,0.5,5,0.4,0.3457,1,1,2,1,1D-1I-2C-1S,5,1.0,0.4264,0.6875,0.76,0.4,0
Team Vitality,Breeze,2024,astra|cypher|sova|viper|yoru,"['astra', 'cypher', 'sova', 'viper', 'yoru']",3,0,3,1.0,5,0.6,0.4362,1,1,2,1,1D-1I-2C-1S,5,1.0,0.4264,0.6875,0.84,0.6,0
Team Vitality,Haven,2024,breach|cypher|jett|omen|sova,"['breach', 'cypher', 'jett', 'omen', 'sova']",1,3,4,0.25,4,1.0,0.5064,1,2,1,1,1D-2I-1C-1S,4,1.0,0.4264,0.2367,1.0,1.0,0
Team Vitality,Icebox,2024,gekko|jett|killjoy|sova|viper,"['gekko', 'jett', 'killjoy', 'sova', 'viper']",3,3,6,0.5,10,0.6,0.6123,1,2,1,1,1D-2I-1C-1S,10,1.0,0.4264,0.25,0.84,0.6,0
Team Vitality,Icebox,2024,gekko|kayo|killjoy|raze|viper,"['gekko', 'kayo', 'killjoy', 'raze', 'viper']",2,2,4,0.5,10,0.4,0.5064,1,2,1,1,1D-2I-1C-1S,10,1.0,0.4264,0.25,0.76,0.4,0
Team Vitality,Lotus,2024,breach|cypher|fade|omen|raze,"['breach', 'cypher', 'fade', 'omen', 'raze']",4,4,8,0.5,13,0.6154,0.6914,1,2,1,1,1D-2I-1C-1S,8,0.6154,0.4264,0.5,0.7692,0.6154,0
Team Vitality,Lotus,2024,fade|killjoy|neon|omen|viper,"['fade', 'killjoy', 'neon', 'omen', 'viper']",0,2,2,0.0,13,0.1538,0.3457,1,1,2,1,1D-1I-2C-1S,5,0.3846,0.4264,0.5,0.5385,0.1538,1
Team Vitality,Lotus,2024,killjoy|omen|raze|skye|viper,"['killjoy', 'omen', 'raze', 'skye', 'viper']",2,1,3,0.6666666666666666,13,0.2308,0.4362,1,1,2,1,1D-1I-2C-1S,5,0.3846,0.4264,0.5,0.5692,0.2308,0
Team Vitality,Split,2024,astra|killjoy|raze|skye|viper,"['astra', 'killjoy', 'raze', 'skye', 'viper']",0,1,1,0.0,1,1.0,0.2181,1,1,2,1,1D-1I-2C-1S,1,1.0,0.4264,0.4167,1.0,1.0,0
Team Vitality,Sunset,2024,cypher|kayo|neon|omen|sova,"['cypher', 'kayo', 'neon', 'omen', 'sova']",6,3,9,0.6666666666666666,17,0.5294,0.7245,1,2,1,1,1D-2I-1C-1S,9,0.5294,0.4264,0.4792,0.7176,0.5294,0
Team Vitality,Sunset,2024,cypher|omen|raze|skye|viper,"['cypher', 'omen', 'raze', 'skye', 'viper']",3,1,4,0.75,17,0.2353,0.5064,1,1,2,1,1D-1I-2C-1S,4,0.2353,0.4264,0.4792,0.5882,0.2353,0
Team Vitality,Sunset,2024,gekko|kayo|omen|raze|viper,"['gekko', 'kayo', 'omen', 'raze', 'viper']",2,2,4,0.5,17,0.2353,0.5064,1,2,2,0,1D-2I-2C-0S,4,0.2353,0.4264,0.4792,0.5882,0.2353,0
Titan Esports Club,Ascent,2024,cypher|jett|kayo|omen|sova,"['cypher', 'jett', 'kayo', 'omen', 'sova']",0,1,1,0.0,3,0.3333,0.2181,1,2,1,1,1D-2I-1C-1S,3,1.0,0.3928,0.4,0.8,0.3333,0
Titan Esports Club,Ascent,2024,gekko|jett|killjoy|omen|sova,"['gekko', 'jett', 'killjoy', 'omen', 'sova']",0,1,1,0.0,3,0.3333,0.2181,1,2,1,1,1D-2I-1C-1S,3,1.0,0.3928,0.4,0.8,0.3333,0
Titan Esports Club,Ascent,2024,jett|kayo|killjoy|omen|sova,"['jett', 'kayo', 'killjoy', 'omen', 'sova']",1,0,1,1.0,3,0.3333,0.2181,1,2,1,1,1D-2I-1C-1S,3,1.0,0.3928,0.4,0.8667,0.6667,0
Titan Esports Club,Bind,2024,brimstone|chamber|raze|skye|viper,"['brimstone', 'chamber', 'raze', 'skye', 'viper']",1,1,2,0.5,7,0.2857,0.3457,1,1,2,1,1D-1I-2C-1S,5,0.7143,0.3928,0.4722,0.8571,0.2857,0
Titan Esports Club,Bind,2024,brimstone|cypher|raze|skye|viper,"['brimstone', 'cypher', 'raze', 'skye', 'viper']",1,2,3,0.3333333333333333,7,0.4286,0.4362,1,1,2,1,1D-1I-2C-1S,5,0.7143,0.3928,0.4722,0.8857,0.4286,0
Titan Esports Club,Bind,2024,brimstone|gekko|raze|skye|viper,"['brimstone', 'gekko', 'raze', 'skye', 'viper']",1,1,2,0.5,7,0.2857,0.3457,1,2,2,0,1D-2I-2C-0S,2,0.2857,0.3928,0.4722,0.8571,0.2857,0
Titan Esports Club,Breeze,2024,cypher|jett|kayo|sova|viper,"['cypher', 'jett', 'kayo', 'sova', 'viper']",1,0,1,1.0,2,0.5,0.2181,1,2,1,1,1D-2I-1C-1S,1,0.5,0.3928,0.6875,0.9,0.5,0
Titan Esports Club,Breeze,2024,cypher|jett|sova|viper|yoru,"['cypher', 'jett', 'sova', 'viper', 'yoru']",1,0,1,1.0,2,0.5,0.2181,2,1,1,1,2D-1I-1C-1S,1,0.5,0.3928,0.6875,0.9,0.5,0
Titan Esports Club,Haven,2024,breach|jett|killjoy|omen|sova,"['breach', 'jett', 'killjoy', 'omen', 'sova']",0,1,1,0.0,1,1.0,0.2181,1,2,1,1,1D-2I-1C-1S,1,1.0,0.3928,0.2667,1.0,1.0,0
Titan Esports Club,Icebox,2024,harbor|jett|killjoy|sova|viper,"['harbor', 'jett', 'killjoy', 'sova', 'viper']",1,1,2,0.5,7,0.2857,0.3457,1,1,2,1,1D-1I-2C-1S,2,0.2857,0.3928,0.35,0.8571,0.2857,0
Titan Esports Club,Icebox,2024,jett|kayo|killjoy|sova|viper,"['jett', 'kayo', 'killjoy', 'sova', 'viper']",0,3,3,0.0,7,0.4286,0.4362,1,2,1,1,1D-2I-1C-1S,3,0.4286,0.3928,0.35,0.8857,0.4286,0
Titan Esports Club,Icebox,2024,jett|killjoy|reyna|sova|viper,"['jett', 'killjoy', 'reyna', 'sova', 'viper']",1,1,2,0.5,7,0.2857,0.3457,2,1,1,1,2D-1I-1C-1S,2,0.2857,0.3928,0.35,0.8571,0.2857,0
Titan Esports Club,Lotus,2024,breach|chamber|fade|neon|omen,"['breach', 'chamber', 'fade', 'neon', 'omen']",1,2,3,0.3333333333333333,9,0.3333,0.4362,1,2,1,1,1D-2I-1C-1S,3,0.3333,0.3928,0.2333,0.6,0.3333,0
Titan Esports Club,Lotus,2024,fade|killjoy|omen|raze|viper,"['fade', 'killjoy', 'omen', 'raze', 'viper']",3,3,6,0.5,9,0.6667,0.6123,1,1,2,1,1D-1I-2C-1S,6,0.6667,0.3928,0.2333,0.8,0.6667,0
Titan Esports Club,Split,2024,astra|jett|raze|skye|viper,"['astra', 'jett', 'raze', 'skye', 'viper']",1,1,2,0.5,5,0.4,0.3457,2,1,2,0,2D-1I-2C-0S,2,0.4,0.3928,0.35,0.76,0.4,0
Titan Esports Club,Split,2024,cypher|omen|raze|skye|viper,"['cypher', 'omen', 'raze', 'skye', 'viper']",0,3,3,0.0,5,0.6,0.4362,1,1,2,1,1D-1I-2C-1S,3,0.6,0.3928,0.35,0.84,0.6,0
Titan Esports Club,Sunset,2024,breach|cypher|fade|neon|omen,"['breach', 'cypher', 'fade', 'neon', 'omen']",1,1,2,0.5,4,0.5,0.3457,1,2,1,1,1D-2I-1C-1S,4,1.0,0.3928,0.4444,0.8,0.5,0
Titan Esports Club,Sunset,2024,breach|cypher|omen|raze|sova,"['breach', 'cypher', 'omen', 'raze', 'sova']",1,1,2,0.5,4,0.5,0.3457,1,2,1,1,1D-2I-1C-1S,4,1.0,0.3928,0.4444,0.8,0.5,0
Trace Esports,Abyss,2024,astra|cypher|jett|kayo|sova,"['astra', 'cypher', 'jett', 'kayo', 'sova']",0,1,1,0.0,3,0.3333,0.2181,1,2,1,1,1D-2I-1C-1S,1,0.3333,0.3829,0.15,0.6,0.3333,0
Trace Esports,Abyss,2024,cypher|kayo|omen|raze|viper,"['cypher', 'kayo', 'omen', 'raze', 'viper']",0,2,2,0.0,3,0.6667,0.3457,1,1,2,1,1D-1I-2C-1S,2,0.6667,0.3829,0.15,0.8,0.6667,0
Trace Esports,Ascent,2024,jett|kayo|killjoy|omen|sova,"['jett', 'kayo', 'killjoy', 'omen', 'sova']",7,0,7,1.0,7,1.0,0.6543,1,2,1,1,1D-2I-1C-1S,7,1.0,0.3829,0.375,1.0,1.0,0
Trace Esports,Bind,2024,brimstone|cypher|deadlock|raze|skye,"['brimstone', 'cypher', 'deadlock', 'raze', 'skye']",2,1,3,0.6666666666666666,12,0.25,0.4362,1,1,1,2,1D-1I-1C-2S,3,0.25,0.3829,0.4143,0.75,0.25,0
Trace Esports,Bind,2024,brimstone|cypher|raze|skye|viper,"['brimstone', 'cypher', 'raze', 'skye', 'viper']",0,3,3,0.0,12,0.25,0.4362,1,1,2,1,1D-1I-2C-1S,3,0.25,0.3829,0.4143,0.85,0.5,0
Trace Esports,Bind,2024,brimstone|gekko|raze|skye|viper,"['brimstone', 'gekko', 'raze', 'skye', 'viper']",1,2,3,0.3333333333333333,12,0.25,0.4362,1,2,2,0,1D-2I-2C-0S,3,0.25,0.3829,0.4143,0.8,0.25,0
Trace Esports,Bind,2024,brimstone|jett|raze|skye|viper,"['brimstone', 'jett', 'raze', 'skye', 'viper']",2,1,3,0.6666666666666666,12,0.25,0.4362,2,1,2,0,2D-1I-2C-0S,3,0.25,0.3829,0.4143,0.8,0.25,0
Trace Esports,Breeze,2024,cypher|jett|kayo|sova|viper,"['cypher', 'jett', 'kayo', 'sova', 'viper']",0,1,1,0.0,5,0.2,0.2181,1,2,1,1,1D-2I-1C-1S,1,0.2,0.3829,0.2917,0.84,0.2,0
Trace Esports,Breeze,2024,cypher|jett|sova|viper|yoru,"['cypher', 'jett', 'sova', 'viper', 'yoru']",2,2,4,0.5,5,0.8,0.5064,2,1,1,1,2D-1I-1C-1S,4,0.8,0.3829,0.2917,0.96,0.8,0
Trace Esports,Haven,2024,breach|jett|killjoy|omen|sova,"['breach', 'jett', 'killjoy', 'omen', 'sova']",3,3,6,0.5,6,1.0,0.6123,1,2,1,1,1D-2I-1C-1S,6,1.0,0.3829,0.3056,1.0,1.0,0
Trace Esports,Lotus,2024,fade|killjoy|omen|raze|viper,"['fade', 'killjoy', 'omen', 'raze', 'viper']",8,4,12,0.6666666666666666,12,1.0,0.8071,1,1,2,1,1D-1I-2C-1S,12,1.0,0.3829,0.559,1.0,1.0,0
Trace Esports,Split,2024,cypher|omen|raze|skye|viper,"['cypher', 'omen', 'raze', 'skye', 'viper']",3,2,5,0.6,5,1.0,0.5638,1,1,2,1,1D-1I-2C-1S,5,1.0,0.3829,0.7167,1.0,1.0,0
Trace Esports,Sunset,2024,breach|cypher|omen|raze|sova,"['breach', 'cypher', 'omen', 'raze', 'sova']",8,9,17,0.47058823529411764,17,1.0,0.9095,1,2,1,1,1D-2I-1C-1S,17,1.0,0.3829,0.402,1.0,1.0,0
Wolves Esports,Ascent,2024,cypher|jett|kayo|omen|sova,"['cypher', 'jett', 'kayo', 'omen', 'sova']",3,3,6,0.5,7,0.8571,0.6123,1,2,1,1,1D-2I-1C-1S,7,1.0,0.3997,0.6,0.9714,0.8571,0
Wolves Esports,Ascent,2024,jett|kayo|killjoy|omen|sova,"['jett', 'kayo', 'killjoy', 'omen', 'sova']",1,0,1,1.0,7,0.1429,0.2181,1,2,1,1,1D-2I-1C-1S,7,1.0,0.3997,0.6,0.8286,0.1429,1
Wolves Esports,Bind,2024,brimstone|fade|gekko|raze|viper,"['brimstone', 'fade', 'gekko', 'raze', 'viper']",1,1,2,0.5,4,0.5,0.3457,1,2,2,0,1D-2I-2C-0S,2,0.5,0.3997,0.1944,0.75,0.5,0
Wolves Esports,Bind,2024,fade|omen|raze|viper|yoru,"['fade', 'omen', 'raze', 'viper', 'yoru']",0,1,1,0.0,4,0.25,0.2181,2,1,2,0,2D-1I-2C-0S,2,0.5,0.3997,0.1944,0.75,0.5,0
Wolves Esports,Bind,2024,omen|raze|skye|viper|yoru,"['omen', 'raze', 'skye', 'viper', 'yoru']",0,1,1,0.0,4,0.25,0.2181,2,1,2,0,2D-1I-2C-0S,2,0.5,0.3997,0.1944,0.65,0.25,0
Wolves Esports,Breeze,2024,cypher|jett|sova|viper|yoru,"['cypher', 'jett', 'sova', 'viper', 'yoru']",1,1,2,0.5,2,1.0,0.3457,2,1,1,1,2D-1I-1C-1S,2,1.0,0.3997,0.1667,1.0,1.0,0
Wolves Esports,Icebox,2024,cypher|jett|killjoy|sova|viper,"['cypher', 'jett', 'killjoy', 'sova', 'viper']",1,1,2,0.5,6,0.3333,0.3457,1,1,1,2,1D-1I-1C-2S,2,0.3333,0.3997,0.4167,0.7333,0.3333,0
Wolves Esports,Icebox,2024,gekko|jett|kayo|killjoy|viper,"['gekko', 'jett', 'kayo', 'killjoy', 'viper']",3,1,4,0.75,6,0.6667,0.5064,1,2,1,1,1D-2I-1C-1S,4,0.6667,0.3997,0.4167,0.8667,0.6667,0
Wolves Esports,Lotus,2024,cypher|fade|jett|omen|raze,"['cypher', 'fade', 'jett', 'omen', 'raze']",0,4,4,0.0,4,1.0,0.5064,2,1,1,1,2D-1I-1C-1S,4,1.0,0.3997,0.25,1.0,1.0,0
Wolves Esports,Split,2024,breach|cypher|omen|raze|yoru,"['breach', 'cypher', 'omen', 'raze', 'yoru']",0,1,1,0.0,3,0.3333,0.2181,2,1,1,1,2D-1I-1C-1S,1,0.3333,0.3997,0.3333,0.7333,0.3333,0
Wolves Esports,Split,2024,cypher|omen|raze|skye|viper,"['cypher', 'omen', 'raze', 'skye', 'viper']",1,1,2,0.5,3,0.6667,0.3457,1,1,2,1,1D-1I-2C-1S,2,0.6667,0.3997,0.3333,0.8667,0.6667,0
Wolves Esports,Sunset,2024,breach|gekko|omen|raze|sage,"['breach', 'gekko', 'omen', 'raze', 'sage']",0,2,2,0.0,4,0.5,0.3457,1,2,1,1,1D-2I-1C-1S,2,0.5,0.3997,0.375,0.75,0.5,0
Wolves Esports,Sunset,2024,cypher|omen|phoenix|raze|sova,"['cypher', 'omen', 'phoenix', 'raze', 'sova']",0,1,1,0.0,4,0.25,0.2181,2,1,1,1,2D-1I-1C-1S,1,0.25,0.3997,0.375,0.55,0.25,0
Wolves Esports,Sunset,2024,gekko|kayo|omen|raze|viper,"['gekko', 'kayo', 'omen', 'raze', 'viper']",1,0,1,1.0,4,0.25,0.2181,1,2,2,0,1D-2I-2C-0S,1,0.25,0.3997,0.375,0.65,0.25,0
ZETA DIVISION,Ascent,2024,jett|kayo|killjoy|omen|sova,"['jett', 'kayo', 'killjoy', 'omen', 'sova']",4,5,9,0.4444444444444444,9,1.0,0.7245,1,2,1,1,1D-2I-1C-1S,9,1.0,0.3396,0.7222,1.0,1.0,0
ZETA DIVISION,Bind,2024,brimstone|cypher|raze|skye|viper,"['brimstone', 'cypher', 'raze', 'skye', 'viper']",2,0,2,1.0,3,0.6667,0.3457,1,1,2,1,1D-1I-2C-1S,2,0.6667,0.3396,0.6,0.9333,0.6667,0
ZETA DIVISION,Bind,2024,brimstone|gekko|raze|skye|viper,"['brimstone', 'gekko', 'raze', 'skye', 'viper']",1,0,1,1.0,3,0.3333,0.2181,1,2,2,0,1D-2I-2C-0S,1,0.3333,0.3396,0.6,0.8667,0.3333,0
ZETA DIVISION,Breeze,2024,cypher|jett|kayo|sova|viper,"['cypher', 'jett', 'kayo', 'sova', 'viper']",0,1,1,0.0,1,1.0,0.2181,1,2,1,1,1D-2I-1C-1S,1,1.0,0.3396,0.5,1.0,1.0,0
ZETA DIVISION,Haven,2024,breach|killjoy|neon|omen|sova,"['breach', 'killjoy', 'neon', 'omen', 'sova']",2,0,2,1.0,2,1.0,0.3457,1,2,1,1,1D-2I-1C-1S,2,1.0,0.3396,0.1667,1.0,1.0,0
ZETA DIVISION,Icebox,2024,gekko|jett|kayo|killjoy|viper,"['gekko', 'jett', 'kayo', 'killjoy', 'viper']",0,2,2,0.0,6,0.3333,0.3457,1,2,1,1,1D-2I-1C-1S,2,0.3333,0.3396,0.2667,0.7667,0.5,0
ZETA DIVISION,Icebox,2024,gekko|kayo|killjoy|omen|viper,"['gekko', 'kayo', 'killjoy', 'omen', 'viper']",0,1,1,0.0,6,0.1667,0.2181,0,2,2,1,0D-2I-2C-1S,1,0.1667,0.3396,0.2667,0.6333,0.1667,1
ZETA DIVISION,Icebox,2024,harbor|jett|killjoy|sova|viper,"['harbor', 'jett', 'killjoy', 'sova', 'viper']",1,2,3,0.3333333333333333,6,0.5,0.4362,1,1,2,1,1D-1I-2C-1S,3,0.5,0.3396,0.2667,0.7667,0.5,0
ZETA DIVISION,Lotus,2024,chamber|gekko|neon|omen|viper,"['chamber', 'gekko', 'neon', 'omen', 'viper']",2,1,3,0.6666666666666666,7,0.4286,0.4362,1,1,2,1,1D-1I-2C-1S,7,1.0,0.3396,0.375,0.6571,0.4286,0
ZETA DIVISION,Lotus,2024,fade|killjoy|omen|raze|viper,"['fade', 'killjoy', 'omen', 'raze', 'viper']",1,3,4,0.25,7,0.5714,0.5064,1,1,2,1,1D-1I-2C-1S,7,1.0,0.3396,0.375,0.7429,0.5714,0
ZETA DIVISION,Split,2024,astra|breach|chamber|viper|yoru,"['astra', 'breach', 'chamber', 'viper', 'yoru']",0,1,1,0.0,2,0.5,0.2181,1,1,2,1,1D-1I-2C-1S,2,1.0,0.3396,0.2222,0.6,0.5,0
ZETA DIVISION,Split,2024,cypher|omen|raze|skye|viper,"['cypher', 'omen', 'raze', 'skye', 'viper']",0,1,1,0.0,2,0.5,0.2181,1,1,2,1,1D-1I-2C-1S,2,1.0,0.3396,0.2222,0.6,0.5,0
ZETA DIVISION,Sunset,2024,breach|cypher|fade|omen|raze,"['breach', 'cypher', 'fade', 'omen', 'raze']",0,1,1,0.0,9,0.1111,0.2181,1,2,1,1,1D-2I-1C-1S,5,0.5556,0.3396,0.3125,0.5556,0.1111,1
ZETA DIVISION,Sunset,2024,breach|cypher|gekko|omen|raze,"['breach', 'cypher', 'gekko', 'omen', 'raze']",1,3,4,0.25,9,0.4444,0.5064,1,2,1,1,1D-2I-1C-1S,5,0.5556,0.3396,0.3125,0.6222,0.4444,0
ZETA DIVISION,Sunset,2024,chamber|omen|phoenix|sova|viper,"['chamber', 'omen', 'phoenix', 'sova', 'viper']",2,2,4,0.5,9,0.4444,0.5064,1,1,2,1,1D-1I-2C-1S,4,0.4444,0.3396,0.3125,0.5556,0.4444,0
100 Thieves,Ascent,2025,killjoy|omen|sova|tejo|yoru,"['killjoy', 'omen', 'sova', 'tejo', 'yoru']",1,0,1,1.0,1,1.0,0.2181,1,2,1,1,1D-2I-1C-1S,1,1.0,0.4773,0.8571,1.0,1.0,0
100 Thieves,Bind,2025,brimstone|fade|gekko|raze|viper,"['brimstone', 'fade', 'gekko', 'raze', 'viper']",1,2,3,0.3333333333333333,8,0.375,0.4362,1,2,2,0,1D-2I-2C-0S,3,0.375,0.4773,0.6262,0.875,0.375,0
100 Thieves,Bind,2025,brimstone|fade|raze|viper|yoru,"['brimstone', 'fade', 'raze', 'viper', 'yoru']",4,1,5,0.8,8,0.625,0.5638,2,1,2,0,2D-1I-2C-0S,5,0.625,0.4773,0.6262,0.925,0.625,0
100 Thieves,Corrode,2025,chamber|fade|omen|sova|yoru,"['chamber', 'fade', 'omen', 'sova', 'yoru']",2,0,2,1.0,2,1.0,0.3457,1,2,1,1,1D-2I-1C-1S,2,1.0,0.4773,0.8333,1.0,1.0,0
100 Thieves,Fracture,2025,breach|brimstone|chamber|neon|tejo,"['breach', 'brimstone', 'chamber', 'neon', 'tejo']",2,1,3,0.6666666666666666,3,1.0,0.4362,1,2,1,1,1D-2I-1C-1S,3,1.0,0.4773,0.5833,1.0,1.0,0
100 Thieves,Haven,2025,cypher|iso|neon|omen|sova,"['cypher', 'iso', 'neon', 'omen', 'sova']",3,2,5,0.6,8,0.625,0.5638,2,1,1,1,2D-1I-1C-1S,8,1.0,0.4773,0.4533,0.925,0.625,0
100 Thieves,Haven,2025,cypher|neon|omen|sova|yoru,"['cypher', 'neon', 'omen', 'sova', 'yoru']",1,2,3,0.3333333333333333,8,0.375,0.4362,2,1,1,1,2D-1I-1C-1S,8,1.0,0.4773,0.4533,0.875,0.375,0
100 Thieves,Icebox,2025,gekko|jett|killjoy|sova|viper,"['gekko', 'jett', 'killjoy', 'sova', 'viper']",2,2,4,0.5,6,0.6667,0.5064,1,2,1,1,1D-2I-1C-1S,4,0.6667,0.4773,0.3667,0.9333,0.6667,0
100 Thieves,Icebox,2025,jett|killjoy|omen|sova|viper,"['jett', 'killjoy', 'omen', 'sova', 'viper']",0,2,2,0.0,6,0.3333,0.3457,1,1,2,1,1D-1I-2C-1S,2,0.3333,0.4773,0.3667,0.8667,0.3333,0
100 Thieves,Lotus,2025,breach|clove|fade|neon|omen,"['breach', 'clove', 'fade', 'neon', 'omen']",2,0,2,1.0,4,0.5,0.3457,1,2,2,0,1D-2I-2C-0S,2,0.5,0.4773,0.35,0.7,0.5,0
100 Thieves,Lotus,2025,fade|omen|raze|vyse|yoru,"['fade', 'omen', 'raze', 'vyse', 'yoru']",1,1,2,0.5,4,0.5,0.3457,2,1,1,1,2D-1I-1C-1S,2,0.5,0.4773,0.35,0.7,0.5,0
100 Thieves,Pearl,2025,astra|fade|jett|kayo|killjoy,"['astra', 'fade', 'jett', 'kayo', 'killjoy']",0,2,2,0.0,4,0.5,0.3457,1,2,1,1,1D-2I-1C-1S,2,0.5,0.4773,0.2083,0.8,0.5,0
100 Thieves,Pearl,2025,astra|fade|killjoy|neon|yoru,"['astra', 'fade', 'killjoy', 'neon', 'yoru']",0,2,2,0.0,4,0.5,0.3457,2,1,1,1,2D-1I-1C-1S,2,0.5,0.4773,0.2083,0.8,0.5,0
100 Thieves,Split,2025,astra|breach|raze|sage|tejo,"['astra', 'breach', 'raze', 'sage', 'tejo']",3,2,5,0.6,5,1.0,0.5638,1,2,1,1,1D-2I-1C-1S,5,1.0,0.4773,0.6676,1.0,1.0,0
100 Thieves,Sunset,2025,cypher|neon|omen|sova|yoru,"['cypher', 'neon', 'omen', 'sova', 'yoru']",1,3,4,0.25,4,1.0,0.5064,2,1,1,1,2D-1I-1C-1S,4,1.0,0.4773,0.1944,1.0,1.0,0
2Game Esports,Abyss,2025,astra|jett|omen|sova|yoru,"['astra', 'jett', 'omen', 'sova', 'yoru']",0,1,1,0.0,1,1.0,0.2181,2,1,2,0,2D-1I-2C-0S,1,1.0,0.1905,0.0,1.0,1.0,0
2Game Esports,Ascent,2025,cypher|jett|kayo|omen|sova,"['cypher', 'jett', 'kayo', 'omen', 'sova']",1,2,3,0.3333333333333333,5,0.6,0.4362,1,2,1,1,1D-2I-1C-1S,5,1.0,0.1905,0.4167,0.84,0.6,0
2Game Esports,Ascent,2025,jett|kayo|omen|tejo|vyse,"['jett', 'kayo', 'omen', 'tejo', 'vyse']",1,1,2,0.5,5,0.4,0.3457,1,2,1,1,1D-2I-1C-1S,5,1.0,0.1905,0.4167,0.76,0.4,0
2Game Esports,Bind,2025,brimstone|fade|raze|viper|yoru,"['brimstone', 'fade', 'raze', 'viper', 'yoru']",0,1,1,0.0,1,1.0,0.2181,2,1,2,0,2D-1I-2C-0S,1,1.0,0.1905,0.0,1.0,1.0,0
2Game Esports,Corrode,2025,fade|neon|omen|viper|vyse,"['fade', 'neon', 'omen', 'viper', 'vyse']",0,1,1,0.0,1,1.0,0.2181,1,1,2,1,1D-1I-2C-1S,1,1.0,0.1905,0.0,1.0,1.0,0
2Game Esports,Haven,2025,breach|omen|tejo|vyse|yoru,"['breach', 'omen', 'tejo', 'vyse', 'yoru']",0,1,1,0.0,5,0.2,0.2181,1,2,1,1,1D-2I-1C-1S,1,0.2,0.1905,0.0,0.52,0.2,0
2Game Esports,Haven,2025,cypher|iso|omen|sova|yoru,"['cypher', 'iso', 'omen', 'sova', 'yoru']",0,4,4,0.0,5,0.8,0.5064,2,1,1,1,2D-1I-1C-1S,4,0.8,0.1905,0.0,0.88,0.8,0
2Game Esports,Icebox,2025,jett|kayo|killjoy|tejo|viper,"['jett', 'kayo', 'killjoy', 'tejo', 'viper']",0,2,2,0.0,2,1.0,0.3457,1,2,1,1,1D-2I-1C-1S,2,1.0,0.1905,0.0,1.0,1.0,0
2Game Esports,Lotus,2025,breach|fade|neon|omen|viper,"['breach', 'fade', 'neon', 'omen', 'viper']",0,3,3,0.0,6,0.5,0.4362,1,2,2,0,1D-2I-2C-0S,3,0.5,0.1905,0.1667,0.7,0.5,0
2Game Esports,Lotus,2025,breach|iso|omen|vyse|yoru,"['breach', 'iso', 'omen', 'vyse', 'yoru']",1,1,2,0.5,6,0.3333,0.3457,2,1,1,1,2D-1I-1C-1S,2,0.3333,0.1905,0.1667,0.6333,0.3333,0
2Game Esports,Lotus,2025,breach|omen|raze|tejo|vyse,"['breach', 'omen', 'raze', 'tejo', 'vyse']",0,1,1,0.0,6,0.1667,0.2181,1,2,1,1,1D-2I-1C-1S,1,0.1667,0.1905,0.1667,0.5667,0.1667,2
2Game Esports,Pearl,2025,astra|fade|tejo|vyse|yoru,"['astra', 'fade', 'tejo', 'vyse', 'yoru']",1,2,3,0.3333333333333333,3,1.0,0.4362,1,2,1,1,1D-2I-1C-1S,3,1.0,0.1905,0.3333,1.0,1.0,0
2Game Esports,Split,2025,breach|omen|tejo|viper|yoru,"['breach', 'omen', 'tejo', 'viper', 'yoru']",0,1,1,0.0,1,1.0,0.2181,1,2,2,0,1D-2I-2C-0S,1,1.0,0.1905,0.0,1.0,1.0,0
2Game Esports,Sunset,2025,breach|cypher|neon|omen|sova,"['breach', 'cypher', 'neon', 'omen', 'sova']",3,0,3,1.0,3,1.0,0.4362,1,2,1,1,1D-2I-1C-1S,3,1.0,0.1905,1.0,1.0,1.0,0
All Gamers,Abyss,2025,harbor|jett|omen|sova|yoru,"['harbor', 'jett', 'omen', 'sova', 'yoru']",1,1,2,0.5,2,1.0,0.3457,2,1,2,0,2D-1I-2C-0S,2,1.0,0.4083,0.3889,1.0,1.0,0
All Gamers,Ascent,2025,cypher|jett|kayo|omen|sova,"['cypher', 'jett', 'kayo', 'omen', 'sova']",0,2,2,0.0,2,1.0,0.3457,1,2,1,1,1D-2I-1C-1S,2,1.0,0.4083,0.0,1.0,1.0,0
All Gamers,Bind,2025,brimstone|fade|raze|viper|yoru,"['brimstone', 'fade', 'raze', 'viper', 'yoru']",2,0,2,1.0,4,0.5,0.3457,2,1,2,0,2D-1I-2C-0S,2,0.5,0.4083,0.4833,0.7,0.5,0
All Gamers,Bind,2025,brimstone|gekko|kayo|raze|vyse,"['brimstone', 'gekko', 'kayo', 'raze', 'vyse']",0,2,2,0.0,4,0.5,0.3457,1,2,1,1,1D-2I-1C-1S,2,0.5,0.4083,0.4833,0.7,0.5,0
All Gamers,Corrode,2025,deadlock|neon|omen|sova|viper,"['deadlock', 'neon', 'omen', 'sova', 'viper']",2,1,3,0.6666666666666666,3,1.0,0.4362,1,1,2,1,1D-1I-2C-1S,3,1.0,0.4083,0.5556,1.0,1.0,0
All Gamers,Fracture,2025,breach|brimstone|cypher|neon|tejo,"['breach', 'brimstone', 'cypher', 'neon', 'tejo']",1,2,3,0.3333333333333333,3,1.0,0.4362,1,2,1,1,1D-2I-1C-1S,3,1.0,0.4083,0.4167,1.0,1.0,0
All Gamers,Haven,2025,killjoy|neon|omen|sova|viper,"['killjoy', 'neon', 'omen', 'sova', 'viper']",0,2,2,0.0,2,1.0,0.3457,1,1,2,1,1D-1I-2C-1S,2,1.0,0.4083,0.4583,1.0,1.0,0
All Gamers,Icebox,2025,jett|killjoy|omen|sova|viper,"['jett', 'killjoy', 'omen', 'sova', 'viper']",3,1,4,0.75,4,1.0,0.5064,1,1,2,1,1D-1I-2C-1S,4,1.0,0.4083,0.4722,1.0,1.0,0
All Gamers,Lotus,2025,breach|cypher|fade|neon|omen,"['breach', 'cypher', 'fade', 'neon', 'omen']",0,1,1,0.0,9,0.1111,0.2181,1,2,1,1,1D-2I-1C-1S,1,0.1111,0.4083,0.4079,0.4667,0.1111,2
All Gamers,Lotus,2025,breach|omen|tejo|viper|waylay,"['breach', 'omen', 'tejo', 'viper', 'waylay']",1,2,3,0.3333333333333333,9,0.3333,0.4362,1,2,2,0,1D-2I-2C-0S,3,0.3333,0.4083,0.4079,0.6,0.3333,0
All Gamers,Lotus,2025,fade|omen|raze|viper|yoru,"['fade', 'omen', 'raze', 'viper', 'yoru']",2,3,5,0.4,9,0.5556,0.5638,2,1,2,0,2D-1I-2C-0S,5,0.5556,0.4083,0.4079,0.7333,0.5556,0
All Gamers,Pearl,2025,astra|killjoy|neon|sova|yoru,"['astra', 'killjoy', 'neon', 'sova', 'yoru']",0,4,4,0.0,4,1.0,0.5064,2,1,1,1,2D-1I-1C-1S,4,1.0,0.4083,0.25,1.0,1.0,0
All Gamers,Split,2025,astra|breach|cypher|tejo|waylay,"['astra', 'breach', 'cypher', 'tejo', 'waylay']",0,2,2,0.0,2,1.0,0.3457,1,2,1,1,1D-2I-1C-1S,2,1.0,0.4083,0.5667,1.0,1.0,0
All Gamers,Sunset,2025,deadlock|neon|omen|sova|viper,"['deadlock', 'neon', 'omen', 'sova', 'viper']",2,1,3,0.6666666666666666,3,1.0,0.4362,1,1,2,1,1D-1I-2C-1S,3,1.0,0.4083,0.4222,1.0,1.0,0
Apeks,Abyss,2025,astra|cypher|jett|kayo|sova,"['astra', 'cypher', 'jett', 'kayo', 'sova']",0,1,1,0.0,1,1.0,0.2181,1,2,1,1,1D-2I-1C-1S,1,1.0,0.1889,0.0,1.0,1.0,0
Apeks,Ascent,2025,cypher|deadlock|omen|sova|yoru,"['cypher', 'deadlock', 'omen', 'sova', 'yoru']",1,2,3,0.3333333333333333,5,0.6,0.4362,1,1,1,2,1D-1I-1C-2S,3,0.6,0.1889,0.1667,0.92,0.6,0
Apeks,Ascent,2025,cypher|jett|omen|sova|yoru,"['cypher', 'jett', 'omen', 'sova', 'yoru']",0,2,2,0.0,5,0.4,0.3457,2,1,1,1,2D-1I-1C-1S,2,0.4,0.1889,0.1667,0.88,0.4,0
Apeks,Bind,2025,brimstone|fade|gekko|raze|viper,"['brimstone', 'fade', 'gekko', 'raze', 'viper']",0,1,1,0.0,1,1.0,0.2181,1,2,2,0,1D-2I-2C-0S,1,1.0,0.1889,0.0,1.0,1.0,0
Apeks,Corrode,2025,cypher|fade|neon|omen|yoru,"['cypher', 'fade', 'neon', 'omen', 'yoru']",1,1,2,0.5,2,1.0,0.3457,2,1,1,1,2D-1I-1C-1S,2,1.0,0.1889,0.5,1.0,1.0,0
Apeks,Haven,2025,breach|cypher|neon|omen|sova,"['breach', 'cypher', 'neon', 'omen', 'sova']",0,1,1,0.0,4,0.25,0.2181,1,2,1,1,1D-2I-1C-1S,3,0.75,0.1889,0.0,0.75,0.5,0
Apeks,Haven,2025,breach|jett|killjoy|omen|sova,"['breach', 'jett', 'killjoy', 'omen', 'sova']",0,2,2,0.0,4,0.5,0.3457,1,2,1,1,1D-2I-1C-1S,3,0.75,0.1889,0.0,0.75,0.5,0
Apeks,Haven,2025,cypher|neon|omen|sova|yoru,"['cypher', 'neon', 'omen', 'sova', 'yoru']",0,1,1,0.0,4,0.25,0.2181,2,1,1,1,2D-1I-1C-1S,1,0.25,0.1889,0.0,0.65,0.25,0
Apeks,Icebox,2025,breach|killjoy|tejo|viper|waylay,"['breach', 'killjoy', 'tejo', 'viper', 'waylay']",0,1,1,0.0,3,0.3333,0.2181,1,2,1,1,1D-2I-1C-1S,1,0.3333,0.1889,0.0,0.6,0.3333,0
Apeks,Icebox,2025,jett|killjoy|omen|sova|viper,"['jett', 'killjoy', 'omen', 'sova', 'viper']",0,2,2,0.0,3,0.6667,0.3457,1,1,2,1,1D-1I-2C-1S,2,0.6667,0.1889,0.0,0.8,0.6667,0
Apeks,Lotus,2025,breach|omen|tejo|viper|yoru,"['breach', 'omen', 'tejo', 'viper', 'yoru']",1,3,4,0.25,8,0.5,0.5064,1,2,2,0,1D-2I-2C-0S,4,0.5,0.1889,0.25,0.7,0.5,0
Apeks,Lotus,2025,fade|omen|raze|vyse|yoru,"['fade', 'omen', 'raze', 'vyse', 'yoru']",1,3,4,0.25,8,0.5,0.5064,2,1,1,1,2D-1I-1C-1S,4,0.5,0.1889,0.25,0.7,0.5,0
Apeks,Pearl,2025,astra|killjoy|phoenix|sova|yoru,"['astra', 'killjoy', 'phoenix', 'sova', 'yoru']",1,1,2,0.5,2,1.0,0.3457,2,1,1,1,2D-1I-1C-1S,2,1.0,0.1889,0.5,1.0,1.0,0
Apeks,Split,2025,breach|omen|tejo|viper|yoru,"['breach', 'omen', 'tejo', 'viper', 'yoru']",0,3,3,0.0,3,1.0,0.4362,1,2,2,0,1D-2I-2C-0S,3,1.0,0.1889,0.0,1.0,1.0,0
Apeks,Sunset,2025,deadlock|neon|omen|sova|viper,"['deadlock', 'neon', 'omen', 'sova', 'viper']",2,0,2,1.0,2,1.0,0.3457,1,1,2,1,1D-1I-2C-1S,2,1.0,0.1889,1.0,1.0,1.0,0
BBL Esports,Abyss,2025,astra|breach|sage|sova|yoru,"['astra', 'breach', 'sage', 'sova', 'yoru']",1,0,1,1.0,1,1.0,0.2181,1,2,1,1,1D-2I-1C-1S,1,1.0,0.4662,0.9,1.0,1.0,0
BBL Esports,Ascent,2025,chamber|fade|jett|kayo|omen,"['chamber', 'fade', 'jett', 'kayo', 'omen']",3,2,5,0.6,9,0.5556,0.5638,1,2,1,1,1D-2I-1C-1S,5,0.5556,0.4662,0.2867,0.9111,0.5556,0
BBL Esports,Ascent,2025,fade|jett|kayo|omen|yoru,"['fade', 'jett', 'kayo', 'omen', 'yoru']",2,2,4,0.5,9,0.4444,0.5064,2,2,1,0,2D-2I-1C-0S,4,0.4444,0.4662,0.2867,0.8889,0.4444,0
BBL Esports,Bind,2025,astra|raze|sage|tejo|vyse,"['astra', 'raze', 'sage', 'tejo', 'vyse']",0,1,1,0.0,4,0.25,0.2181,1,1,1,2,1D-1I-1C-2S,1,0.25,0.4662,0.3958,0.25,0.25,0
BBL Esports,Bind,2025,brimstone|fade|iso|viper|yoru,"['brimstone', 'fade', 'iso', 'viper', 'yoru']",1,2,3,0.3333333333333333,4,0.75,0.4362,2,1,2,0,2D-1I-2C-0S,3,0.75,0.4662,0.3958,0.75,0.75,0
BBL Esports,Corrode,2025,astra|fade|gekko|omen|phoenix,"['astra', 'fade', 'gekko', 'omen', 'phoenix']",0,2,2,0.0,2,1.0,0.3457,1,2,2,0,1D-2I-2C-0S,2,1.0,0.4662,0.5,1.0,1.0,0
BBL Esports,Fracture,2025,astra|breach|cypher|jett|tejo,"['astra', 'breach', 'cypher', 'jett', 'tejo']",2,2,4,0.5,5,0.8,0.5064,1,2,1,1,1D-2I-1C-1S,4,0.8,0.4662,0.1667,0.92,0.8,0
BBL Esports,Fracture,2025,astra|breach|cypher|raze|yoru,"['astra', 'breach', 'cypher', 'raze', 'yoru']",0,1,1,0.0,5,0.2,0.2181,2,1,1,1,2D-1I-1C-1S,1,0.2,0.4662,0.1667,0.68,0.2,0
BBL Esports,Haven,2025,breach|cypher|jett|omen|sova,"['breach', 'cypher', 'jett', 'omen', 'sova']",3,4,7,0.42857142857142855,7,1.0,0.6543,1,2,1,1,1D-2I-1C-1S,7,1.0,0.4662,0.454,1.0,1.0,0
BBL Esports,Icebox,2025,jett|kayo|killjoy|tejo|viper,"['jett', 'kayo', 'killjoy', 'tejo', 'viper']",2,2,4,0.5,8,0.5,0.5064,1,2,1,1,1D-2I-1C-1S,4,0.5,0.4662,0.5833,0.8,0.5,0
BBL Esports,Icebox,2025,jett|killjoy|omen|sova|viper,"['jett', 'killjoy', 'omen', 'sova', 'viper']",3,1,4,0.75,8,0.5,0.5064,1,1,2,1,1D-1I-2C-1S,4,0.5,0.4662,0.5833,0.8,0.5,0
BBL Esports,Lotus,2025,breach|cypher|fade|omen|raze,"['breach', 'cypher', 'fade', 'omen', 'raze']",1,1,2,0.5,7,0.2857,0.3457,1,2,1,1,1D-2I-1C-1S,4,0.5714,0.4662,0.5833,0.7143,0.5714,0
BBL Esports,Lotus,2025,breach|cypher|jett|omen|tejo,"['breach', 'cypher', 'jett', 'omen', 'tejo']",2,0,2,1.0,7,0.2857,0.3457,1,2,1,1,1D-2I-1C-1S,4,0.5714,0.4662,0.5833,0.5429,0.2857,0
BBL Esports,Lotus,2025,chamber|deadlock|fade|omen|raze,"['chamber', 'deadlock', 'fade', 'omen', 'raze']",2,1,3,0.6666666666666666,7,0.4286,0.4362,1,1,1,2,1D-1I-1C-2S,3,0.4286,0.4662,0.5833,0.6571,0.4286,0
BBL Esports,Pearl,2025,astra|chamber|sova|vyse|yoru,"['astra', 'chamber', 'sova', 'vyse', 'yoru']",4,1,5,0.8,5,1.0,0.5638,1,1,1,2,1D-1I-1C-2S,5,1.0,0.4662,0.4889,1.0,1.0,0
BBL Esports,Split,2025,astra|fade|omen|raze|yoru,"['astra', 'fade', 'omen', 'raze', 'yoru']",1,1,2,0.5,4,0.5,0.3457,2,1,2,0,2D-1I-2C-0S,2,0.5,0.4662,0.4167,0.7,0.5,0
BBL Esports,Split,2025,breach|cypher|omen|raze|tejo,"['breach', 'cypher', 'omen', 'raze', 'tejo']",2,0,2,1.0,4,0.5,0.3457,1,2,1,1,1D-2I-1C-1S,2,0.5,0.4662,0.4167,0.7,0.5,0
BBL Esports,Sunset,2025,deadlock|neon|omen|sova|viper,"['deadlock', 'neon', 'omen', 'sova', 'viper']",3,2,5,0.6,5,1.0,0.5638,1,1,2,1,1D-1I-2C-1S,5,1.0,0.4662,0.55,1.0,1.0,0
BOOM Esports,Ascent,2025,cypher|jett|kayo|omen|sova,"['cypher', 'jett', 'kayo', 'omen', 'sova']",0,2,2,0.0,7,0.2857,0.3457,1,2,1,1,1D-2I-1C-1S,7,1.0,0.3789,0.3,0.5714,0.2857,0
BOOM Esports,Ascent,2025,omen|sova|tejo|vyse|yoru,"['omen', 'sova', 'tejo', 'vyse', 'yoru']",3,2,5,0.6,7,0.7143,0.5638,1,2,1,1,1D-2I-1C-1S,7,1.0,0.3789,0.3,0.8286,0.7143,0
BOOM Esports,Bind,2025,brimstone|fade|kayo|raze|viper,"['brimstone', 'fade', 'kayo', 'raze', 'viper']",0,2,2,0.0,4,0.5,0.3457,1,2,2,0,1D-2I-2C-0S,2,0.5,0.3789,0.5,0.9,0.5,0
BOOM Esports,Bind,2025,brimstone|fade|kayo|raze|vyse,"['brimstone', 'fade', 'kayo', 'raze', 'vyse']",2,0,2,1.0,4,0.5,0.3457,1,2,1,1,1D-2I-1C-1S,2,0.5,0.3789,0.5,0.9,0.5,0
BOOM Esports,Corrode,2025,deadlock|fade|neon|omen|viper,"['deadlock', 'fade', 'neon', 'omen', 'viper']",0,3,3,0.0,3,1.0,0.4362,1,1,2,1,1D-1I-2C-1S,3,1.0,0.3789,0.0,1.0,1.0,0
BOOM Esports,Fracture,2025,breach|brimstone|cypher|neon|tejo,"['breach', 'brimstone', 'cypher', 'neon', 'tejo']",0,1,1,0.0,4,0.25,0.2181,1,2,1,1,1D-2I-1C-1S,4,1.0,0.3789,0.3333,0.85,0.25,0
BOOM Esports,Fracture,2025,breach|brimstone|killjoy|neon|tejo,"['breach', 'brimstone', 'killjoy', 'neon', 'tejo']",2,1,3,0.6666666666666666,4,0.75,0.4362,1,2,1,1,1D-2I-1C-1S,4,1.0,0.3789,0.3333,0.95,0.75,0
BOOM Esports,Haven,2025,breach|cypher|neon|omen|sova,"['breach', 'cypher', 'neon', 'omen', 'sova']",2,1,3,0.6666666666666666,3,1.0,0.4362,1,2,1,1,1D-2I-1C-1S,3,1.0,0.3789,0.6667,1.0,1.0,0
BOOM Esports,Icebox,2025,jett|kayo|killjoy|tejo|viper,"['jett', 'kayo', 'killjoy', 'tejo', 'viper']",1,0,1,1.0,2,0.5,0.2181,1,2,1,1,1D-2I-1C-1S,1,0.5,0.3789,0.5,0.7,0.5,0
BOOM Esports,Icebox,2025,killjoy|neon|omen|sova|viper,"['killjoy', 'neon', 'omen', 'sova', 'viper']",0,1,1,0.0,2,0.5,0.2181,1,1,2,1,1D-1I-2C-1S,1,0.5,0.3789,0.5,0.7,0.5,0
BOOM Esports,Lotus,2025,breach|neon|omen|tejo|viper,"['breach', 'neon', 'omen', 'tejo', 'viper']",1,1,2,0.5,6,0.3333,0.3457,1,2,2,0,1D-2I-2C-0S,2,0.3333,0.3789,0.375,0.6,0.3333,0
BOOM Esports,Lotus,2025,fade|killjoy|omen|raze|viper,"['fade', 'killjoy', 'omen', 'raze', 'viper']",1,3,4,0.25,6,0.6667,0.5064,1,1,2,1,1D-1I-2C-1S,4,0.6667,0.3789,0.375,0.8,0.6667,0
BOOM Esports,Pearl,2025,astra|fade|kayo|killjoy|neon,"['astra', 'fade', 'kayo', 'killjoy', 'neon']",0,2,2,0.0,3,0.6667,0.3457,1,2,1,1,1D-2I-1C-1S,3,1.0,0.3789,0.5,0.8667,0.6667,0
BOOM Esports,Pearl,2025,astra|jett|kayo|killjoy|tejo,"['astra', 'jett', 'kayo', 'killjoy', 'tejo']",1,0,1,1.0,3,0.3333,0.2181,1,2,1,1,1D-2I-1C-1S,3,1.0,0.3789,0.5,0.7333,0.3333,0
BOOM Esports,Split,2025,deadlock|omen|tejo|viper|yoru,"['deadlock', 'omen', 'tejo', 'viper', 'yoru']",0,1,1,0.0,1,1.0,0.2181,1,1,2,1,1D-1I-2C-1S,1,1.0,0.3789,0.0,1.0,1.0,0
Bilibili Gaming,Abyss,2025,harbor|omen|sova|vyse|yoru,"['harbor', 'omen', 'sova', 'vyse', 'yoru']",1,1,2,0.5,2,1.0,0.3457,1,1,2,1,1D-1I-2C-1S,2,1.0,0.458,0.5833,1.0,1.0,0
Bilibili Gaming,Ascent,2025,kayo|killjoy|neon|omen|sova,"['kayo', 'killjoy', 'neon', 'omen', 'sova']",4,3,7,0.5714285714285714,7,1.0,0.6543,1,2,1,1,1D-2I-1C-1S,7,1.0,0.458,0.5857,1.0,1.0,0
Bilibili Gaming,Bind,2025,brimstone|cypher|raze|skye|viper,"['brimstone', 'cypher', 'raze', 'skye', 'viper']",1,1,2,0.5,6,0.3333,0.3457,1,1,2,1,1D-1I-2C-1S,2,0.3333,0.458,0.4333,0.7333,0.3333,0
Bilibili Gaming,Bind,2025,brimstone|fade|kayo|raze|viper,"['brimstone', 'fade', 'kayo', 'raze', 'viper']",3,1,4,0.75,6,0.6667,0.5064,1,2,2,0,1D-2I-2C-0S,4,0.6667,0.458,0.4333,0.8667,0.6667,0
Bilibili Gaming,Corrode,2025,deadlock|neon|omen|sova|viper,"['deadlock', 'neon', 'omen', 'sova', 'viper']",1,1,2,0.5,2,1.0,0.3457,1,1,2,1,1D-1I-2C-1S,2,1.0,0.458,0.5,1.0,1.0,0
Bilibili Gaming,Fracture,2025,breach|brimstone|cypher|neon|tejo,"['breach', 'brimstone', 'cypher', 'neon', 'tejo']",4,2,6,0.6666666666666666,6,1.0,0.6123,1,2,1,1,1D-2I-1C-1S,6,1.0,0.458,0.5,1.0,1.0,0
Bilibili Gaming,Haven,2025,breach|cypher|neon|omen|sova,"['breach', 'cypher', 'neon', 'omen', 'sova']",3,3,6,0.5,13,0.4615,0.6123,1,2,1,1,1D-2I-1C-1S,10,0.7692,0.458,0.3472,0.7846,0.6923,0
Bilibili Gaming,Haven,2025,breach|cypher|omen|tejo|yoru,"['breach', 'cypher', 'omen', 'tejo', 'yoru']",1,3,4,0.25,13,0.3077,0.5064,1,2,1,1,1D-2I-1C-1S,10,0.7692,0.458,0.3472,0.6308,0.3077,0
Bilibili Gaming,Haven,2025,killjoy|neon|omen|sova|viper,"['killjoy', 'neon', 'omen', 'sova', 'viper']",1,2,3,0.3333333333333333,13,0.2308,0.4362,1,1,2,1,1D-1I-2C-1S,3,0.2308,0.458,0.3472,0.5692,0.2308,0
Bilibili Gaming,Icebox,2025,harbor|jett|killjoy|sova|viper,"['harbor', 'jett', 'killjoy', 'sova', 'viper']",6,3,9,0.6666666666666666,9,1.0,0.7245,1,1,2,1,1D-1I-2C-1S,9,1.0,0.458,0.5556,1.0,1.0,0
Bilibili Gaming,Lotus,2025,breach|neon|omen|tejo|viper,"['breach', 'neon', 'omen', 'tejo', 'viper']",2,2,4,0.5,15,0.2667,0.5064,1,2,2,0,1D-2I-2C-0S,4,0.2667,0.458,0.4592,0.56,0.2667,0
Bilibili Gaming,Lotus,2025,fade|killjoy|omen|raze|viper,"['fade', 'killjoy', 'omen', 'raze', 'viper']",2,2,4,0.5,15,0.2667,0.5064,1,1,2,1,1D-1I-2C-1S,11,0.7333,0.458,0.4592,0.7467,0.2667,0
Bilibili Gaming,Lotus,2025,fade|omen|raze|viper|vyse,"['fade', 'omen', 'raze', 'viper', 'vyse']",5,2,7,0.7142857142857143,15,0.4667,0.6543,1,1,2,1,1D-1I-2C-1S,11,0.7333,0.458,0.4592,0.7867,0.4667,0
Bilibili Gaming,Pearl,2025,astra|fade|kayo|killjoy|neon,"['astra', 'fade', 'kayo', 'killjoy', 'neon']",0,1,1,0.0,7,0.1429,0.2181,1,2,1,1,1D-2I-1C-1S,7,1.0,0.458,0.625,0.4857,0.1429,3
Bilibili Gaming,Pearl,2025,astra|fade|tejo|vyse|yoru,"['astra', 'fade', 'tejo', 'vyse', 'yoru']",5,1,6,0.8333333333333334,7,0.8571,0.6123,1,2,1,1,1D-2I-1C-1S,7,1.0,0.458,0.625,0.9143,0.8571,0
Bilibili Gaming,Split,2025,breach|omen|tejo|viper|yoru,"['breach', 'omen', 'tejo', 'viper', 'yoru']",0,2,2,0.0,3,0.6667,0.3457,1,2,2,0,1D-2I-2C-0S,2,0.6667,0.458,0.1875,0.8,0.6667,0
Bilibili Gaming,Split,2025,cypher|omen|raze|skye|viper,"['cypher', 'omen', 'raze', 'skye', 'viper']",0,1,1,0.0,3,0.3333,0.2181,1,1,2,1,1D-1I-2C-1S,1,0.3333,0.458,0.1875,0.6,0.3333,0
Bilibili Gaming,Sunset,2025,breach|cypher|neon|omen|sova,"['breach', 'cypher', 'neon', 'omen', 'sova']",1,0,1,1.0,7,0.1429,0.2181,1,2,1,1,1D-2I-1C-1S,7,1.0,0.458,0.625,0.8286,0.1429,1
Bilibili Gaming,Sunset,2025,cypher|kayo|neon|omen|sova,"['cypher', 'kayo', 'neon', 'omen', 'sova']",3,3,6,0.5,7,0.8571,0.6123,1,2,1,1,1D-2I-1C-1S,7,1.0,0.458,0.625,0.9714,0.8571,0
Cloud9,Abyss,2025,astra|jett|kayo|omen|sova,"['astra', 'jett', 'kayo', 'omen', 'sova']",0,2,2,0.0,2,1.0,0.3457,1,2,2,0,1D-2I-2C-0S,2,1.0,0.462,0.1667,1.0,1.0,0
Cloud9,Ascent,2025,deadlock|omen|sova|vyse|yoru,"['deadlock', 'omen', 'sova', 'vyse', 'yoru']",1,2,3,0.3333333333333333,3,1.0,0.4362,1,1,1,2,1D-1I-1C-2S,3,1.0,0.462,0.2292,1.0,1.0,0
Cloud9,Bind,2025,brimstone|raze|skye|viper|vyse,"['brimstone', 'raze', 'skye', 'viper', 'vyse']",2,0,2,1.0,2,1.0,0.3457,1,1,2,1,1D-1I-2C-1S,2,1.0,0.462,0.5833,1.0,1.0,0
Cloud9,Corrode,2025,omen|raze|skye|viper|vyse,"['omen', 'raze', 'skye', 'viper', 'vyse']",1,2,3,0.3333333333333333,3,1.0,0.4362,1,1,2,1,1D-1I-2C-1S,3,1.0,0.462,0.1667,1.0,1.0,0
Cloud9,Fracture,2025,breach|brimstone|cypher|neon|tejo,"['breach', 'brimstone', 'cypher', 'neon', 'tejo']",1,1,2,0.5,3,0.6667,0.3457,1,2,1,1,1D-2I-1C-1S,2,0.6667,0.462,0.75,0.8,0.6667,0
Cloud9,Fracture,2025,brimstone|clove|killjoy|raze|tejo,"['brimstone', 'clove', 'killjoy', 'raze', 'tejo']",1,0,1,1.0,3,0.3333,0.2181,1,1,2,1,1D-1I-2C-1S,1,0.3333,0.462,0.75,0.6,0.3333,0
Cloud9,Haven,2025,breach|cypher|jett|omen|sova,"['breach', 'cypher', 'jett', 'omen', 'sova']",1,1,2,0.5,8,0.25,0.3457,1,2,1,1,1D-2I-1C-1S,2,0.25,0.462,0.375,0.55,0.25,0
Cloud9,Haven,2025,jett|killjoy|omen|skye|viper,"['jett', 'killjoy', 'omen', 'skye', 'viper']",4,2,6,0.6666666666666666,8,0.75,0.6123,1,1,2,1,1D-1I-2C-1S,6,0.75,0.462,0.375,0.85,0.75,0
Cloud9,Icebox,2025,harbor|jett|killjoy|sova|viper,"['harbor', 'jett', 'killjoy', 'sova', 'viper']",0,2,2,0.0,4,0.5,0.3457,1,1,2,1,1D-1I-2C-1S,2,0.5,0.462,0.5833,0.8,0.5,0
Cloud9,Icebox,2025,iso|killjoy|raze|sova|viper,"['iso', 'killjoy', 'raze', 'sova', 'viper']",2,0,2,1.0,4,0.5,0.3457,2,1,1,1,2D-1I-1C-1S,2,0.5,0.462,0.5833,0.8,0.5,0
Cloud9,Lotus,2025,breach|cypher|neon|omen|tejo,"['breach', 'cypher', 'neon', 'omen', 'tejo']",1,2,3,0.3333333333333333,13,0.2308,0.4362,1,2,1,1,1D-2I-1C-1S,6,0.4615,0.462,0.4898,0.5846,0.2308,0
Cloud9,Lotus,2025,breach|deadlock|omen|raze|tejo,"['breach', 'deadlock', 'omen', 'raze', 'tejo']",2,1,3,0.6666666666666666,13,0.2308,0.4362,1,2,1,1,1D-2I-1C-1S,6,0.4615,0.462,0.4898,0.4769,0.2308,0
Cloud9,Lotus,2025,fade|neon|omen|viper|vyse,"['fade', 'neon', 'omen', 'viper', 'vyse']",3,4,7,0.42857142857142855,13,0.5385,0.6543,1,1,2,1,1D-1I-2C-1S,7,0.5385,0.462,0.4898,0.6769,0.5385,0
Cloud9,Pearl,2025,astra|cypher|fade|tejo|yoru,"['astra', 'cypher', 'fade', 'tejo', 'yoru']",0,1,1,0.0,6,0.1667,0.2181,1,2,1,1,1D-2I-1C-1S,1,0.1667,0.462,0.275,0.6667,0.1667,2
Cloud9,Pearl,2025,astra|cypher|jett|sova|yoru,"['astra', 'cypher', 'jett', 'sova', 'yoru']",3,2,5,0.6,6,0.8333,0.5638,2,1,1,1,2D-1I-1C-1S,5,0.8333,0.462,0.275,0.9333,0.8333,0
Cloud9,Split,2025,breach|omen|tejo|viper|yoru,"['breach', 'omen', 'tejo', 'viper', 'yoru']",1,0,1,1.0,1,1.0,0.2181,1,2,2,0,1D-2I-2C-0S,1,1.0,0.462,0.6167,1.0,1.0,0
DRX,Abyss,2025,astra|cypher|jett|sova|tejo,"['astra', 'cypher', 'jett', 'sova', 'tejo']",2,0,2,1.0,6,0.3333,0.3457,1,2,1,1,1D-2I-1C-1S,3,0.5,0.5828,0.9583,0.6333,0.3333,0
DRX,Abyss,2025,cypher|omen|sova|tejo|yoru,"['cypher', 'omen', 'sova', 'tejo', 'yoru']",1,0,1,1.0,6,0.1667,0.2181,1,2,1,1,1D-2I-1C-1S,3,0.5,0.5828,0.9583,0.7667,0.5,0
DRX,Abyss,2025,cypher|omen|sova|waylay|yoru,"['cypher', 'omen', 'sova', 'waylay', 'yoru']",3,0,3,1.0,6,0.5,0.4362,2,1,1,1,2D-1I-1C-1S,3,0.5,0.5828,0.9583,0.7667,0.5,0
DRX,Ascent,2025,cypher|jett|kayo|omen|sova,"['cypher', 'jett', 'kayo', 'omen', 'sova']",1,0,1,1.0,8,0.125,0.2181,1,2,1,1,1D-2I-1C-1S,1,0.125,0.5828,0.77,0.475,0.125,2
DRX,Ascent,2025,jett|omen|tejo|vyse|yoru,"['jett', 'omen', 'tejo', 'vyse', 'yoru']",3,1,4,0.75,8,0.5,0.5064,2,1,1,1,2D-1I-1C-1S,7,0.875,0.5828,0.77,0.775,0.5,0
DRX,Ascent,2025,omen|sova|vyse|waylay|yoru,"['omen', 'sova', 'vyse', 'waylay', 'yoru']",3,0,3,1.0,8,0.375,0.4362,2,1,1,1,2D-1I-1C-1S,7,0.875,0.5828,0.77,0.725,0.375,0
DRX,Bind,2025,breach|brimstone|cypher|tejo|yoru,"['breach', 'brimstone', 'cypher', 'tejo', 'yoru']",0,1,1,0.0,10,0.1,0.2181,1,2,1,1,1D-2I-1C-1S,1,0.1,0.5828,0.4595,0.4,0.1,2
DRX,Bind,2025,brimstone|fade|raze|viper|vyse,"['brimstone', 'fade', 'raze', 'viper', 'vyse']",2,1,3,0.6666666666666666,10,0.3,0.4362,1,1,2,1,1D-1I-2C-1S,3,0.3,0.5828,0.4595,0.68,0.3,0
DRX,Bind,2025,brimstone|fade|viper|waylay|yoru,"['brimstone', 'fade', 'viper', 'waylay', 'yoru']",3,1,4,0.75,10,0.4,0.5064,2,1,2,0,2D-1I-2C-0S,4,0.4,0.5828,0.4595,0.7,0.4,0
DRX,Bind,2025,brimstone|kayo|raze|tejo|viper,"['brimstone', 'kayo', 'raze', 'tejo', 'viper']",1,1,2,0.5,10,0.2,0.3457,1,2,2,0,1D-2I-2C-0S,2,0.2,0.5828,0.4595,0.58,0.2,0
DRX,Corrode,2025,fade|neon|omen|viper|vyse,"['fade', 'neon', 'omen', 'viper', 'vyse']",1,2,3,0.3333333333333333,6,0.5,0.4362,1,1,2,1,1D-1I-2C-1S,3,0.5,0.5828,0.3333,0.8,0.5,0
DRX,Corrode,2025,fade|omen|vyse|waylay|yoru,"['fade', 'omen', 'vyse', 'waylay', 'yoru']",1,2,3,0.3333333333333333,6,0.5,0.4362,2,1,1,1,2D-1I-1C-1S,3,0.5,0.5828,0.3333,0.8,0.5,0
DRX,Fracture,2025,breach|brimstone|cypher|neon|tejo,"['breach', 'brimstone', 'cypher', 'neon', 'tejo']",3,0,3,1.0,7,0.4286,0.4362,1,2,1,1,1D-2I-1C-1S,7,1.0,0.5828,0.6667,0.8,0.4286,0
DRX,Fracture,2025,breach|brimstone|cypher|tejo|yoru,"['breach', 'brimstone', 'cypher', 'tejo', 'yoru']",0,1,1,0.0,7,0.1429,0.2181,1,2,1,1,1D-2I-1C-1S,7,1.0,0.5828,0.6667,0.7429,0.1429,1
DRX,Fracture,2025,breach|brimstone|raze|tejo|vyse,"['breach', 'brimstone', 'raze', 'tejo', 'vyse']",3,0,3,1.0,7,0.4286,0.4362,1,2,1,1,1D-2I-1C-1S,7,1.0,0.5828,0.6667,0.7714,0.4286,0
DRX,Haven,2025,breach|cypher|omen|tejo|yoru,"['breach', 'cypher', 'omen', 'tejo', 'yoru']",1,0,1,1.0,9,0.1111,0.2181,1,2,1,1,1D-2I-1C-1S,2,0.2222,0.5828,0.6508,0.4889,0.1111,2
DRX,Haven,2025,cypher|fade|neon|omen|viper,"['cypher', 'fade', 'neon', 'omen', 'viper']",0,2,2,0.0,9,0.2222,0.3457,1,1,2,1,1D-1I-2C-1S,2,0.2222,0.5828,0.6508,0.6444,0.2222,0
DRX,Haven,2025,cypher|jett|neon|omen|sova,"['cypher', 'jett', 'neon', 'omen', 'sova']",2,0,2,1.0,9,0.2222,0.3457,2,1,1,1,2D-1I-1C-1S,5,0.5556,0.5828,0.6508,0.7556,0.3333,0
DRX,Haven,2025,cypher|jett|omen|sova|tejo,"['cypher', 'jett', 'omen', 'sova', 'tejo']",1,0,1,1.0,9,0.1111,0.2181,1,2,1,1,1D-2I-1C-1S,2,0.2222,0.5828,0.6508,0.6444,0.2222,0
DRX,Haven,2025,cypher|neon|omen|sova|waylay,"['cypher', 'neon', 'omen', 'sova', 'waylay']",1,2,3,0.3333333333333333,9,0.3333,0.4362,2,1,1,1,2D-1I-1C-1S,5,0.5556,0.5828,0.6508,0.7556,0.3333,0
DRX,Icebox,2025,harbor|jett|killjoy|tejo|viper,"['harbor', 'jett', 'killjoy', 'tejo', 'viper']",1,4,5,0.2,9,0.5556,0.5638,1,1,2,1,1D-1I-2C-1S,5,0.5556,0.5828,0.4042,0.8222,0.5556,0
DRX,Icebox,2025,jett|killjoy|sage|sova|viper,"['jett', 'killjoy', 'sage', 'sova', 'viper']",3,1,4,0.75,9,0.4444,0.5064,1,1,1,2,1D-1I-1C-2S,4,0.4444,0.5828,0.4042,0.7778,0.4444,0
DRX,Lotus,2025,breach|cypher|omen|tejo|yoru,"['breach', 'cypher', 'omen', 'tejo', 'yoru']",1,0,1,1.0,17,0.0588,0.2181,1,2,1,1,1D-2I-1C-1S,1,0.0588,0.5828,0.5438,0.3294,0.0588,2
DRX,Lotus,2025,fade|killjoy|omen|raze|viper,"['fade', 'killjoy', 'omen', 'raze', 'viper']",3,3,6,0.5,17,0.3529,0.6123,1,1,2,1,1D-1I-2C-1S,9,0.5294,0.5828,0.5438,0.7412,0.3529,0
DRX,Lotus,2025,fade|omen|raze|tejo|viper,"['fade', 'omen', 'raze', 'tejo', 'viper']",1,2,3,0.3333333333333333,17,0.1765,0.4362,1,2,2,0,1D-2I-2C-0S,3,0.1765,0.5828,0.5438,0.7176,0.2353,0
DRX,Lotus,2025,fade|omen|raze|viper|vyse,"['fade', 'omen', 'raze', 'viper', 'vyse']",2,1,3,0.6666666666666666,17,0.1765,0.4362,1,1,2,1,1D-1I-2C-1S,9,0.5294,0.5828,0.5438,0.7529,0.4118,0
DRX,Lotus,2025,fade|omen|vyse|waylay|yoru,"['fade', 'omen', 'vyse', 'waylay', 'yoru']",1,3,4,0.25,17,0.2353,0.5064,2,1,1,1,2D-1I-1C-1S,4,0.2353,0.5828,0.5438,0.5765,0.2353,0
DRX,Pearl,2025,astra|fade|tejo|vyse|yoru,"['astra', 'fade', 'tejo', 'vyse', 'yoru']",0,1,1,0.0,2,0.5,0.2181,1,2,1,1,1D-2I-1C-1S,2,1.0,0.5828,0.0,0.7,0.5,0
DRX,Pearl,2025,astra|jett|killjoy|sova|tejo,"['astra', 'jett', 'killjoy', 'sova', 'tejo']",0,1,1,0.0,2,0.5,0.2181,1,2,1,1,1D-2I-1C-1S,2,1.0,0.5828,0.0,0.7,0.5,0
DRX,Split,2025,breach|cypher|omen|raze|tejo,"['breach', 'cypher', 'omen', 'raze', 'tejo']",1,0,1,1.0,4,0.25,0.2181,1,2,1,1,1D-2I-1C-1S,2,0.5,0.5828,0.6667,0.75,0.5,0
DRX,Split,2025,breach|cypher|omen|tejo|yoru,"['breach', 'cypher', 'omen', 'tejo', 'yoru']",0,1,1,0.0,4,0.25,0.2181,1,2,1,1,1D-2I-1C-1S,2,0.5,0.5828,0.6667,0.65,0.25,0
DRX,Split,2025,neon|omen|raze|tejo|viper,"['neon', 'omen', 'raze', 'tejo', 'viper']",2,0,2,1.0,4,0.5,0.3457,2,1,2,0,2D-1I-2C-0S,2,0.5,0.5828,0.6667,0.75,0.5,0
DRX,Sunset,2025,cypher|omen|sova|waylay|yoru,"['cypher', 'omen', 'sova', 'waylay', 'yoru']",1,1,2,0.5,2,1.0,0.3457,2,1,1,1,2D-1I-1C-1S,2,1.0,0.5828,0.4,1.0,1.0,0
DetonatioN FocusMe,Abyss,2025,astra|jett|kayo|omen|sova,"['astra', 'jett', 'kayo', 'omen', 'sova']",3,1,4,0.75,4,1.0,0.5064,1,2,2,0,1D-2I-2C-0S,4,1.0,0.3585,0.875,1.0,1.0,0
DetonatioN FocusMe,Ascent,2025,astra|fade|jett|kayo|tejo,"['astra', 'fade', 'jett', 'kayo', 'tejo']",1,2,3,0.3333333333333333,4,0.75,0.4362,1,3,1,0,1D-3I-1C-0S,3,0.75,0.3585,0.4667,0.85,0.75,0
DetonatioN FocusMe,Ascent,2025,jett|kayo|killjoy|omen|sova,"['jett', 'kayo', 'killjoy', 'omen', 'sova']",0,1,1,0.0,4,0.25,0.2181,1,2,1,1,1D-2I-1C-1S,1,0.25,0.3585,0.4667,0.55,0.25,0
DetonatioN FocusMe,Corrode,2025,fade|omen|viper|waylay|yoru,"['fade', 'omen', 'viper', 'waylay', 'yoru']",1,1,2,0.5,2,1.0,0.3457,2,1,2,0,2D-1I-2C-0S,2,1.0,0.3585,0.25,1.0,1.0,0
DetonatioN FocusMe,Fracture,2025,breach|brimstone|neon|tejo|vyse,"['breach', 'brimstone', 'neon', 'tejo', 'vyse']",0,2,2,0.0,2,1.0,0.3457,1,2,1,1,1D-2I-1C-1S,2,1.0,0.3585,0.25,1.0,1.0,0
DetonatioN FocusMe,Haven,2025,breach|cypher|neon|omen|sova,"['breach', 'cypher', 'neon', 'omen', 'sova']",0,1,1,0.0,4,0.25,0.2181,1,2,1,1,1D-2I-1C-1S,1,0.25,0.3585,0.2333,0.7,0.25,0
DetonatioN FocusMe,Haven,2025,cypher|iso|omen|sova|yoru,"['cypher', 'iso', 'omen', 'sova', 'yoru']",1,2,3,0.3333333333333333,4,0.75,0.4362,2,1,1,1,2D-1I-1C-1S,3,0.75,0.3585,0.2333,0.9,0.75,0
DetonatioN FocusMe,Icebox,2025,harbor|jett|killjoy|sova|viper,"['harbor', 'jett', 'killjoy', 'sova', 'viper']",2,0,2,1.0,2,1.0,0.3457,1,1,2,1,1D-1I-2C-1S,2,1.0,0.3585,0.5,1.0,1.0,0
DetonatioN FocusMe,Lotus,2025,astra|fade|omen|raze|vyse,"['astra', 'fade', 'omen', 'raze', 'vyse']",0,1,1,0.0,9,0.1111,0.2181,1,1,2,1,1D-1I-2C-1S,5,0.5556,0.3585,0.1214,0.7333,0.1111,1
DetonatioN FocusMe,Lotus,2025,fade|omen|raze|viper|vyse,"['fade', 'omen', 'raze', 'viper', 'vyse']",0,4,4,0.0,9,0.4444,0.5064,1,1,2,1,1D-1I-2C-1S,5,0.5556,0.3585,0.1214,0.8889,0.5556,0
DetonatioN FocusMe,Lotus,2025,fade|omen|raze|viper|yoru,"['fade', 'omen', 'raze', 'viper', 'yoru']",1,3,4,0.25,9,0.4444,0.5064,2,1,2,0,2D-1I-2C-0S,4,0.4444,0.3585,0.1214,0.8667,0.4444,0
DetonatioN FocusMe,Pearl,2025,astra|chamber|sova|vyse|yoru,"['astra', 'chamber', 'sova', 'vyse', 'yoru']",0,2,2,0.0,4,0.5,0.3457,1,1,1,2,1D-1I-1C-2S,2,0.5,0.3585,0.3333,0.6,0.5,0
DetonatioN FocusMe,Pearl,2025,astra|iso|jett|kayo|killjoy,"['astra', 'iso', 'jett', 'kayo', 'killjoy']",1,1,2,0.5,4,0.5,0.3457,2,1,1,1,2D-1I-1C-1S,2,0.5,0.3585,0.3333,0.6,0.5,0
DetonatioN FocusMe,Split,2025,cypher|omen|raze|skye|vyse,"['cypher', 'omen', 'raze', 'skye', 'vyse']",1,0,1,1.0,1,1.0,0.2181,1,1,1,2,1D-1I-1C-2S,1,1.0,0.3585,0.6444,1.0,1.0,0
DetonatioN FocusMe,Sunset,2025,deadlock|neon|omen|sova|viper,"['deadlock', 'neon', 'omen', 'sova', 'viper']",1,1,2,0.5,2,1.0,0.3457,1,1,2,1,1D-1I-2C-1S,2,1.0,0.3585,0.4444,1.0,1.0,0
Dragon Ranger Gaming,Abyss,2025,astra|jett|kayo|omen|sova,"['astra', 'jett', 'kayo', 'omen', 'sova']",2,1,3,0.6666666666666666,4,0.75,0.4362,1,2,2,0,1D-2I-2C-0S,3,0.75,0.4373,0.2222,0.85,0.75,0
Dragon Ranger Gaming,Abyss,2025,cypher|omen|sova|waylay|yoru,"['cypher', 'omen', 'sova', 'waylay', 'yoru']",0,1,1,0.0,4,0.25,0.2181,2,1,1,1,2D-1I-1C-1S,1,0.25,0.4373,0.2222,0.55,0.25,0
Dragon Ranger Gaming,Ascent,2025,clove|fade|omen|vyse|yoru,"['clove', 'fade', 'omen', 'vyse', 'yoru']",3,1,4,0.75,8,0.5,0.5064,1,1,2,1,1D-1I-2C-1S,8,1.0,0.4373,0.6357,0.9,0.5,0
Dragon Ranger Gaming,Ascent,2025,fade|omen|viper|vyse|yoru,"['fade', 'omen', 'viper', 'vyse', 'yoru']",2,2,4,0.5,8,0.5,0.5064,1,1,2,1,1D-1I-2C-1S,8,1.0,0.4373,0.6357,0.9,0.5,0
Dragon Ranger Gaming,Bind,2025,astra|gekko|neon|vyse|yoru,"['astra', 'gekko', 'neon', 'vyse', 'yoru']",0,1,1,0.0,3,0.3333,0.2181,2,1,1,1,2D-1I-1C-1S,1,0.3333,0.4373,0.3611,0.4667,0.3333,0
Dragon Ranger Gaming,Bind,2025,brimstone|deadlock|kayo|raze|vyse,"['brimstone', 'deadlock', 'kayo', 'raze', 'vyse']",2,0,2,1.0,3,0.6667,0.3457,1,1,1,2,1D-1I-1C-2S,2,0.6667,0.4373,0.3611,0.7333,0.6667,0
Dragon Ranger Gaming,Corrode,2025,clove|cypher|gekko|omen|yoru,"['clove', 'cypher', 'gekko', 'omen', 'yoru']",2,1,3,0.6666666666666666,3,1.0,0.4362,1,1,2,1,1D-1I-2C-1S,3,1.0,0.4373,0.5833,1.0,1.0,0
Dragon Ranger Gaming,Fracture,2025,breach|brimstone|cypher|fade|yoru,"['breach', 'brimstone', 'cypher', 'fade', 'yoru']",2,2,4,0.5,4,1.0,0.5064,1,2,1,1,1D-2I-1C-1S,4,1.0,0.4373,0.5,1.0,1.0,0
Dragon Ranger Gaming,Haven,2025,breach|cypher|jett|omen|sova,"['breach', 'cypher', 'jett', 'omen', 'sova']",2,2,4,0.5,10,0.4,0.5064,1,2,1,1,1D-2I-1C-1S,4,0.4,0.4373,0.7,0.76,0.4,0
Dragon Ranger Gaming,Haven,2025,cypher|iso|omen|sova|yoru,"['cypher', 'iso', 'omen', 'sova', 'yoru']",3,3,6,0.5,10,0.6,0.6123,2,1,1,1,2D-1I-1C-1S,6,0.6,0.4373,0.7,0.84,0.6,0
Dragon Ranger Gaming,Icebox,2025,gekko|harbor|killjoy|neon|reyna,"['gekko', 'harbor', 'killjoy', 'neon', 'reyna']",1,1,2,0.5,4,0.5,0.3457,2,1,1,1,2D-1I-1C-1S,2,0.5,0.4373,0.42,0.6,0.5,0
Dragon Ranger Gaming,Icebox,2025,jett|kayo|killjoy|omen|viper,"['jett', 'kayo', 'killjoy', 'omen', 'viper']",0,2,2,0.0,4,0.5,0.3457,1,1,2,1,1D-1I-2C-1S,2,0.5,0.4373,0.42,0.6,0.5,0
Dragon Ranger Gaming,Lotus,2025,breach|cypher|neon|omen|yoru,"['breach', 'cypher', 'neon', 'omen', 'yoru']",4,4,8,0.5,14,0.5714,0.6914,2,1,1,1,2D-1I-1C-1S,10,0.7143,0.4373,0.45,0.8857,0.5714,0
Dragon Ranger Gaming,Lotus,2025,breach|cypher|omen|tejo|yoru,"['breach', 'cypher', 'omen', 'tejo', 'yoru']",3,1,4,0.75,14,0.2857,0.5064,1,2,1,1,1D-2I-1C-1S,4,0.2857,0.4373,0.45,0.8286,0.2857,0
Dragon Ranger Gaming,Lotus,2025,breach|omen|vyse|waylay|yoru,"['breach', 'omen', 'vyse', 'waylay', 'yoru']",0,2,2,0.0,14,0.1429,0.3457,2,1,1,1,2D-1I-1C-1S,10,0.7143,0.4373,0.45,0.6571,0.1429,2
Dragon Ranger Gaming,Pearl,2025,astra|breach|fade|vyse|yoru,"['astra', 'breach', 'fade', 'vyse', 'yoru']",0,1,1,0.0,6,0.1667,0.2181,1,2,1,1,1D-2I-1C-1S,6,1.0,0.4373,0.225,0.5,0.1667,3
Dragon Ranger Gaming,Pearl,2025,astra|cypher|fade|jett|kayo,"['astra', 'cypher', 'fade', 'jett', 'kayo']",2,3,5,0.4,6,0.8333,0.5638,1,2,1,1,1D-2I-1C-1S,6,1.0,0.4373,0.225,0.9,0.8333,0
Dragon Ranger Gaming,Split,2025,breach|cypher|omen|tejo|yoru,"['breach', 'cypher', 'omen', 'tejo', 'yoru']",1,1,2,0.5,2,1.0,0.3457,1,2,1,1,1D-2I-1C-1S,2,1.0,0.4373,0.3333,1.0,1.0,0
Dragon Ranger Gaming,Sunset,2025,cypher|fade|neon|omen|yoru,"['cypher', 'fade', 'neon', 'omen', 'yoru']",4,2,6,0.6666666666666666,6,1.0,0.6123,2,1,1,1,2D-1I-1C-1S,6,1.0,0.4373,0.3833,1.0,1.0,0
EDward Gaming,Abyss,2025,astra|jett|kayo|omen|sova,"['astra', 'jett', 'kayo', 'omen', 'sova']",1,0,1,1.0,3,0.3333,0.2181,1,2,2,0,1D-2I-2C-0S,1,0.3333,0.5694,0.65,0.7333,0.3333,0
EDward Gaming,Abyss,2025,astra|neon|omen|sova|yoru,"['astra', 'neon', 'omen', 'sova', 'yoru']",0,2,2,0.0,3,0.6667,0.3457,2,1,2,0,2D-1I-2C-0S,2,0.6667,0.5694,0.65,0.8667,0.6667,0
EDward Gaming,Ascent,2025,cypher|jett|kayo|omen|sova,"['cypher', 'jett', 'kayo', 'omen', 'sova']",3,1,4,0.75,7,0.5714,0.5064,1,2,1,1,1D-2I-1C-1S,4,0.5714,0.5694,0.5458,0.6571,0.5714,0
EDward Gaming,Ascent,2025,deadlock|omen|tejo|vyse|yoru,"['deadlock', 'omen', 'tejo', 'vyse', 'yoru']",1,2,3,0.3333333333333333,7,0.4286,0.4362,1,1,1,2,1D-1I-1C-2S,3,0.4286,0.5694,0.5458,0.5429,0.4286,0
EDward Gaming,Bind,2025,brimstone|fade|raze|viper|yoru,"['brimstone', 'fade', 'raze', 'viper', 'yoru']",2,0,2,1.0,9,0.2222,0.3457,2,1,2,0,2D-1I-2C-0S,2,0.2222,0.5694,0.5091,0.5778,0.3333,0
EDward Gaming,Bind,2025,brimstone|fade|tejo|viper|yoru,"['brimstone', 'fade', 'tejo', 'viper', 'yoru']",0,1,1,0.0,9,0.1111,0.2181,1,2,2,0,1D-2I-2C-0S,1,0.1111,0.5694,0.5091,0.5556,0.3333,0
EDward Gaming,Bind,2025,brimstone|kayo|raze|tejo|vyse,"['brimstone', 'kayo', 'raze', 'tejo', 'vyse']",3,3,6,0.5,9,0.6667,0.6123,1,2,1,1,1D-2I-1C-1S,6,0.6667,0.5694,0.5091,0.8,0.6667,0
EDward Gaming,Corrode,2025,fade|neon|omen|viper|yoru,"['fade', 'neon', 'omen', 'viper', 'yoru']",4,2,6,0.6666666666666666,6,1.0,0.6123,2,1,2,0,2D-1I-2C-0S,6,1.0,0.5694,0.8333,1.0,1.0,0
EDward Gaming,Fracture,2025,breach|brimstone|cypher|neon|tejo,"['breach', 'brimstone', 'cypher', 'neon', 'tejo']",2,0,2,1.0,8,0.25,0.3457,1,2,1,1,1D-2I-1C-1S,8,1.0,0.5694,0.8375,0.8,0.25,0
EDward Gaming,Fracture,2025,breach|brimstone|fade|killjoy|neon,"['breach', 'brimstone', 'fade', 'killjoy', 'neon']",2,0,2,1.0,8,0.25,0.3457,1,2,1,1,1D-2I-1C-1S,8,1.0,0.5694,0.8375,0.7,0.25,0
EDward Gaming,Fracture,2025,breach|brimstone|neon|tejo|vyse,"['breach', 'brimstone', 'neon', 'tejo', 'vyse']",3,1,4,0.75,8,0.5,0.5064,1,2,1,1,1D-2I-1C-1S,8,1.0,0.5694,0.8375,0.85,0.5,0
EDward Gaming,Haven,2025,breach|cypher|jett|omen|sova,"['breach', 'cypher', 'jett', 'omen', 'sova']",3,0,3,1.0,10,0.3,0.4362,1,2,1,1,1D-2I-1C-1S,7,0.7,0.5694,0.4896,0.74,0.4,0
EDward Gaming,Haven,2025,breach|cypher|jett|omen|tejo,"['breach', 'cypher', 'jett', 'omen', 'tejo']",0,1,1,0.0,10,0.1,0.2181,1,2,1,1,1D-2I-1C-1S,7,0.7,0.5694,0.4896,0.7,0.4,0
EDward Gaming,Haven,2025,breach|cypher|omen|tejo|yoru,"['breach', 'cypher', 'omen', 'tejo', 'yoru']",2,1,3,0.6666666666666666,10,0.3,0.4362,1,2,1,1,1D-2I-1C-1S,7,0.7,0.5694,0.4896,0.74,0.4,0
EDward Gaming,Haven,2025,cypher|neon|omen|sova|yoru,"['cypher', 'neon', 'omen', 'sova', 'yoru']",2,1,3,0.6666666666666666,10,0.3,0.4362,2,1,1,1,2D-1I-1C-1S,3,0.3,0.5694,0.4896,0.7,0.3,0
EDward Gaming,Icebox,2025,jett|kayo|killjoy|tejo|viper,"['jett', 'kayo', 'killjoy', 'tejo', 'viper']",2,1,3,0.6666666666666666,4,0.75,0.4362,1,2,1,1,1D-2I-1C-1S,3,0.75,0.5694,0.375,0.9,0.75,0
EDward Gaming,Icebox,2025,jett|killjoy|omen|sova|viper,"['jett', 'killjoy', 'omen', 'sova', 'viper']",0,1,1,0.0,4,0.25,0.2181,1,1,2,1,1D-1I-2C-1S,1,0.25,0.5694,0.375,0.7,0.25,0
EDward Gaming,Lotus,2025,breach|clove|fade|neon|omen,"['breach', 'clove', 'fade', 'neon', 'omen']",0,1,1,0.0,14,0.0714,0.2181,1,2,2,0,1D-2I-2C-0S,5,0.3571,0.5694,0.3854,0.5571,0.3571,0
EDward Gaming,Lotus,2025,breach|clove|neon|omen|sova,"['breach', 'clove', 'neon', 'omen', 'sova']",1,3,4,0.25,14,0.2857,0.5064,1,2,2,0,1D-2I-2C-0S,5,0.3571,0.5694,0.3854,0.5571,0.3571,0
EDward Gaming,Lotus,2025,fade|omen|raze|vyse|yoru,"['fade', 'omen', 'raze', 'vyse', 'yoru']",1,5,6,0.16666666666666666,14,0.4286,0.6123,2,1,1,1,2D-1I-1C-1S,9,0.6429,0.5694,0.3854,0.6,0.4286,0
EDward Gaming,Lotus,2025,iso|neon|omen|sova|vyse,"['iso', 'neon', 'omen', 'sova', 'vyse']",1,2,3,0.3333333333333333,14,0.2143,0.4362,2,1,1,1,2D-1I-1C-1S,9,0.6429,0.5694,0.3854,0.5857,0.2143,0
EDward Gaming,Pearl,2025,astra|cypher|kayo|neon|sova,"['astra', 'cypher', 'kayo', 'neon', 'sova']",2,0,2,1.0,7,0.2857,0.3457,1,2,1,1,1D-2I-1C-1S,5,0.7143,0.5694,0.6833,0.4857,0.2857,0
EDward Gaming,Pearl,2025,astra|fade|tejo|vyse|yoru,"['astra', 'fade', 'tejo', 'vyse', 'yoru']",2,1,3,0.6666666666666666,7,0.4286,0.4362,1,2,1,1,1D-2I-1C-1S,5,0.7143,0.5694,0.6833,0.7143,0.4286,0
EDward Gaming,Pearl,2025,astra|neon|tejo|vyse|yoru,"['astra', 'neon', 'tejo', 'vyse', 'yoru']",1,1,2,0.5,7,0.2857,0.3457,2,1,1,1,2D-1I-1C-1S,2,0.2857,0.5694,0.6833,0.7429,0.5714,0
EDward Gaming,Split,2025,breach|jett|omen|tejo|viper,"['breach', 'jett', 'omen', 'tejo', 'viper']",2,2,4,0.5,7,0.5714,0.5064,1,2,2,0,1D-2I-2C-0S,5,0.7143,0.5694,0.6571,0.7143,0.5714,0
EDward Gaming,Split,2025,cypher|fade|iso|neon|omen,"['cypher', 'fade', 'iso', 'neon', 'omen']",1,1,2,0.5,7,0.2857,0.3457,2,1,1,1,2D-1I-1C-1S,2,0.2857,0.5694,0.6571,0.4286,0.2857,0
EDward Gaming,Split,2025,omen|raze|skye|tejo|viper,"['omen', 'raze', 'skye', 'tejo', 'viper']",1,0,1,1.0,7,0.1429,0.2181,1,2,2,0,1D-2I-2C-0S,5,0.7143,0.5694,0.6571,0.5429,0.1429,2
EDward Gaming,Sunset,2025,breach|cypher|fade|neon|omen,"['breach', 'cypher', 'fade', 'neon', 'omen']",2,2,4,0.5,5,0.8,0.5064,1,2,1,1,1D-2I-1C-1S,5,1.0,0.5694,0.6389,0.96,0.8,0
EDward Gaming,Sunset,2025,breach|cypher|neon|omen|sova,"['breach', 'cypher', 'neon', 'omen', 'sova']",1,0,1,1.0,5,0.2,0.2181,1,2,1,1,1D-2I-1C-1S,5,1.0,0.5694,0.6389,0.84,0.2,0
Evil Geniuses,Abyss,2025,astra|jett|omen|sova|vyse,"['astra', 'jett', 'omen', 'sova', 'vyse']",1,1,2,0.5,2,1.0,0.3457,1,1,2,1,1D-1I-2C-1S,2,1.0,0.3686,0.5833,1.0,1.0,0
Evil Geniuses,Ascent,2025,cypher|jett|kayo|omen|sova,"['cypher', 'jett', 'kayo', 'omen', 'sova']",2,1,3,0.6666666666666666,3,1.0,0.4362,1,2,1,1,1D-2I-1C-1S,3,1.0,0.3686,0.7222,1.0,1.0,0
Evil Geniuses,Bind,2025,brimstone|fade|gekko|raze|viper,"['brimstone', 'fade', 'gekko', 'raze', 'viper']",0,1,1,0.0,1,1.0,0.2181,1,2,2,0,1D-2I-2C-0S,1,1.0,0.3686,0.3333,1.0,1.0,0
Evil Geniuses,Corrode,2025,chamber|neon|omen|sova|viper,"['chamber', 'neon', 'omen', 'sova', 'viper']",2,2,4,0.5,4,1.0,0.5064,1,1,2,1,1D-1I-2C-1S,4,1.0,0.3686,0.5,1.0,1.0,0
Evil Geniuses,Fracture,2025,breach|brimstone|cypher|raze|tejo,"['breach', 'brimstone', 'cypher', 'raze', 'tejo']",1,1,2,0.5,3,0.6667,0.3457,1,2,1,1,1D-2I-1C-1S,3,1.0,0.3686,0.5,0.9333,0.6667,0
Evil Geniuses,Fracture,2025,breach|brimstone|killjoy|raze|tejo,"['breach', 'brimstone', 'killjoy', 'raze', 'tejo']",1,0,1,1.0,3,0.3333,0.2181,1,2,1,1,1D-2I-1C-1S,3,1.0,0.3686,0.5,0.8667,0.3333,0
Evil Geniuses,Haven,2025,breach|cypher|jett|omen|sova,"['breach', 'cypher', 'jett', 'omen', 'sova']",0,2,2,0.0,5,0.4,0.3457,1,2,1,1,1D-2I-1C-1S,5,1.0,0.3686,0.2778,0.88,0.4,0
Evil Geniuses,Haven,2025,breach|cypher|omen|sova|waylay,"['breach', 'cypher', 'omen', 'sova', 'waylay']",1,2,3,0.3333333333333333,5,0.6,0.4362,1,2,1,1,1D-2I-1C-1S,5,1.0,0.3686,0.2778,0.92,0.6,0
Evil Geniuses,Icebox,2025,jett|kayo|killjoy|sova|viper,"['jett', 'kayo', 'killjoy', 'sova', 'viper']",2,0,2,1.0,2,1.0,0.3457,1,2,1,1,1D-2I-1C-1S,2,1.0,0.3686,0.5,1.0,1.0,0
Evil Geniuses,Lotus,2025,clove|fade|raze|tejo|viper,"['clove', 'fade', 'raze', 'tejo', 'viper']",5,3,8,0.625,8,1.0,0.6914,1,2,2,0,1D-2I-2C-0S,8,1.0,0.3686,0.2688,1.0,1.0,0
Evil Geniuses,Pearl,2025,astra|jett|phoenix|sova|vyse,"['astra', 'jett', 'phoenix', 'sova', 'vyse']",0,1,1,0.0,5,0.2,0.2181,2,1,1,1,2D-1I-1C-1S,5,1.0,0.3686,0.25,0.68,0.2,0
Evil Geniuses,Pearl,2025,astra|jett|tejo|vyse|yoru,"['astra', 'jett', 'tejo', 'vyse', 'yoru']",2,2,4,0.5,5,0.8,0.5064,2,1,1,1,2D-1I-1C-1S,5,1.0,0.3686,0.25,0.92,0.8,0
Evil Geniuses,Split,2025,astra|breach|raze|tejo|viper,"['astra', 'breach', 'raze', 'tejo', 'viper']",1,1,2,0.5,4,0.5,0.3457,1,2,2,0,1D-2I-2C-0S,2,0.5,0.3686,0.1667,0.7,0.5,0
Evil Geniuses,Split,2025,chamber|omen|raze|skye|viper,"['chamber', 'omen', 'raze', 'skye', 'viper']",0,2,2,0.0,4,0.5,0.3457,1,1,2,1,1D-1I-2C-1S,2,0.5,0.3686,0.1667,0.7,0.5,0
Evil Geniuses,Sunset,2025,cypher|jett|kayo|omen|sova,"['cypher', 'jett', 'kayo', 'omen', 'sova']",0,1,1,0.0,1,1.0,0.2181,1,2,1,1,1D-2I-1C-1S,1,1.0,0.3686,0.3667,1.0,1.0,0
FNATIC,Abyss,2025,astra|breach|cypher|sova|waylay,"['astra', 'breach', 'cypher', 'sova', 'waylay']",3,1,4,0.75,7,0.5714,0.5064,1,2,1,1,1D-2I-1C-1S,4,0.5714,0.5015,0.4583,0.8286,0.5714,0
FNATIC,Abyss,2025,astra|breach|jett|sova|yoru,"['astra', 'breach', 'jett', 'sova', 'yoru']",1,2,3,0.3333333333333333,7,0.4286,0.4362,2,2,1,0,2D-2I-1C-0S,3,0.4286,0.5015,0.4583,0.7714,0.4286,0
FNATIC,Ascent,2025,chamber|omen|sova|vyse|yoru,"['chamber', 'omen', 'sova', 'vyse', 'yoru']",4,3,7,0.5714285714285714,12,0.5833,0.6543,1,1,1,2,1D-1I-1C-2S,11,0.9167,0.5015,0.3452,0.9167,0.5833,0
FNATIC,Ascent,2025,omen|sage|sova|vyse|yoru,"['omen', 'sage', 'sova', 'vyse', 'yoru']",2,2,4,0.5,12,0.3333,0.5064,1,1,1,2,1D-1I-1C-2S,11,0.9167,0.5015,0.3452,0.8667,0.3333,0
FNATIC,Ascent,2025,omen|sova|tejo|vyse|yoru,"['omen', 'sova', 'tejo', 'vyse', 'yoru']",0,1,1,0.0,12,0.0833,0.2181,1,2,1,1,1D-2I-1C-1S,1,0.0833,0.5015,0.3452,0.8167,0.0833,1
FNATIC,Bind,2025,astra|fade|raze|tejo|viper,"['astra', 'fade', 'raze', 'tejo', 'viper']",4,1,5,0.8,8,0.625,0.5638,1,2,2,0,1D-2I-2C-0S,8,1.0,0.5015,0.6007,0.925,0.625,0
FNATIC,Bind,2025,astra|fade|tejo|viper|yoru,"['astra', 'fade', 'tejo', 'viper', 'yoru']",1,2,3,0.3333333333333333,8,0.375,0.4362,1,2,2,0,1D-2I-2C-0S,8,1.0,0.5015,0.6007,0.875,0.375,0
FNATIC,Corrode,2025,astra|fade|viper|vyse|yoru,"['astra', 'fade', 'viper', 'vyse', 'yoru']",3,1,4,0.75,4,1.0,0.5064,1,1,2,1,1D-1I-2C-1S,4,1.0,0.5015,0.625,1.0,1.0,0
FNATIC,Fracture,2025,breach|brimstone|chamber|raze|sova,"['breach', 'brimstone', 'chamber', 'raze', 'sova']",2,2,4,0.5,8,0.5,0.5064,1,2,1,1,1D-2I-1C-1S,8,1.0,0.5015,0.8333,0.7,0.5,0
FNATIC,Fracture,2025,breach|brimstone|cypher|neon|tejo,"['breach', 'brimstone', 'cypher', 'neon', 'tejo']",4,0,4,1.0,8,0.5,0.5064,1,2,1,1,1D-2I-1C-1S,8,1.0,0.5015,0.8333,0.7,0.5,0
FNATIC,Haven,2025,cypher|iso|omen|sova|yoru,"['cypher', 'iso', 'omen', 'sova', 'yoru']",3,3,6,0.5,13,0.4615,0.6123,2,1,1,1,2D-1I-1C-1S,6,0.4615,0.5015,0.5278,0.7385,0.4615,0
FNATIC,Haven,2025,killjoy|neon|omen|sova|viper,"['killjoy', 'neon', 'omen', 'sova', 'viper']",1,2,3,0.3333333333333333,13,0.2308,0.4362,1,1,2,1,1D-1I-2C-1S,7,0.5385,0.5015,0.5278,0.6615,0.2308,0
FNATIC,Haven,2025,killjoy|omen|sova|viper|yoru,"['killjoy', 'omen', 'sova', 'viper', 'yoru']",4,0,4,1.0,13,0.3077,0.5064,1,1,2,1,1D-1I-2C-1S,7,0.5385,0.5015,0.5278,0.7692,0.5385,0
FNATIC,Icebox,2025,gekko|killjoy|sage|tejo|viper,"['gekko', 'killjoy', 'sage', 'tejo', 'viper']",2,1,3,0.6666666666666666,8,0.375,0.4362,0,2,1,2,0D-2I-1C-2S,3,0.375,0.5015,0.5625,0.75,0.375,0
FNATIC,Icebox,2025,jett|killjoy|sage|sova|viper,"['jett', 'killjoy', 'sage', 'sova', 'viper']",5,0,5,1.0,8,0.625,0.5638,1,1,1,2,1D-1I-1C-2S,5,0.625,0.5015,0.5625,0.85,0.625,0
FNATIC,Lotus,2025,fade|killjoy|omen|raze|viper,"['fade', 'killjoy', 'omen', 'raze', 'viper']",9,6,15,0.6,15,1.0,0.8724,1,1,2,1,1D-1I-2C-1S,15,1.0,0.5015,0.6286,1.0,1.0,0
FNATIC,Pearl,2025,astra|killjoy|neon|sova|yoru,"['astra', 'killjoy', 'neon', 'sova', 'yoru']",0,1,1,0.0,2,0.5,0.2181,2,1,1,1,2D-1I-1C-1S,1,0.5,0.5015,0.5,0.9,0.5,0
FNATIC,Pearl,2025,astra|killjoy|sova|tejo|yoru,"['astra', 'killjoy', 'sova', 'tejo', 'yoru']",1,0,1,1.0,2,0.5,0.2181,1,2,1,1,1D-2I-1C-1S,1,0.5,0.5015,0.5,0.9,0.5,0
FNATIC,Split,2025,astra|fade|raze|viper|yoru,"['astra', 'fade', 'raze', 'viper', 'yoru']",8,1,9,0.8888888888888888,10,0.9,0.7245,2,1,2,0,2D-1I-2C-0S,9,0.9,0.5015,0.5731,0.94,0.9,0
FNATIC,Split,2025,breach|cypher|omen|raze|yoru,"['breach', 'cypher', 'omen', 'raze', 'yoru']",0,1,1,0.0,10,0.1,0.2181,2,1,1,1,2D-1I-1C-1S,1,0.1,0.5015,0.5731,0.46,0.1,3
FNATIC,Sunset,2025,cypher|fade|neon|omen|yoru,"['cypher', 'fade', 'neon', 'omen', 'yoru']",0,2,2,0.0,6,0.3333,0.3457,2,1,1,1,2D-1I-1C-1S,3,0.5,0.5015,0.12,0.7667,0.3333,0
FNATIC,Sunset,2025,cypher|neon|omen|sova|viper,"['cypher', 'neon', 'omen', 'sova', 'viper']",0,3,3,0.0,6,0.5,0.4362,1,1,2,1,1D-1I-2C-1S,3,0.5,0.5015,0.12,0.8333,0.5,0
FNATIC,Sunset,2025,cypher|neon|omen|sova|yoru,"['cypher', 'neon', 'omen', 'sova', 'yoru']",0,1,1,0.0,6,0.1667,0.2181,2,1,1,1,2D-1I-1C-1S,3,0.5,0.5015,0.12,0.8333,0.5,0
FURIA,Abyss,2025,cypher|jett|kayo|omen|sova,"['cypher', 'jett', 'kayo', 'omen', 'sova']",0,1,1,0.0,1,1.0,0.2181,1,2,1,1,1D-2I-1C-1S,1,1.0,0.2667,0.375,1.0,1.0,0
FURIA,Ascent,2025,chamber|omen|sova|vyse|yoru,"['chamber', 'omen', 'sova', 'vyse', 'yoru']",0,3,3,0.0,6,0.5,0.4362,1,1,1,2,1D-1I-1C-2S,3,0.5,0.2667,0.2778,0.9,0.5,0
FURIA,Ascent,2025,kayo|omen|sova|vyse|yoru,"['kayo', 'omen', 'sova', 'vyse', 'yoru']",1,2,3,0.3333333333333333,6,0.5,0.4362,1,2,1,1,1D-2I-1C-1S,3,0.5,0.2667,0.2778,0.9,0.5,0
FURIA,Bind,2025,brimstone|deadlock|raze|skye|viper,"['brimstone', 'deadlock', 'raze', 'skye', 'viper']",0,1,1,0.0,1,1.0,0.2181,1,1,2,1,1D-1I-2C-1S,1,1.0,0.2667,0.125,1.0,1.0,0
FURIA,Corrode,2025,fade|neon|omen|sage|viper,"['fade', 'neon', 'omen', 'sage', 'viper']",1,2,3,0.3333333333333333,3,1.0,0.4362,1,1,2,1,1D-1I-2C-1S,3,1.0,0.2667,0.3333,1.0,1.0,0
FURIA,Fracture,2025,breach|brimstone|cypher|raze|sage,"['breach', 'brimstone', 'cypher', 'raze', 'sage']",0,1,1,0.0,2,0.5,0.2181,1,1,1,2,1D-1I-1C-2S,1,0.5,0.2667,0.0,0.9,0.5,0
FURIA,Fracture,2025,breach|brimstone|cypher|raze|tejo,"['breach', 'brimstone', 'cypher', 'raze', 'tejo']",0,1,1,0.0,2,0.5,0.2181,1,2,1,1,1D-2I-1C-1S,1,0.5,0.2667,0.0,0.9,0.5,0
FURIA,Haven,2025,breach|clove|cypher|jett|tejo,"['breach', 'clove', 'cypher', 'jett', 'tejo']",1,1,2,0.5,3,0.6667,0.3457,1,2,1,1,1D-2I-1C-1S,2,0.6667,0.2667,0.3733,0.6667,0.6667,0
FURIA,Haven,2025,killjoy|neon|omen|sova|viper,"['killjoy', 'neon', 'omen', 'sova', 'viper']",0,1,1,0.0,3,0.3333,0.2181,1,1,2,1,1D-1I-2C-1S,1,0.3333,0.2667,0.3733,0.3333,0.3333,0
FURIA,Icebox,2025,jett|kayo|killjoy|tejo|viper,"['jett', 'kayo', 'killjoy', 'tejo', 'viper']",0,1,1,0.0,2,0.5,0.2181,1,2,1,1,1D-2I-1C-1S,1,0.5,0.2667,0.2708,0.7,0.5,0
FURIA,Icebox,2025,killjoy|omen|sova|viper|waylay,"['killjoy', 'omen', 'sova', 'viper', 'waylay']",0,1,1,0.0,2,0.5,0.2181,1,1,2,1,1D-1I-2C-1S,1,0.5,0.2667,0.2708,0.7,0.5,0
FURIA,Lotus,2025,breach|clove|fade|neon|omen,"['breach', 'clove', 'fade', 'neon', 'omen']",1,2,3,0.3333333333333333,4,0.75,0.4362,1,2,2,0,1D-2I-2C-0S,3,0.75,0.2667,0.3333,0.85,0.75,0
FURIA,Lotus,2025,breach|omen|raze|tejo|vyse,"['breach', 'omen', 'raze', 'tejo', 'vyse']",1,0,1,1.0,4,0.25,0.2181,1,2,1,1,1D-2I-1C-1S,1,0.25,0.2667,0.3333,0.55,0.25,0
FURIA,Pearl,2025,astra|jett|kayo|tejo|vyse,"['astra', 'jett', 'kayo', 'tejo', 'vyse']",0,3,3,0.0,3,1.0,0.4362,1,2,1,1,1D-2I-1C-1S,3,1.0,0.2667,0.25,1.0,1.0,0
FURIA,Split,2025,breach|omen|tejo|viper|yoru,"['breach', 'omen', 'tejo', 'viper', 'yoru']",0,1,1,0.0,2,0.5,0.2181,1,2,2,0,1D-2I-2C-0S,1,0.5,0.2667,0.2361,0.7,0.5,0
FURIA,Split,2025,omen|raze|sage|skye|viper,"['omen', 'raze', 'sage', 'skye', 'viper']",0,1,1,0.0,2,0.5,0.2181,1,1,2,1,1D-1I-2C-1S,1,0.5,0.2667,0.2361,0.7,0.5,0
FURIA,Sunset,2025,breach|cypher|neon|omen|sova,"['breach', 'cypher', 'neon', 'omen', 'sova']",0,2,2,0.0,2,1.0,0.3457,1,2,1,1,1D-2I-1C-1S,2,1.0,0.2667,0.25,1.0,1.0,0
FUT Esports,Abyss,2025,astra|fade|sova|vyse|yoru,"['astra', 'fade', 'sova', 'vyse', 'yoru']",1,1,2,0.5,2,1.0,0.3457,1,2,1,1,1D-2I-1C-1S,2,1.0,0.4077,0.1667,1.0,1.0,0
FUT Esports,Ascent,2025,jett|kayo|killjoy|omen|sova,"['jett', 'kayo', 'killjoy', 'omen', 'sova']",1,2,3,0.3333333333333333,4,0.75,0.4362,1,2,1,1,1D-2I-1C-1S,4,1.0,0.4077,0.5,0.95,0.75,0
FUT Esports,Ascent,2025,jett|kayo|omen|sova|vyse,"['jett', 'kayo', 'omen', 'sova', 'vyse']",0,1,1,0.0,4,0.25,0.2181,1,2,1,1,1D-2I-1C-1S,4,1.0,0.4077,0.5,0.85,0.25,0
FUT Esports,Bind,2025,fade|kayo|omen|raze|viper,"['fade', 'kayo', 'omen', 'raze', 'viper']",1,2,3,0.3333333333333333,5,0.6,0.4362,1,2,2,0,1D-2I-2C-0S,5,1.0,0.4077,0.4556,0.92,0.6,0
FUT Esports,Bind,2025,kayo|omen|raze|tejo|viper,"['kayo', 'omen', 'raze', 'tejo', 'viper']",1,1,2,0.5,5,0.4,0.3457,1,2,2,0,1D-2I-2C-0S,5,1.0,0.4077,0.4556,0.88,0.4,0
FUT Esports,Fracture,2025,astra|breach|cypher|kayo|neon,"['astra', 'breach', 'cypher', 'kayo', 'neon']",2,0,2,1.0,4,0.5,0.3457,1,2,1,1,1D-2I-1C-1S,4,1.0,0.4077,0.6667,0.9,0.5,0
FUT Esports,Fracture,2025,breach|brimstone|cypher|kayo|neon,"['breach', 'brimstone', 'cypher', 'kayo', 'neon']",2,0,2,1.0,4,0.5,0.3457,1,2,1,1,1D-2I-1C-1S,4,1.0,0.4077,0.6667,0.9,0.5,0
FUT Esports,Haven,2025,breach|cypher|kayo|omen|yoru,"['breach', 'cypher', 'kayo', 'omen', 'yoru']",0,1,1,0.0,5,0.2,0.2181,1,2,1,1,1D-2I-1C-1S,4,0.8,0.4077,0.3472,0.64,0.2,0
FUT Esports,Haven,2025,breach|cypher|neon|omen|sova,"['breach', 'cypher', 'neon', 'omen', 'sova']",1,2,3,0.3333333333333333,5,0.6,0.4362,1,2,1,1,1D-2I-1C-1S,4,0.8,0.4077,0.3472,0.88,0.8,0
FUT Esports,Haven,2025,chamber|cypher|neon|omen|sova,"['chamber', 'cypher', 'neon', 'omen', 'sova']",1,0,1,1.0,5,0.2,0.2181,1,1,1,2,1D-1I-1C-2S,1,0.2,0.4077,0.3472,0.76,0.2,0
FUT Esports,Icebox,2025,deadlock|jett|kayo|tejo|viper,"['deadlock', 'jett', 'kayo', 'tejo', 'viper']",0,2,2,0.0,2,1.0,0.3457,1,2,1,1,1D-2I-1C-1S,2,1.0,0.4077,0.1905,1.0,1.0,0
FUT Esports,Lotus,2025,breach|cypher|fade|jett|omen,"['breach', 'cypher', 'fade', 'jett', 'omen']",3,2,5,0.6,7,0.7143,0.5638,1,2,1,1,1D-2I-1C-1S,5,0.7143,0.4077,0.4452,0.8857,0.7143,0
FUT Esports,Lotus,2025,cypher|fade|omen|raze|yoru,"['cypher', 'fade', 'omen', 'raze', 'yoru']",1,1,2,0.5,7,0.2857,0.3457,2,1,1,1,2D-1I-1C-1S,2,0.2857,0.4077,0.4452,0.7143,0.2857,0
FUT Esports,Pearl,2025,astra|cypher|fade|tejo|yoru,"['astra', 'cypher', 'fade', 'tejo', 'yoru']",2,1,3,0.6666666666666666,3,1.0,0.4362,1,2,1,1,1D-2I-1C-1S,3,1.0,0.4077,0.2222,1.0,1.0,0
FUT Esports,Split,2025,astra|breach|cypher|fade|raze,"['astra', 'breach', 'cypher', 'fade', 'raze']",0,1,1,0.0,5,0.2,0.2181,1,2,1,1,1D-2I-1C-1S,1,0.2,0.4077,0.3889,0.36,0.2,0
FUT Esports,Split,2025,fade|omen|tejo|viper|yoru,"['fade', 'omen', 'tejo', 'viper', 'yoru']",1,3,4,0.25,5,0.8,0.5064,1,2,2,0,1D-2I-2C-0S,4,0.8,0.4077,0.3889,0.84,0.8,0
FUT Esports,Sunset,2025,cypher|fade|kayo|omen|raze,"['cypher', 'fade', 'kayo', 'omen', 'raze']",1,2,3,0.3333333333333333,3,1.0,0.4362,1,2,1,1,1D-2I-1C-1S,3,1.0,0.4077,0.399,1.0,1.0,0
FunPlus Phoenix,Abyss,2025,astra|gekko|omen|viper|yoru,"['astra', 'gekko', 'omen', 'viper', 'yoru']",0,2,2,0.0,2,1.0,0.3457,1,1,3,0,1D-1I-3C-0S,2,1.0,0.4128,0.3333,1.0,1.0,0
FunPlus Phoenix,Ascent,2025,jett|kayo|omen|tejo|vyse,"['jett', 'kayo', 'omen', 'tejo', 'vyse']",0,1,1,0.0,3,0.3333,0.2181,1,2,1,1,1D-2I-1C-1S,1,0.3333,0.4128,0.43,0.4667,0.3333,0
FunPlus Phoenix,Ascent,2025,killjoy|omen|phoenix|sova|waylay,"['killjoy', 'omen', 'phoenix', 'sova', 'waylay']",1,1,2,0.5,3,0.6667,0.3457,2,1,1,1,2D-1I-1C-1S,2,0.6667,0.4128,0.43,0.7333,0.6667,0
FunPlus Phoenix,Bind,2025,astra|clove|raze|sova|yoru,"['astra', 'clove', 'raze', 'sova', 'yoru']",0,1,1,0.0,3,0.3333,0.2181,2,1,2,0,2D-1I-2C-0S,1,0.3333,0.4128,0.2708,0.4667,0.3333,0
FunPlus Phoenix,Bind,2025,brimstone|deadlock|raze|skye|vyse,"['brimstone', 'deadlock', 'raze', 'skye', 'vyse']",1,1,2,0.5,3,0.6667,0.3457,1,1,1,2,1D-1I-1C-2S,2,0.6667,0.4128,0.2708,0.7333,0.6667,0
FunPlus Phoenix,Corrode,2025,chamber|fade|omen|raze|vyse,"['chamber', 'fade', 'omen', 'raze', 'vyse']",1,0,1,1.0,1,1.0,0.2181,1,1,1,2,1D-1I-1C-2S,1,1.0,0.4128,1.0,1.0,1.0,0
FunPlus Phoenix,Fracture,2025,astra|fade|phoenix|viper|vyse,"['astra', 'fade', 'phoenix', 'viper', 'vyse']",1,0,1,1.0,2,0.5,0.2181,1,1,2,1,1D-1I-2C-1S,1,0.5,0.4128,0.5,0.6,0.5,0
FunPlus Phoenix,Fracture,2025,breach|brimstone|neon|tejo|vyse,"['breach', 'brimstone', 'neon', 'tejo', 'vyse']",0,1,1,0.0,2,0.5,0.2181,1,2,1,1,1D-2I-1C-1S,1,0.5,0.4128,0.5,0.6,0.5,0
FunPlus Phoenix,Haven,2025,clove|jett|kayo|omen|tejo,"['clove', 'jett', 'kayo', 'omen', 'tejo']",0,1,1,0.0,8,0.125,0.2181,1,2,2,0,1D-2I-2C-0S,1,0.125,0.4128,0.319,0.375,0.125,3
FunPlus Phoenix,Haven,2025,neon|omen|sova|viper|vyse,"['neon', 'omen', 'sova', 'viper', 'vyse']",2,2,4,0.5,8,0.5,0.5064,1,1,2,1,1D-1I-2C-1S,7,0.875,0.4128,0.319,0.825,0.5,0
FunPlus Phoenix,Haven,2025,neon|omen|tejo|viper|vyse,"['neon', 'omen', 'tejo', 'viper', 'vyse']",2,1,3,0.6666666666666666,8,0.375,0.4362,1,1,2,1,1D-1I-2C-1S,7,0.875,0.4128,0.319,0.825,0.5,0
FunPlus Phoenix,Icebox,2025,gekko|jett|tejo|viper|vyse,"['gekko', 'jett', 'tejo', 'viper', 'vyse']",1,2,3,0.3333333333333333,5,0.6,0.4362,1,2,1,1,1D-2I-1C-1S,3,0.6,0.4128,0.4167,0.76,0.6,0
FunPlus Phoenix,Icebox,2025,jett|killjoy|omen|sova|viper,"['jett', 'killjoy', 'omen', 'sova', 'viper']",0,2,2,0.0,5,0.4,0.3457,1,1,2,1,1D-1I-2C-1S,2,0.4,0.4128,0.4167,0.64,0.4,0
FunPlus Phoenix,Lotus,2025,astra|fade|raze|viper|yoru,"['astra', 'fade', 'raze', 'viper', 'yoru']",0,1,1,0.0,1,1.0,0.2181,2,1,2,0,2D-1I-2C-0S,1,1.0,0.4128,0.2667,1.0,1.0,0
FunPlus Phoenix,Pearl,2025,astra|cypher|fade|phoenix|viper,"['astra', 'cypher', 'fade', 'phoenix', 'viper']",2,0,2,1.0,3,0.6667,0.3457,1,1,2,1,1D-1I-2C-1S,3,1.0,0.4128,0.7708,0.9333,0.6667,0
FunPlus Phoenix,Pearl,2025,astra|cypher|fade|viper|yoru,"['astra', 'cypher', 'fade', 'viper', 'yoru']",1,0,1,1.0,3,0.3333,0.2181,1,1,2,1,1D-1I-2C-1S,3,1.0,0.4128,0.7708,0.8667,0.3333,0
FunPlus Phoenix,Split,2025,breach|omen|tejo|viper|yoru,"['breach', 'omen', 'tejo', 'viper', 'yoru']",0,2,2,0.0,2,1.0,0.3457,1,2,2,0,1D-2I-2C-0S,2,1.0,0.4128,0.1667,1.0,1.0,0
FunPlus Phoenix,Sunset,2025,cypher|jett|omen|sova|yoru,"['cypher', 'jett', 'omen', 'sova', 'yoru']",2,2,4,0.5,4,1.0,0.5064,2,1,1,1,2D-1I-1C-1S,4,1.0,0.4128,0.58,1.0,1.0,0
G2 Esports,Abyss,2025,astra|breach|chamber|sova|yoru,"['astra', 'breach', 'chamber', 'sova', 'yoru']",4,1,5,0.8,7,0.7143,0.5638,1,2,1,1,1D-2I-1C-1S,7,1.0,0.5899,0.56,0.8857,0.7143,0
G2 Esports,Abyss,2025,astra|deadlock|sova|tejo|yoru,"['astra', 'deadlock', 'sova', 'tejo', 'yoru']",1,1,2,0.5,7,0.2857,0.3457,1,2,1,1,1D-2I-1C-1S,7,1.0,0.5899,0.56,0.7143,0.2857,0
G2 Esports,Ascent,2025,chamber|omen|sova|vyse|yoru,"['chamber', 'omen', 'sova', 'vyse', 'yoru']",6,1,7,0.8571428571428571,13,0.5385,0.6543,1,1,1,2,1D-1I-1C-2S,7,0.5385,0.5899,0.7381,0.7231,0.5385,0
G2 Esports,Ascent,2025,kayo|omen|tejo|vyse|waylay,"['kayo', 'omen', 'tejo', 'vyse', 'waylay']",5,1,6,0.8333333333333334,13,0.4615,0.6123,1,2,1,1,1D-2I-1C-1S,6,0.4615,0.5899,0.7381,0.6769,0.4615,0
G2 Esports,Bind,2025,breach|brimstone|tejo|viper|yoru,"['breach', 'brimstone', 'tejo', 'viper', 'yoru']",1,1,2,0.5,6,0.3333,0.3457,1,2,2,0,1D-2I-2C-0S,2,0.3333,0.5899,0.57,0.7333,0.3333,0
G2 Esports,Bind,2025,brimstone|deadlock|fade|tejo|yoru,"['brimstone', 'deadlock', 'fade', 'tejo', 'yoru']",3,1,4,0.75,6,0.6667,0.5064,1,2,1,1,1D-2I-1C-1S,4,0.6667,0.5899,0.57,0.8667,0.6667,0
G2 Esports,Corrode,2025,cypher|fade|omen|tejo|yoru,"['cypher', 'fade', 'omen', 'tejo', 'yoru']",2,1,3,0.6666666666666666,7,0.4286,0.4362,1,2,1,1,1D-2I-1C-1S,3,0.4286,0.5899,0.4167,0.6571,0.4286,0
G2 Esports,Corrode,2025,fade|omen|sage|viper|waylay,"['fade', 'omen', 'sage', 'viper', 'waylay']",1,3,4,0.25,7,0.5714,0.5064,1,1,2,1,1D-1I-2C-1S,4,0.5714,0.5899,0.4167,0.7429,0.5714,0
G2 Esports,Fracture,2025,breach|brimstone|cypher|tejo|waylay,"['breach', 'brimstone', 'cypher', 'tejo', 'waylay']",0,1,1,0.0,4,0.25,0.2181,1,2,1,1,1D-2I-1C-1S,4,1.0,0.5899,0.5556,0.7,0.25,0
G2 Esports,Fracture,2025,breach|brimstone|raze|tejo|vyse,"['breach', 'brimstone', 'raze', 'tejo', 'vyse']",2,1,3,0.6666666666666666,4,0.75,0.4362,1,2,1,1,1D-2I-1C-1S,4,1.0,0.5899,0.5556,0.9,0.75,0
G2 Esports,Haven,2025,astra|breach|tejo|vyse|yoru,"['astra', 'breach', 'tejo', 'vyse', 'yoru']",6,3,9,0.6666666666666666,14,0.6429,0.7245,1,2,1,1,1D-2I-1C-1S,9,0.6429,0.5899,0.6611,0.7857,0.6429,0
G2 Esports,Haven,2025,fade|omen|viper|vyse|yoru,"['fade', 'omen', 'viper', 'vyse', 'yoru']",4,1,5,0.8,14,0.3571,0.5638,1,1,2,1,1D-1I-2C-1S,5,0.3571,0.5899,0.6611,0.6143,0.3571,0
G2 Esports,Icebox,2025,gekko|harbor|killjoy|tejo|viper,"['gekko', 'harbor', 'killjoy', 'tejo', 'viper']",1,1,2,0.5,4,0.5,0.3457,0,2,2,1,0D-2I-2C-1S,2,0.5,0.5899,0.4917,0.7,0.5,0
G2 Esports,Icebox,2025,killjoy|omen|sage|sova|viper,"['killjoy', 'omen', 'sage', 'sova', 'viper']",2,0,2,1.0,4,0.5,0.3457,0,1,2,2,0D-1I-2C-2S,2,0.5,0.5899,0.4917,0.7,0.5,0
G2 Esports,Lotus,2025,breach|omen|tejo|viper|yoru,"['breach', 'omen', 'tejo', 'viper', 'yoru']",10,1,11,0.9090909090909091,22,0.5,0.7819,1,2,2,0,1D-2I-2C-0S,22,1.0,0.5899,0.7337,0.9,0.5,0
G2 Esports,Lotus,2025,fade|omen|tejo|viper|yoru,"['fade', 'omen', 'tejo', 'viper', 'yoru']",6,5,11,0.5454545454545454,22,0.5,0.7819,1,2,2,0,1D-2I-2C-0S,22,1.0,0.5899,0.7337,0.9,0.5,0
G2 Esports,Pearl,2025,astra|chamber|sova|vyse|yoru,"['astra', 'chamber', 'sova', 'vyse', 'yoru']",4,1,5,0.8,10,0.5,0.5638,1,1,1,2,1D-1I-1C-2S,5,0.5,0.5899,0.85,0.8,0.5,0
G2 Esports,Pearl,2025,astra|fade|tejo|vyse|yoru,"['astra', 'fade', 'tejo', 'vyse', 'yoru']",3,2,5,0.6,10,0.5,0.5638,1,2,1,1,1D-2I-1C-1S,5,0.5,0.5899,0.85,0.8,0.5,0
G2 Esports,Split,2025,astra|breach|tejo|viper|yoru,"['astra', 'breach', 'tejo', 'viper', 'yoru']",0,1,1,0.0,10,0.1,0.2181,1,2,2,0,1D-2I-2C-0S,10,1.0,0.5899,0.4393,0.78,0.1,1
G2 Esports,Split,2025,breach|fade|omen|viper|yoru,"['breach', 'fade', 'omen', 'viper', 'yoru']",0,2,2,0.0,10,0.2,0.3457,1,2,2,0,1D-2I-2C-0S,10,1.0,0.5899,0.4393,0.82,0.2,0
G2 Esports,Split,2025,breach|omen|tejo|viper|yoru,"['breach', 'omen', 'tejo', 'viper', 'yoru']",5,2,7,0.7142857142857143,10,0.7,0.6543,1,2,2,0,1D-2I-2C-0S,10,1.0,0.5899,0.4393,0.94,0.8,0
G2 Esports,Sunset,2025,chamber|fade|neon|omen|sage,"['chamber', 'fade', 'neon', 'omen', 'sage']",3,0,3,1.0,3,1.0,0.4362,1,1,1,2,1D-1I-1C-2S,3,1.0,0.5899,0.4667,1.0,1.0,0
GIANTX,Ascent,2025,cypher|jett|kayo|omen|sova,"['cypher', 'jett', 'kayo', 'omen', 'sova']",7,3,10,0.7,10,1.0,0.7545,1,2,1,1,1D-2I-1C-1S,10,1.0,0.3717,0.6,1.0,1.0,0
GIANTX,Bind,2025,astra|deadlock|gekko|raze|viper,"['astra', 'deadlock', 'gekko', 'raze', 'viper']",3,4,7,0.42857142857142855,8,0.875,0.6543,1,1,2,1,1D-1I-2C-1S,7,0.875,0.3717,0.1524,0.975,0.875,0
GIANTX,Bind,2025,astra|fade|gekko|raze|viper,"['astra', 'fade', 'gekko', 'raze', 'viper']",0,1,1,0.0,8,0.125,0.2181,1,2,2,0,1D-2I-2C-0S,1,0.125,0.3717,0.1524,0.825,0.125,1
GIANTX,Corrode,2025,cypher|fade|kayo|neon|omen,"['cypher', 'fade', 'kayo', 'neon', 'omen']",2,1,3,0.6666666666666666,4,0.75,0.4362,1,2,1,1,1D-2I-1C-1S,3,0.75,0.3717,0.3333,0.85,0.75,0
GIANTX,Corrode,2025,fade|omen|viper|vyse|yoru,"['fade', 'omen', 'viper', 'vyse', 'yoru']",0,1,1,0.0,4,0.25,0.2181,1,1,2,1,1D-1I-2C-1S,1,0.25,0.3717,0.3333,0.55,0.25,0
GIANTX,Fracture,2025,breach|brimstone|cypher|neon|tejo,"['breach', 'brimstone', 'cypher', 'neon', 'tejo']",1,0,1,1.0,3,0.3333,0.2181,1,2,1,1,1D-2I-1C-1S,3,1.0,0.3717,0.75,0.6,0.3333,0
GIANTX,Fracture,2025,breach|brimstone|fade|killjoy|raze,"['breach', 'brimstone', 'fade', 'killjoy', 'raze']",1,1,2,0.5,3,0.6667,0.3457,1,2,1,1,1D-2I-1C-1S,3,1.0,0.3717,0.75,0.8,0.6667,0
GIANTX,Haven,2025,breach|cypher|neon|omen|sova,"['breach', 'cypher', 'neon', 'omen', 'sova']",4,3,7,0.5714285714285714,10,0.7,0.6543,1,2,1,1,1D-2I-1C-1S,8,0.8,0.3717,0.5536,0.84,0.7,0
GIANTX,Haven,2025,breach|jett|killjoy|omen|sova,"['breach', 'jett', 'killjoy', 'omen', 'sova']",1,0,1,1.0,10,0.1,0.2181,1,2,1,1,1D-2I-1C-1S,8,0.8,0.3717,0.5536,0.6,0.1,1
GIANTX,Haven,2025,cypher|iso|jett|omen|tejo,"['cypher', 'iso', 'jett', 'omen', 'tejo']",0,2,2,0.0,10,0.2,0.3457,2,1,1,1,2D-1I-1C-1S,2,0.2,0.3717,0.5536,0.52,0.2,0
GIANTX,Icebox,2025,gekko|jett|kayo|killjoy|viper,"['gekko', 'jett', 'kayo', 'killjoy', 'viper']",1,1,2,0.5,2,1.0,0.3457,1,2,1,1,1D-2I-1C-1S,2,1.0,0.3717,0.375,1.0,1.0,0
GIANTX,Lotus,2025,breach|neon|omen|tejo|vyse,"['breach', 'neon', 'omen', 'tejo', 'vyse']",1,3,4,0.25,12,0.3333,0.5064,1,2,1,1,1D-2I-1C-1S,4,0.3333,0.3717,0.369,0.5,0.3333,0
GIANTX,Lotus,2025,cypher|fade|omen|raze|viper,"['cypher', 'fade', 'omen', 'raze', 'viper']",2,4,6,0.3333333333333333,12,0.5,0.6123,1,1,2,1,1D-1I-2C-1S,8,0.6667,0.3717,0.369,0.7,0.5,0
GIANTX,Lotus,2025,fade|omen|raze|viper|vyse,"['fade', 'omen', 'raze', 'viper', 'vyse']",1,1,2,0.5,12,0.1667,0.3457,1,1,2,1,1D-1I-2C-1S,8,0.6667,0.3717,0.369,0.7,0.5,0
GIANTX,Pearl,2025,astra|jett|kayo|killjoy|sova,"['astra', 'jett', 'kayo', 'killjoy', 'sova']",0,1,1,0.0,2,0.5,0.2181,1,2,1,1,1D-2I-1C-1S,2,1.0,0.3717,0.125,0.7,0.5,0
GIANTX,Pearl,2025,astra|sova|tejo|vyse|yoru,"['astra', 'sova', 'tejo', 'vyse', 'yoru']",0,1,1,0.0,2,0.5,0.2181,1,2,1,1,1D-2I-1C-1S,2,1.0,0.3717,0.125,0.7,0.5,0
GIANTX,Split,2025,breach|cypher|omen|tejo|yoru,"['breach', 'cypher', 'omen', 'tejo', 'yoru']",1,2,3,0.3333333333333333,4,0.75,0.4362,1,2,1,1,1D-2I-1C-1S,3,0.75,0.3717,0.3333,0.8,0.75,0
GIANTX,Split,2025,omen|raze|skye|viper|vyse,"['omen', 'raze', 'skye', 'viper', 'vyse']",0,1,1,0.0,4,0.25,0.2181,1,1,2,1,1D-1I-2C-1S,1,0.25,0.3717,0.3333,0.4,0.25,0
GIANTX,Sunset,2025,breach|cypher|neon|omen|sova,"['breach', 'cypher', 'neon', 'omen', 'sova']",6,3,9,0.6666666666666666,9,1.0,0.7245,1,2,1,1,1D-2I-1C-1S,9,1.0,0.3717,0.5222,1.0,1.0,0
Gen.G,Abyss,2025,cypher|jett|kayo|omen|sova,"['cypher', 'jett', 'kayo', 'omen', 'sova']",1,1,2,0.5,2,1.0,0.3457,1,2,1,1,1D-2I-1C-1S,2,1.0,0.466,0.5,1.0,1.0,0
Gen.G,Ascent,2025,jett|kayo|killjoy|omen|sova,"['jett', 'kayo', 'killjoy', 'omen', 'sova']",4,4,8,0.5,8,1.0,0.6914,1,2,1,1,1D-2I-1C-1S,8,1.0,0.466,0.6667,1.0,1.0,0
Gen.G,Bind,2025,brimstone|fade|gekko|raze|viper,"['brimstone', 'fade', 'gekko', 'raze', 'viper']",1,2,3,0.3333333333333333,3,1.0,0.4362,1,2,2,0,1D-2I-2C-0S,3,1.0,0.466,0.2372,1.0,1.0,0
Gen.G,Corrode,2025,fade|neon|omen|sage|viper,"['fade', 'neon', 'omen', 'sage', 'viper']",2,1,3,0.6666666666666666,3,1.0,0.4362,1,1,2,1,1D-1I-2C-1S,3,1.0,0.466,0.6667,1.0,1.0,0
Gen.G,Fracture,2025,breach|brimstone|cypher|neon|tejo,"['breach', 'brimstone', 'cypher', 'neon', 'tejo']",1,1,2,0.5,3,0.6667,0.3457,1,2,1,1,1D-2I-1C-1S,3,1.0,0.466,0.1667,0.8,0.6667,0
Gen.G,Fracture,2025,breach|brimstone|killjoy|raze|sova,"['breach', 'brimstone', 'killjoy', 'raze', 'sova']",0,1,1,0.0,3,0.3333,0.2181,1,2,1,1,1D-2I-1C-1S,3,1.0,0.466,0.1667,0.6,0.3333,0
Gen.G,Haven,2025,killjoy|neon|omen|sova|viper,"['killjoy', 'neon', 'omen', 'sova', 'viper']",8,1,9,0.8888888888888888,14,0.6429,0.7245,1,1,2,1,1D-1I-2C-1S,14,1.0,0.466,0.7144,0.9286,0.6429,0
Gen.G,Haven,2025,killjoy|neon|omen|tejo|viper,"['killjoy', 'neon', 'omen', 'tejo', 'viper']",3,2,5,0.6,14,0.3571,0.5638,1,1,2,1,1D-1I-2C-1S,14,1.0,0.466,0.7144,0.8714,0.3571,0
Gen.G,Icebox,2025,jett|killjoy|omen|sova|viper,"['jett', 'killjoy', 'omen', 'sova', 'viper']",1,2,3,0.3333333333333333,6,0.5,0.4362,1,1,2,1,1D-1I-2C-1S,3,0.5,0.466,0.5294,0.7,0.5,0
Gen.G,Icebox,2025,kayo|killjoy|tejo|viper|yoru,"['kayo', 'killjoy', 'tejo', 'viper', 'yoru']",2,1,3,0.6666666666666666,6,0.5,0.4362,1,2,1,1,1D-2I-1C-1S,3,0.5,0.466,0.5294,0.7,0.5,0
Gen.G,Lotus,2025,fade|killjoy|omen|raze|viper,"['fade', 'killjoy', 'omen', 'raze', 'viper']",4,2,6,0.6666666666666666,12,0.5,0.6123,1,1,2,1,1D-1I-2C-1S,12,1.0,0.466,0.6739,0.9,0.5,0
Gen.G,Lotus,2025,fade|omen|raze|viper|vyse,"['fade', 'omen', 'raze', 'viper', 'vyse']",4,2,6,0.6666666666666666,12,0.5,0.6123,1,1,2,1,1D-1I-2C-1S,12,1.0,0.466,0.6739,0.9,0.5,0
Gen.G,Pearl,2025,astra|jett|kayo|killjoy|sova,"['astra', 'jett', 'kayo', 'killjoy', 'sova']",0,1,1,0.0,3,0.3333,0.2181,1,2,1,1,1D-2I-1C-1S,3,1.0,0.466,0.25,0.7333,0.3333,0
Gen.G,Pearl,2025,astra|kayo|killjoy|neon|tejo,"['astra', 'kayo', 'killjoy', 'neon', 'tejo']",2,0,2,1.0,3,0.6667,0.3457,1,2,1,1,1D-2I-1C-1S,3,1.0,0.466,0.25,0.8667,0.6667,0
Gen.G,Split,2025,astra|breach|cypher|raze|tejo,"['astra', 'breach', 'cypher', 'raze', 'tejo']",1,0,1,1.0,5,0.2,0.2181,1,2,1,1,1D-2I-1C-1S,1,0.2,0.466,0.3889,0.44,0.2,0
Gen.G,Split,2025,deadlock|neon|omen|tejo|viper,"['deadlock', 'neon', 'omen', 'tejo', 'viper']",0,2,2,0.0,5,0.4,0.3457,1,1,2,1,1D-1I-2C-1S,2,0.4,0.466,0.3889,0.76,0.4,0
Gen.G,Split,2025,neon|omen|raze|tejo|viper,"['neon', 'omen', 'raze', 'tejo', 'viper']",1,1,2,0.5,5,0.4,0.3457,2,1,2,0,2D-1I-2C-0S,2,0.4,0.466,0.3889,0.8,0.6,0
Gen.G,Sunset,2025,deadlock|neon|omen|sova|viper,"['deadlock', 'neon', 'omen', 'sova', 'viper']",2,3,5,0.4,5,1.0,0.5638,1,1,2,1,1D-1I-2C-1S,5,1.0,0.466,0.4667,1.0,1.0,0
Gentle Mates,Abyss,2025,astra|jett|omen|sova|yoru,"['astra', 'jett', 'omen', 'sova', 'yoru']",1,1,2,0.5,2,1.0,0.3457,2,1,2,0,2D-1I-2C-0S,2,1.0,0.3633,0.5,1.0,1.0,0
Gentle Mates,Ascent,2025,jett|kayo|killjoy|omen|sova,"['jett', 'kayo', 'killjoy', 'omen', 'sova']",1,2,3,0.3333333333333333,3,1.0,0.4362,1,2,1,1,1D-2I-1C-1S,3,1.0,0.3633,0.7083,1.0,1.0,0
Gentle Mates,Bind,2025,astra|fade|gekko|viper|waylay,"['astra', 'fade', 'gekko', 'viper', 'waylay']",1,1,2,0.5,2,1.0,0.3457,1,2,2,0,1D-2I-2C-0S,2,1.0,0.3633,0.4333,1.0,1.0,0
Gentle Mates,Corrode,2025,deadlock|fade|neon|omen|viper,"['deadlock', 'fade', 'neon', 'omen', 'viper']",1,2,3,0.3333333333333333,3,1.0,0.4362,1,1,2,1,1D-1I-2C-1S,3,1.0,0.3633,0.1111,1.0,1.0,0
Gentle Mates,Fracture,2025,breach|brimstone|cypher|fade|raze,"['breach', 'brimstone', 'cypher', 'fade', 'raze']",0,2,2,0.0,4,0.5,0.3457,1,2,1,1,1D-2I-1C-1S,4,1.0,0.3633,0.2222,0.8,0.5,0
Gentle Mates,Fracture,2025,breach|brimstone|cypher|neon|tejo,"['breach', 'brimstone', 'cypher', 'neon', 'tejo']",0,2,2,0.0,4,0.5,0.3457,1,2,1,1,1D-2I-1C-1S,4,1.0,0.3633,0.2222,0.8,0.5,0
Gentle Mates,Haven,2025,breach|cypher|neon|omen|sova,"['breach', 'cypher', 'neon', 'omen', 'sova']",3,2,5,0.6,6,0.8333,0.5638,1,2,1,1,1D-2I-1C-1S,5,0.8333,0.3633,0.3375,0.9333,0.8333,0
Gentle Mates,Haven,2025,killjoy|neon|omen|sova|viper,"['killjoy', 'neon', 'omen', 'sova', 'viper']",0,1,1,0.0,6,0.1667,0.2181,1,1,2,1,1D-1I-2C-1S,1,0.1667,0.3633,0.3375,0.6667,0.1667,2
Gentle Mates,Icebox,2025,kayo|killjoy|tejo|viper|waylay,"['kayo', 'killjoy', 'tejo', 'viper', 'waylay']",2,1,3,0.6666666666666666,3,1.0,0.4362,1,2,1,1,1D-2I-1C-1S,3,1.0,0.3633,0.6667,1.0,1.0,0
Gentle Mates,Lotus,2025,breach|cypher|omen|tejo|yoru,"['breach', 'cypher', 'omen', 'tejo', 'yoru']",0,1,1,0.0,6,0.1667,0.2181,1,2,1,1,1D-2I-1C-1S,1,0.1667,0.3633,0.0833,0.5667,0.1667,2
Gentle Mates,Lotus,2025,breach|fade|omen|viper|yoru,"['breach', 'fade', 'omen', 'viper', 'yoru']",0,2,2,0.0,6,0.3333,0.3457,1,2,2,0,1D-2I-2C-0S,5,0.8333,0.3633,0.0833,0.7333,0.3333,0
Gentle Mates,Lotus,2025,breach|neon|omen|sova|viper,"['breach', 'neon', 'omen', 'sova', 'viper']",1,2,3,0.3333333333333333,6,0.5,0.4362,1,2,2,0,1D-2I-2C-0S,5,0.8333,0.3633,0.0833,0.7667,0.5,0
Gentle Mates,Pearl,2025,astra|jett|kayo|killjoy|sova,"['astra', 'jett', 'kayo', 'killjoy', 'sova']",2,1,3,0.6666666666666666,4,0.75,0.4362,1,2,1,1,1D-2I-1C-1S,4,1.0,0.3633,0.6167,0.9,0.75,0
Gentle Mates,Pearl,2025,astra|killjoy|sova|tejo|yoru,"['astra', 'killjoy', 'sova', 'tejo', 'yoru']",0,1,1,0.0,4,0.25,0.2181,1,2,1,1,1D-2I-1C-1S,4,1.0,0.3633,0.6167,0.7,0.25,0
Gentle Mates,Split,2025,breach|omen|tejo|viper|yoru,"['breach', 'omen', 'tejo', 'viper', 'yoru']",1,1,2,0.5,2,1.0,0.3457,1,2,2,0,1D-2I-2C-0S,2,1.0,0.3633,0.35,1.0,1.0,0
Gentle Mates,Sunset,2025,breach|cypher|neon|omen|sova,"['breach', 'cypher', 'neon', 'omen', 'sova']",0,2,2,0.0,2,1.0,0.3457,1,2,1,1,1D-2I-1C-1S,2,1.0,0.3633,0.3,1.0,1.0,0
Global Esports,Abyss,2025,astra|breach|chamber|jett|sova,"['astra', 'breach', 'chamber', 'jett', 'sova']",0,3,3,0.0,3,1.0,0.4362,1,2,1,1,1D-2I-1C-1S,3,1.0,0.3472,0.5,1.0,1.0,0
Global Esports,Ascent,2025,cypher|deadlock|jett|omen|tejo,"['cypher', 'deadlock', 'jett', 'omen', 'tejo']",0,1,1,0.0,1,1.0,0.2181,1,1,1,2,1D-1I-1C-2S,1,1.0,0.3472,0.0556,1.0,1.0,0
Global Esports,Bind,2025,brimstone|deadlock|fade|raze|viper,"['brimstone', 'deadlock', 'fade', 'raze', 'viper']",0,2,2,0.0,2,1.0,0.3457,1,1,2,1,1D-1I-2C-1S,2,1.0,0.3472,0.125,1.0,1.0,0
Global Esports,Corrode,2025,astra|fade|iso|raze|sage,"['astra', 'fade', 'iso', 'raze', 'sage']",2,2,4,0.5,4,1.0,0.5064,2,1,1,1,2D-1I-1C-1S,4,1.0,0.3472,0.25,1.0,1.0,0
Global Esports,Haven,2025,cypher|deadlock|neon|omen|sova,"['cypher', 'deadlock', 'neon', 'omen', 'sova']",1,1,2,0.5,4,0.5,0.3457,1,1,1,2,1D-1I-1C-2S,2,0.5,0.3472,0.4583,0.8,0.5,0
Global Esports,Haven,2025,cypher|iso|jett|omen|sova,"['cypher', 'iso', 'jett', 'omen', 'sova']",0,2,2,0.0,4,0.5,0.3457,2,1,1,1,2D-1I-1C-1S,2,0.5,0.3472,0.4583,0.8,0.5,0
Global Esports,Icebox,2025,chamber|iso|sage|sova|viper,"['chamber', 'iso', 'sage', 'sova', 'viper']",1,1,2,0.5,2,1.0,0.3457,1,1,1,2,1D-1I-1C-2S,2,1.0,0.3472,0.5625,1.0,1.0,0
Global Esports,Lotus,2025,astra|chamber|deadlock|tejo|vyse,"['astra', 'chamber', 'deadlock', 'tejo', 'vyse']",0,1,1,0.0,6,0.1667,0.2181,0,1,1,3,0D-1I-1C-3S,1,0.1667,0.3472,0.2143,0.2667,0.1667,4
Global Esports,Lotus,2025,breach|cypher|omen|tejo|yoru,"['breach', 'cypher', 'omen', 'tejo', 'yoru']",1,2,3,0.3333333333333333,6,0.5,0.4362,1,2,1,1,1D-2I-1C-1S,3,0.5,0.3472,0.2143,0.6,0.5,0
Global Esports,Lotus,2025,fade|neon|omen|sova|viper,"['fade', 'neon', 'omen', 'sova', 'viper']",0,2,2,0.0,6,0.3333,0.3457,1,2,2,0,1D-2I-2C-0S,2,0.3333,0.3472,0.2143,0.4333,0.3333,0
Global Esports,Pearl,2025,astra|jett|killjoy|sova|vyse,"['astra', 'jett', 'killjoy', 'sova', 'vyse']",2,1,3,0.6666666666666666,3,1.0,0.4362,1,1,1,2,1D-1I-1C-2S,3,1.0,0.3472,0.4444,1.0,1.0,0
Global Esports,Split,2025,astra|cypher|deadlock|fade|raze,"['astra', 'cypher', 'deadlock', 'fade', 'raze']",2,3,5,0.4,5,1.0,0.5638,1,1,1,2,1D-1I-1C-2S,5,1.0,0.3472,0.48,1.0,1.0,0
JDG Esports,Abyss,2025,astra|jett|omen|sova|yoru,"['astra', 'jett', 'omen', 'sova', 'yoru']",1,1,2,0.5,2,1.0,0.3457,2,1,2,0,2D-1I-2C-0S,2,1.0,0.4534,0.5833,1.0,1.0,0
JDG Esports,Ascent,2025,chamber|omen|sova|vyse|yoru,"['chamber', 'omen', 'sova', 'vyse', 'yoru']",1,1,2,0.5,2,1.0,0.3457,1,1,1,2,1D-1I-1C-2S,2,1.0,0.4534,0.4167,1.0,1.0,0
JDG Esports,Bind,2025,brimstone|cypher|kayo|neon|skye,"['brimstone', 'cypher', 'kayo', 'neon', 'skye']",0,2,2,0.0,2,1.0,0.3457,1,2,1,1,1D-2I-1C-1S,2,1.0,0.4534,0.4722,1.0,1.0,0
JDG Esports,Corrode,2025,fade|omen|viper|waylay|yoru,"['fade', 'omen', 'viper', 'waylay', 'yoru']",0,2,2,0.0,2,1.0,0.3457,2,1,2,0,2D-1I-2C-0S,2,1.0,0.4534,0.125,1.0,1.0,0
JDG Esports,Fracture,2025,breach|brimstone|cypher|neon|tejo,"['breach', 'brimstone', 'cypher', 'neon', 'tejo']",0,2,2,0.0,3,0.6667,0.3457,1,2,1,1,1D-2I-1C-1S,3,1.0,0.4534,0.5,0.9333,0.6667,0
JDG Esports,Fracture,2025,breach|brimstone|neon|tejo|vyse,"['breach', 'brimstone', 'neon', 'tejo', 'vyse']",1,0,1,1.0,3,0.3333,0.2181,1,2,1,1,1D-2I-1C-1S,3,1.0,0.4534,0.5,0.8667,0.3333,0
JDG Esports,Haven,2025,breach|cypher|neon|omen|sova,"['breach', 'cypher', 'neon', 'omen', 'sova']",1,1,2,0.5,8,0.25,0.3457,1,2,1,1,1D-2I-1C-1S,2,0.25,0.4534,0.4464,0.7,0.25,0
JDG Esports,Haven,2025,cypher|iso|omen|sova|yoru,"['cypher', 'iso', 'omen', 'sova', 'yoru']",0,2,2,0.0,8,0.25,0.3457,2,1,1,1,2D-1I-1C-1S,2,0.25,0.4534,0.4464,0.6,0.25,0
JDG Esports,Haven,2025,killjoy|neon|omen|sova|viper,"['killjoy', 'neon', 'omen', 'sova', 'viper']",1,3,4,0.25,8,0.5,0.5064,1,1,2,1,1D-1I-2C-1S,4,0.5,0.4534,0.4464,0.75,0.5,0
JDG Esports,Icebox,2025,gekko|jett|tejo|viper|vyse,"['gekko', 'jett', 'tejo', 'viper', 'vyse']",2,0,2,1.0,4,0.5,0.3457,1,2,1,1,1D-2I-1C-1S,2,0.5,0.4534,0.55,0.7,0.5,0
JDG Esports,Icebox,2025,jett|killjoy|omen|sova|viper,"['jett', 'killjoy', 'omen', 'sova', 'viper']",0,2,2,0.0,4,0.5,0.3457,1,1,2,1,1D-1I-2C-1S,2,0.5,0.4534,0.55,0.7,0.5,0
JDG Esports,Lotus,2025,astra|breach|fade|neon|omen,"['astra', 'breach', 'fade', 'neon', 'omen']",0,2,2,0.0,5,0.4,0.3457,1,2,2,0,1D-2I-2C-0S,2,0.4,0.4534,0.3833,0.64,0.4,0
JDG Esports,Lotus,2025,fade|omen|raze|viper|vyse,"['fade', 'omen', 'raze', 'viper', 'vyse']",3,0,3,1.0,5,0.6,0.4362,1,1,2,1,1D-1I-2C-1S,3,0.6,0.4534,0.3833,0.76,0.6,0
JDG Esports,Pearl,2025,astra|fade|jett|kayo|killjoy,"['astra', 'fade', 'jett', 'kayo', 'killjoy']",1,0,1,1.0,4,0.25,0.2181,1,2,1,1,1D-2I-1C-1S,4,1.0,0.4534,0.5417,0.55,0.25,0
JDG Esports,Pearl,2025,astra|fade|tejo|vyse|yoru,"['astra', 'fade', 'tejo', 'vyse', 'yoru']",1,2,3,0.3333333333333333,4,0.75,0.4362,1,2,1,1,1D-2I-1C-1S,4,1.0,0.4534,0.5417,0.85,0.75,0
JDG Esports,Split,2025,breach|omen|tejo|viper|yoru,"['breach', 'omen', 'tejo', 'viper', 'yoru']",1,0,1,1.0,1,1.0,0.2181,1,2,2,0,1D-2I-2C-0S,1,1.0,0.4534,0.625,1.0,1.0,0
JDG Esports,Sunset,2025,deadlock|neon|omen|sova|viper,"['deadlock', 'neon', 'omen', 'sova', 'viper']",1,1,2,0.5,2,1.0,0.3457,1,1,2,1,1D-1I-2C-1S,2,1.0,0.4534,0.45,1.0,1.0,0
KOI,Abyss,2025,astra|cypher|jett|kayo|sova,"['astra', 'cypher', 'jett', 'kayo', 'sova']",0,1,1,0.0,1,1.0,0.2181,1,2,1,1,1D-2I-1C-1S,1,1.0,0.287,0.0,1.0,1.0,0
KOI,Ascent,2025,chamber|omen|sova|vyse|yoru,"['chamber', 'omen', 'sova', 'vyse', 'yoru']",1,2,3,0.3333333333333333,3,1.0,0.4362,1,1,1,2,1D-1I-1C-2S,3,1.0,0.287,0.1667,1.0,1.0,0
KOI,Bind,2025,astra|kayo|raze|tejo|viper,"['astra', 'kayo', 'raze', 'tejo', 'viper']",0,1,1,0.0,2,0.5,0.2181,1,2,2,0,1D-2I-2C-0S,2,1.0,0.287,0.0833,0.7,0.5,0
KOI,Bind,2025,brimstone|fade|gekko|raze|viper,"['brimstone', 'fade', 'gekko', 'raze', 'viper']",0,1,1,0.0,2,0.5,0.2181,1,2,2,0,1D-2I-2C-0S,2,1.0,0.287,0.0833,0.7,0.5,0
KOI,Corrode,2025,fade|gekko|omen|raze|viper,"['fade', 'gekko', 'omen', 'raze', 'viper']",1,0,1,1.0,1,1.0,0.2181,1,2,2,0,1D-2I-2C-0S,1,1.0,0.287,1.0,1.0,1.0,0
KOI,Fracture,2025,breach|brimstone|cypher|raze|tejo,"['breach', 'brimstone', 'cypher', 'raze', 'tejo']",1,0,1,1.0,2,0.5,0.2181,1,2,1,1,1D-2I-1C-1S,1,0.5,0.287,1.0,0.7,0.5,0
KOI,Fracture,2025,brimstone|killjoy|tejo|vyse|yoru,"['brimstone', 'killjoy', 'tejo', 'vyse', 'yoru']",1,0,1,1.0,2,0.5,0.2181,1,1,1,2,1D-1I-1C-2S,1,0.5,0.287,1.0,0.7,0.5,0
KOI,Haven,2025,breach|cypher|jett|omen|tejo,"['breach', 'cypher', 'jett', 'omen', 'tejo']",0,1,1,0.0,4,0.25,0.2181,1,2,1,1,1D-2I-1C-1S,1,0.25,0.287,0.1111,0.55,0.25,0
KOI,Haven,2025,cypher|iso|omen|sova|yoru,"['cypher', 'iso', 'omen', 'sova', 'yoru']",1,2,3,0.3333333333333333,4,0.75,0.4362,2,1,1,1,2D-1I-1C-1S,3,0.75,0.287,0.1111,0.85,0.75,0
KOI,Icebox,2025,iso|killjoy|sova|tejo|viper,"['iso', 'killjoy', 'sova', 'tejo', 'viper']",1,2,3,0.3333333333333333,5,0.6,0.4362,1,2,1,1,1D-2I-1C-1S,3,0.6,0.287,0.3869,0.84,0.6,0
KOI,Icebox,2025,jett|killjoy|sage|sova|viper,"['jett', 'killjoy', 'sage', 'sova', 'viper']",1,1,2,0.5,5,0.4,0.3457,1,1,1,2,1D-1I-1C-2S,2,0.4,0.287,0.3869,0.76,0.4,0
KOI,Lotus,2025,breach|neon|omen|sova|viper,"['breach', 'neon', 'omen', 'sova', 'viper']",1,2,3,0.3333333333333333,7,0.4286,0.4362,1,2,2,0,1D-2I-2C-0S,3,0.4286,0.287,0.5278,0.5429,0.4286,0
KOI,Lotus,2025,cypher|omen|tejo|vyse|yoru,"['cypher', 'omen', 'tejo', 'vyse', 'yoru']",1,3,4,0.25,7,0.5714,0.5064,1,1,1,2,1D-1I-1C-2S,4,0.5714,0.287,0.5278,0.6571,0.5714,0
KOI,Pearl,2025,astra|sova|tejo|vyse|yoru,"['astra', 'sova', 'tejo', 'vyse', 'yoru']",0,2,2,0.0,3,0.6667,0.3457,1,2,1,1,1D-2I-1C-1S,2,0.6667,0.287,0.0,0.8667,0.6667,0
KOI,Pearl,2025,killjoy|omen|tejo|vyse|yoru,"['killjoy', 'omen', 'tejo', 'vyse', 'yoru']",0,1,1,0.0,3,0.3333,0.2181,1,1,1,2,1D-1I-1C-2S,1,0.3333,0.287,0.0,0.7333,0.3333,0
KOI,Split,2025,breach|omen|tejo|viper|yoru,"['breach', 'omen', 'tejo', 'viper', 'yoru']",0,2,2,0.0,2,1.0,0.3457,1,2,2,0,1D-2I-2C-0S,2,1.0,0.287,0.3667,1.0,1.0,0
KOI,Sunset,2025,kayo|neon|omen|sova|vyse,"['kayo', 'neon', 'omen', 'sova', 'vyse']",0,1,1,0.0,1,1.0,0.2181,1,2,1,1,1D-2I-1C-1S,1,1.0,0.287,0.1667,1.0,1.0,0
KRÜ Esports,Abyss,2025,astra|jett|kayo|sova|viper,"['astra', 'jett', 'kayo', 'sova', 'viper']",2,1,3,0.6666666666666666,3,1.0,0.4362,1,2,2,0,1D-2I-2C-0S,3,1.0,0.4417,0.4167,1.0,1.0,0
KRÜ Esports,Ascent,2025,cypher|deadlock|omen|sova|yoru,"['cypher', 'deadlock', 'omen', 'sova', 'yoru']",0,1,1,0.0,4,0.25,0.2181,1,1,1,2,1D-1I-1C-2S,1,0.25,0.4417,0.3056,0.85,0.25,0
KRÜ Esports,Ascent,2025,cypher|jett|omen|sova|yoru,"['cypher', 'jett', 'omen', 'sova', 'yoru']",2,1,3,0.6666666666666666,4,0.75,0.4362,2,1,1,1,2D-1I-1C-1S,3,0.75,0.4417,0.3056,0.95,0.75,0
KRÜ Esports,Bind,2025,brimstone|fade|raze|viper|yoru,"['brimstone', 'fade', 'raze', 'viper', 'yoru']",1,2,3,0.3333333333333333,6,0.5,0.4362,2,1,2,0,2D-1I-2C-0S,3,0.5,0.4417,0.3667,0.8,0.5,0
KRÜ Esports,Bind,2025,brimstone|raze|skye|viper|vyse,"['brimstone', 'raze', 'skye', 'viper', 'vyse']",3,0,3,1.0,6,0.5,0.4362,1,1,2,1,1D-1I-2C-1S,3,0.5,0.4417,0.3667,0.8,0.5,0
KRÜ Esports,Corrode,2025,fade|neon|omen|viper|vyse,"['fade', 'neon', 'omen', 'viper', 'vyse']",0,2,2,0.0,2,1.0,0.3457,1,1,2,1,1D-1I-2C-1S,2,1.0,0.4417,0.0,1.0,1.0,0
KRÜ Esports,Fracture,2025,breach|brimstone|neon|tejo|vyse,"['breach', 'brimstone', 'neon', 'tejo', 'vyse']",1,1,2,0.5,2,1.0,0.3457,1,2,1,1,1D-2I-1C-1S,2,1.0,0.4417,0.5,1.0,1.0,0
KRÜ Esports,Haven,2025,breach|cypher|jett|omen|sova,"['breach', 'cypher', 'jett', 'omen', 'sova']",1,2,3,0.3333333333333333,9,0.3333,0.4362,1,2,1,1,1D-2I-1C-1S,4,0.4444,0.4417,0.5967,0.7333,0.3333,0
KRÜ Esports,Haven,2025,breach|cypher|omen|tejo|yoru,"['breach', 'cypher', 'omen', 'tejo', 'yoru']",1,0,1,1.0,9,0.1111,0.2181,1,2,1,1,1D-2I-1C-1S,4,0.4444,0.4417,0.5967,0.6444,0.1111,1
KRÜ Esports,Haven,2025,cypher|iso|omen|sova|yoru,"['cypher', 'iso', 'omen', 'sova', 'yoru']",2,3,5,0.4,9,0.5556,0.5638,2,1,1,1,2D-1I-1C-1S,5,0.5556,0.4417,0.5967,0.8222,0.5556,0
KRÜ Esports,Icebox,2025,harbor|jett|killjoy|sova|viper,"['harbor', 'jett', 'killjoy', 'sova', 'viper']",3,2,5,0.6,5,1.0,0.5638,1,1,2,1,1D-1I-2C-1S,5,1.0,0.4417,0.5625,1.0,1.0,0
KRÜ Esports,Lotus,2025,breach|omen|tejo|vyse|yoru,"['breach', 'omen', 'tejo', 'vyse', 'yoru']",1,3,4,0.25,6,0.6667,0.5064,1,2,1,1,1D-2I-1C-1S,4,0.6667,0.4417,0.4125,0.8,0.6667,0
KRÜ Esports,Lotus,2025,fade|omen|raze|viper|yoru,"['fade', 'omen', 'raze', 'viper', 'yoru']",0,2,2,0.0,6,0.3333,0.3457,2,1,2,0,2D-1I-2C-0S,2,0.3333,0.4417,0.4125,0.6,0.3333,0
KRÜ Esports,Pearl,2025,astra|chamber|sova|vyse|yoru,"['astra', 'chamber', 'sova', 'vyse', 'yoru']",1,1,2,0.5,2,1.0,0.3457,1,1,1,2,1D-1I-1C-2S,2,1.0,0.4417,0.5,1.0,1.0,0
KRÜ Esports,Split,2025,breach|jett|omen|tejo|viper,"['breach', 'jett', 'omen', 'tejo', 'viper']",1,0,1,1.0,4,0.25,0.2181,1,2,2,0,1D-2I-2C-0S,1,0.25,0.4417,0.4167,0.55,0.25,0
KRÜ Esports,Split,2025,cypher|omen|raze|skye|viper,"['cypher', 'omen', 'raze', 'skye', 'viper']",1,2,3,0.3333333333333333,4,0.75,0.4362,1,1,2,1,1D-1I-2C-1S,3,0.75,0.4417,0.4167,0.85,0.75,0
KRÜ Esports,Sunset,2025,cypher|neon|omen|sova|yoru,"['cypher', 'neon', 'omen', 'sova', 'yoru']",2,0,2,1.0,2,1.0,0.3457,2,1,1,1,2D-1I-1C-1S,2,1.0,0.4417,0.5417,1.0,1.0,0
Karmine Corp,Abyss,2025,astra|fade|harbor|vyse|yoru,"['astra', 'fade', 'harbor', 'vyse', 'yoru']",0,2,2,0.0,2,1.0,0.3457,1,1,2,1,1D-1I-2C-1S,2,1.0,0.3587,0.5,1.0,1.0,0
Karmine Corp,Ascent,2025,cypher|jett|omen|raze|sova,"['cypher', 'jett', 'omen', 'raze', 'sova']",0,2,2,0.0,2,1.0,0.3457,2,1,1,1,2D-1I-1C-1S,2,1.0,0.3587,0.3333,1.0,1.0,0
Karmine Corp,Bind,2025,astra|deadlock|gekko|vyse|yoru,"['astra', 'deadlock', 'gekko', 'vyse', 'yoru']",4,2,6,0.6666666666666666,6,1.0,0.6123,1,1,1,2,1D-1I-1C-2S,6,1.0,0.3587,0.32,1.0,1.0,0
Karmine Corp,Corrode,2025,brimstone|fade|kayo|omen|waylay,"['brimstone', 'fade', 'kayo', 'omen', 'waylay']",0,2,2,0.0,2,1.0,0.3457,1,2,2,0,1D-2I-2C-0S,2,1.0,0.3587,0.0,1.0,1.0,0
Karmine Corp,Fracture,2025,astra|breach|cypher|jett|tejo,"['astra', 'breach', 'cypher', 'jett', 'tejo']",0,1,1,0.0,2,0.5,0.2181,1,2,1,1,1D-2I-1C-1S,2,1.0,0.3587,0.0,0.9,0.5,0
Karmine Corp,Fracture,2025,astra|breach|cypher|tejo|yoru,"['astra', 'breach', 'cypher', 'tejo', 'yoru']",0,1,1,0.0,2,0.5,0.2181,1,2,1,1,1D-2I-1C-1S,2,1.0,0.3587,0.0,0.9,0.5,0
Karmine Corp,Haven,2025,cypher|omen|phoenix|sova|yoru,"['cypher', 'omen', 'phoenix', 'sova', 'yoru']",3,0,3,1.0,4,0.75,0.4362,2,1,1,1,2D-1I-1C-1S,3,0.75,0.3587,0.4167,0.85,0.75,0
Karmine Corp,Haven,2025,fade|harbor|killjoy|omen|yoru,"['fade', 'harbor', 'killjoy', 'omen', 'yoru']",0,1,1,0.0,4,0.25,0.2181,1,1,2,1,1D-1I-2C-1S,1,0.25,0.3587,0.4167,0.55,0.25,0
Karmine Corp,Icebox,2025,kayo|killjoy|omen|sova|viper,"['kayo', 'killjoy', 'omen', 'sova', 'viper']",1,1,2,0.5,6,0.3333,0.3457,0,2,2,1,0D-2I-2C-1S,6,1.0,0.3587,0.625,0.8667,0.3333,0
Karmine Corp,Icebox,2025,kayo|killjoy|omen|tejo|viper,"['kayo', 'killjoy', 'omen', 'tejo', 'viper']",4,0,4,1.0,6,0.6667,0.5064,0,2,2,1,0D-2I-2C-1S,6,1.0,0.3587,0.625,0.9333,0.6667,0
Karmine Corp,Lotus,2025,cypher|fade|omen|raze|yoru,"['cypher', 'fade', 'omen', 'raze', 'yoru']",2,2,4,0.5,9,0.4444,0.5064,2,1,1,1,2D-1I-1C-1S,4,0.4444,0.3587,0.4417,0.7778,0.4444,0
Karmine Corp,Lotus,2025,fade|harbor|omen|vyse|yoru,"['fade', 'harbor', 'omen', 'vyse', 'yoru']",2,3,5,0.4,9,0.5556,0.5638,1,1,2,1,1D-1I-2C-1S,5,0.5556,0.3587,0.4417,0.8222,0.5556,0
Karmine Corp,Pearl,2025,astra|fade|harbor|vyse|yoru,"['astra', 'fade', 'harbor', 'vyse', 'yoru']",2,1,3,0.6666666666666666,3,1.0,0.4362,1,1,2,1,1D-1I-2C-1S,3,1.0,0.3587,0.5556,1.0,1.0,0
Karmine Corp,Split,2025,fade|omen|raze|viper|yoru,"['fade', 'omen', 'raze', 'viper', 'yoru']",0,1,1,0.0,1,1.0,0.2181,2,1,2,0,2D-1I-2C-0S,1,1.0,0.3587,0.275,1.0,1.0,0
Karmine Corp,Sunset,2025,cypher|omen|phoenix|sova|yoru,"['cypher', 'omen', 'phoenix', 'sova', 'yoru']",2,2,4,0.5,4,1.0,0.5064,2,1,1,1,2D-1I-1C-1S,4,1.0,0.3587,0.4625,1.0,1.0,0
LEVIATÁN,Ascent,2025,chamber|omen|sova|vyse|yoru,"['chamber', 'omen', 'sova', 'vyse', 'yoru']",1,2,3,0.3333333333333333,5,0.6,0.4362,1,1,1,2,1D-1I-1C-2S,3,0.6,0.4981,0.5767,0.76,0.6,0
LEVIATÁN,Ascent,2025,kayo|omen|tejo|vyse|waylay,"['kayo', 'omen', 'tejo', 'vyse', 'waylay']",1,1,2,0.5,5,0.4,0.3457,1,2,1,1,1D-2I-1C-1S,2,0.4,0.4981,0.5767,0.64,0.4,0
LEVIATÁN,Bind,2025,brimstone|fade|gekko|viper|yoru,"['brimstone', 'fade', 'gekko', 'viper', 'yoru']",1,1,2,0.5,2,1.0,0.3457,1,2,2,0,1D-2I-2C-0S,2,1.0,0.4981,0.5833,1.0,1.0,0
LEVIATÁN,Corrode,2025,chamber|fade|neon|omen|viper,"['chamber', 'fade', 'neon', 'omen', 'viper']",0,1,1,0.0,1,1.0,0.2181,1,1,2,1,1D-1I-2C-1S,1,1.0,0.4981,0.5,1.0,1.0,0
LEVIATÁN,Fracture,2025,breach|brimstone|killjoy|raze|sova,"['breach', 'brimstone', 'killjoy', 'raze', 'sova']",0,1,1,0.0,3,0.3333,0.2181,1,2,1,1,1D-2I-1C-1S,3,1.0,0.4981,0.2778,0.6,0.3333,0
LEVIATÁN,Fracture,2025,breach|brimstone|neon|tejo|vyse,"['breach', 'brimstone', 'neon', 'tejo', 'vyse']",1,1,2,0.5,3,0.6667,0.3457,1,2,1,1,1D-2I-1C-1S,3,1.0,0.4981,0.2778,0.8,0.6667,0
LEVIATÁN,Haven,2025,breach|cypher|jett|omen|sova,"['breach', 'cypher', 'jett', 'omen', 'sova']",1,0,1,1.0,7,0.1429,0.2181,1,2,1,1,1D-2I-1C-1S,2,0.2857,0.4981,0.5933,0.6571,0.2857,0
LEVIATÁN,Haven,2025,breach|jett|omen|tejo|vyse,"['breach', 'jett', 'omen', 'tejo', 'vyse']",0,1,1,0.0,7,0.1429,0.2181,1,2,1,1,1D-2I-1C-1S,2,0.2857,0.4981,0.5933,0.3714,0.1429,2
LEVIATÁN,Haven,2025,cypher|neon|omen|sova|yoru,"['cypher', 'neon', 'omen', 'sova', 'yoru']",4,1,5,0.8,7,0.7143,0.5638,2,1,1,1,2D-1I-1C-1S,5,0.7143,0.4981,0.5933,0.8286,0.7143,0
LEVIATÁN,Icebox,2025,harbor|jett|killjoy|sova|viper,"['harbor', 'jett', 'killjoy', 'sova', 'viper']",0,3,3,0.0,5,0.6,0.4362,1,1,2,1,1D-1I-2C-1S,3,0.6,0.4981,0.4474,0.84,0.6,0
LEVIATÁN,Icebox,2025,jett|kayo|killjoy|tejo|viper,"['jett', 'kayo', 'killjoy', 'tejo', 'viper']",0,2,2,0.0,5,0.4,0.3457,1,2,1,1,1D-2I-1C-1S,2,0.4,0.4981,0.4474,0.76,0.4,0
LEVIATÁN,Lotus,2025,breach|neon|omen|tejo|viper,"['breach', 'neon', 'omen', 'tejo', 'viper']",0,1,1,0.0,7,0.1429,0.2181,1,2,2,0,1D-2I-2C-0S,1,0.1429,0.4981,0.5841,0.4857,0.1429,3
LEVIATÁN,Lotus,2025,fade|killjoy|omen|raze|viper,"['fade', 'killjoy', 'omen', 'raze', 'viper']",1,0,1,1.0,7,0.1429,0.2181,1,1,2,1,1D-1I-2C-1S,6,0.8571,0.4981,0.5841,0.7714,0.1429,1
LEVIATÁN,Lotus,2025,fade|omen|raze|viper|vyse,"['fade', 'omen', 'raze', 'viper', 'vyse']",3,2,5,0.6,7,0.7143,0.5638,1,1,2,1,1D-1I-2C-1S,6,0.8571,0.4981,0.5841,0.8857,0.7143,0
LEVIATÁN,Pearl,2025,astra|fade|jett|phoenix|vyse,"['astra', 'fade', 'jett', 'phoenix', 'vyse']",0,2,2,0.0,3,0.6667,0.3457,2,1,1,1,2D-1I-1C-1S,2,0.6667,0.4981,0.5,0.8667,0.6667,0
LEVIATÁN,Pearl,2025,astra|fade|tejo|vyse|yoru,"['astra', 'fade', 'tejo', 'vyse', 'yoru']",1,0,1,1.0,3,0.3333,0.2181,1,2,1,1,1D-2I-1C-1S,1,0.3333,0.4981,0.5,0.7333,0.3333,0
LEVIATÁN,Split,2025,breach|omen|tejo|viper|yoru,"['breach', 'omen', 'tejo', 'viper', 'yoru']",0,2,2,0.0,4,0.5,0.3457,1,2,2,0,1D-2I-2C-0S,2,0.5,0.4981,0.3267,0.7,0.5,0
LEVIATÁN,Split,2025,cypher|omen|raze|skye|viper,"['cypher', 'omen', 'raze', 'skye', 'viper']",1,1,2,0.5,4,0.5,0.3457,1,1,2,1,1D-1I-2C-1S,2,0.5,0.4981,0.3267,0.7,0.5,0
LEVIATÁN,Sunset,2025,kayo|neon|omen|sova|vyse,"['kayo', 'neon', 'omen', 'sova', 'vyse']",2,1,3,0.6666666666666666,3,1.0,0.4362,1,2,1,1,1D-2I-1C-1S,3,1.0,0.4981,0.6825,1.0,1.0,0
LOUD,Ascent,2025,cypher|jett|kayo|omen|sova,"['cypher', 'jett', 'kayo', 'omen', 'sova']",1,1,2,0.5,2,1.0,0.3457,1,2,1,1,1D-2I-1C-1S,2,1.0,0.3736,0.35,1.0,1.0,0
LOUD,Bind,2025,brimstone|deadlock|kayo|raze|skye,"['brimstone', 'deadlock', 'kayo', 'raze', 'skye']",0,1,1,0.0,4,0.25,0.2181,1,2,1,1,1D-2I-1C-1S,1,0.25,0.3736,0.2857,0.7,0.25,0
LOUD,Bind,2025,brimstone|gekko|raze|skye|viper,"['brimstone', 'gekko', 'raze', 'skye', 'viper']",1,2,3,0.3333333333333333,4,0.75,0.4362,1,2,2,0,1D-2I-2C-0S,3,0.75,0.3736,0.2857,0.9,0.75,0
LOUD,Corrode,2025,fade|neon|omen|viper|vyse,"['fade', 'neon', 'omen', 'viper', 'vyse']",0,1,1,0.0,1,1.0,0.2181,1,1,2,1,1D-1I-2C-1S,1,1.0,0.3736,0.0,1.0,1.0,0
LOUD,Fracture,2025,breach|brimstone|cypher|neon|tejo,"['breach', 'brimstone', 'cypher', 'neon', 'tejo']",1,0,1,1.0,1,1.0,0.2181,1,2,1,1,1D-2I-1C-1S,1,1.0,0.3736,1.0,1.0,1.0,0
LOUD,Haven,2025,breach|cypher|jett|omen|sova,"['breach', 'cypher', 'jett', 'omen', 'sova']",1,1,2,0.5,7,0.2857,0.3457,1,2,1,1,1D-2I-1C-1S,7,1.0,0.3736,0.3611,0.7714,0.2857,0
LOUD,Haven,2025,breach|cypher|neon|omen|sova,"['breach', 'cypher', 'neon', 'omen', 'sova']",0,2,2,0.0,7,0.2857,0.3457,1,2,1,1,1D-2I-1C-1S,7,1.0,0.3736,0.3611,0.8571,0.5714,0
LOUD,Haven,2025,breach|cypher|neon|omen|tejo,"['breach', 'cypher', 'neon', 'omen', 'tejo']",1,2,3,0.3333333333333333,7,0.4286,0.4362,1,2,1,1,1D-2I-1C-1S,7,1.0,0.3736,0.3611,0.8286,0.4286,0
LOUD,Icebox,2025,jett|killjoy|omen|sova|viper,"['jett', 'killjoy', 'omen', 'sova', 'viper']",1,1,2,0.5,3,0.6667,0.3457,1,1,2,1,1D-1I-2C-1S,2,0.6667,0.3736,0.2917,0.8667,0.6667,0
LOUD,Icebox,2025,killjoy|reyna|sova|tejo|viper,"['killjoy', 'reyna', 'sova', 'tejo', 'viper']",0,1,1,0.0,3,0.3333,0.2181,1,2,1,1,1D-2I-1C-1S,1,0.3333,0.3736,0.2917,0.7333,0.3333,0
LOUD,Lotus,2025,breach|cypher|fade|omen|raze,"['breach', 'cypher', 'fade', 'omen', 'raze']",1,0,1,1.0,5,0.2,0.2181,1,2,1,1,1D-2I-1C-1S,4,0.8,0.3736,0.4524,0.56,0.2,0
LOUD,Lotus,2025,breach|neon|omen|tejo|vyse,"['breach', 'neon', 'omen', 'tejo', 'vyse']",2,1,3,0.6666666666666666,5,0.6,0.4362,1,2,1,1,1D-2I-1C-1S,4,0.8,0.3736,0.4524,0.76,0.6,0
LOUD,Lotus,2025,fade|omen|raze|viper|vyse,"['fade', 'omen', 'raze', 'viper', 'vyse']",0,1,1,0.0,5,0.2,0.2181,1,1,2,1,1D-1I-2C-1S,1,0.2,0.3736,0.4524,0.56,0.2,0
LOUD,Pearl,2025,astra|cypher|jett|kayo|sova,"['astra', 'cypher', 'jett', 'kayo', 'sova']",1,1,2,0.5,4,0.5,0.3457,1,2,1,1,1D-2I-1C-1S,4,1.0,0.3736,0.25,0.6,0.5,0
LOUD,Pearl,2025,astra|fade|tejo|vyse|yoru,"['astra', 'fade', 'tejo', 'vyse', 'yoru']",0,2,2,0.0,4,0.5,0.3457,1,2,1,1,1D-2I-1C-1S,4,1.0,0.3736,0.25,0.6,0.5,0
LOUD,Split,2025,astra|breach|cypher|raze|tejo,"['astra', 'breach', 'cypher', 'raze', 'tejo']",2,1,3,0.6666666666666666,7,0.4286,0.4362,1,2,1,1,1D-2I-1C-1S,3,0.4286,0.3736,0.2667,0.6571,0.4286,0
LOUD,Split,2025,breach|jett|omen|tejo|viper,"['breach', 'jett', 'omen', 'tejo', 'viper']",0,4,4,0.0,7,0.5714,0.5064,1,2,2,0,1D-2I-2C-0S,4,0.5714,0.3736,0.2667,0.7429,0.5714,0
LOUD,Sunset,2025,breach|cypher|neon|omen|sova,"['breach', 'cypher', 'neon', 'omen', 'sova']",1,1,2,0.5,2,1.0,0.3457,1,2,1,1,1D-2I-1C-1S,2,1.0,0.3736,0.4762,1.0,1.0,0
MIBR,Abyss,2025,astra|cypher|jett|kayo|sova,"['astra', 'cypher', 'jett', 'kayo', 'sova']",4,3,7,0.5714285714285714,7,1.0,0.6543,1,2,1,1,1D-2I-1C-1S,7,1.0,0.4074,0.4107,1.0,1.0,0
MIBR,Ascent,2025,cypher|jett|kayo|omen|sova,"['cypher', 'jett', 'kayo', 'omen', 'sova']",0,3,3,0.0,5,0.6,0.4362,1,2,1,1,1D-2I-1C-1S,5,1.0,0.4074,0.0833,0.92,0.6,0
MIBR,Ascent,2025,jett|kayo|killjoy|omen|sova,"['jett', 'kayo', 'killjoy', 'omen', 'sova']",0,1,1,0.0,5,0.2,0.2181,1,2,1,1,1D-2I-1C-1S,5,1.0,0.4074,0.0833,0.84,0.2,0
MIBR,Ascent,2025,jett|kayo|omen|sova|vyse,"['jett', 'kayo', 'omen', 'sova', 'vyse']",0,1,1,0.0,5,0.2,0.2181,1,2,1,1,1D-2I-1C-1S,5,1.0,0.4074,0.0833,0.84,0.2,0
MIBR,Bind,2025,brimstone|cypher|raze|skye|yoru,"['brimstone', 'cypher', 'raze', 'skye', 'yoru']",0,2,2,0.0,6,0.3333,0.3457,2,1,1,1,2D-1I-1C-1S,2,0.3333,0.4074,0.4375,0.8,0.3333,0
MIBR,Bind,2025,brimstone|fade|raze|viper|yoru,"['brimstone', 'fade', 'raze', 'viper', 'yoru']",1,1,2,0.5,6,0.3333,0.3457,2,1,2,0,2D-1I-2C-0S,4,0.6667,0.4074,0.4375,0.8,0.3333,0
MIBR,Bind,2025,brimstone|raze|skye|viper|yoru,"['brimstone', 'raze', 'skye', 'viper', 'yoru']",1,1,2,0.5,6,0.3333,0.3457,2,1,2,0,2D-1I-2C-0S,4,0.6667,0.4074,0.4375,0.8667,0.6667,0
MIBR,Corrode,2025,astra|fade|raze|vyse|yoru,"['astra', 'fade', 'raze', 'vyse', 'yoru']",1,0,1,1.0,5,0.2,0.2181,2,1,1,1,2D-1I-1C-1S,1,0.2,0.4074,0.8056,0.2,0.2,0
MIBR,Corrode,2025,kayo|omen|sova|viper|waylay,"['kayo', 'omen', 'sova', 'viper', 'waylay']",3,1,4,0.75,5,0.8,0.5064,1,2,2,0,1D-2I-2C-0S,4,0.8,0.4074,0.8056,0.8,0.8,0
MIBR,Haven,2025,breach|cypher|jett|omen|sova,"['breach', 'cypher', 'jett', 'omen', 'sova']",0,1,1,0.0,9,0.1111,0.2181,1,2,1,1,1D-2I-1C-1S,5,0.5556,0.4074,0.3472,0.6667,0.5556,0
MIBR,Haven,2025,breach|cypher|jett|omen|tejo,"['breach', 'cypher', 'jett', 'omen', 'tejo']",3,1,4,0.75,9,0.4444,0.5064,1,2,1,1,1D-2I-1C-1S,5,0.5556,0.4074,0.3472,0.6444,0.4444,0
MIBR,Haven,2025,cypher|iso|omen|sova|yoru,"['cypher', 'iso', 'omen', 'sova', 'yoru']",0,1,1,0.0,9,0.1111,0.2181,2,1,1,1,2D-1I-1C-1S,1,0.1111,0.4074,0.3472,0.4889,0.1111,2
MIBR,Haven,2025,killjoy|neon|omen|sova|viper,"['killjoy', 'neon', 'omen', 'sova', 'viper']",2,1,3,0.6666666666666666,9,0.3333,0.4362,1,1,2,1,1D-1I-2C-1S,3,0.3333,0.4074,0.3472,0.5111,0.3333,0
MIBR,Icebox,2025,harbor|jett|killjoy|sova|viper,"['harbor', 'jett', 'killjoy', 'sova', 'viper']",7,1,8,0.875,8,1.0,0.6914,1,1,2,1,1D-1I-2C-1S,8,1.0,0.4074,0.2917,1.0,1.0,0
MIBR,Lotus,2025,breach|cypher|fade|omen|raze,"['breach', 'cypher', 'fade', 'omen', 'raze']",0,4,4,0.0,10,0.4,0.5064,1,2,1,1,1D-2I-1C-1S,4,0.4,0.4074,0.4167,0.68,0.4,0
MIBR,Lotus,2025,breach|neon|omen|tejo|viper,"['breach', 'neon', 'omen', 'tejo', 'viper']",2,2,4,0.5,10,0.4,0.5064,1,2,2,0,1D-2I-2C-0S,4,0.4,0.4074,0.4167,0.6,0.4,0
MIBR,Lotus,2025,fade|omen|raze|vyse|yoru,"['fade', 'omen', 'raze', 'vyse', 'yoru']",0,2,2,0.0,10,0.2,0.3457,2,1,1,1,2D-1I-1C-1S,2,0.2,0.4074,0.4167,0.52,0.2,0
MIBR,Pearl,2025,astra|jett|kayo|killjoy|sova,"['astra', 'jett', 'kayo', 'killjoy', 'sova']",3,0,3,1.0,5,0.6,0.4362,1,2,1,1,1D-2I-1C-1S,5,1.0,0.4074,0.75,0.76,0.6,0
MIBR,Pearl,2025,astra|kayo|tejo|vyse|waylay,"['astra', 'kayo', 'tejo', 'vyse', 'waylay']",1,1,2,0.5,5,0.4,0.3457,1,2,1,1,1D-2I-1C-1S,5,1.0,0.4074,0.75,0.64,0.4,0
MIBR,Split,2025,astra|jett|raze|skye|viper,"['astra', 'jett', 'raze', 'skye', 'viper']",3,1,4,0.75,9,0.4444,0.5064,2,1,2,0,2D-1I-2C-0S,4,0.4444,0.4074,0.4306,0.6667,0.4444,0
MIBR,Split,2025,breach|jett|omen|tejo|viper,"['breach', 'jett', 'omen', 'tejo', 'viper']",3,2,5,0.6,9,0.5556,0.5638,1,2,2,0,1D-2I-2C-0S,5,0.5556,0.4074,0.4306,0.7333,0.5556,0
MIBR,Sunset,2025,breach|cypher|neon|omen|sova,"['breach', 'cypher', 'neon', 'omen', 'sova']",0,2,2,0.0,6,0.3333,0.3457,1,2,1,1,1D-2I-1C-1S,2,0.3333,0.4074,0.3667,0.8667,0.3333,0
MIBR,Sunset,2025,cypher|neon|omen|raze|sova,"['cypher', 'neon', 'omen', 'raze', 'sova']",1,1,2,0.5,6,0.3333,0.3457,2,1,1,1,2D-1I-1C-1S,2,0.3333,0.4074,0.3667,0.8667,0.3333,0
MIBR,Sunset,2025,cypher|neon|omen|sova|viper,"['cypher', 'neon', 'omen', 'sova', 'viper']",2,0,2,1.0,6,0.3333,0.3457,1,1,2,1,1D-1I-2C-1S,2,0.3333,0.4074,0.3667,0.8667,0.3333,0
Mega Minors,Abyss,2025,harbor|omen|sova|vyse|yoru,"['harbor', 'omen', 'sova', 'vyse', 'yoru']",3,2,5,0.6,5,1.0,0.5638,1,1,2,1,1D-1I-2C-1S,5,1.0,0.484,0.6571,1.0,1.0,0
Mega Minors,Ascent,2025,cypher|jett|kayo|omen|sova,"['cypher', 'jett', 'kayo', 'omen', 'sova']",0,1,1,0.0,5,0.2,0.2181,1,2,1,1,1D-2I-1C-1S,5,1.0,0.484,0.1667,0.84,0.2,0
Mega Minors,Ascent,2025,jett|kayo|omen|sova|vyse,"['jett', 'kayo', 'omen', 'sova', 'vyse']",2,2,4,0.5,5,0.8,0.5064,1,2,1,1,1D-2I-1C-1S,5,1.0,0.484,0.1667,0.96,0.8,0
Mega Minors,Bind,2025,brimstone|fade|kayo|raze|viper,"['brimstone', 'fade', 'kayo', 'raze', 'viper']",2,4,6,0.3333333333333333,6,1.0,0.6123,1,2,2,0,1D-2I-2C-0S,6,1.0,0.484,0.2778,1.0,1.0,0
Mega Minors,Corrode,2025,kayo|omen|sova|viper|waylay,"['kayo', 'omen', 'sova', 'viper', 'waylay']",8,0,8,1.0,8,1.0,0.6914,1,2,2,0,1D-2I-2C-0S,8,1.0,0.484,0.5,1.0,1.0,0
Mega Minors,Fracture,2025,breach|brimstone|cypher|raze|tejo,"['breach', 'brimstone', 'cypher', 'raze', 'tejo']",2,2,4,0.5,5,0.8,0.5064,1,2,1,1,1D-2I-1C-1S,5,1.0,0.484,0.5,0.92,0.8,0
Mega Minors,Fracture,2025,breach|brimstone|killjoy|raze|sova,"['breach', 'brimstone', 'killjoy', 'raze', 'sova']",0,1,1,0.0,5,0.2,0.2181,1,2,1,1,1D-2I-1C-1S,5,1.0,0.484,0.5,0.68,0.2,0
Mega Minors,Haven,2025,breach|cypher|jett|omen|yoru,"['breach', 'cypher', 'jett', 'omen', 'yoru']",0,2,2,0.0,10,0.2,0.3457,2,1,1,1,2D-1I-1C-1S,2,0.2,0.484,0.6357,0.4,0.2,0
Mega Minors,Haven,2025,breach|cypher|neon|omen|sova,"['breach', 'cypher', 'neon', 'omen', 'sova']",1,0,1,1.0,10,0.1,0.2181,1,2,1,1,1D-2I-1C-1S,1,0.1,0.484,0.6357,0.64,0.3,0
Mega Minors,Haven,2025,killjoy|neon|omen|sova|viper,"['killjoy', 'neon', 'omen', 'sova', 'viper']",3,4,7,0.42857142857142855,10,0.7,0.6543,1,1,2,1,1D-1I-2C-1S,7,0.7,0.484,0.6357,0.8,0.7,0
Mega Minors,Icebox,2025,gekko|kayo|killjoy|reyna|viper,"['gekko', 'kayo', 'killjoy', 'reyna', 'viper']",1,1,2,0.5,5,0.4,0.3457,1,2,1,1,1D-2I-1C-1S,2,0.4,0.484,0.75,0.64,0.4,0
Mega Minors,Icebox,2025,harbor|jett|killjoy|sova|viper,"['harbor', 'jett', 'killjoy', 'sova', 'viper']",3,0,3,1.0,5,0.6,0.4362,1,1,2,1,1D-1I-2C-1S,3,0.6,0.484,0.75,0.76,0.6,0
Mega Minors,Lotus,2025,breach|fade|omen|raze|vyse,"['breach', 'fade', 'omen', 'raze', 'vyse']",0,2,2,0.0,14,0.1429,0.3457,1,2,1,1,1D-2I-1C-1S,5,0.3571,0.484,0.4556,0.7857,0.3571,0
Mega Minors,Lotus,2025,breach|neon|omen|tejo|vyse,"['breach', 'neon', 'omen', 'tejo', 'vyse']",1,2,3,0.3333333333333333,14,0.2143,0.4362,1,2,1,1,1D-2I-1C-1S,5,0.3571,0.484,0.4556,0.5571,0.2143,0
Mega Minors,Lotus,2025,fade|omen|raze|viper|vyse,"['fade', 'omen', 'raze', 'viper', 'vyse']",8,1,9,0.8888888888888888,14,0.6429,0.7245,1,1,2,1,1D-1I-2C-1S,9,0.6429,0.484,0.4556,0.8429,0.6429,0
Mega Minors,Pearl,2025,astra|breach|jett|tejo|vyse,"['astra', 'breach', 'jett', 'tejo', 'vyse']",1,0,1,1.0,3,0.3333,0.2181,1,2,1,1,1D-2I-1C-1S,1,0.3333,0.484,0.6518,0.6,0.3333,0
Mega Minors,Pearl,2025,astra|jett|killjoy|sova|yoru,"['astra', 'jett', 'killjoy', 'sova', 'yoru']",1,1,2,0.5,3,0.6667,0.3457,2,1,1,1,2D-1I-1C-1S,2,0.6667,0.484,0.6518,0.8,0.6667,0
Mega Minors,Sunset,2025,breach|cypher|neon|omen|sova,"['breach', 'cypher', 'neon', 'omen', 'sova']",1,4,5,0.2,5,1.0,0.5638,1,2,1,1,1D-2I-1C-1S,5,1.0,0.484,0.2,1.0,1.0,0
Natus Vincere,Abyss,2025,astra|jett|kayo|omen|sova,"['astra', 'jett', 'kayo', 'omen', 'sova']",1,0,1,1.0,1,1.0,0.2181,1,2,2,0,1D-2I-2C-0S,1,1.0,0.4109,0.5,1.0,1.0,0
Natus Vincere,Ascent,2025,cypher|deadlock|omen|tejo|yoru,"['cypher', 'deadlock', 'omen', 'tejo', 'yoru']",1,1,2,0.5,5,0.4,0.3457,1,1,1,2,1D-1I-1C-2S,2,0.4,0.4109,0.5556,0.64,0.4,0
Natus Vincere,Ascent,2025,cypher|jett|kayo|omen|sova,"['cypher', 'jett', 'kayo', 'omen', 'sova']",2,1,3,0.6666666666666666,5,0.6,0.4362,1,2,1,1,1D-2I-1C-1S,3,0.6,0.4109,0.5556,0.76,0.6,0
Natus Vincere,Bind,2025,brimstone|gekko|kayo|raze|vyse,"['brimstone', 'gekko', 'kayo', 'raze', 'vyse']",0,1,1,0.0,4,0.25,0.2181,1,2,1,1,1D-2I-1C-1S,1,0.25,0.4109,0.3056,0.55,0.25,0
Natus Vincere,Bind,2025,fade|kayo|omen|raze|viper,"['fade', 'kayo', 'omen', 'raze', 'viper']",2,1,3,0.6666666666666666,4,0.75,0.4362,1,2,2,0,1D-2I-2C-0S,3,0.75,0.4109,0.3056,0.85,0.75,0
Natus Vincere,Corrode,2025,fade|gekko|jett|omen|viper,"['fade', 'gekko', 'jett', 'omen', 'viper']",2,2,4,0.5,4,1.0,0.5064,1,2,2,0,1D-2I-2C-0S,4,1.0,0.4109,0.5,1.0,1.0,0
Natus Vincere,Fracture,2025,breach|brimstone|cypher|fade|raze,"['breach', 'brimstone', 'cypher', 'fade', 'raze']",1,3,4,0.25,4,1.0,0.5064,1,2,1,1,1D-2I-1C-1S,4,1.0,0.4109,0.625,1.0,1.0,0
Natus Vincere,Haven,2025,breach|cypher|omen|sova|yoru,"['breach', 'cypher', 'omen', 'sova', 'yoru']",0,1,1,0.0,8,0.125,0.2181,1,2,1,1,1D-2I-1C-1S,1,0.125,0.4109,0.5,0.625,0.125,1
Natus Vincere,Haven,2025,cypher|omen|sova|vyse|yoru,"['cypher', 'omen', 'sova', 'vyse', 'yoru']",2,1,3,0.6666666666666666,8,0.375,0.4362,1,1,1,2,1D-1I-1C-2S,3,0.375,0.4109,0.5,0.675,0.375,0
Natus Vincere,Haven,2025,killjoy|neon|omen|sova|viper,"['killjoy', 'neon', 'omen', 'sova', 'viper']",2,2,4,0.5,8,0.5,0.5064,1,1,2,1,1D-1I-2C-1S,4,0.5,0.4109,0.5,0.7,0.5,0
Natus Vincere,Icebox,2025,gekko|killjoy|omen|tejo|viper,"['gekko', 'killjoy', 'omen', 'tejo', 'viper']",2,1,3,0.6666666666666666,8,0.375,0.4362,0,2,2,1,0D-2I-2C-1S,3,0.375,0.4109,0.4889,0.625,0.375,0
Natus Vincere,Icebox,2025,jett|killjoy|sage|sova|viper,"['jett', 'killjoy', 'sage', 'sova', 'viper']",4,1,5,0.8,8,0.625,0.5638,1,1,1,2,1D-1I-1C-2S,5,0.625,0.4109,0.4889,0.775,0.625,0
Natus Vincere,Lotus,2025,astra|chamber|fade|omen|raze,"['astra', 'chamber', 'fade', 'omen', 'raze']",0,2,2,0.0,3,0.6667,0.3457,1,1,2,1,1D-1I-2C-1S,2,0.6667,0.4109,0.1667,0.8,0.6667,0
Natus Vincere,Lotus,2025,astra|omen|sage|tejo|vyse,"['astra', 'omen', 'sage', 'tejo', 'vyse']",0,1,1,0.0,3,0.3333,0.2181,0,1,2,2,0D-1I-2C-2S,1,0.3333,0.4109,0.1667,0.6,0.3333,0
Natus Vincere,Pearl,2025,astra|jett|kayo|killjoy|sova,"['astra', 'jett', 'kayo', 'killjoy', 'sova']",0,1,1,0.0,3,0.3333,0.2181,1,2,1,1,1D-2I-1C-1S,3,1.0,0.4109,0.1667,0.7333,0.3333,0
Natus Vincere,Pearl,2025,astra|killjoy|sova|tejo|yoru,"['astra', 'killjoy', 'sova', 'tejo', 'yoru']",1,1,2,0.5,3,0.6667,0.3457,1,2,1,1,1D-2I-1C-1S,3,1.0,0.4109,0.1667,0.8667,0.6667,0
Natus Vincere,Split,2025,astra|fade|omen|raze|vyse,"['astra', 'fade', 'omen', 'raze', 'vyse']",3,2,5,0.6,5,1.0,0.5638,1,1,2,1,1D-1I-2C-1S,5,1.0,0.4109,0.5733,1.0,1.0,0
Natus Vincere,Sunset,2025,breach|cypher|fade|omen|raze,"['breach', 'cypher', 'fade', 'omen', 'raze']",1,3,4,0.25,4,1.0,0.5064,1,2,1,1,1D-2I-1C-1S,4,1.0,0.4109,0.2708,1.0,1.0,0
Nongshim RedForce,Ascent,2025,cypher|kayo|omen|tejo|waylay,"['cypher', 'kayo', 'omen', 'tejo', 'waylay']",0,2,2,0.0,6,0.3333,0.3457,1,2,1,1,1D-2I-1C-1S,2,0.3333,0.5232,0.375,0.4667,0.3333,0
Nongshim RedForce,Ascent,2025,killjoy|neon|omen|sova|viper,"['killjoy', 'neon', 'omen', 'sova', 'viper']",3,1,4,0.75,6,0.6667,0.5064,1,1,2,1,1D-1I-2C-1S,4,0.6667,0.5232,0.375,0.7333,0.6667,0
Nongshim RedForce,Bind,2025,astra|deadlock|kayo|raze|viper,"['astra', 'deadlock', 'kayo', 'raze', 'viper']",2,0,2,1.0,4,0.5,0.3457,1,1,2,1,1D-1I-2C-1S,4,1.0,0.5232,0.75,0.6,0.5,0
Nongshim RedForce,Bind,2025,brimstone|fade|neon|viper|vyse,"['brimstone', 'fade', 'neon', 'viper', 'vyse']",0,2,2,0.0,4,0.5,0.3457,1,1,2,1,1D-1I-2C-1S,4,1.0,0.5232,0.75,0.6,0.5,0
Nongshim RedForce,Corrode,2025,deadlock|fade|neon|omen|viper,"['deadlock', 'fade', 'neon', 'omen', 'viper']",2,1,3,0.6666666666666666,3,1.0,0.4362,1,1,2,1,1D-1I-2C-1S,3,1.0,0.5232,0.7333,1.0,1.0,0
Nongshim RedForce,Fracture,2025,breach|brimstone|cypher|neon|tejo,"['breach', 'brimstone', 'cypher', 'neon', 'tejo']",0,3,3,0.0,3,1.0,0.4362,1,2,1,1,1D-2I-1C-1S,3,1.0,0.5232,0.3333,1.0,1.0,0
Nongshim RedForce,Haven,2025,breach|cypher|neon|omen|sova,"['breach', 'cypher', 'neon', 'omen', 'sova']",1,0,1,1.0,4,0.25,0.2181,1,2,1,1,1D-2I-1C-1S,3,0.75,0.5232,0.5,0.8,0.25,0
Nongshim RedForce,Haven,2025,cypher|neon|omen|sova|tejo,"['cypher', 'neon', 'omen', 'sova', 'tejo']",1,1,2,0.5,4,0.5,0.3457,1,2,1,1,1D-2I-1C-1S,3,0.75,0.5232,0.5,0.85,0.5,0
Nongshim RedForce,Haven,2025,killjoy|neon|omen|sova|viper,"['killjoy', 'neon', 'omen', 'sova', 'viper']",0,1,1,0.0,4,0.25,0.2181,1,1,2,1,1D-1I-2C-1S,1,0.25,0.5232,0.5,0.7,0.25,0
Nongshim RedForce,Icebox,2025,harbor|jett|killjoy|sova|viper,"['harbor', 'jett', 'killjoy', 'sova', 'viper']",0,2,2,0.0,3,0.6667,0.3457,1,1,2,1,1D-1I-2C-1S,2,0.6667,0.5232,0.0,0.8667,0.6667,0
Nongshim RedForce,Icebox,2025,jett|kayo|killjoy|tejo|viper,"['jett', 'kayo', 'killjoy', 'tejo', 'viper']",0,1,1,0.0,3,0.3333,0.2181,1,2,1,1,1D-2I-1C-1S,1,0.3333,0.5232,0.0,0.7333,0.3333,0
Nongshim RedForce,Lotus,2025,astra|fade|neon|omen|vyse,"['astra', 'fade', 'neon', 'omen', 'vyse']",3,1,4,0.75,12,0.3333,0.5064,1,1,2,1,1D-1I-2C-1S,10,0.8333,0.5232,0.4375,0.7333,0.3333,0
Nongshim RedForce,Lotus,2025,deadlock|fade|iso|neon|omen,"['deadlock', 'fade', 'iso', 'neon', 'omen']",1,1,2,0.5,12,0.1667,0.3457,2,1,1,1,2D-1I-1C-1S,2,0.1667,0.5232,0.4375,0.7667,0.1667,1
Nongshim RedForce,Lotus,2025,deadlock|fade|neon|omen|viper,"['deadlock', 'fade', 'neon', 'omen', 'viper']",3,3,6,0.5,12,0.5,0.6123,1,1,2,1,1D-1I-2C-1S,10,0.8333,0.5232,0.4375,0.8333,0.5,0
Nongshim RedForce,Pearl,2025,astra|killjoy|neon|sova|vyse,"['astra', 'killjoy', 'neon', 'sova', 'vyse']",3,0,3,1.0,7,0.4286,0.4362,1,1,1,2,1D-1I-1C-2S,7,1.0,0.5232,0.9167,0.8857,0.4286,0
Nongshim RedForce,Pearl,2025,astra|killjoy|neon|tejo|vyse,"['astra', 'killjoy', 'neon', 'tejo', 'vyse']",3,1,4,0.75,7,0.5714,0.5064,1,1,1,2,1D-1I-1C-2S,7,1.0,0.5232,0.9167,0.9143,0.5714,0
Nongshim RedForce,Split,2025,astra|cypher|fade|kayo|neon,"['astra', 'cypher', 'fade', 'kayo', 'neon']",1,1,2,0.5,6,0.3333,0.3457,1,2,1,1,1D-2I-1C-1S,2,0.3333,0.5232,0.5125,0.4667,0.3333,0
Nongshim RedForce,Split,2025,deadlock|neon|omen|tejo|viper,"['deadlock', 'neon', 'omen', 'tejo', 'viper']",3,1,4,0.75,6,0.6667,0.5064,1,1,2,1,1D-1I-2C-1S,4,0.6667,0.5232,0.5125,0.7333,0.6667,0
Nongshim RedForce,Sunset,2025,deadlock|neon|omen|sova|viper,"['deadlock', 'neon', 'omen', 'sova', 'viper']",0,1,1,0.0,1,1.0,0.2181,1,1,2,1,1D-1I-2C-1S,1,1.0,0.5232,0.0,1.0,1.0,0
Nova Esports,Abyss,2025,astra|cypher|jett|kayo|sova,"['astra', 'cypher', 'jett', 'kayo', 'sova']",1,1,2,0.5,2,1.0,0.3457,1,2,1,1,1D-2I-1C-1S,2,1.0,0.3725,0.75,1.0,1.0,0
Nova Esports,Ascent,2025,breach|killjoy|omen|tejo|yoru,"['breach', 'killjoy', 'omen', 'tejo', 'yoru']",1,1,2,0.5,4,0.5,0.3457,1,2,1,1,1D-2I-1C-1S,4,1.0,0.3725,0.2083,0.7,0.5,0
Nova Esports,Ascent,2025,jett|kayo|killjoy|omen|sova,"['jett', 'kayo', 'killjoy', 'omen', 'sova']",0,2,2,0.0,4,0.5,0.3457,1,2,1,1,1D-2I-1C-1S,4,1.0,0.3725,0.2083,0.7,0.5,0
Nova Esports,Bind,2025,brimstone|deadlock|raze|skye|vyse,"['brimstone', 'deadlock', 'raze', 'skye', 'vyse']",1,1,2,0.5,4,0.5,0.3457,1,1,1,2,1D-1I-1C-2S,2,0.5,0.3725,0.35,0.9,0.5,0
Nova Esports,Bind,2025,brimstone|raze|skye|viper|vyse,"['brimstone', 'raze', 'skye', 'viper', 'vyse']",1,1,2,0.5,4,0.5,0.3457,1,1,2,1,1D-1I-2C-1S,2,0.5,0.3725,0.35,0.9,0.5,0
Nova Esports,Corrode,2025,fade|neon|omen|viper|vyse,"['fade', 'neon', 'omen', 'viper', 'vyse']",1,1,2,0.5,2,1.0,0.3457,1,1,2,1,1D-1I-2C-1S,2,1.0,0.3725,0.25,1.0,1.0,0
Nova Esports,Fracture,2025,breach|brimstone|cypher|neon|raze,"['breach', 'brimstone', 'cypher', 'neon', 'raze']",1,1,2,0.5,5,0.4,0.3457,2,1,1,1,2D-1I-1C-1S,2,0.4,0.3725,0.4444,0.88,0.4,0
Nova Esports,Fracture,2025,breach|brimstone|cypher|neon|tejo,"['breach', 'brimstone', 'cypher', 'neon', 'tejo']",1,2,3,0.3333333333333333,5,0.6,0.4362,1,2,1,1,1D-2I-1C-1S,3,0.6,0.3725,0.4444,0.92,0.6,0
Nova Esports,Haven,2025,killjoy|neon|omen|sova|viper,"['killjoy', 'neon', 'omen', 'sova', 'viper']",2,2,4,0.5,4,1.0,0.5064,1,1,2,1,1D-1I-2C-1S,4,1.0,0.3725,0.1667,1.0,1.0,0
Nova Esports,Icebox,2025,gekko|jett|kayo|killjoy|viper,"['gekko', 'jett', 'kayo', 'killjoy', 'viper']",1,0,1,1.0,3,0.3333,0.2181,1,2,1,1,1D-2I-1C-1S,3,1.0,0.3725,0.875,0.8667,0.3333,0
Nova Esports,Icebox,2025,jett|kayo|killjoy|tejo|viper,"['jett', 'kayo', 'killjoy', 'tejo', 'viper']",1,1,2,0.5,3,0.6667,0.3457,1,2,1,1,1D-2I-1C-1S,3,1.0,0.3725,0.875,0.9333,0.6667,0
Nova Esports,Lotus,2025,astra|breach|deadlock|raze|vyse,"['astra', 'breach', 'deadlock', 'raze', 'vyse']",0,3,3,0.0,5,0.6,0.4362,1,1,1,2,1D-1I-1C-2S,3,0.6,0.3725,0.1667,0.76,0.6,0
Nova Esports,Lotus,2025,fade|omen|raze|vyse|waylay,"['fade', 'omen', 'raze', 'vyse', 'waylay']",0,2,2,0.0,5,0.4,0.3457,2,1,1,1,2D-1I-1C-1S,2,0.4,0.3725,0.1667,0.64,0.4,0
Nova Esports,Pearl,2025,astra|jett|killjoy|skye|vyse,"['astra', 'jett', 'killjoy', 'skye', 'vyse']",0,1,1,0.0,2,0.5,0.2181,1,1,1,2,1D-1I-1C-2S,2,1.0,0.3725,0.3333,0.9,0.5,0
Nova Esports,Pearl,2025,astra|killjoy|neon|skye|vyse,"['astra', 'killjoy', 'neon', 'skye', 'vyse']",1,0,1,1.0,2,0.5,0.2181,1,1,1,2,1D-1I-1C-2S,2,1.0,0.3725,0.3333,0.9,0.5,0
Nova Esports,Split,2025,astra|deadlock|raze|skye|vyse,"['astra', 'deadlock', 'raze', 'skye', 'vyse']",3,3,6,0.5,6,1.0,0.6123,1,1,1,2,1D-1I-1C-2S,6,1.0,0.3725,0.4167,1.0,1.0,0
Nova Esports,Sunset,2025,chamber|kayo|omen|phoenix|raze,"['chamber', 'kayo', 'omen', 'phoenix', 'raze']",0,1,1,0.0,1,1.0,0.2181,2,1,1,1,2D-1I-1C-1S,1,1.0,0.3725,0.3333,1.0,1.0,0
Paper Rex,Abyss,2025,cypher|jett|kayo|omen|sova,"['cypher', 'jett', 'kayo', 'omen', 'sova']",0,1,1,0.0,1,1.0,0.2181,1,2,1,1,1D-2I-1C-1S,1,1.0,0.5164,0.3333,1.0,1.0,0
Paper Rex,Ascent,2025,fade|jett|kayo|omen|viper,"['fade', 'jett', 'kayo', 'omen', 'viper']",1,1,2,0.5,11,0.1818,0.3457,1,2,2,0,1D-2I-2C-0S,2,0.1818,0.5164,0.5095,0.5636,0.1818,1
Paper Rex,Ascent,2025,fade|jett|kayo|omen|vyse,"['fade', 'jett', 'kayo', 'omen', 'vyse']",2,2,4,0.5,11,0.3636,0.5064,1,2,1,1,1D-2I-1C-1S,4,0.3636,0.5164,0.5095,0.6909,0.5455,0
Paper Rex,Ascent,2025,omen|sage|sova|vyse|yoru,"['omen', 'sage', 'sova', 'vyse', 'yoru']",3,2,5,0.6,11,0.4545,0.5638,1,1,1,2,1D-1I-1C-2S,5,0.4545,0.5164,0.5095,0.6364,0.4545,0
Paper Rex,Bind,2025,brimstone|clove|deadlock|fade|raze,"['brimstone', 'clove', 'deadlock', 'fade', 'raze']",0,1,1,0.0,9,0.1111,0.2181,1,1,2,1,1D-1I-2C-1S,1,0.1111,0.5164,0.375,0.6444,0.1111,2
Paper Rex,Bind,2025,brimstone|fade|raze|viper|yoru,"['brimstone', 'fade', 'raze', 'viper', 'yoru']",7,1,8,0.875,9,0.8889,0.6914,2,1,2,0,2D-1I-2C-0S,8,0.8889,0.5164,0.375,0.9556,0.8889,0
Paper Rex,Corrode,2025,fade|omen|raze|vyse|yoru,"['fade', 'omen', 'raze', 'vyse', 'yoru']",0,1,1,0.0,1,1.0,0.2181,2,1,1,1,2D-1I-1C-1S,1,1.0,0.5164,0.3111,1.0,1.0,0
Paper Rex,Fracture,2025,breach|brimstone|killjoy|neon|raze,"['breach', 'brimstone', 'killjoy', 'neon', 'raze']",3,2,5,0.6,7,0.7143,0.5638,2,1,1,1,2D-1I-1C-1S,5,0.7143,0.5164,0.7556,0.9429,0.7143,0
Paper Rex,Fracture,2025,breach|brimstone|killjoy|raze|skye,"['breach', 'brimstone', 'killjoy', 'raze', 'skye']",2,0,2,1.0,7,0.2857,0.3457,1,2,1,1,1D-2I-1C-1S,2,0.2857,0.5164,0.7556,0.8571,0.2857,0
Paper Rex,Haven,2025,breach|cypher|omen|tejo|yoru,"['breach', 'cypher', 'omen', 'tejo', 'yoru']",0,2,2,0.0,7,0.2857,0.3457,1,2,1,1,1D-2I-1C-1S,2,0.2857,0.5164,0.3933,0.5714,0.2857,0
Paper Rex,Haven,2025,fade|omen|vyse|waylay|yoru,"['fade', 'omen', 'vyse', 'waylay', 'yoru']",4,1,5,0.8,7,0.7143,0.5638,2,1,1,1,2D-1I-1C-1S,5,0.7143,0.5164,0.3933,0.8286,0.7143,0
Paper Rex,Icebox,2025,jett|kayo|killjoy|sova|viper,"['jett', 'kayo', 'killjoy', 'sova', 'viper']",3,0,3,1.0,7,0.4286,0.4362,1,2,1,1,1D-2I-1C-1S,3,0.4286,0.5164,0.65,0.8857,0.4286,0
Paper Rex,Icebox,2025,jett|killjoy|omen|sova|viper,"['jett', 'killjoy', 'omen', 'sova', 'viper']",2,2,4,0.5,7,0.5714,0.5064,1,1,2,1,1D-1I-2C-1S,4,0.5714,0.5164,0.65,0.9143,0.5714,0
Paper Rex,Lotus,2025,fade|omen|raze|vyse|yoru,"['fade', 'omen', 'raze', 'vyse', 'yoru']",15,6,21,0.7142857142857143,22,0.9545,0.9726,2,1,1,1,2D-1I-1C-1S,22,1.0,0.5164,0.6476,0.9818,0.9545,0
Paper Rex,Lotus,2025,jett|omen|raze|skye|vyse,"['jett', 'omen', 'raze', 'skye', 'vyse']",1,0,1,1.0,22,0.0455,0.2181,2,1,1,1,2D-1I-1C-1S,22,1.0,0.5164,0.6476,0.6182,0.0455,2
Paper Rex,Pearl,2025,astra|fade|jett|phoenix|vyse,"['astra', 'fade', 'jett', 'phoenix', 'vyse']",1,2,3,0.3333333333333333,6,0.5,0.4362,2,1,1,1,2D-1I-1C-1S,6,1.0,0.5164,0.4861,0.8,0.6667,0
Paper Rex,Pearl,2025,astra|fade|raze|vyse|yoru,"['astra', 'fade', 'raze', 'vyse', 'yoru']",2,0,2,1.0,6,0.3333,0.3457,2,1,1,1,2D-1I-1C-1S,6,1.0,0.5164,0.4861,0.6667,0.3333,0
Paper Rex,Pearl,2025,astra|jett|killjoy|phoenix|sova,"['astra', 'jett', 'killjoy', 'phoenix', 'sova']",0,1,1,0.0,6,0.1667,0.2181,2,1,1,1,2D-1I-1C-1S,6,1.0,0.5164,0.4861,0.5333,0.1667,2
Paper Rex,Split,2025,fade|omen|raze|viper|yoru,"['fade', 'omen', 'raze', 'viper', 'yoru']",3,2,5,0.6,6,0.8333,0.5638,2,1,2,0,2D-1I-2C-0S,5,0.8333,0.5164,0.682,0.9,0.8333,0
Paper Rex,Split,2025,jett|omen|raze|sage|skye,"['jett', 'omen', 'raze', 'sage', 'skye']",0,1,1,0.0,6,0.1667,0.2181,2,1,1,1,2D-1I-1C-1S,1,0.1667,0.5164,0.682,0.5,0.1667,3
Paper Rex,Sunset,2025,omen|raze|sage|sova|viper,"['omen', 'raze', 'sage', 'sova', 'viper']",6,1,7,0.8571428571428571,7,1.0,0.6543,1,1,2,1,1D-1I-2C-1S,7,1.0,0.5164,0.8381,1.0,1.0,0
Rex Regum Qeon,Abyss,2025,astra|jett|kayo|omen|sova,"['astra', 'jett', 'kayo', 'omen', 'sova']",0,1,1,0.0,4,0.25,0.2181,1,2,2,0,1D-2I-2C-0S,1,0.25,0.4492,0.2778,0.85,0.25,0
Rex Regum Qeon,Abyss,2025,cypher|jett|kayo|omen|sova,"['cypher', 'jett', 'kayo', 'omen', 'sova']",1,2,3,0.3333333333333333,4,0.75,0.4362,1,2,1,1,1D-2I-1C-1S,3,0.75,0.4492,0.2778,0.95,0.75,0
Rex Regum Qeon,Ascent,2025,cypher|jett|kayo|omen|sova,"['cypher', 'jett', 'kayo', 'omen', 'sova']",0,2,2,0.0,13,0.1538,0.3457,1,2,1,1,1D-2I-1C-1S,8,0.6154,0.4492,0.3333,0.6615,0.1538,2
Rex Regum Qeon,Ascent,2025,cypher|neon|omen|sova|yoru,"['cypher', 'neon', 'omen', 'sova', 'yoru']",1,4,5,0.2,13,0.3846,0.5638,2,1,1,1,2D-1I-1C-1S,5,0.3846,0.4492,0.3333,0.8462,0.3846,0
Rex Regum Qeon,Ascent,2025,cypher|omen|sova|tejo|yoru,"['cypher', 'omen', 'sova', 'tejo', 'yoru']",4,2,6,0.6666666666666666,13,0.4615,0.6123,1,2,1,1,1D-2I-1C-1S,8,0.6154,0.4492,0.3333,0.8615,0.4615,0
Rex Regum Qeon,Bind,2025,astra|fade|viper|waylay|yoru,"['astra', 'fade', 'viper', 'waylay', 'yoru']",0,4,4,0.0,4,1.0,0.5064,2,1,2,0,2D-1I-2C-0S,4,1.0,0.4492,0.25,1.0,1.0,0
Rex Regum Qeon,Corrode,2025,fade|neon|omen|viper|waylay,"['fade', 'neon', 'omen', 'viper', 'waylay']",3,3,6,0.5,6,1.0,0.6123,2,1,2,0,2D-1I-2C-0S,6,1.0,0.4492,0.75,1.0,1.0,0
Rex Regum Qeon,Fracture,2025,breach|brimstone|killjoy|neon|sova,"['breach', 'brimstone', 'killjoy', 'neon', 'sova']",2,0,2,1.0,4,0.5,0.3457,1,2,1,1,1D-2I-1C-1S,4,1.0,0.4492,0.6667,0.8,0.5,0
Rex Regum Qeon,Fracture,2025,breach|brimstone|neon|tejo|vyse,"['breach', 'brimstone', 'neon', 'tejo', 'vyse']",0,2,2,0.0,4,0.5,0.3457,1,2,1,1,1D-2I-1C-1S,4,1.0,0.4492,0.6667,0.8,0.5,0
Rex Regum Qeon,Haven,2025,breach|jett|killjoy|omen|sova,"['breach', 'jett', 'killjoy', 'omen', 'sova']",2,1,3,0.6666666666666666,15,0.2,0.4362,1,2,1,1,1D-2I-1C-1S,3,0.2,0.4492,0.4537,0.52,0.2,0
Rex Regum Qeon,Haven,2025,cypher|iso|omen|sova|yoru,"['cypher', 'iso', 'omen', 'sova', 'yoru']",2,1,3,0.6666666666666666,15,0.2,0.4362,2,1,1,1,2D-1I-1C-1S,12,0.8,0.4492,0.4537,0.76,0.2,0
Rex Regum Qeon,Haven,2025,cypher|neon|omen|sova|yoru,"['cypher', 'neon', 'omen', 'sova', 'yoru']",5,4,9,0.5555555555555556,15,0.6,0.7245,2,1,1,1,2D-1I-1C-1S,12,0.8,0.4492,0.4537,0.84,0.6,0
Rex Regum Qeon,Icebox,2025,jett|kayo|killjoy|tejo|viper,"['jett', 'kayo', 'killjoy', 'tejo', 'viper']",3,2,5,0.6,10,0.5,0.5638,1,2,1,1,1D-2I-1C-1S,5,0.5,0.4492,0.5,0.8,0.5,0
Rex Regum Qeon,Icebox,2025,jett|killjoy|omen|sova|viper,"['jett', 'killjoy', 'omen', 'sova', 'viper']",0,1,1,0.0,10,0.1,0.2181,1,1,2,1,1D-1I-2C-1S,1,0.1,0.4492,0.5,0.72,0.1,1
Rex Regum Qeon,Icebox,2025,jett|killjoy|sage|sova|viper,"['jett', 'killjoy', 'sage', 'sova', 'viper']",4,0,4,1.0,10,0.4,0.5064,1,1,1,2,1D-1I-1C-2S,4,0.4,0.4492,0.5,0.78,0.4,0
Rex Regum Qeon,Lotus,2025,breach|omen|tejo|viper|yoru,"['breach', 'omen', 'tejo', 'viper', 'yoru']",4,2,6,0.6666666666666666,12,0.5,0.6123,1,2,2,0,1D-2I-2C-0S,6,0.5,0.4492,0.4286,0.7333,0.5,0
Rex Regum Qeon,Lotus,2025,fade|omen|raze|viper|vyse,"['fade', 'omen', 'raze', 'viper', 'vyse']",0,4,4,0.0,12,0.3333,0.5064,1,1,2,1,1D-1I-2C-1S,4,0.3333,0.4492,0.4286,0.6667,0.3333,0
Rex Regum Qeon,Lotus,2025,fade|omen|raze|viper|yoru,"['fade', 'omen', 'raze', 'viper', 'yoru']",2,0,2,1.0,12,0.1667,0.3457,2,1,2,0,2D-1I-2C-0S,2,0.1667,0.4492,0.4286,0.7333,0.5,0
Rex Regum Qeon,Pearl,2025,astra|jett|phoenix|sova|vyse,"['astra', 'jett', 'phoenix', 'sova', 'vyse']",2,1,3,0.6666666666666666,6,0.5,0.4362,2,1,1,1,2D-1I-1C-1S,6,1.0,0.4492,0.3333,0.7,0.5,0
Rex Regum Qeon,Pearl,2025,astra|neon|tejo|vyse|yoru,"['astra', 'neon', 'tejo', 'vyse', 'yoru']",1,2,3,0.3333333333333333,6,0.5,0.4362,2,1,1,1,2D-1I-1C-1S,6,1.0,0.4492,0.3333,0.7,0.5,0
Rex Regum Qeon,Split,2025,breach|omen|tejo|viper|yoru,"['breach', 'omen', 'tejo', 'viper', 'yoru']",2,1,3,0.6666666666666666,3,1.0,0.4362,1,2,2,0,1D-2I-2C-0S,3,1.0,0.4492,0.7333,1.0,1.0,0
Rex Regum Qeon,Sunset,2025,breach|cypher|fade|omen|waylay,"['breach', 'cypher', 'fade', 'omen', 'waylay']",4,3,7,0.5714285714285714,7,1.0,0.6543,1,2,1,1,1D-2I-1C-1S,7,1.0,0.4492,0.4127,1.0,1.0,0
Sentinels,Abyss,2025,astra|jett|kayo|omen|sova,"['astra', 'jett', 'kayo', 'omen', 'sova']",3,1,4,0.75,5,0.8,0.5064,1,2,2,0,1D-2I-2C-0S,5,1.0,0.421,0.4375,0.96,0.8,0
Sentinels,Abyss,2025,astra|jett|kayo|omen|tejo,"['astra', 'jett', 'kayo', 'omen', 'tejo']",0,1,1,0.0,5,0.2,0.2181,1,2,2,0,1D-2I-2C-0S,5,1.0,0.421,0.4375,0.84,0.2,0
Sentinels,Ascent,2025,cypher|deadlock|omen|sova|yoru,"['cypher', 'deadlock', 'omen', 'sova', 'yoru']",0,1,1,0.0,5,0.2,0.2181,1,1,1,2,1D-1I-1C-2S,1,0.2,0.421,0.2133,0.36,0.2,0
Sentinels,Ascent,2025,jett|kayo|omen|tejo|vyse,"['jett', 'kayo', 'omen', 'tejo', 'vyse']",2,1,3,0.6666666666666666,5,0.6,0.4362,1,2,1,1,1D-2I-1C-1S,4,0.8,0.421,0.2133,0.8,0.6,0
Sentinels,Ascent,2025,kayo|omen|tejo|vyse|waylay,"['kayo', 'omen', 'tejo', 'vyse', 'waylay']",0,1,1,0.0,5,0.2,0.2181,1,2,1,1,1D-2I-1C-1S,4,0.8,0.421,0.2133,0.72,0.2,0
Sentinels,Bind,2025,brimstone|fade|raze|viper|yoru,"['brimstone', 'fade', 'raze', 'viper', 'yoru']",0,1,1,0.0,3,0.3333,0.2181,2,1,2,0,2D-1I-2C-0S,1,0.3333,0.421,0.3981,0.7333,0.3333,0
Sentinels,Bind,2025,brimstone|gekko|raze|tejo|viper,"['brimstone', 'gekko', 'raze', 'tejo', 'viper']",1,0,1,1.0,3,0.3333,0.2181,1,2,2,0,1D-2I-2C-0S,2,0.6667,0.421,0.3981,0.8,0.3333,0
Sentinels,Bind,2025,brimstone|raze|skye|tejo|viper,"['brimstone', 'raze', 'skye', 'tejo', 'viper']",0,1,1,0.0,3,0.3333,0.2181,1,2,2,0,1D-2I-2C-0S,2,0.6667,0.421,0.3981,0.8,0.3333,0
Sentinels,Corrode,2025,fade|neon|omen|viper|vyse,"['fade', 'neon', 'omen', 'viper', 'vyse']",4,1,5,0.8,5,1.0,0.5638,1,1,2,1,1D-1I-2C-1S,5,1.0,0.421,0.4,1.0,1.0,0
Sentinels,Fracture,2025,breach|brimstone|tejo|vyse|yoru,"['breach', 'brimstone', 'tejo', 'vyse', 'yoru']",0,1,1,0.0,1,1.0,0.2181,1,2,1,1,1D-2I-1C-1S,1,1.0,0.421,0.0,1.0,1.0,0
Sentinels,Haven,2025,astra|breach|jett|tejo|vyse,"['astra', 'breach', 'jett', 'tejo', 'vyse']",0,1,1,0.0,11,0.0909,0.2181,1,2,1,1,1D-2I-1C-1S,6,0.5455,0.421,0.431,0.1818,0.0909,4
Sentinels,Haven,2025,breach|cypher|neon|omen|sova,"['breach', 'cypher', 'neon', 'omen', 'sova']",3,2,5,0.6,11,0.4545,0.5638,1,2,1,1,1D-2I-1C-1S,6,0.5455,0.421,0.431,0.7455,0.5455,0
Sentinels,Haven,2025,cypher|iso|omen|sova|yoru,"['cypher', 'iso', 'omen', 'sova', 'yoru']",0,1,1,0.0,11,0.0909,0.2181,2,1,1,1,2D-1I-1C-1S,1,0.0909,0.421,0.431,0.5091,0.0909,2
Sentinels,Haven,2025,killjoy|neon|omen|sova|viper,"['killjoy', 'neon', 'omen', 'sova', 'viper']",2,2,4,0.5,11,0.3636,0.5064,1,1,2,1,1D-1I-2C-1S,4,0.3636,0.421,0.431,0.6727,0.3636,0
Sentinels,Icebox,2025,gekko|jett|killjoy|tejo|viper,"['gekko', 'jett', 'killjoy', 'tejo', 'viper']",1,1,2,0.5,7,0.2857,0.3457,1,2,1,1,1D-2I-1C-1S,2,0.2857,0.421,0.3524,0.7143,0.2857,0
Sentinels,Icebox,2025,gekko|kayo|killjoy|omen|viper,"['gekko', 'kayo', 'killjoy', 'omen', 'viper']",0,2,2,0.0,7,0.2857,0.3457,0,2,2,1,0D-2I-2C-1S,2,0.2857,0.421,0.3524,0.6286,0.2857,0
Sentinels,Icebox,2025,jett|killjoy|sage|sova|viper,"['jett', 'killjoy', 'sage', 'sova', 'viper']",1,2,3,0.3333333333333333,7,0.4286,0.4362,1,1,1,2,1D-1I-1C-2S,3,0.4286,0.421,0.3524,0.7143,0.4286,0
Sentinels,Lotus,2025,breach|fade|omen|raze|vyse,"['breach', 'fade', 'omen', 'raze', 'vyse']",1,1,2,0.5,17,0.1176,0.3457,1,2,1,1,1D-2I-1C-1S,2,0.1176,0.421,0.506,0.7529,0.2941,0
Sentinels,Lotus,2025,breach|omen|tejo|viper|yoru,"['breach', 'omen', 'tejo', 'viper', 'yoru']",1,2,3,0.3333333333333333,17,0.1765,0.4362,1,2,2,0,1D-2I-2C-0S,3,0.1765,0.421,0.506,0.5059,0.1765,2
Sentinels,Lotus,2025,fade|omen|raze|viper|vyse,"['fade', 'omen', 'raze', 'viper', 'vyse']",9,3,12,0.75,17,0.7059,0.8071,1,1,2,1,1D-1I-2C-1S,12,0.7059,0.421,0.506,0.8706,0.8235,0
Sentinels,Pearl,2025,astra|fade|tejo|vyse|yoru,"['astra', 'fade', 'tejo', 'vyse', 'yoru']",7,3,10,0.7,10,1.0,0.7545,1,2,1,1,1D-2I-1C-1S,10,1.0,0.421,0.85,1.0,1.0,0
Sentinels,Split,2025,breach|omen|skye|viper|yoru,"['breach', 'omen', 'skye', 'viper', 'yoru']",1,1,2,0.5,11,0.1818,0.3457,1,2,2,0,1D-2I-2C-0S,11,1.0,0.421,0.4833,0.8364,0.1818,1
Sentinels,Split,2025,breach|omen|tejo|viper|yoru,"['breach', 'omen', 'tejo', 'viper', 'yoru']",6,3,9,0.6666666666666666,11,0.8182,0.7245,1,2,2,0,1D-2I-2C-0S,11,1.0,0.421,0.4833,0.9636,0.8182,0
Sentinels,Sunset,2025,breach|cypher|fade|neon|omen,"['breach', 'cypher', 'fade', 'neon', 'omen']",5,4,9,0.5555555555555556,9,1.0,0.7245,1,2,1,1,1D-2I-1C-1S,9,1.0,0.421,0.7341,1.0,1.0,0
T1,Abyss,2025,astra|breach|cypher|sova|yoru,"['astra', 'breach', 'cypher', 'sova', 'yoru']",0,1,1,0.0,2,0.5,0.2181,1,2,1,1,1D-2I-1C-1S,1,0.5,0.4741,0.3333,0.5,0.5,0
T1,Abyss,2025,fade|jett|omen|reyna|tejo,"['fade', 'jett', 'omen', 'reyna', 'tejo']",0,1,1,0.0,2,0.5,0.2181,2,2,1,0,2D-2I-1C-0S,1,0.5,0.4741,0.3333,0.5,0.5,0
T1,Ascent,2025,chamber|omen|sova|vyse|yoru,"['chamber', 'omen', 'sova', 'vyse', 'yoru']",2,1,3,0.6666666666666666,4,0.75,0.4362,1,1,1,2,1D-1I-1C-2S,3,0.75,0.4741,0.4933,0.85,0.75,0
T1,Ascent,2025,jett|kayo|killjoy|omen|sova,"['jett', 'kayo', 'killjoy', 'omen', 'sova']",0,1,1,0.0,4,0.25,0.2181,1,2,1,1,1D-2I-1C-1S,1,0.25,0.4741,0.4933,0.55,0.25,0
T1,Bind,2025,brimstone|fade|kayo|raze|vyse,"['brimstone', 'fade', 'kayo', 'raze', 'vyse']",2,1,3,0.6666666666666666,10,0.3,0.4362,1,2,1,1,1D-2I-1C-1S,8,0.8,0.4741,0.6095,0.82,0.3,0
T1,Bind,2025,brimstone|gekko|kayo|raze|viper,"['brimstone', 'gekko', 'kayo', 'raze', 'viper']",1,1,2,0.5,10,0.2,0.3457,1,2,2,0,1D-2I-2C-0S,2,0.2,0.4741,0.6095,0.78,0.2,0
T1,Bind,2025,brimstone|gekko|kayo|raze|vyse,"['brimstone', 'gekko', 'kayo', 'raze', 'vyse']",3,2,5,0.6,10,0.5,0.5638,1,2,1,1,1D-2I-1C-1S,8,0.8,0.4741,0.6095,0.9,0.7,0
T1,Corrode,2025,astra|chamber|fade|omen|yoru,"['astra', 'chamber', 'fade', 'omen', 'yoru']",2,1,3,0.6666666666666666,4,0.75,0.4362,1,1,2,1,1D-1I-2C-1S,3,0.75,0.4741,0.2222,0.85,0.75,0
T1,Corrode,2025,fade|neon|omen|vyse|waylay,"['fade', 'neon', 'omen', 'vyse', 'waylay']",0,1,1,0.0,4,0.25,0.2181,2,1,1,1,2D-1I-1C-1S,1,0.25,0.4741,0.2222,0.55,0.25,0
T1,Fracture,2025,breach|brimstone|cypher|raze|tejo,"['breach', 'brimstone', 'cypher', 'raze', 'tejo']",2,3,5,0.4,11,0.4545,0.5638,1,2,1,1,1D-2I-1C-1S,11,1.0,0.4741,0.4667,0.8364,0.4545,0
T1,Fracture,2025,breach|brimstone|neon|tejo|vyse,"['breach', 'brimstone', 'neon', 'tejo', 'vyse']",2,1,3,0.6666666666666666,11,0.2727,0.4362,1,2,1,1,1D-2I-1C-1S,11,1.0,0.4741,0.4667,0.7636,0.2727,0
T1,Fracture,2025,breach|brimstone|raze|tejo|vyse,"['breach', 'brimstone', 'raze', 'tejo', 'vyse']",1,2,3,0.3333333333333333,11,0.2727,0.4362,1,2,1,1,1D-2I-1C-1S,11,1.0,0.4741,0.4667,0.8545,0.5455,0
T1,Haven,2025,cypher|iso|omen|sova|yoru,"['cypher', 'iso', 'omen', 'sova', 'yoru']",7,3,10,0.7,14,0.7143,0.7545,2,1,1,1,2D-1I-1C-1S,14,1.0,0.4741,0.6583,0.9429,0.7143,0
T1,Haven,2025,cypher|neon|omen|sova|yoru,"['cypher', 'neon', 'omen', 'sova', 'yoru']",1,3,4,0.25,14,0.2857,0.5064,2,1,1,1,2D-1I-1C-1S,14,1.0,0.4741,0.6583,0.8571,0.2857,0
T1,Icebox,2025,chamber|kayo|reyna|sova|viper,"['chamber', 'kayo', 'reyna', 'sova', 'viper']",1,3,4,0.25,4,1.0,0.5064,1,2,1,1,1D-2I-1C-1S,4,1.0,0.4741,0.25,1.0,1.0,0
T1,Lotus,2025,cypher|iso|omen|raze|sova,"['cypher', 'iso', 'omen', 'raze', 'sova']",4,2,6,0.6666666666666666,16,0.375,0.6123,2,1,1,1,2D-1I-1C-1S,12,0.75,0.4741,0.4643,0.6,0.375,0
T1,Lotus,2025,fade|iso|omen|raze|viper,"['fade', 'iso', 'omen', 'raze', 'viper']",1,3,4,0.25,16,0.25,0.5064,2,1,2,0,2D-1I-2C-0S,4,0.25,0.4741,0.4643,0.625,0.25,0
T1,Lotus,2025,fade|neon|omen|vyse|yoru,"['fade', 'neon', 'omen', 'vyse', 'yoru']",2,4,6,0.3333333333333333,16,0.375,0.6123,2,1,1,1,2D-1I-1C-1S,12,0.75,0.4741,0.4643,0.55,0.375,0
T1,Pearl,2025,astra|killjoy|neon|sova|yoru,"['astra', 'killjoy', 'neon', 'sova', 'yoru']",5,1,6,0.8333333333333334,6,1.0,0.6123,2,1,1,1,2D-1I-1C-1S,6,1.0,0.4741,0.7667,1.0,1.0,0
T1,Split,2025,chamber|omen|raze|skye|viper,"['chamber', 'omen', 'raze', 'skye', 'viper']",1,2,3,0.3333333333333333,9,0.3333,0.4362,1,1,2,1,1D-1I-2C-1S,3,0.3333,0.4741,0.25,0.7333,0.3333,0
T1,Split,2025,fade|omen|raze|viper|yoru,"['fade', 'omen', 'raze', 'viper', 'yoru']",4,2,6,0.6666666666666666,9,0.6667,0.6123,2,1,2,0,2D-1I-2C-0S,6,0.6667,0.4741,0.25,0.8667,0.6667,0
T1,Sunset,2025,cypher|neon|omen|sova|yoru,"['cypher', 'neon', 'omen', 'sova', 'yoru']",5,2,7,0.7142857142857143,7,1.0,0.6543,2,1,1,1,2D-1I-1C-1S,7,1.0,0.4741,0.5286,1.0,1.0,0
TYLOO,Abyss,2025,astra|jett|omen|sova|yoru,"['astra', 'jett', 'omen', 'sova', 'yoru']",0,1,1,0.0,1,1.0,0.2181,2,1,2,0,2D-1I-2C-0S,1,1.0,0.4371,0.25,1.0,1.0,0
TYLOO,Ascent,2025,jett|kayo|killjoy|omen|sova,"['jett', 'kayo', 'killjoy', 'omen', 'sova']",1,2,3,0.3333333333333333,3,1.0,0.4362,1,2,1,1,1D-2I-1C-1S,3,1.0,0.4371,0.2778,1.0,1.0,0
TYLOO,Bind,2025,fade|neon|omen|viper|yoru,"['fade', 'neon', 'omen', 'viper', 'yoru']",1,2,3,0.3333333333333333,3,1.0,0.4362,2,1,2,0,2D-1I-2C-0S,3,1.0,0.4371,0.65,1.0,1.0,0
TYLOO,Corrode,2025,cypher|fade|omen|viper|yoru,"['cypher', 'fade', 'omen', 'viper', 'yoru']",2,1,3,0.6666666666666666,3,1.0,0.4362,1,1,2,1,1D-1I-2C-1S,3,1.0,0.4371,0.5833,1.0,1.0,0
TYLOO,Fracture,2025,breach|brimstone|cypher|neon|tejo,"['breach', 'brimstone', 'cypher', 'neon', 'tejo']",2,1,3,0.6666666666666666,4,0.75,0.4362,1,2,1,1,1D-2I-1C-1S,4,1.0,0.4371,0.4722,0.85,0.75,0
TYLOO,Fracture,2025,breach|brimstone|killjoy|raze|sova,"['breach', 'brimstone', 'killjoy', 'raze', 'sova']",0,1,1,0.0,4,0.25,0.2181,1,2,1,1,1D-2I-1C-1S,4,1.0,0.4371,0.4722,0.55,0.25,0
TYLOO,Haven,2025,breach|cypher|neon|omen|sova,"['breach', 'cypher', 'neon', 'omen', 'sova']",0,4,4,0.0,7,0.5714,0.5064,1,2,1,1,1D-2I-1C-1S,4,0.5714,0.4371,0.38,0.8286,0.5714,0
TYLOO,Haven,2025,cypher|iso|omen|sova|yoru,"['cypher', 'iso', 'omen', 'sova', 'yoru']",1,2,3,0.3333333333333333,7,0.4286,0.4362,2,1,1,1,2D-1I-1C-1S,3,0.4286,0.4371,0.38,0.7714,0.4286,0
TYLOO,Icebox,2025,gekko|jett|kayo|killjoy|viper,"['gekko', 'jett', 'kayo', 'killjoy', 'viper']",2,1,3,0.6666666666666666,5,0.6,0.4362,1,2,1,1,1D-2I-1C-1S,3,0.6,0.4371,0.4792,0.84,0.6,0
TYLOO,Icebox,2025,jett|killjoy|omen|sova|viper,"['jett', 'killjoy', 'omen', 'sova', 'viper']",2,0,2,1.0,5,0.4,0.3457,1,1,2,1,1D-1I-2C-1S,2,0.4,0.4371,0.4792,0.76,0.4,0
TYLOO,Lotus,2025,fade|omen|raze|viper|vyse,"['fade', 'omen', 'raze', 'viper', 'vyse']",2,1,3,0.6666666666666666,3,1.0,0.4362,1,1,2,1,1D-1I-2C-1S,3,1.0,0.4371,0.3333,1.0,1.0,0
TYLOO,Pearl,2025,astra|fade|tejo|vyse|yoru,"['astra', 'fade', 'tejo', 'vyse', 'yoru']",0,2,2,0.0,3,0.6667,0.3457,1,2,1,1,1D-2I-1C-1S,2,0.6667,0.4371,0.125,0.8,0.6667,0
TYLOO,Pearl,2025,astra|jett|killjoy|sova|yoru,"['astra', 'jett', 'killjoy', 'sova', 'yoru']",0,1,1,0.0,3,0.3333,0.2181,2,1,1,1,2D-1I-1C-1S,1,0.3333,0.4371,0.125,0.6,0.3333,0
TYLOO,Split,2025,fade|omen|raze|viper|yoru,"['fade', 'omen', 'raze', 'viper', 'yoru']",1,2,3,0.3333333333333333,3,1.0,0.4362,2,1,2,0,2D-1I-2C-0S,3,1.0,0.4371,0.4583,1.0,1.0,0
Talon Esports,Abyss,2025,astra|deadlock|neon|sova|viper,"['astra', 'deadlock', 'neon', 'sova', 'viper']",1,0,1,1.0,1,1.0,0.2181,1,1,2,1,1D-1I-2C-1S,1,1.0,0.3922,0.75,1.0,1.0,0
Talon Esports,Ascent,2025,deadlock|jett|omen|tejo|vyse,"['deadlock', 'jett', 'omen', 'tejo', 'vyse']",1,1,2,0.5,2,1.0,0.3457,1,1,1,2,1D-1I-1C-2S,2,1.0,0.3922,0.2407,1.0,1.0,0
Talon Esports,Bind,2025,astra|deadlock|fade|gekko|raze,"['astra', 'deadlock', 'fade', 'gekko', 'raze']",5,4,9,0.5555555555555556,9,1.0,0.7245,1,2,1,1,1D-2I-1C-1S,9,1.0,0.3922,0.5185,1.0,1.0,0
Talon Esports,Corrode,2025,cypher|deadlock|omen|sova|yoru,"['cypher', 'deadlock', 'omen', 'sova', 'yoru']",3,1,4,0.75,4,1.0,0.5064,1,1,1,2,1D-1I-1C-2S,4,1.0,0.3922,0.75,1.0,1.0,0
Talon Esports,Fracture,2025,breach|brimstone|cypher|tejo|waylay,"['breach', 'brimstone', 'cypher', 'tejo', 'waylay']",2,1,3,0.6666666666666666,4,0.75,0.4362,1,2,1,1,1D-2I-1C-1S,4,1.0,0.3922,0.3333,0.9,0.75,0
Talon Esports,Fracture,2025,breach|brimstone|deadlock|raze|tejo,"['breach', 'brimstone', 'deadlock', 'raze', 'tejo']",0,1,1,0.0,4,0.25,0.2181,1,2,1,1,1D-2I-1C-1S,4,1.0,0.3922,0.3333,0.7,0.25,0
Talon Esports,Haven,2025,breach|cypher|jett|omen|sova,"['breach', 'cypher', 'jett', 'omen', 'sova']",0,1,1,0.0,9,0.1111,0.2181,1,2,1,1,1D-2I-1C-1S,1,0.1111,0.3922,0.3667,0.5333,0.1111,2
Talon Esports,Haven,2025,cypher|deadlock|omen|sova|yoru,"['cypher', 'deadlock', 'omen', 'sova', 'yoru']",2,1,3,0.6666666666666666,9,0.3333,0.4362,1,1,1,2,1D-1I-1C-2S,8,0.8889,0.3922,0.3667,0.8444,0.4444,0
Talon Esports,Haven,2025,cypher|deadlock|omen|tejo|yoru,"['cypher', 'deadlock', 'omen', 'tejo', 'yoru']",4,1,5,0.8,9,0.5556,0.5638,1,1,1,2,1D-1I-1C-2S,8,0.8889,0.3922,0.3667,0.8667,0.5556,0
Talon Esports,Icebox,2025,jett|killjoy|sage|sova|viper,"['jett', 'killjoy', 'sage', 'sova', 'viper']",2,3,5,0.4,8,0.625,0.5638,1,1,1,2,1D-1I-1C-2S,5,0.625,0.3922,0.3917,0.925,0.625,0
Talon Esports,Icebox,2025,jett|killjoy|sova|tejo|viper,"['jett', 'killjoy', 'sova', 'tejo', 'viper']",1,2,3,0.3333333333333333,8,0.375,0.4362,1,2,1,1,1D-2I-1C-1S,3,0.375,0.3922,0.3917,0.875,0.375,0
Talon Esports,Lotus,2025,breach|cypher|omen|tejo|waylay,"['breach', 'cypher', 'omen', 'tejo', 'waylay']",1,2,3,0.3333333333333333,9,0.3333,0.4362,1,2,1,1,1D-2I-1C-1S,3,0.3333,0.3922,0.5278,0.4667,0.3333,0
Talon Esports,Lotus,2025,clove|deadlock|fade|omen|raze,"['clove', 'deadlock', 'fade', 'omen', 'raze']",1,2,3,0.3333333333333333,9,0.3333,0.4362,1,1,2,1,1D-1I-2C-1S,3,0.3333,0.3922,0.5278,0.6,0.3333,0
Talon Esports,Lotus,2025,fade|omen|raze|vyse|yoru,"['fade', 'omen', 'raze', 'vyse', 'yoru']",3,0,3,1.0,9,0.3333,0.4362,2,1,1,1,2D-1I-1C-1S,3,0.3333,0.3922,0.5278,0.6,0.3333,0
Talon Esports,Pearl,2025,astra|cypher|fade|vyse|yoru,"['astra', 'cypher', 'fade', 'vyse', 'yoru']",0,3,3,0.0,3,1.0,0.4362,1,1,1,2,1D-1I-1C-2S,3,1.0,0.3922,0.0,1.0,1.0,0
Talon Esports,Split,2025,astra|cypher|raze|skye|yoru,"['astra', 'cypher', 'raze', 'skye', 'yoru']",1,1,2,0.5,3,0.6667,0.3457,2,1,1,1,2D-1I-1C-1S,2,0.6667,0.3922,0.1667,0.7333,0.6667,0
Talon Esports,Split,2025,cypher|deadlock|jett|omen|tejo,"['cypher', 'deadlock', 'jett', 'omen', 'tejo']",0,1,1,0.0,3,0.3333,0.2181,1,1,1,2,1D-1I-1C-2S,1,0.3333,0.3922,0.1667,0.4667,0.3333,0
Talon Esports,Sunset,2025,deadlock|neon|omen|sova|viper,"['deadlock', 'neon', 'omen', 'sova', 'viper']",0,2,2,0.0,2,1.0,0.3457,1,1,2,1,1D-1I-2C-1S,2,1.0,0.3922,0.0833,1.0,1.0,0
Team Heretics,Abyss,2025,astra|chamber|sova|tejo|yoru,"['astra', 'chamber', 'sova', 'tejo', 'yoru']",0,3,3,0.0,3,1.0,0.4362,1,2,1,1,1D-2I-1C-1S,3,1.0,0.553,0.3571,1.0,1.0,0
Team Heretics,Ascent,2025,cypher|jett|omen|sova|yoru,"['cypher', 'jett', 'omen', 'sova', 'yoru']",5,4,9,0.5555555555555556,9,1.0,0.7245,2,1,1,1,2D-1I-1C-1S,9,1.0,0.553,0.6852,1.0,1.0,0
Team Heretics,Bind,2025,brimstone|fade|gekko|raze|viper,"['brimstone', 'fade', 'gekko', 'raze', 'viper']",2,0,2,1.0,4,0.5,0.3457,1,2,2,0,1D-2I-2C-0S,2,0.5,0.553,0.6515,0.8,0.5,0
Team Heretics,Bind,2025,brimstone|fade|viper|waylay|yoru,"['brimstone', 'fade', 'viper', 'waylay', 'yoru']",2,0,2,1.0,4,0.5,0.3457,2,1,2,0,2D-1I-2C-0S,2,0.5,0.553,0.6515,0.8,0.5,0
Team Heretics,Corrode,2025,astra|fade|viper|vyse|yoru,"['astra', 'fade', 'viper', 'vyse', 'yoru']",1,1,2,0.5,3,0.6667,0.3457,1,1,2,1,1D-1I-2C-1S,2,0.6667,0.553,0.8333,0.8667,0.6667,0
Team Heretics,Corrode,2025,fade|omen|viper|waylay|yoru,"['fade', 'omen', 'viper', 'waylay', 'yoru']",1,0,1,1.0,3,0.3333,0.2181,2,1,2,0,2D-1I-2C-0S,1,0.3333,0.553,0.8333,0.7333,0.3333,0
Team Heretics,Fracture,2025,astra|cypher|raze|skye|tejo,"['astra', 'cypher', 'raze', 'skye', 'tejo']",1,1,2,0.5,4,0.5,0.3457,1,2,1,1,1D-2I-1C-1S,2,0.5,0.553,0.4333,0.7,0.5,0
Team Heretics,Fracture,2025,breach|brimstone|cypher|neon|raze,"['breach', 'brimstone', 'cypher', 'neon', 'raze']",0,2,2,0.0,4,0.5,0.3457,2,1,1,1,2D-1I-1C-1S,2,0.5,0.553,0.4333,0.7,0.5,0
Team Heretics,Haven,2025,cypher|iso|omen|sova|yoru,"['cypher', 'iso', 'omen', 'sova', 'yoru']",9,1,10,0.9,11,0.9091,0.7545,2,1,1,1,2D-1I-1C-1S,10,0.9091,0.553,0.5333,0.9818,0.9091,0
Team Heretics,Haven,2025,cypher|omen|sova|tejo|yoru,"['cypher', 'omen', 'sova', 'tejo', 'yoru']",0,1,1,0.0,11,0.0909,0.2181,1,2,1,1,1D-2I-1C-1S,1,0.0909,0.553,0.5333,0.8182,0.0909,1
Team Heretics,Icebox,2025,gekko|killjoy|neon|sova|viper,"['gekko', 'killjoy', 'neon', 'sova', 'viper']",4,3,7,0.5714285714285714,10,0.7,0.6543,1,2,1,1,1D-2I-1C-1S,7,0.7,0.553,0.4772,0.88,0.7,0
Team Heretics,Icebox,2025,jett|killjoy|sova|viper|yoru,"['jett', 'killjoy', 'sova', 'viper', 'yoru']",0,3,3,0.0,10,0.3,0.4362,2,1,1,1,2D-1I-1C-1S,3,0.3,0.553,0.4772,0.72,0.3,0
Team Heretics,Lotus,2025,astra|fade|killjoy|omen|raze,"['astra', 'fade', 'killjoy', 'omen', 'raze']",1,1,2,0.5,9,0.2222,0.3457,1,1,2,1,1D-1I-2C-1S,3,0.3333,0.553,0.5532,0.6222,0.2222,0
Team Heretics,Lotus,2025,breach|neon|omen|tejo|vyse,"['breach', 'neon', 'omen', 'tejo', 'vyse']",2,0,2,1.0,9,0.2222,0.3457,1,2,1,1,1D-2I-1C-1S,2,0.2222,0.553,0.5532,0.3778,0.2222,0
Team Heretics,Lotus,2025,chamber|deadlock|fade|omen|raze,"['chamber', 'deadlock', 'fade', 'omen', 'raze']",2,2,4,0.5,9,0.4444,0.5064,1,1,1,2,1D-1I-1C-2S,4,0.4444,0.553,0.5532,0.6889,0.4444,0
Team Heretics,Lotus,2025,fade|killjoy|omen|raze|viper,"['fade', 'killjoy', 'omen', 'raze', 'viper']",0,1,1,0.0,9,0.1111,0.2181,1,1,2,1,1D-1I-2C-1S,3,0.3333,0.553,0.5532,0.6,0.1111,1
Team Heretics,Pearl,2025,astra|breach|cypher|jett|yoru,"['astra', 'breach', 'cypher', 'jett', 'yoru']",0,2,2,0.0,5,0.4,0.3457,2,1,1,1,2D-1I-1C-1S,3,0.6,0.553,0.5625,0.72,0.4,0
Team Heretics,Pearl,2025,astra|cypher|jett|sova|yoru,"['astra', 'cypher', 'jett', 'sova', 'yoru']",1,0,1,1.0,5,0.2,0.2181,2,1,1,1,2D-1I-1C-1S,3,0.6,0.553,0.5625,0.68,0.2,0
Team Heretics,Pearl,2025,astra|jett|kayo|killjoy|tejo,"['astra', 'jett', 'kayo', 'killjoy', 'tejo']",2,0,2,1.0,5,0.4,0.3457,1,2,1,1,1D-2I-1C-1S,2,0.4,0.553,0.5625,0.64,0.4,0
Team Heretics,Split,2025,fade|iso|omen|raze|viper,"['fade', 'iso', 'omen', 'raze', 'viper']",1,2,3,0.3333333333333333,3,1.0,0.4362,2,1,2,0,2D-1I-2C-0S,3,1.0,0.553,0.4325,1.0,1.0,0
Team Heretics,Sunset,2025,cypher|omen|raze|sova|yoru,"['cypher', 'omen', 'raze', 'sova', 'yoru']",1,1,2,0.5,3,0.6667,0.3457,2,1,1,1,2D-1I-1C-1S,2,0.6667,0.553,0.7723,0.8,0.6667,0
Team Heretics,Sunset,2025,kayo|neon|omen|sova|vyse,"['kayo', 'neon', 'omen', 'sova', 'vyse']",1,0,1,1.0,3,0.3333,0.2181,1,2,1,1,1D-2I-1C-1S,1,0.3333,0.553,0.7723,0.6,0.3333,0
Team Liquid,Abyss,2025,cypher|jett|kayo|omen|sova,"['cypher', 'jett', 'kayo', 'omen', 'sova']",6,2,8,0.75,8,1.0,0.6914,1,2,1,1,1D-2I-1C-1S,8,1.0,0.4583,0.4722,1.0,1.0,0
Team Liquid,Ascent,2025,cypher|deadlock|jett|omen|tejo,"['cypher', 'deadlock', 'jett', 'omen', 'tejo']",2,1,3,0.6666666666666666,7,0.4286,0.4362,1,1,1,2,1D-1I-1C-2S,3,0.4286,0.4583,0.5333,0.7714,0.4286,0
Team Liquid,Ascent,2025,cypher|jett|kayo|omen|sova,"['cypher', 'jett', 'kayo', 'omen', 'sova']",4,0,4,1.0,7,0.5714,0.5064,1,2,1,1,1D-2I-1C-1S,4,0.5714,0.4583,0.5333,0.8286,0.5714,0
Team Liquid,Bind,2025,brimstone|fade|raze|viper|yoru,"['brimstone', 'fade', 'raze', 'viper', 'yoru']",1,1,2,0.5,12,0.1667,0.3457,2,1,2,0,2D-1I-2C-0S,2,0.1667,0.4583,0.7143,0.6667,0.1667,2
Team Liquid,Bind,2025,brimstone|gekko|raze|skye|viper,"['brimstone', 'gekko', 'raze', 'skye', 'viper']",7,3,10,0.7,12,0.8333,0.7545,1,2,2,0,1D-2I-2C-0S,10,0.8333,0.4583,0.7143,0.9333,0.8333,0
Team Liquid,Corrode,2025,fade|gekko|omen|viper|yoru,"['fade', 'gekko', 'omen', 'viper', 'yoru']",1,2,3,0.3333333333333333,4,0.75,0.4362,1,2,2,0,1D-2I-2C-0S,3,0.75,0.4583,0.1944,0.85,0.75,0
Team Liquid,Corrode,2025,fade|neon|omen|vyse|waylay,"['fade', 'neon', 'omen', 'vyse', 'waylay']",0,1,1,0.0,4,0.25,0.2181,2,1,1,1,2D-1I-1C-1S,1,0.25,0.4583,0.1944,0.55,0.25,0
Team Liquid,Fracture,2025,breach|brimstone|cypher|raze|tejo,"['breach', 'brimstone', 'cypher', 'raze', 'tejo']",2,3,5,0.4,8,0.625,0.5638,1,2,1,1,1D-2I-1C-1S,8,1.0,0.4583,0.3556,0.85,0.625,0
Team Liquid,Fracture,2025,breach|brimstone|neon|tejo|vyse,"['breach', 'brimstone', 'neon', 'tejo', 'vyse']",2,1,3,0.6666666666666666,8,0.375,0.4362,1,2,1,1,1D-2I-1C-1S,8,1.0,0.4583,0.3556,0.75,0.375,0
Team Liquid,Haven,2025,breach|cypher|jett|omen|tejo,"['breach', 'cypher', 'jett', 'omen', 'tejo']",3,1,4,0.75,9,0.4444,0.5064,1,2,1,1,1D-2I-1C-1S,4,0.4444,0.4583,0.5,0.7333,0.4444,0
Team Liquid,Haven,2025,cypher|deadlock|omen|tejo|yoru,"['cypher', 'deadlock', 'omen', 'tejo', 'yoru']",1,3,4,0.25,9,0.4444,0.5064,1,1,1,2,1D-1I-1C-2S,4,0.4444,0.4583,0.5,0.7333,0.4444,0
Team Liquid,Haven,2025,killjoy|neon|omen|phoenix|sova,"['killjoy', 'neon', 'omen', 'phoenix', 'sova']",1,0,1,1.0,9,0.1111,0.2181,2,1,1,1,2D-1I-1C-1S,1,0.1111,0.4583,0.5,0.2889,0.1111,4
Team Liquid,Icebox,2025,gekko|harbor|jett|sova|viper,"['gekko', 'harbor', 'jett', 'sova', 'viper']",1,1,2,0.5,8,0.25,0.3457,1,2,2,0,1D-2I-2C-0S,2,0.25,0.4583,0.4833,0.7,0.25,0
Team Liquid,Icebox,2025,gekko|jett|kayo|killjoy|viper,"['gekko', 'jett', 'kayo', 'killjoy', 'viper']",1,5,6,0.16666666666666666,8,0.75,0.6123,1,2,1,1,1D-2I-1C-1S,6,0.75,0.4583,0.4833,0.9,0.75,0
Team Liquid,Lotus,2025,breach|cypher|neon|omen|tejo,"['breach', 'cypher', 'neon', 'omen', 'tejo']",0,2,2,0.0,12,0.1667,0.3457,1,2,1,1,1D-2I-1C-1S,2,0.1667,0.4583,0.4583,0.4167,0.1667,2
Team Liquid,Lotus,2025,clove|fade|raze|reyna|viper,"['clove', 'fade', 'raze', 'reyna', 'viper']",1,1,2,0.5,12,0.1667,0.3457,2,1,2,0,2D-1I-2C-0S,2,0.1667,0.4583,0.4583,0.3333,0.1667,3
Team Liquid,Lotus,2025,cypher|deadlock|omen|tejo|waylay,"['cypher', 'deadlock', 'omen', 'tejo', 'waylay']",3,0,3,1.0,12,0.25,0.4362,1,1,1,2,1D-1I-1C-2S,3,0.25,0.4583,0.4583,0.4667,0.25,0
Team Liquid,Lotus,2025,cypher|fade|omen|raze|waylay,"['cypher', 'fade', 'omen', 'raze', 'waylay']",0,1,1,0.0,12,0.0833,0.2181,2,1,1,1,2D-1I-1C-1S,5,0.4167,0.4583,0.4583,0.5667,0.3333,0
Team Liquid,Lotus,2025,fade|omen|raze|vyse|yoru,"['fade', 'omen', 'raze', 'vyse', 'yoru']",4,0,4,1.0,12,0.3333,0.5064,2,1,1,1,2D-1I-1C-1S,5,0.4167,0.4583,0.4583,0.5333,0.3333,0
Team Liquid,Pearl,2025,astra|chamber|sova|vyse|yoru,"['astra', 'chamber', 'sova', 'vyse', 'yoru']",0,1,1,0.0,4,0.25,0.2181,1,1,1,2,1D-1I-1C-2S,1,0.25,0.4583,0.2667,0.55,0.25,0
Team Liquid,Pearl,2025,astra|cypher|jett|kayo|sova,"['astra', 'cypher', 'jett', 'kayo', 'sova']",0,3,3,0.0,4,0.75,0.4362,1,2,1,1,1D-2I-1C-1S,3,0.75,0.4583,0.2667,0.85,0.75,0
Team Liquid,Split,2025,astra|fade|raze|viper|yoru,"['astra', 'fade', 'raze', 'viper', 'yoru']",8,3,11,0.7272727272727273,11,1.0,0.7819,2,1,2,0,2D-1I-2C-0S,11,1.0,0.4583,0.5855,1.0,1.0,0
Team Liquid,Sunset,2025,cypher|fade|omen|raze|yoru,"['cypher', 'fade', 'omen', 'raze', 'yoru']",3,3,6,0.5,9,0.6667,0.6123,2,1,1,1,2D-1I-1C-1S,6,0.6667,0.4583,0.3667,0.8,0.6667,0
Team Liquid,Sunset,2025,cypher|neon|omen|sova|viper,"['cypher', 'neon', 'omen', 'sova', 'viper']",1,2,3,0.3333333333333333,9,0.3333,0.4362,1,1,2,1,1D-1I-2C-1S,3,0.3333,0.4583,0.3667,0.6,0.3333,0
Team Secret,Abyss,2025,cypher|jett|kayo|omen|sova,"['cypher', 'jett', 'kayo', 'omen', 'sova']",1,0,1,1.0,1,1.0,0.2181,1,2,1,1,1D-2I-1C-1S,1,1.0,0.371,0.3333,1.0,1.0,0
Team Secret,Ascent,2025,cypher|deadlock|omen|sova|yoru,"['cypher', 'deadlock', 'omen', 'sova', 'yoru']",1,2,3,0.3333333333333333,4,0.75,0.4362,1,1,1,2,1D-1I-1C-2S,3,0.75,0.371,0.6444,0.85,0.75,0
Team Secret,Ascent,2025,jett|omen|tejo|vyse|yoru,"['jett', 'omen', 'tejo', 'vyse', 'yoru']",1,0,1,1.0,4,0.25,0.2181,2,1,1,1,2D-1I-1C-1S,1,0.25,0.371,0.6444,0.55,0.25,0
Team Secret,Bind,2025,brimstone|gekko|raze|skye|viper,"['brimstone', 'gekko', 'raze', 'skye', 'viper']",1,0,1,1.0,1,1.0,0.2181,1,2,2,0,1D-2I-2C-0S,1,1.0,0.371,0.75,1.0,1.0,0
Team Secret,Corrode,2025,deadlock|fade|neon|omen|viper,"['deadlock', 'fade', 'neon', 'omen', 'viper']",0,2,2,0.0,2,1.0,0.3457,1,1,2,1,1D-1I-2C-1S,2,1.0,0.371,0.0,1.0,1.0,0
Team Secret,Fracture,2025,breach|brimstone|cypher|neon|tejo,"['breach', 'brimstone', 'cypher', 'neon', 'tejo']",0,1,1,0.0,1,1.0,0.2181,1,2,1,1,1D-2I-1C-1S,1,1.0,0.371,0.25,1.0,1.0,0
Team Secret,Haven,2025,breach|cypher|iso|omen|sova,"['breach', 'cypher', 'iso', 'omen', 'sova']",0,3,3,0.0,4,0.75,0.4362,1,2,1,1,1D-2I-1C-1S,4,1.0,0.371,0.0,0.9,0.75,0
Team Secret,Haven,2025,breach|jett|killjoy|omen|sova,"['breach', 'jett', 'killjoy', 'omen', 'sova']",0,1,1,0.0,4,0.25,0.2181,1,2,1,1,1D-2I-1C-1S,4,1.0,0.371,0.0,0.7,0.25,0
Team Secret,Icebox,2025,chamber|iso|kayo|sova|viper,"['chamber', 'iso', 'kayo', 'sova', 'viper']",1,1,2,0.5,4,0.5,0.3457,1,2,1,1,1D-2I-1C-1S,4,1.0,0.371,0.5333,0.8,0.5,0
Team Secret,Icebox,2025,jett|kayo|killjoy|sova|viper,"['jett', 'kayo', 'killjoy', 'sova', 'viper']",0,2,2,0.0,4,0.5,0.3457,1,2,1,1,1D-2I-1C-1S,4,1.0,0.371,0.5333,0.8,0.5,0
Team Secret,Lotus,2025,breach|cypher|omen|raze|tejo,"['breach', 'cypher', 'omen', 'raze', 'tejo']",1,2,3,0.3333333333333333,7,0.4286,0.4362,1,2,1,1,1D-2I-1C-1S,3,0.4286,0.371,0.3381,0.6571,0.4286,0
Team Secret,Lotus,2025,fade|killjoy|omen|raze|viper,"['fade', 'killjoy', 'omen', 'raze', 'viper']",1,2,3,0.3333333333333333,7,0.4286,0.4362,1,1,2,1,1D-1I-2C-1S,4,0.5714,0.371,0.3381,0.7143,0.4286,0
Team Secret,Lotus,2025,fade|omen|raze|viper|vyse,"['fade', 'omen', 'raze', 'viper', 'vyse']",1,0,1,1.0,7,0.1429,0.2181,1,1,2,1,1D-1I-2C-1S,4,0.5714,0.371,0.3381,0.6571,0.1429,1
Team Secret,Pearl,2025,astra|chamber|sova|vyse|yoru,"['astra', 'chamber', 'sova', 'vyse', 'yoru']",1,1,2,0.5,4,0.5,0.3457,1,1,1,2,1D-1I-1C-2S,2,0.5,0.371,0.1667,0.7,0.5,0
Team Secret,Pearl,2025,astra|jett|kayo|killjoy|sova,"['astra', 'jett', 'kayo', 'killjoy', 'sova']",0,2,2,0.0,4,0.5,0.3457,1,2,1,1,1D-2I-1C-1S,2,0.5,0.371,0.1667,0.7,0.5,0
Team Secret,Split,2025,astra|cypher|deadlock|raze|skye,"['astra', 'cypher', 'deadlock', 'raze', 'skye']",0,1,1,0.0,2,0.5,0.2181,1,1,1,2,1D-1I-1C-2S,1,0.5,0.371,0.3889,0.6,0.5,0
Team Secret,Split,2025,fade|omen|raze|viper|yoru,"['fade', 'omen', 'raze', 'viper', 'yoru']",0,1,1,0.0,2,0.5,0.2181,2,1,2,0,2D-1I-2C-0S,1,0.5,0.371,0.3889,0.6,0.5,0
Team Secret,Sunset,2025,breach|cypher|neon|omen|sova,"['breach', 'cypher', 'neon', 'omen', 'sova']",1,1,2,0.5,2,1.0,0.3457,1,2,1,1,1D-2I-1C-1S,2,1.0,0.371,0.6389,1.0,1.0,0
Team Vitality,Abyss,2025,astra|breach|jett|sova|tejo,"['astra', 'breach', 'jett', 'sova', 'tejo']",2,1,3,0.6666666666666666,3,1.0,0.4362,1,3,1,0,1D-3I-1C-0S,3,1.0,0.4264,0.5,1.0,1.0,0
Team Vitality,Ascent,2025,cypher|jett|kayo|omen|sova,"['cypher', 'jett', 'kayo', 'omen', 'sova']",1,1,2,0.5,3,0.6667,0.3457,1,2,1,1,1D-2I-1C-1S,3,1.0,0.4264,0.42,0.8667,0.6667,0
Team Vitality,Ascent,2025,cypher|kayo|omen|tejo|yoru,"['cypher', 'kayo', 'omen', 'tejo', 'yoru']",1,0,1,1.0,3,0.3333,0.2181,1,2,1,1,1D-2I-1C-1S,3,1.0,0.4264,0.42,0.7333,0.3333,0
Team Vitality,Bind,2025,brimstone|gekko|raze|skye|viper,"['brimstone', 'gekko', 'raze', 'skye', 'viper']",0,3,3,0.0,9,0.3333,0.4362,1,2,2,0,1D-2I-2C-0S,9,1.0,0.4264,0.1667,0.8667,0.3333,0
Team Vitality,Bind,2025,brimstone|raze|skye|tejo|viper,"['brimstone', 'raze', 'skye', 'tejo', 'viper']",4,2,6,0.6666666666666666,9,0.6667,0.6123,1,2,2,0,1D-2I-2C-0S,9,1.0,0.4264,0.1667,0.9333,0.6667,0
Team Vitality,Corrode,2025,chamber|fade|omen|sova|yoru,"['chamber', 'fade', 'omen', 'sova', 'yoru']",1,0,1,1.0,1,1.0,0.2181,1,2,1,1,1D-2I-1C-1S,1,1.0,0.4264,1.0,1.0,1.0,0
Team Vitality,Fracture,2025,breach|brimstone|cypher|neon|tejo,"['breach', 'brimstone', 'cypher', 'neon', 'tejo']",0,1,1,0.0,3,0.3333,0.2181,1,2,1,1,1D-2I-1C-1S,3,1.0,0.4264,0.5,0.7333,0.3333,0
Team Vitality,Fracture,2025,breach|brimstone|raze|tejo|vyse,"['breach', 'brimstone', 'raze', 'tejo', 'vyse']",2,0,2,1.0,3,0.6667,0.3457,1,2,1,1,1D-2I-1C-1S,3,1.0,0.4264,0.5,0.8667,0.6667,0
Team Vitality,Haven,2025,cypher|iso|omen|sova|yoru,"['cypher', 'iso', 'omen', 'sova', 'yoru']",3,6,9,0.3333333333333333,10,0.9,0.7245,2,1,1,1,2D-1I-1C-1S,10,1.0,0.4264,0.2367,0.98,0.9,0
Team Vitality,Haven,2025,cypher|jett|omen|sova|yoru,"['cypher', 'jett', 'omen', 'sova', 'yoru']",0,1,1,0.0,10,0.1,0.2181,2,1,1,1,2D-1I-1C-1S,10,1.0,0.4264,0.2367,0.82,0.1,1
Team Vitality,Icebox,2025,harbor|jett|killjoy|sova|viper,"['harbor', 'jett', 'killjoy', 'sova', 'viper']",0,1,1,0.0,3,0.3333,0.2181,1,1,2,1,1D-1I-2C-1S,1,0.3333,0.4264,0.25,0.8667,0.3333,0
Team Vitality,Icebox,2025,jett|kayo|killjoy|sova|viper,"['jett', 'kayo', 'killjoy', 'sova', 'viper']",0,2,2,0.0,3,0.6667,0.3457,1,2,1,1,1D-2I-1C-1S,2,0.6667,0.4264,0.25,0.9333,0.6667,0
Team Vitality,Lotus,2025,breach|omen|tejo|viper|yoru,"['breach', 'omen', 'tejo', 'viper', 'yoru']",2,1,3,0.6666666666666666,9,0.3333,0.4362,1,2,2,0,1D-2I-2C-0S,3,0.3333,0.4264,0.5,0.6,0.3333,0
Team Vitality,Lotus,2025,fade|omen|raze|viper|vyse,"['fade', 'omen', 'raze', 'viper', 'vyse']",4,2,6,0.6666666666666666,9,0.6667,0.6123,1,1,2,1,1D-1I-2C-1S,6,0.6667,0.4264,0.5,0.8,0.6667,0
Team Vitality,Split,2025,breach|cypher|omen|tejo|yoru,"['breach', 'cypher', 'omen', 'tejo', 'yoru']",2,1,3,0.6666666666666666,7,0.4286,0.4362,1,2,1,1,1D-2I-1C-1S,3,0.4286,0.4264,0.4167,0.6571,0.4286,0
Team Vitality,Split,2025,breach|fade|omen|raze|viper,"['breach', 'fade', 'omen', 'raze', 'viper']",2,2,4,0.5,7,0.5714,0.5064,1,2,2,0,1D-2I-2C-0S,4,0.5714,0.4264,0.4167,0.7429,0.5714,0
Team Vitality,Sunset,2025,breach|cypher|neon|omen|sova,"['breach', 'cypher', 'neon', 'omen', 'sova']",0,1,1,0.0,1,1.0,0.2181,1,2,1,1,1D-2I-1C-1S,1,1.0,0.4264,0.4792,1.0,1.0,0
Titan Esports Club,Abyss,2025,cypher|jett|kayo|omen|sova,"['cypher', 'jett', 'kayo', 'omen', 'sova']",2,1,3,0.6666666666666666,3,1.0,0.4362,1,2,1,1,1D-2I-1C-1S,3,1.0,0.3928,0.3333,1.0,1.0,0
Titan Esports Club,Ascent,2025,cypher|jett|kayo|omen|sova,"['cypher', 'jett', 'kayo', 'omen', 'sova']",0,1,1,0.0,2,0.5,0.2181,1,2,1,1,1D-2I-1C-1S,2,1.0,0.3928,0.4,0.8,0.5,0
Titan Esports Club,Ascent,2025,deadlock|jett|kayo|omen|tejo,"['deadlock', 'jett', 'kayo', 'omen', 'tejo']",1,0,1,1.0,2,0.5,0.2181,1,2,1,1,1D-2I-1C-1S,2,1.0,0.3928,0.4,0.8,0.5,0
Titan Esports Club,Bind,2025,astra|fade|kayo|raze|viper,"['astra', 'fade', 'kayo', 'raze', 'viper']",0,1,1,0.0,1,1.0,0.2181,1,2,2,0,1D-2I-2C-0S,1,1.0,0.3928,0.4722,1.0,1.0,0
Titan Esports Club,Corrode,2025,astra|fade|gekko|neon|omen,"['astra', 'fade', 'gekko', 'neon', 'omen']",0,1,1,0.0,1,1.0,0.2181,1,2,2,0,1D-2I-2C-0S,1,1.0,0.3928,0.25,1.0,1.0,0
Titan Esports Club,Fracture,2025,breach|brimstone|cypher|raze|tejo,"['breach', 'brimstone', 'cypher', 'raze', 'tejo']",2,2,4,0.5,7,0.5714,0.5064,1,2,1,1,1D-2I-1C-1S,7,1.0,0.3928,0.4444,0.8286,0.5714,0
Titan Esports Club,Fracture,2025,breach|brimstone|fade|killjoy|raze,"['breach', 'brimstone', 'fade', 'killjoy', 'raze']",1,2,3,0.3333333333333333,7,0.4286,0.4362,1,2,1,1,1D-2I-1C-1S,7,1.0,0.3928,0.4444,0.7714,0.4286,0
Titan Esports Club,Haven,2025,breach|jett|omen|tejo|vyse,"['breach', 'jett', 'omen', 'tejo', 'vyse']",0,3,3,0.0,6,0.5,0.4362,1,2,1,1,1D-2I-1C-1S,3,0.5,0.3928,0.2667,0.6,0.5,0
Titan Esports Club,Haven,2025,killjoy|neon|omen|sova|viper,"['killjoy', 'neon', 'omen', 'sova', 'viper']",2,1,3,0.6666666666666666,6,0.5,0.4362,1,1,2,1,1D-1I-2C-1S,3,0.5,0.3928,0.2667,0.6,0.5,0
Titan Esports Club,Icebox,2025,deadlock|gekko|jett|tejo|viper,"['deadlock', 'gekko', 'jett', 'tejo', 'viper']",2,3,5,0.4,5,1.0,0.5638,1,2,1,1,1D-2I-1C-1S,5,1.0,0.3928,0.35,1.0,1.0,0
Titan Esports Club,Lotus,2025,breach|deadlock|fade|omen|raze,"['breach', 'deadlock', 'fade', 'omen', 'raze']",1,2,3,0.3333333333333333,5,0.6,0.4362,1,2,1,1,1D-2I-1C-1S,3,0.6,0.3928,0.2333,0.84,0.6,0
Titan Esports Club,Lotus,2025,fade|omen|raze|viper|vyse,"['fade', 'omen', 'raze', 'viper', 'vyse']",0,2,2,0.0,5,0.4,0.3457,1,1,2,1,1D-1I-2C-1S,2,0.4,0.3928,0.2333,0.76,0.4,0
Titan Esports Club,Pearl,2025,astra|jett|kayo|killjoy|sova,"['astra', 'jett', 'kayo', 'killjoy', 'sova']",0,1,1,0.0,1,1.0,0.2181,1,2,1,1,1D-2I-1C-1S,1,1.0,0.3928,0.5,1.0,1.0,0
Titan Esports Club,Split,2025,breach|deadlock|omen|raze|tejo,"['breach', 'deadlock', 'omen', 'raze', 'tejo']",2,0,2,1.0,2,1.0,0.3457,1,2,1,1,1D-2I-1C-1S,2,1.0,0.3928,0.35,1.0,1.0,0
Titan Esports Club,Sunset,2025,deadlock|neon|omen|sova|viper,"['deadlock', 'neon', 'omen', 'sova', 'viper']",1,2,3,0.3333333333333333,3,1.0,0.4362,1,1,2,1,1D-1I-2C-1S,3,1.0,0.3928,0.4444,1.0,1.0,0
Trace Esports,Abyss,2025,astra|cypher|jett|kayo|sova,"['astra', 'cypher', 'jett', 'kayo', 'sova']",1,1,2,0.5,3,0.6667,0.3457,1,2,1,1,1D-2I-1C-1S,2,0.6667,0.3829,0.15,0.9333,0.6667,0
Trace Esports,Abyss,2025,astra|jett|kayo|omen|sova,"['astra', 'jett', 'kayo', 'omen', 'sova']",0,1,1,0.0,3,0.3333,0.2181,1,2,2,0,1D-2I-2C-0S,1,0.3333,0.3829,0.15,0.8667,0.3333,0
Trace Esports,Ascent,2025,cypher|deadlock|omen|sova|yoru,"['cypher', 'deadlock', 'omen', 'sova', 'yoru']",1,1,2,0.5,3,0.6667,0.3457,1,1,1,2,1D-1I-1C-2S,2,0.6667,0.3829,0.375,0.7333,0.6667,0
Trace Esports,Ascent,2025,jett|kayo|omen|tejo|vyse,"['jett', 'kayo', 'omen', 'tejo', 'vyse']",0,1,1,0.0,3,0.3333,0.2181,1,2,1,1,1D-2I-1C-1S,1,0.3333,0.3829,0.375,0.4667,0.3333,0
Trace Esports,Bind,2025,brimstone|deadlock|fade|raze|vyse,"['brimstone', 'deadlock', 'fade', 'raze', 'vyse']",2,3,5,0.4,5,1.0,0.5638,1,1,1,2,1D-1I-1C-2S,5,1.0,0.3829,0.4143,1.0,1.0,0
Trace Esports,Corrode,2025,chamber|omen|sova|vyse|yoru,"['chamber', 'omen', 'sova', 'vyse', 'yoru']",0,1,1,0.0,1,1.0,0.2181,1,1,1,2,1D-1I-1C-2S,1,1.0,0.3829,0.5,1.0,1.0,0
Trace Esports,Fracture,2025,breach|brimstone|neon|sova|vyse,"['breach', 'brimstone', 'neon', 'sova', 'vyse']",0,1,1,0.0,3,0.3333,0.2181,1,2,1,1,1D-2I-1C-1S,3,1.0,0.3829,0.0,0.7333,0.3333,0
Trace Esports,Fracture,2025,breach|brimstone|tejo|vyse|yoru,"['breach', 'brimstone', 'tejo', 'vyse', 'yoru']",0,2,2,0.0,3,0.6667,0.3457,1,2,1,1,1D-2I-1C-1S,3,1.0,0.3829,0.0,0.8667,0.6667,0
Trace Esports,Haven,2025,breach|cypher|jett|omen|sova,"['breach', 'cypher', 'jett', 'omen', 'sova']",0,1,1,0.0,7,0.1429,0.2181,1,2,1,1,1D-2I-1C-1S,4,0.5714,0.3829,0.3056,0.6571,0.1429,1
Trace Esports,Haven,2025,breach|cypher|omen|tejo|yoru,"['breach', 'cypher', 'omen', 'tejo', 'yoru']",2,0,2,1.0,7,0.2857,0.3457,1,2,1,1,1D-2I-1C-1S,4,0.5714,0.3829,0.3056,0.6857,0.2857,0
Trace Esports,Haven,2025,breach|killjoy|neon|omen|sova,"['breach', 'killjoy', 'neon', 'omen', 'sova']",0,1,1,0.0,7,0.1429,0.2181,1,2,1,1,1D-2I-1C-1S,4,0.5714,0.3829,0.3056,0.5143,0.1429,2
Trace Esports,Haven,2025,cypher|deadlock|omen|sova|yoru,"['cypher', 'deadlock', 'omen', 'sova', 'yoru']",1,2,3,0.3333333333333333,7,0.4286,0.4362,1,1,1,2,1D-1I-1C-2S,3,0.4286,0.3829,0.3056,0.7429,0.4286,0
Trace Esports,Icebox,2025,jett|killjoy|omen|sova|viper,"['jett', 'killjoy', 'omen', 'sova', 'viper']",3,0,3,1.0,3,1.0,0.4362,1,1,2,1,1D-1I-2C-1S,3,1.0,0.3829,1.0,1.0,1.0,0
Trace Esports,Lotus,2025,breach|omen|tejo|viper|yoru,"['breach', 'omen', 'tejo', 'viper', 'yoru']",3,2,5,0.6,12,0.4167,0.5638,1,2,2,0,1D-2I-2C-0S,5,0.4167,0.3829,0.559,0.65,0.4167,0
Trace Esports,Lotus,2025,fade|killjoy|omen|raze|viper,"['fade', 'killjoy', 'omen', 'raze', 'viper']",1,1,2,0.5,12,0.1667,0.3457,1,1,2,1,1D-1I-2C-1S,7,0.5833,0.3829,0.559,0.6667,0.1667,1
Trace Esports,Lotus,2025,fade|omen|raze|viper|vyse,"['fade', 'omen', 'raze', 'viper', 'vyse']",3,2,5,0.6,12,0.4167,0.5638,1,1,2,1,1D-1I-2C-1S,7,0.5833,0.3829,0.559,0.7167,0.4167,0
Trace Esports,Pearl,2025,astra|killjoy|neon|sova|yoru,"['astra', 'killjoy', 'neon', 'sova', 'yoru']",1,0,1,1.0,4,0.25,0.2181,2,1,1,1,2D-1I-1C-1S,4,1.0,0.3829,0.4444,0.85,0.25,0
Trace Esports,Pearl,2025,astra|killjoy|neon|tejo|yoru,"['astra', 'killjoy', 'neon', 'tejo', 'yoru']",1,2,3,0.3333333333333333,4,0.75,0.4362,2,1,1,1,2D-1I-1C-1S,4,1.0,0.3829,0.4444,0.95,0.75,0
Trace Esports,Split,2025,breach|omen|tejo|viper|yoru,"['breach', 'omen', 'tejo', 'viper', 'yoru']",3,1,4,0.75,4,1.0,0.5064,1,2,2,0,1D-2I-2C-0S,4,1.0,0.3829,0.7167,1.0,1.0,0
Trace Esports,Sunset,2025,cypher|deadlock|neon|omen|sova,"['cypher', 'deadlock', 'neon', 'omen', 'sova']",1,2,3,0.3333333333333333,3,1.0,0.4362,1,1,1,2,1D-1I-1C-2S,3,1.0,0.3829,0.402,1.0,1.0,0
Wolves Esports,Abyss,2025,astra|cypher|jett|kayo|sova,"['astra', 'cypher', 'jett', 'kayo', 'sova']",1,0,1,1.0,1,1.0,0.2181,1,2,1,1,1D-2I-1C-1S,1,1.0,0.3997,0.625,1.0,1.0,0
Wolves Esports,Ascent,2025,astra|cypher|jett|sova|yoru,"['astra', 'cypher', 'jett', 'sova', 'yoru']",1,0,1,1.0,6,0.1667,0.2181,2,1,1,1,2D-1I-1C-1S,1,0.1667,0.3997,0.6,0.6333,0.1667,2
Wolves Esports,Ascent,2025,cypher|deadlock|omen|sova|yoru,"['cypher', 'deadlock', 'omen', 'sova', 'yoru']",2,2,4,0.5,6,0.6667,0.5064,1,1,1,2,1D-1I-1C-2S,4,0.6667,0.3997,0.6,0.8667,0.6667,0
Wolves Esports,Ascent,2025,cypher|kayo|omen|tejo|yoru,"['cypher', 'kayo', 'omen', 'tejo', 'yoru']",0,1,1,0.0,6,0.1667,0.2181,1,2,1,1,1D-2I-1C-1S,1,0.1667,0.3997,0.6,0.6333,0.1667,2
Wolves Esports,Bind,2025,brimstone|fade|raze|viper|waylay,"['brimstone', 'fade', 'raze', 'viper', 'waylay']",0,2,2,0.0,2,1.0,0.3457,2,1,2,0,2D-1I-2C-0S,2,1.0,0.3997,0.1944,1.0,1.0,0
Wolves Esports,Corrode,2025,cypher|fade|omen|viper|yoru,"['cypher', 'fade', 'omen', 'viper', 'yoru']",0,3,3,0.0,3,1.0,0.4362,1,1,2,1,1D-1I-2C-1S,3,1.0,0.3997,0.0,1.0,1.0,0
Wolves Esports,Fracture,2025,breach|brimstone|cypher|raze|tejo,"['breach', 'brimstone', 'cypher', 'raze', 'tejo']",1,2,3,0.3333333333333333,4,0.75,0.4362,1,2,1,1,1D-2I-1C-1S,4,1.0,0.3997,0.2222,0.9,0.75,0
Wolves Esports,Fracture,2025,breach|brimstone|killjoy|neon|tejo,"['breach', 'brimstone', 'killjoy', 'neon', 'tejo']",0,1,1,0.0,4,0.25,0.2181,1,2,1,1,1D-2I-1C-1S,4,1.0,0.3997,0.2222,0.7,0.25,0
Wolves Esports,Haven,2025,breach|cypher|neon|omen|sova,"['breach', 'cypher', 'neon', 'omen', 'sova']",3,1,4,0.75,6,0.6667,0.5064,1,2,1,1,1D-2I-1C-1S,4,0.6667,0.3997,0.6389,0.8667,0.6667,0
Wolves Esports,Haven,2025,cypher|iso|omen|sova|yoru,"['cypher', 'iso', 'omen', 'sova', 'yoru']",1,1,2,0.5,6,0.3333,0.3457,2,1,1,1,2D-1I-1C-1S,2,0.3333,0.3997,0.6389,0.7333,0.3333,0
Wolves Esports,Icebox,2025,gekko|jett|killjoy|sova|viper,"['gekko', 'jett', 'killjoy', 'sova', 'viper']",1,1,2,0.5,6,0.3333,0.3457,1,2,1,1,1D-2I-1C-1S,5,0.8333,0.3997,0.4167,0.8667,0.5,0
Wolves Esports,Icebox,2025,gekko|jett|killjoy|tejo|viper,"['gekko', 'jett', 'killjoy', 'tejo', 'viper']",1,2,3,0.3333333333333333,6,0.5,0.4362,1,2,1,1,1D-2I-1C-1S,5,0.8333,0.3997,0.4167,0.8667,0.5,0
Wolves Esports,Icebox,2025,harbor|jett|killjoy|sova|viper,"['harbor', 'jett', 'killjoy', 'sova', 'viper']",0,1,1,0.0,6,0.1667,0.2181,1,1,2,1,1D-1I-2C-1S,1,0.1667,0.3997,0.4167,0.7333,0.1667,1
Wolves Esports,Lotus,2025,breach|fade|omen|raze|vyse,"['breach', 'fade', 'omen', 'raze', 'vyse']",0,1,1,0.0,11,0.0909,0.2181,1,2,1,1,1D-2I-1C-1S,1,0.0909,0.3997,0.25,0.6,0.2727,0
Wolves Esports,Lotus,2025,breach|neon|omen|tejo|viper,"['breach', 'neon', 'omen', 'tejo', 'viper']",2,2,4,0.5,11,0.3636,0.5064,1,2,2,0,1D-2I-2C-0S,4,0.3636,0.3997,0.25,0.5818,0.3636,0
Wolves Esports,Lotus,2025,fade|killjoy|omen|raze|viper,"['fade', 'killjoy', 'omen', 'raze', 'viper']",2,2,4,0.5,11,0.3636,0.5064,1,1,2,1,1D-1I-2C-1S,4,0.3636,0.3997,0.25,0.6727,0.3636,0
Wolves Esports,Lotus,2025,fade|omen|raze|vyse|yoru,"['fade', 'omen', 'raze', 'vyse', 'yoru']",1,1,2,0.5,11,0.1818,0.3457,2,1,1,1,2D-1I-1C-1S,2,0.1818,0.3997,0.25,0.5455,0.1818,1
Wolves Esports,Pearl,2025,astra|chamber|fade|vyse|yoru,"['astra', 'chamber', 'fade', 'vyse', 'yoru']",1,0,1,1.0,6,0.1667,0.2181,1,1,1,2,1D-1I-1C-2S,6,1.0,0.3997,0.9,0.8333,0.1667,1
Wolves Esports,Pearl,2025,astra|chamber|tejo|vyse|yoru,"['astra', 'chamber', 'tejo', 'vyse', 'yoru']",3,2,5,0.6,6,0.8333,0.5638,1,1,1,2,1D-1I-1C-2S,6,1.0,0.3997,0.9,0.9667,0.8333,0
Wolves Esports,Split,2025,cypher|fade|omen|raze|viper,"['cypher', 'fade', 'omen', 'raze', 'viper']",2,2,4,0.5,7,0.5714,0.5064,1,1,2,1,1D-1I-2C-1S,5,0.7143,0.3997,0.3333,0.8571,0.5714,0
Wolves Esports,Split,2025,cypher|omen|raze|skye|vyse,"['cypher', 'omen', 'raze', 'skye', 'vyse']",0,2,2,0.0,7,0.2857,0.3457,1,1,1,2,1D-1I-1C-2S,2,0.2857,0.3997,0.3333,0.7143,0.2857,0
Wolves Esports,Split,2025,cypher|omen|raze|tejo|viper,"['cypher', 'omen', 'raze', 'tejo', 'viper']",1,0,1,1.0,7,0.1429,0.2181,1,1,2,1,1D-1I-2C-1S,5,0.7143,0.3997,0.3333,0.7714,0.1429,1
Wolves Esports,Sunset,2025,cypher|omen|raze|sova|yoru,"['cypher', 'omen', 'raze', 'sova', 'yoru']",1,1,2,0.5,2,1.0,0.3457,2,1,1,1,2D-1I-1C-1S,2,1.0,0.3997,0.375,1.0,1.0,0
Xi Lai Gaming,Abyss,2025,astra|jett|omen|sova|yoru,"['astra', 'jett', 'omen', 'sova', 'yoru']",0,1,1,0.0,3,0.3333,0.2181,2,1,2,0,2D-1I-2C-0S,1,0.3333,0.5253,0.1333,0.7333,0.3333,0
Xi Lai Gaming,Abyss,2025,cypher|jett|kayo|omen|sova,"['cypher', 'jett', 'kayo', 'omen', 'sova']",0,2,2,0.0,3,0.6667,0.3457,1,2,1,1,1D-2I-1C-1S,2,0.6667,0.5253,0.1333,0.8667,0.6667,0
Xi Lai Gaming,Ascent,2025,chamber|omen|sova|vyse|yoru,"['chamber', 'omen', 'sova', 'vyse', 'yoru']",2,1,3,0.6666666666666666,5,0.6,0.4362,1,1,1,2,1D-1I-1C-2S,4,0.8,0.5253,0.5556,0.8,0.6,0
Xi Lai Gaming,Ascent,2025,cypher|deadlock|omen|sova|yoru,"['cypher', 'deadlock', 'omen', 'sova', 'yoru']",1,0,1,1.0,5,0.2,0.2181,1,1,1,2,1D-1I-1C-2S,4,0.8,0.5253,0.5556,0.68,0.2,0
Xi Lai Gaming,Ascent,2025,cypher|jett|kayo|omen|sova,"['cypher', 'jett', 'kayo', 'omen', 'sova']",0,1,1,0.0,5,0.2,0.2181,1,2,1,1,1D-2I-1C-1S,1,0.2,0.5253,0.5556,0.56,0.2,0
Xi Lai Gaming,Bind,2025,brimstone|gekko|raze|skye|viper,"['brimstone', 'gekko', 'raze', 'skye', 'viper']",2,3,5,0.4,6,0.8333,0.5638,1,2,2,0,1D-2I-2C-0S,6,1.0,0.5253,0.85,0.9667,0.8333,0
Xi Lai Gaming,Bind,2025,brimstone|gekko|skye|viper|waylay,"['brimstone', 'gekko', 'skye', 'viper', 'waylay']",1,0,1,1.0,6,0.1667,0.2181,1,2,2,0,1D-2I-2C-0S,6,1.0,0.5253,0.85,0.8333,0.1667,1
Xi Lai Gaming,Corrode,2025,fade|neon|omen|viper|vyse,"['fade', 'neon', 'omen', 'viper', 'vyse']",0,1,1,0.0,1,1.0,0.2181,1,1,2,1,1D-1I-2C-1S,1,1.0,0.5253,0.0,1.0,1.0,0
Xi Lai Gaming,Fracture,2025,breach|brimstone|cypher|neon|tejo,"['breach', 'brimstone', 'cypher', 'neon', 'tejo']",4,1,5,0.8,5,1.0,0.5638,1,2,1,1,1D-2I-1C-1S,5,1.0,0.5253,0.65,1.0,1.0,0
Xi Lai Gaming,Haven,2025,breach|cypher|neon|omen|sova,"['breach', 'cypher', 'neon', 'omen', 'sova']",2,1,3,0.6666666666666666,11,0.2727,0.4362,1,2,1,1,1D-2I-1C-1S,6,0.5455,0.5253,0.619,0.7273,0.5455,0
Xi Lai Gaming,Haven,2025,breach|cypher|omen|sova|yoru,"['breach', 'cypher', 'omen', 'sova', 'yoru']",0,1,1,0.0,11,0.0909,0.2181,1,2,1,1,1D-2I-1C-1S,6,0.5455,0.5253,0.619,0.6364,0.2727,0
Xi Lai Gaming,Haven,2025,breach|cypher|omen|tejo|yoru,"['breach', 'cypher', 'omen', 'tejo', 'yoru']",2,0,2,1.0,11,0.1818,0.3457,1,2,1,1,1D-2I-1C-1S,6,0.5455,0.5253,0.619,0.5091,0.1818,1
Xi Lai Gaming,Haven,2025,killjoy|neon|omen|sova|viper,"['killjoy', 'neon', 'omen', 'sova', 'viper']",5,0,5,1.0,11,0.4545,0.5638,1,1,2,1,1D-1I-2C-1S,5,0.4545,0.5253,0.619,0.6909,0.4545,0
Xi Lai Gaming,Icebox,2025,gekko|jett|killjoy|sova|viper,"['gekko', 'jett', 'killjoy', 'sova', 'viper']",0,1,1,0.0,5,0.2,0.2181,1,2,1,1,1D-2I-1C-1S,4,0.8,0.5253,0.1111,0.84,0.4,0
Xi Lai Gaming,Icebox,2025,gekko|jett|killjoy|tejo|viper,"['gekko', 'jett', 'killjoy', 'tejo', 'viper']",1,2,3,0.3333333333333333,5,0.6,0.4362,1,2,1,1,1D-2I-1C-1S,4,0.8,0.5253,0.1111,0.88,0.6,0
Xi Lai Gaming,Icebox,2025,jett|killjoy|sage|sova|viper,"['jett', 'killjoy', 'sage', 'sova', 'viper']",0,1,1,0.0,5,0.2,0.2181,1,1,1,2,1D-1I-1C-2S,1,0.2,0.5253,0.1111,0.72,0.2,0
Xi Lai Gaming,Lotus,2025,breach|cypher|neon|omen|sova,"['breach', 'cypher', 'neon', 'omen', 'sova']",3,2,5,0.6,19,0.2632,0.5638,1,2,1,1,1D-2I-1C-1S,5,0.2632,0.5253,0.7414,0.5579,0.2632,0
Xi Lai Gaming,Lotus,2025,breach|omen|tejo|viper|yoru,"['breach', 'omen', 'tejo', 'viper', 'yoru']",6,1,7,0.8571428571428571,19,0.3684,0.6543,1,2,2,0,1D-2I-2C-0S,7,0.3684,0.5253,0.7414,0.6105,0.3684,0
Xi Lai Gaming,Lotus,2025,cypher|deadlock|fade|omen|sage,"['cypher', 'deadlock', 'fade', 'omen', 'sage']",1,0,1,1.0,19,0.0526,0.2181,0,1,1,3,0D-1I-1C-3S,1,0.0526,0.5253,0.7414,0.4211,0.0526,2
Xi Lai Gaming,Lotus,2025,cypher|fade|omen|raze|viper,"['cypher', 'fade', 'omen', 'raze', 'viper']",3,3,6,0.5,19,0.3158,0.6123,1,1,2,1,1D-1I-2C-1S,6,0.3158,0.5253,0.7414,0.6,0.3158,0
Xi Lai Gaming,Pearl,2025,astra|chamber|sova|vyse|yoru,"['astra', 'chamber', 'sova', 'vyse', 'yoru']",3,1,4,0.75,5,0.8,0.5064,1,1,1,2,1D-1I-1C-2S,4,0.8,0.5253,0.4792,0.88,0.8,0
Xi Lai Gaming,Pearl,2025,astra|kayo|killjoy|neon|sova,"['astra', 'kayo', 'killjoy', 'neon', 'sova']",0,1,1,0.0,5,0.2,0.2181,1,2,1,1,1D-2I-1C-1S,1,0.2,0.5253,0.4792,0.52,0.2,0
Xi Lai Gaming,Split,2025,breach|cypher|omen|tejo|waylay,"['breach', 'cypher', 'omen', 'tejo', 'waylay']",1,0,1,1.0,2,0.5,0.2181,1,2,1,1,1D-2I-1C-1S,1,0.5,0.5253,0.8167,0.7,0.5,0
Xi Lai Gaming,Split,2025,cypher|omen|raze|skye|viper,"['cypher', 'omen', 'raze', 'skye', 'viper']",1,0,1,1.0,2,0.5,0.2181,1,1,2,1,1D-1I-2C-1S,1,0.5,0.5253,0.8167,0.7,0.5,0
Xi Lai Gaming,Sunset,2025,breach|cypher|neon|omen|sova,"['breach', 'cypher', 'neon', 'omen', 'sova']",0,1,1,0.0,6,0.1667,0.2181,1,2,1,1,1D-2I-1C-1S,1,0.1667,0.5253,0.1667,0.7,0.1667,1
Xi Lai Gaming,Sunset,2025,cypher|neon|omen|sova|yoru,"['cypher', 'neon', 'omen', 'sova', 'yoru']",0,1,1,0.0,6,0.1667,0.2181,2,1,1,1,2D-1I-1C-1S,1,0.1667,0.5253,0.1667,0.7,0.1667,1
Xi Lai Gaming,Sunset,2025,deadlock|neon|omen|sova|viper,"['deadlock', 'neon', 'omen', 'sova', 'viper']",2,2,4,0.5,6,0.6667,0.5064,1,1,2,1,1D-1I-2C-1S,4,0.6667,0.5253,0.1667,0.8667,0.6667,0
ZETA DIVISION,Ascent,2025,chamber|jett|kayo|omen|sova,"['chamber', 'jett', 'kayo', 'omen', 'sova']",1,0,1,1.0,1,1.0,0.2181,1,2,1,1,1D-2I-1C-1S,1,1.0,0.3396,0.7222,1.0,1.0,0
ZETA DIVISION,Bind,2025,brimstone|deadlock|raze|skye|vyse,"['brimstone', 'deadlock', 'raze', 'skye', 'vyse']",0,1,1,0.0,1,1.0,0.2181,1,1,1,2,1D-1I-1C-2S,1,1.0,0.3396,0.6,1.0,1.0,0
ZETA DIVISION,Corrode,2025,astra|fade|neon|omen|vyse,"['astra', 'fade', 'neon', 'omen', 'vyse']",1,1,2,0.5,2,1.0,0.3457,1,1,2,1,1D-1I-2C-1S,2,1.0,0.3396,0.25,1.0,1.0,0
ZETA DIVISION,Fracture,2025,breach|brimstone|chamber|neon|tejo,"['breach', 'brimstone', 'chamber', 'neon', 'tejo']",0,1,1,0.0,2,0.5,0.2181,1,2,1,1,1D-2I-1C-1S,2,1.0,0.3396,0.1111,0.8,0.5,0
ZETA DIVISION,Fracture,2025,breach|brimstone|raze|tejo|vyse,"['breach', 'brimstone', 'raze', 'tejo', 'vyse']",0,1,1,0.0,2,0.5,0.2181,1,2,1,1,1D-2I-1C-1S,2,1.0,0.3396,0.1111,0.8,0.5,0
ZETA DIVISION,Haven,2025,breach|cypher|neon|omen|sova,"['breach', 'cypher', 'neon', 'omen', 'sova']",0,1,1,0.0,4,0.25,0.2181,1,2,1,1,1D-2I-1C-1S,3,0.75,0.3396,0.1667,0.8,0.5,0
ZETA DIVISION,Haven,2025,breach|cypher|neon|omen|tejo,"['breach', 'cypher', 'neon', 'omen', 'tejo']",0,2,2,0.0,4,0.5,0.3457,1,2,1,1,1D-2I-1C-1S,3,0.75,0.3396,0.1667,0.8,0.5,0
ZETA DIVISION,Haven,2025,killjoy|neon|omen|sova|viper,"['killjoy', 'neon', 'omen', 'sova', 'viper']",0,1,1,0.0,4,0.25,0.2181,1,1,2,1,1D-1I-2C-1S,1,0.25,0.3396,0.1667,0.6,0.25,0
ZETA DIVISION,Icebox,2025,iso|reyna|sova|viper|vyse,"['iso', 'reyna', 'sova', 'viper', 'vyse']",1,0,1,1.0,3,0.3333,0.2181,2,1,1,1,2D-1I-1C-1S,1,0.3333,0.3396,0.2667,0.6,0.3333,0
ZETA DIVISION,Icebox,2025,jett|killjoy|omen|sova|viper,"['jett', 'killjoy', 'omen', 'sova', 'viper']",0,2,2,0.0,3,0.6667,0.3457,1,1,2,1,1D-1I-2C-1S,2,0.6667,0.3396,0.2667,0.8,0.6667,0
ZETA DIVISION,Lotus,2025,breach|cypher|fade|neon|omen,"['breach', 'cypher', 'fade', 'neon', 'omen']",0,1,1,0.0,7,0.1429,0.2181,1,2,1,1,1D-2I-1C-1S,1,0.1429,0.3396,0.375,0.4857,0.1429,2
ZETA DIVISION,Lotus,2025,fade|omen|raze|viper|vyse,"['fade', 'omen', 'raze', 'viper', 'vyse']",2,1,3,0.6666666666666666,7,0.4286,0.4362,1,1,2,1,1D-1I-2C-1S,3,0.4286,0.3396,0.375,0.6571,0.4286,0
ZETA DIVISION,Lotus,2025,iso|neon|omen|sova|vyse,"['iso', 'neon', 'omen', 'sova', 'vyse']",2,1,3,0.6666666666666666,7,0.4286,0.4362,2,1,1,1,2D-1I-1C-1S,3,0.4286,0.3396,0.375,0.6571,0.4286,0
ZETA DIVISION,Pearl,2025,astra|killjoy|tejo|vyse|yoru,"['astra', 'killjoy', 'tejo', 'vyse', 'yoru']",1,0,1,1.0,1,1.0,0.2181,1,1,1,2,1D-1I-1C-2S,1,1.0,0.3396,0.5,1.0,1.0,0
ZETA DIVISION,Split,2025,breach|cypher|fade|omen|raze,"['breach', 'cypher', 'fade', 'omen', 'raze']",0,1,1,0.0,5,0.2,0.2181,1,2,1,1,1D-2I-1C-1S,1,0.2,0.3396,0.2222,0.52,0.2,0
ZETA DIVISION,Split,2025,breach|omen|tejo|viper|yoru,"['breach', 'omen', 'tejo', 'viper', 'yoru']",2,2,4,0.5,5,0.8,0.5064,1,2,2,0,1D-2I-2C-0S,4,0.8,0.3396,0.2222,0.88,0.8,0
ZETA DIVISION,Sunset,2025,cypher|neon|omen|sova|viper,"['cypher', 'neon', 'omen', 'sova', 'viper']",1,1,2,0.5,2,1.0,0.3457,1,1,2,1,1D-1I-2C-1S,2,1.0,0.3396,0.3125,1.0,1.0,0
100 Thieves,Abyss,2026,astra|chamber|kayo|tejo|waylay,"['astra', 'chamber', 'kayo', 'tejo', 'waylay']",1,1,2,0.5,2,1.0,0.3457,1,2,1,1,1D-2I-1C-1S,2,1.0,0.4773,0.25,1.0,1.0,0
100 Thieves,Bind,2026,brimstone|chamber|skye|viper|waylay,"['brimstone', 'chamber', 'skye', 'viper', 'waylay']",4,1,5,0.8,5,1.0,0.5638,1,1,2,1,1D-1I-2C-1S,5,1.0,0.4773,0.6262,1.0,1.0,0
100 Thieves,Breeze,2026,astra|jett|kayo|sova|viper,"['astra', 'jett', 'kayo', 'sova', 'viper']",0,1,1,0.0,7,0.1429,0.2181,1,2,2,0,1D-2I-2C-0S,1,0.1429,0.4773,0.5556,0.3143,0.1429,4
100 Thieves,Breeze,2026,cypher|harbor|neon|phoenix|sova,"['cypher', 'harbor', 'neon', 'phoenix', 'sova']",4,2,6,0.6666666666666666,7,0.8571,0.6123,2,1,1,1,2D-1I-1C-1S,6,0.8571,0.4773,0.5556,0.8857,0.8571,0
100 Thieves,Corrode,2026,fade|omen|sage|veto|waylay,"['fade', 'omen', 'sage', 'veto', 'waylay']",2,1,3,0.6666666666666666,3,1.0,0.4362,1,1,1,2,1D-1I-1C-2S,3,1.0,0.4773,0.8333,1.0,1.0,0
100 Thieves,Fracture,2026,brimstone|cypher|fade|neon|raze,"['brimstone', 'cypher', 'fade', 'neon', 'raze']",1,1,2,0.5,2,1.0,0.3457,2,1,1,1,2D-1I-1C-1S,2,1.0,0.4773,0.5833,1.0,1.0,0
100 Thieves,Haven,2026,cypher|neon|omen|phoenix|sova,"['cypher', 'neon', 'omen', 'phoenix', 'sova']",2,2,4,0.5,6,0.6667,0.5064,2,1,1,1,2D-1I-1C-1S,4,0.6667,0.4773,0.4533,0.8,0.6667,0
100 Thieves,Haven,2026,fade|neon|omen|veto|viper,"['fade', 'neon', 'omen', 'veto', 'viper']",1,1,2,0.5,6,0.3333,0.3457,1,1,2,1,1D-1I-2C-1S,2,0.3333,0.4773,0.4533,0.6,0.3333,0
100 Thieves,Lotus,2026,cypher|fade|neon|omen|raze,"['cypher', 'fade', 'neon', 'omen', 'raze']",0,2,2,0.0,2,1.0,0.3457,2,1,1,1,2D-1I-1C-1S,2,1.0,0.4773,0.35,1.0,1.0,0
100 Thieves,Pearl,2026,astra|chamber|fade|kayo|waylay,"['astra', 'chamber', 'fade', 'kayo', 'waylay']",2,2,4,0.5,7,0.5714,0.5064,1,2,1,1,1D-2I-1C-1S,4,0.5714,0.4773,0.2083,0.8286,0.5714,0
100 Thieves,Pearl,2026,astra|chamber|fade|neon|phoenix,"['astra', 'chamber', 'fade', 'neon', 'phoenix']",1,2,3,0.3333333333333333,7,0.4286,0.4362,2,1,1,1,2D-1I-1C-1S,3,0.4286,0.4773,0.2083,0.7714,0.4286,0
100 Thieves,Split,2026,omen|raze|sage|skye|viper,"['omen', 'raze', 'sage', 'skye', 'viper']",2,1,3,0.6666666666666666,7,0.4286,0.4362,1,1,2,1,1D-1I-2C-1S,7,1.0,0.4773,0.6676,0.8857,0.4286,0
100 Thieves,Split,2026,omen|sage|skye|viper|waylay,"['omen', 'sage', 'skye', 'viper', 'waylay']",2,2,4,0.5,7,0.5714,0.5064,1,1,2,1,1D-1I-2C-1S,7,1.0,0.4773,0.6676,0.9143,0.5714,0
All Gamers,Abyss,2026,astra|harbor|sova|waylay|yoru,"['astra', 'harbor', 'sova', 'waylay', 'yoru']",0,1,1,0.0,4,0.25,0.2181,2,1,2,0,2D-1I-2C-0S,1,0.25,0.4083,0.3889,0.85,0.25,0
All Gamers,Abyss,2026,astra|sova|veto|waylay|yoru,"['astra', 'sova', 'veto', 'waylay', 'yoru']",2,1,3,0.6666666666666666,4,0.75,0.4362,2,1,1,1,2D-1I-1C-1S,3,0.75,0.4083,0.3889,0.95,0.75,0
All Gamers,Bind,2026,brimstone|fade|raze|viper|yoru,"['brimstone', 'fade', 'raze', 'viper', 'yoru']",2,1,3,0.6666666666666666,7,0.4286,0.4362,2,1,2,0,2D-1I-2C-0S,7,1.0,0.4083,0.4833,0.6571,0.4286,0
All Gamers,Bind,2026,brimstone|neon|skye|viper|waylay,"['brimstone', 'neon', 'skye', 'viper', 'waylay']",1,3,4,0.25,7,0.5714,0.5064,2,1,2,0,2D-1I-2C-0S,7,1.0,0.4083,0.4833,0.7429,0.5714,0
All Gamers,Breeze,2026,astra|neon|sova|viper|waylay,"['astra', 'neon', 'sova', 'viper', 'waylay']",1,1,2,0.5,2,1.0,0.3457,2,1,2,0,2D-1I-2C-0S,2,1.0,0.4083,0.4167,1.0,1.0,0
All Gamers,Corrode,2026,chamber|fade|neon|omen|viper,"['chamber', 'fade', 'neon', 'omen', 'viper']",1,0,1,1.0,2,0.5,0.2181,1,1,2,1,1D-1I-2C-1S,1,0.5,0.4083,0.5556,0.7,0.5,0
All Gamers,Corrode,2026,kayo|omen|sova|viper|waylay,"['kayo', 'omen', 'sova', 'viper', 'waylay']",0,1,1,0.0,2,0.5,0.2181,1,2,2,0,1D-2I-2C-0S,1,0.5,0.4083,0.5556,0.7,0.5,0
All Gamers,Fracture,2026,brimstone|chamber|neon|raze|skye,"['brimstone', 'chamber', 'neon', 'raze', 'skye']",1,1,2,0.5,2,1.0,0.3457,2,1,1,1,2D-1I-1C-1S,2,1.0,0.4083,0.4167,1.0,1.0,0
All Gamers,Haven,2026,cypher|neon|omen|skye|waylay,"['cypher', 'neon', 'omen', 'skye', 'waylay']",2,2,4,0.5,5,0.8,0.5064,2,1,1,1,2D-1I-1C-1S,5,1.0,0.4083,0.4583,0.92,0.8,0
All Gamers,Haven,2026,cypher|omen|sova|waylay|yoru,"['cypher', 'omen', 'sova', 'waylay', 'yoru']",1,0,1,1.0,5,0.2,0.2181,2,1,1,1,2D-1I-1C-1S,5,1.0,0.4083,0.4583,0.68,0.2,0
All Gamers,Lotus,2026,cypher|fade|neon|omen|waylay,"['cypher', 'fade', 'neon', 'omen', 'waylay']",5,2,7,0.7142857142857143,7,1.0,0.6543,2,1,1,1,2D-1I-1C-1S,7,1.0,0.4083,0.4079,1.0,1.0,0
All Gamers,Pearl,2026,astra|chamber|fade|neon|phoenix,"['astra', 'chamber', 'fade', 'neon', 'phoenix']",0,2,2,0.0,6,0.3333,0.3457,2,1,1,1,2D-1I-1C-1S,6,1.0,0.4083,0.25,0.6667,0.3333,0
All Gamers,Pearl,2026,astra|fade|killjoy|neon|yoru,"['astra', 'fade', 'killjoy', 'neon', 'yoru']",0,2,2,0.0,6,0.3333,0.3457,2,1,1,1,2D-1I-1C-1S,6,1.0,0.4083,0.25,0.8,0.6667,0
All Gamers,Pearl,2026,astra|fade|killjoy|waylay|yoru,"['astra', 'fade', 'killjoy', 'waylay', 'yoru']",2,0,2,1.0,6,0.3333,0.3457,2,1,1,1,2D-1I-1C-1S,6,1.0,0.4083,0.25,0.7333,0.3333,0
All Gamers,Split,2026,jett|omen|raze|skye|viper,"['jett', 'omen', 'raze', 'skye', 'viper']",3,2,5,0.6,11,0.4545,0.5638,2,1,2,0,2D-1I-2C-0S,11,1.0,0.4083,0.5667,0.8909,0.4545,0
All Gamers,Split,2026,omen|raze|skye|viper|waylay,"['omen', 'raze', 'skye', 'viper', 'waylay']",4,2,6,0.6666666666666666,11,0.5455,0.6123,2,1,2,0,2D-1I-2C-0S,11,1.0,0.4083,0.5667,0.9091,0.5455,0
BBL Esports,Abyss,2026,cypher|omen|sova|waylay|yoru,"['cypher', 'omen', 'sova', 'waylay', 'yoru']",4,1,5,0.8,5,1.0,0.5638,2,1,1,1,2D-1I-1C-1S,5,1.0,0.4662,0.9,1.0,1.0,0
BBL Esports,Ascent,2026,cypher|deadlock|jett|omen|sova,"['cypher', 'deadlock', 'jett', 'omen', 'sova']",0,1,1,0.0,1,1.0,0.2181,1,1,1,2,1D-1I-1C-2S,1,1.0,0.4662,0.2867,1.0,1.0,0
BBL Esports,Breeze,2026,cypher|jett|sova|viper|yoru,"['cypher', 'jett', 'sova', 'viper', 'yoru']",2,2,4,0.5,7,0.5714,0.5064,2,1,1,1,2D-1I-1C-1S,4,0.5714,0.4662,0.5417,0.8286,0.5714,0
BBL Esports,Breeze,2026,jett|neon|omen|sova|viper,"['jett', 'neon', 'omen', 'sova', 'viper']",2,1,3,0.6666666666666666,7,0.4286,0.4362,2,1,2,0,2D-1I-2C-0S,3,0.4286,0.4662,0.5417,0.7714,0.4286,0
BBL Esports,Corrode,2026,omen|sova|viper|waylay|yoru,"['omen', 'sova', 'viper', 'waylay', 'yoru']",1,0,1,1.0,1,1.0,0.2181,2,1,2,0,2D-1I-2C-0S,1,1.0,0.4662,0.5,1.0,1.0,0
BBL Esports,Fracture,2026,brimstone|cypher|jett|neon|tejo,"['brimstone', 'cypher', 'jett', 'neon', 'tejo']",0,1,1,0.0,1,1.0,0.2181,2,1,1,1,2D-1I-1C-1S,1,1.0,0.4662,0.1667,1.0,1.0,0
BBL Esports,Haven,2026,breach|cypher|jett|omen|sova,"['breach', 'cypher', 'jett', 'omen', 'sova']",1,2,3,0.3333333333333333,8,0.375,0.4362,1,2,1,1,1D-2I-1C-1S,3,0.375,0.4662,0.454,0.75,0.375,0
BBL Esports,Haven,2026,cypher|neon|omen|sova|yoru,"['cypher', 'neon', 'omen', 'sova', 'yoru']",3,2,5,0.6,8,0.625,0.5638,2,1,1,1,2D-1I-1C-1S,5,0.625,0.4662,0.454,0.85,0.625,0
BBL Esports,Lotus,2026,fade|neon|omen|raze|vyse,"['fade', 'neon', 'omen', 'raze', 'vyse']",1,1,2,0.5,2,1.0,0.3457,2,1,1,1,2D-1I-1C-1S,2,1.0,0.4662,0.5833,1.0,1.0,0
BBL Esports,Pearl,2026,astra|cypher|neon|sova|waylay,"['astra', 'cypher', 'neon', 'sova', 'waylay']",0,1,1,0.0,4,0.25,0.2181,2,1,1,1,2D-1I-1C-1S,4,1.0,0.4662,0.4889,0.85,0.25,0
BBL Esports,Pearl,2026,astra|cypher|neon|sova|yoru,"['astra', 'cypher', 'neon', 'sova', 'yoru']",2,1,3,0.6666666666666666,4,0.75,0.4362,2,1,1,1,2D-1I-1C-1S,4,1.0,0.4662,0.4889,0.95,0.75,0
BBL Esports,Split,2026,fade|neon|omen|viper|yoru,"['fade', 'neon', 'omen', 'viper', 'yoru']",0,1,1,0.0,5,0.2,0.2181,2,1,2,0,2D-1I-2C-0S,5,1.0,0.4662,0.4167,0.72,0.4,0
BBL Esports,Split,2026,fade|omen|raze|viper|yoru,"['fade', 'omen', 'raze', 'viper', 'yoru']",0,1,1,0.0,5,0.2,0.2181,2,1,2,0,2D-1I-2C-0S,5,1.0,0.4662,0.4167,0.72,0.4,0
BBL Esports,Split,2026,neon|omen|raze|skye|viper,"['neon', 'omen', 'raze', 'skye', 'viper']",1,2,3,0.3333333333333333,5,0.6,0.4362,2,1,2,0,2D-1I-2C-0S,5,1.0,0.4662,0.4167,0.84,0.6,0
Bilibili Gaming,Abyss,2026,astra|breach|omen|tejo|waylay,"['astra', 'breach', 'omen', 'tejo', 'waylay']",4,2,6,0.6666666666666666,6,1.0,0.6123,1,2,2,0,1D-2I-2C-0S,6,1.0,0.458,0.5833,1.0,1.0,0
Bilibili Gaming,Bind,2026,astra|fade|neon|raze|viper,"['astra', 'fade', 'neon', 'raze', 'viper']",0,2,2,0.0,4,0.5,0.3457,2,1,2,0,2D-1I-2C-0S,2,0.5,0.458,0.4333,0.8,0.5,0
Bilibili Gaming,Bind,2026,brimstone|fade|kayo|raze|viper,"['brimstone', 'fade', 'kayo', 'raze', 'viper']",1,1,2,0.5,4,0.5,0.3457,1,2,2,0,1D-2I-2C-0S,2,0.5,0.458,0.4333,0.8,0.5,0
Bilibili Gaming,Breeze,2026,astra|gekko|neon|sova|viper,"['astra', 'gekko', 'neon', 'sova', 'viper']",3,0,3,1.0,5,0.6,0.4362,1,2,2,0,1D-2I-2C-0S,3,0.6,0.458,0.3333,0.84,0.6,0
Bilibili Gaming,Breeze,2026,astra|jett|neon|skye|viper,"['astra', 'jett', 'neon', 'skye', 'viper']",0,2,2,0.0,5,0.4,0.3457,2,1,2,0,2D-1I-2C-0S,2,0.4,0.458,0.3333,0.76,0.4,0
Bilibili Gaming,Fracture,2026,brimstone|cypher|neon|tejo|waylay,"['brimstone', 'cypher', 'neon', 'tejo', 'waylay']",1,2,3,0.3333333333333333,3,1.0,0.4362,2,1,1,1,2D-1I-1C-1S,3,1.0,0.458,0.5,1.0,1.0,0
Bilibili Gaming,Haven,2026,breach|cypher|neon|omen|sova,"['breach', 'cypher', 'neon', 'omen', 'sova']",0,2,2,0.0,3,0.6667,0.3457,1,2,1,1,1D-2I-1C-1S,2,0.6667,0.458,0.3472,0.9333,0.6667,0
Bilibili Gaming,Haven,2026,cypher|neon|omen|sova|waylay,"['cypher', 'neon', 'omen', 'sova', 'waylay']",1,0,1,1.0,3,0.3333,0.2181,2,1,1,1,2D-1I-1C-1S,1,0.3333,0.458,0.3472,0.8667,0.3333,0
Bilibili Gaming,Lotus,2026,fade|killjoy|omen|raze|viper,"['fade', 'killjoy', 'omen', 'raze', 'viper']",1,1,2,0.5,2,1.0,0.3457,1,1,2,1,1D-1I-2C-1S,2,1.0,0.458,0.4592,1.0,1.0,0
Bilibili Gaming,Pearl,2026,astra|fade|killjoy|tejo|yoru,"['astra', 'fade', 'killjoy', 'tejo', 'yoru']",2,1,3,0.6666666666666666,6,0.5,0.4362,1,2,1,1,1D-2I-1C-1S,3,0.5,0.458,0.625,0.8,0.5,0
Bilibili Gaming,Pearl,2026,astra|killjoy|neon|phoenix|tejo,"['astra', 'killjoy', 'neon', 'phoenix', 'tejo']",3,0,3,1.0,6,0.5,0.4362,2,1,1,1,2D-1I-1C-1S,3,0.5,0.458,0.625,0.8,0.5,0
Bilibili Gaming,Split,2026,breach|fade|omen|viper|waylay,"['breach', 'fade', 'omen', 'viper', 'waylay']",1,3,4,0.25,4,1.0,0.5064,1,2,2,0,1D-2I-2C-0S,4,1.0,0.458,0.1875,1.0,1.0,0
Cloud9,Abyss,2026,astra|breach|jett|sova|waylay,"['astra', 'breach', 'jett', 'sova', 'waylay']",1,1,2,0.5,2,1.0,0.3457,2,2,1,0,2D-2I-1C-0S,2,1.0,0.462,0.1667,1.0,1.0,0
Cloud9,Bind,2026,brimstone|chamber|raze|skye|viper,"['brimstone', 'chamber', 'raze', 'skye', 'viper']",1,1,2,0.5,2,1.0,0.3457,1,1,2,1,1D-1I-2C-1S,2,1.0,0.462,0.5833,1.0,1.0,0
Cloud9,Breeze,2026,harbor|iso|neon|sova|viper,"['harbor', 'iso', 'neon', 'sova', 'viper']",1,1,2,0.5,5,0.4,0.3457,2,1,2,0,2D-1I-2C-0S,2,0.4,0.462,0.4167,0.64,0.4,0
Cloud9,Breeze,2026,jett|kayo|sova|viper|yoru,"['jett', 'kayo', 'sova', 'viper', 'yoru']",1,2,3,0.3333333333333333,5,0.6,0.4362,2,2,1,0,2D-2I-1C-0S,3,0.6,0.462,0.4167,0.76,0.6,0
Cloud9,Corrode,2026,astra|fade|sage|veto|waylay,"['astra', 'fade', 'sage', 'veto', 'waylay']",0,1,1,0.0,1,1.0,0.2181,1,1,1,2,1D-1I-1C-2S,1,1.0,0.462,0.1667,1.0,1.0,0
Cloud9,Haven,2026,killjoy|neon|omen|sova|viper,"['killjoy', 'neon', 'omen', 'sova', 'viper']",1,2,3,0.3333333333333333,3,1.0,0.4362,1,1,2,1,1D-1I-2C-1S,3,1.0,0.462,0.375,1.0,1.0,0
Cloud9,Lotus,2026,fade|neon|omen|raze|vyse,"['fade', 'neon', 'omen', 'raze', 'vyse']",0,2,2,0.0,2,1.0,0.3457,2,1,1,1,2D-1I-1C-1S,2,1.0,0.462,0.4898,1.0,1.0,0
Cloud9,Pearl,2026,astra|chamber|kayo|neon|tejo,"['astra', 'chamber', 'kayo', 'neon', 'tejo']",2,2,4,0.5,6,0.6667,0.5064,1,2,1,1,1D-2I-1C-1S,6,1.0,0.462,0.275,0.9333,0.6667,0
Cloud9,Pearl,2026,astra|chamber|neon|skye|tejo,"['astra', 'chamber', 'neon', 'skye', 'tejo']",0,2,2,0.0,6,0.3333,0.3457,1,2,1,1,1D-2I-1C-1S,6,1.0,0.462,0.275,0.8667,0.3333,0
Cloud9,Split,2026,chamber|omen|raze|skye|viper,"['chamber', 'omen', 'raze', 'skye', 'viper']",3,0,3,1.0,7,0.4286,0.4362,1,1,2,1,1D-1I-2C-1S,3,0.4286,0.462,0.6167,0.8857,0.4286,0
Cloud9,Split,2026,neon|omen|raze|skye|viper,"['neon', 'omen', 'raze', 'skye', 'viper']",3,1,4,0.75,7,0.5714,0.5064,2,1,2,0,2D-1I-2C-0S,4,0.5714,0.462,0.6167,0.9143,0.5714,0
DetonatioN FocusMe,Abyss,2026,astra|sova|veto|waylay|yoru,"['astra', 'sova', 'veto', 'waylay', 'yoru']",1,0,1,1.0,1,1.0,0.2181,2,1,1,1,2D-1I-1C-1S,1,1.0,0.3585,0.875,1.0,1.0,0
DetonatioN FocusMe,Ascent,2026,cypher|jett|neon|omen|sova,"['cypher', 'jett', 'neon', 'omen', 'sova']",1,0,1,1.0,1,1.0,0.2181,2,1,1,1,2D-1I-1C-1S,1,1.0,0.3585,0.4667,1.0,1.0,0
DetonatioN FocusMe,Bind,2026,brimstone|fade|raze|viper|yoru,"['brimstone', 'fade', 'raze', 'viper', 'yoru']",1,0,1,1.0,3,0.3333,0.2181,2,1,2,0,2D-1I-2C-0S,3,1.0,0.3585,0.5,0.6,0.3333,0
DetonatioN FocusMe,Bind,2026,brimstone|neon|skye|viper|waylay,"['brimstone', 'neon', 'skye', 'viper', 'waylay']",0,2,2,0.0,3,0.6667,0.3457,2,1,2,0,2D-1I-2C-0S,3,1.0,0.3585,0.5,0.8,0.6667,0
DetonatioN FocusMe,Breeze,2026,astra|jett|sova|viper|yoru,"['astra', 'jett', 'sova', 'viper', 'yoru']",0,1,1,0.0,2,0.5,0.2181,2,1,2,0,2D-1I-2C-0S,2,1.0,0.3585,0.25,0.8,0.5,0
DetonatioN FocusMe,Breeze,2026,jett|neon|omen|sova|viper,"['jett', 'neon', 'omen', 'sova', 'viper']",0,1,1,0.0,2,0.5,0.2181,2,1,2,0,2D-1I-2C-0S,2,1.0,0.3585,0.25,0.8,0.5,0
DetonatioN FocusMe,Corrode,2026,chamber|fade|omen|phoenix|yoru,"['chamber', 'fade', 'omen', 'phoenix', 'yoru']",0,1,1,0.0,1,1.0,0.2181,2,1,1,1,2D-1I-1C-1S,1,1.0,0.3585,0.25,1.0,1.0,0
DetonatioN FocusMe,Fracture,2026,breach|brimstone|cypher|neon|tejo,"['breach', 'brimstone', 'cypher', 'neon', 'tejo']",1,1,2,0.5,2,1.0,0.3457,1,2,1,1,1D-2I-1C-1S,2,1.0,0.3585,0.25,1.0,1.0,0
DetonatioN FocusMe,Haven,2026,astra|chamber|fade|phoenix|yoru,"['astra', 'chamber', 'fade', 'phoenix', 'yoru']",1,2,3,0.3333333333333333,5,0.6,0.4362,2,1,1,1,2D-1I-1C-1S,5,1.0,0.3585,0.2333,0.6,0.6,0
DetonatioN FocusMe,Haven,2026,cypher|jett|neon|omen|skye,"['cypher', 'jett', 'neon', 'omen', 'skye']",1,1,2,0.5,5,0.4,0.3457,2,1,1,1,2D-1I-1C-1S,5,1.0,0.3585,0.2333,0.4,0.4,0
DetonatioN FocusMe,Lotus,2026,fade|neon|omen|raze|vyse,"['fade', 'neon', 'omen', 'raze', 'vyse']",2,3,5,0.4,5,1.0,0.5638,2,1,1,1,2D-1I-1C-1S,5,1.0,0.3585,0.1214,1.0,1.0,0
DetonatioN FocusMe,Pearl,2026,astra|killjoy|neon|sova|yoru,"['astra', 'killjoy', 'neon', 'sova', 'yoru']",2,2,4,0.5,7,0.5714,0.5064,2,1,1,1,2D-1I-1C-1S,4,0.5714,0.3585,0.3333,0.8286,0.5714,0
DetonatioN FocusMe,Pearl,2026,astra|killjoy|sova|tejo|waylay,"['astra', 'killjoy', 'sova', 'tejo', 'waylay']",1,2,3,0.3333333333333333,7,0.4286,0.4362,1,2,1,1,1D-2I-1C-1S,3,0.4286,0.3585,0.3333,0.7714,0.4286,0
DetonatioN FocusMe,Split,2026,fade|omen|raze|viper|yoru,"['fade', 'omen', 'raze', 'viper', 'yoru']",3,2,5,0.6,5,1.0,0.5638,2,1,2,0,2D-1I-2C-0S,5,1.0,0.3585,0.6444,1.0,1.0,0
Dragon Ranger Gaming,Abyss,2026,astra|cypher|reyna|sova|waylay,"['astra', 'cypher', 'reyna', 'sova', 'waylay']",0,3,3,0.0,3,1.0,0.4362,2,1,1,1,2D-1I-1C-1S,3,1.0,0.4373,0.2222,1.0,1.0,0
Dragon Ranger Gaming,Ascent,2026,cypher|jett|neon|omen|sova,"['cypher', 'jett', 'neon', 'omen', 'sova']",1,0,1,1.0,1,1.0,0.2181,2,1,1,1,2D-1I-1C-1S,1,1.0,0.4373,0.6357,1.0,1.0,0
Dragon Ranger Gaming,Bind,2026,brimstone|cypher|reyna|skye|waylay,"['brimstone', 'cypher', 'reyna', 'skye', 'waylay']",0,1,1,0.0,3,0.3333,0.2181,2,1,1,1,2D-1I-1C-1S,1,0.3333,0.4373,0.3611,0.7333,0.3333,0
Dragon Ranger Gaming,Bind,2026,brimstone|miks|neon|skye|waylay,"['brimstone', 'miks', 'neon', 'skye', 'waylay']",1,1,2,0.5,3,0.6667,0.3457,2,1,2,0,2D-1I-2C-0S,2,0.6667,0.4373,0.3611,0.8667,0.6667,0
Dragon Ranger Gaming,Breeze,2026,astra|cypher|jett|sova|yoru,"['astra', 'cypher', 'jett', 'sova', 'yoru']",1,0,1,1.0,8,0.125,0.2181,2,1,1,1,2D-1I-1C-1S,1,0.125,0.4373,0.5595,0.3,0.125,4
Dragon Ranger Gaming,Breeze,2026,astra|neon|skye|viper|waylay,"['astra', 'neon', 'skye', 'viper', 'waylay']",3,4,7,0.42857142857142855,8,0.875,0.6543,2,1,2,0,2D-1I-2C-0S,7,0.875,0.4373,0.5595,0.9,0.875,0
Dragon Ranger Gaming,Corrode,2026,cypher|gekko|neon|omen|yoru,"['cypher', 'gekko', 'neon', 'omen', 'yoru']",2,2,4,0.5,4,1.0,0.5064,2,1,1,1,2D-1I-1C-1S,4,1.0,0.4373,0.5833,1.0,1.0,0
Dragon Ranger Gaming,Haven,2026,cypher|neon|omen|skye|waylay,"['cypher', 'neon', 'omen', 'skye', 'waylay']",4,1,5,0.8,5,1.0,0.5638,2,1,1,1,2D-1I-1C-1S,5,1.0,0.4373,0.7,1.0,1.0,0
Dragon Ranger Gaming,Lotus,2026,cypher|neon|omen|skye|waylay,"['cypher', 'neon', 'omen', 'skye', 'waylay']",6,3,9,0.6666666666666666,9,1.0,0.7245,2,1,1,1,2D-1I-1C-1S,9,1.0,0.4373,0.45,1.0,1.0,0
Dragon Ranger Gaming,Pearl,2026,astra|neon|phoenix|tejo|vyse,"['astra', 'neon', 'phoenix', 'tejo', 'vyse']",1,1,2,0.5,3,0.6667,0.3457,2,1,1,1,2D-1I-1C-1S,3,1.0,0.4373,0.225,0.8667,0.6667,0
Dragon Ranger Gaming,Pearl,2026,astra|neon|skye|vyse|waylay,"['astra', 'neon', 'skye', 'vyse', 'waylay']",0,1,1,0.0,3,0.3333,0.2181,2,1,1,1,2D-1I-1C-1S,3,1.0,0.4373,0.225,0.7333,0.3333,0
Dragon Ranger Gaming,Split,2026,astra|cypher|fade|neon|waylay,"['astra', 'cypher', 'fade', 'neon', 'waylay']",0,4,4,0.0,7,0.5714,0.5064,2,1,1,1,2D-1I-1C-1S,7,1.0,0.4373,0.3333,0.8286,0.5714,0
Dragon Ranger Gaming,Split,2026,cypher|fade|neon|omen|yoru,"['cypher', 'fade', 'neon', 'omen', 'yoru']",2,1,3,0.6666666666666666,7,0.4286,0.4362,2,1,1,1,2D-1I-1C-1S,7,1.0,0.4373,0.3333,0.7714,0.4286,0
EDward Gaming,Abyss,2026,astra|jett|omen|sova|yoru,"['astra', 'jett', 'omen', 'sova', 'yoru']",3,1,4,0.75,4,1.0,0.5064,2,1,2,0,2D-1I-2C-0S,4,1.0,0.5694,0.65,1.0,1.0,0
EDward Gaming,Bind,2026,brimstone|chamber|neon|skye|viper,"['brimstone', 'chamber', 'neon', 'skye', 'viper']",0,1,1,0.0,4,0.25,0.2181,1,1,2,1,1D-1I-2C-1S,1,0.25,0.5694,0.5091,0.45,0.25,0
EDward Gaming,Bind,2026,brimstone|gekko|kayo|viper|waylay,"['brimstone', 'gekko', 'kayo', 'viper', 'waylay']",1,0,1,1.0,4,0.25,0.2181,1,2,2,0,1D-2I-2C-0S,1,0.25,0.5694,0.5091,0.45,0.25,0
EDward Gaming,Bind,2026,fade|harbor|phoenix|raze|viper,"['fade', 'harbor', 'phoenix', 'raze', 'viper']",1,1,2,0.5,4,0.5,0.3457,2,1,2,0,2D-1I-2C-0S,2,0.5,0.5694,0.5091,0.6,0.5,0
EDward Gaming,Breeze,2026,astra|jett|sova|viper|yoru,"['astra', 'jett', 'sova', 'viper', 'yoru']",0,1,1,0.0,6,0.1667,0.2181,2,1,2,0,2D-1I-2C-0S,1,0.1667,0.5694,0.5833,0.6667,0.1667,2
EDward Gaming,Breeze,2026,harbor|jett|kayo|sova|viper,"['harbor', 'jett', 'kayo', 'sova', 'viper']",5,0,5,1.0,6,0.8333,0.5638,1,2,2,0,1D-2I-2C-0S,5,0.8333,0.5694,0.5833,0.9333,0.8333,0
EDward Gaming,Corrode,2026,astra|fade|phoenix|sage|yoru,"['astra', 'fade', 'phoenix', 'sage', 'yoru']",3,0,3,1.0,3,1.0,0.4362,2,1,1,1,2D-1I-1C-1S,3,1.0,0.5694,0.8333,1.0,1.0,0
EDward Gaming,Fracture,2026,brimstone|cypher|neon|skye|waylay,"['brimstone', 'cypher', 'neon', 'skye', 'waylay']",3,2,5,0.6,5,1.0,0.5638,2,1,1,1,2D-1I-1C-1S,5,1.0,0.5694,0.8375,1.0,1.0,0
EDward Gaming,Haven,2026,chamber|fade|neon|omen|phoenix,"['chamber', 'fade', 'neon', 'omen', 'phoenix']",2,2,4,0.5,10,0.4,0.5064,2,1,1,1,2D-1I-1C-1S,8,0.8,0.5694,0.4896,0.76,0.4,0
EDward Gaming,Haven,2026,chamber|iso|neon|omen|sova,"['chamber', 'iso', 'neon', 'omen', 'sova']",3,1,4,0.75,10,0.4,0.5064,2,1,1,1,2D-1I-1C-1S,8,0.8,0.5694,0.4896,0.8,0.4,0
EDward Gaming,Haven,2026,chamber|neon|omen|sova|viper,"['chamber', 'neon', 'omen', 'sova', 'viper']",0,2,2,0.0,10,0.2,0.3457,1,1,2,1,1D-1I-2C-1S,2,0.2,0.5694,0.4896,0.76,0.2,0
EDward Gaming,Lotus,2026,cypher|fade|omen|phoenix|raze,"['cypher', 'fade', 'omen', 'phoenix', 'raze']",4,2,6,0.6666666666666666,6,1.0,0.6123,2,1,1,1,2D-1I-1C-1S,6,1.0,0.5694,0.3854,1.0,1.0,0
EDward Gaming,Pearl,2026,astra|fade|jett|phoenix|vyse,"['astra', 'fade', 'jett', 'phoenix', 'vyse']",1,0,1,1.0,5,0.2,0.2181,2,1,1,1,2D-1I-1C-1S,5,1.0,0.5694,0.6833,0.36,0.2,0
EDward Gaming,Pearl,2026,astra|killjoy|neon|sova|yoru,"['astra', 'killjoy', 'neon', 'sova', 'yoru']",1,3,4,0.25,5,0.8,0.5064,2,1,1,1,2D-1I-1C-1S,5,1.0,0.5694,0.6833,0.84,0.8,0
EDward Gaming,Split,2026,fade|neon|omen|viper|yoru,"['fade', 'neon', 'omen', 'viper', 'yoru']",1,2,3,0.3333333333333333,8,0.375,0.4362,2,1,2,0,2D-1I-2C-0S,8,1.0,0.5694,0.6571,0.625,0.375,0
EDward Gaming,Split,2026,jett|omen|raze|skye|viper,"['jett', 'omen', 'raze', 'skye', 'viper']",4,1,5,0.8,8,0.625,0.5638,2,1,2,0,2D-1I-2C-0S,8,1.0,0.5694,0.6571,0.775,0.625,0
ENVY,Abyss,2026,iso|omen|sova|viper|yoru,"['iso', 'omen', 'sova', 'viper', 'yoru']",0,3,3,0.0,3,1.0,0.4362,2,1,2,0,2D-1I-2C-0S,3,1.0,0.3718,0.0,1.0,1.0,0
ENVY,Bind,2026,brimstone|skye|viper|waylay|yoru,"['brimstone', 'skye', 'viper', 'waylay', 'yoru']",1,0,1,1.0,3,0.3333,0.2181,2,1,2,0,2D-1I-2C-0S,3,1.0,0.3718,0.75,0.7333,0.3333,0
ENVY,Bind,2026,clove|reyna|skye|viper|yoru,"['clove', 'reyna', 'skye', 'viper', 'yoru']",1,1,2,0.5,3,0.6667,0.3457,2,1,2,0,2D-1I-2C-0S,3,1.0,0.3718,0.75,0.8667,0.6667,0
ENVY,Breeze,2026,astra|jett|sova|viper|yoru,"['astra', 'jett', 'sova', 'viper', 'yoru']",2,0,2,1.0,3,0.6667,0.3457,2,1,2,0,2D-1I-2C-0S,3,1.0,0.3718,0.5,0.8,0.6667,0
ENVY,Breeze,2026,harbor|iso|neon|sova|viper,"['harbor', 'iso', 'neon', 'sova', 'viper']",0,1,1,0.0,3,0.3333,0.2181,2,1,2,0,2D-1I-2C-0S,3,1.0,0.3718,0.5,0.6,0.3333,0
ENVY,Corrode,2026,fade|omen|viper|waylay|yoru,"['fade', 'omen', 'viper', 'waylay', 'yoru']",1,2,3,0.3333333333333333,3,1.0,0.4362,2,1,2,0,2D-1I-2C-0S,3,1.0,0.3718,0.3333,1.0,1.0,0
ENVY,Fracture,2026,breach|brimstone|neon|skye|veto,"['breach', 'brimstone', 'neon', 'skye', 'veto']",0,1,1,0.0,1,1.0,0.2181,1,2,1,1,1D-2I-1C-1S,1,1.0,0.3718,0.0,1.0,1.0,0
ENVY,Haven,2026,astra|chamber|neon|phoenix|sova,"['astra', 'chamber', 'neon', 'phoenix', 'sova']",2,1,3,0.6666666666666666,3,1.0,0.4362,2,1,1,1,2D-1I-1C-1S,3,1.0,0.3718,0.6667,1.0,1.0,0
ENVY,Lotus,2026,fade|neon|omen|raze|veto,"['fade', 'neon', 'omen', 'raze', 'veto']",1,1,2,0.5,2,1.0,0.3457,2,1,1,1,2D-1I-1C-1S,2,1.0,0.3718,0.5,1.0,1.0,0
ENVY,Pearl,2026,astra|chamber|neon|phoenix|sova,"['astra', 'chamber', 'neon', 'phoenix', 'sova']",1,1,2,0.5,5,0.4,0.3457,2,1,1,1,2D-1I-1C-1S,5,1.0,0.3718,0.4167,0.76,0.4,0
ENVY,Pearl,2026,astra|killjoy|neon|sova|yoru,"['astra', 'killjoy', 'neon', 'sova', 'yoru']",1,2,3,0.3333333333333333,5,0.6,0.4362,2,1,1,1,2D-1I-1C-1S,5,1.0,0.3718,0.4167,0.84,0.6,0
ENVY,Split,2026,jett|omen|raze|skye|viper,"['jett', 'omen', 'raze', 'skye', 'viper']",0,1,1,0.0,2,0.5,0.2181,2,1,2,0,2D-1I-2C-0S,2,1.0,0.3718,0.0,0.9,0.5,0
ENVY,Split,2026,jett|omen|skye|viper|yoru,"['jett', 'omen', 'skye', 'viper', 'yoru']",0,1,1,0.0,2,0.5,0.2181,2,1,2,0,2D-1I-2C-0S,2,1.0,0.3718,0.0,0.9,0.5,0
Eternal Fire,Ascent,2026,astra|cypher|jett|phoenix|sova,"['astra', 'cypher', 'jett', 'phoenix', 'sova']",1,2,3,0.3333333333333333,3,1.0,0.4362,2,1,1,1,2D-1I-1C-1S,3,1.0,0.6429,0.3333,1.0,1.0,0
Eternal Fire,Bind,2026,brimstone|neon|skye|viper|waylay,"['brimstone', 'neon', 'skye', 'viper', 'waylay']",2,0,2,1.0,2,1.0,0.3457,2,1,2,0,2D-1I-2C-0S,2,1.0,0.6429,1.0,1.0,1.0,0
Eternal Fire,Breeze,2026,astra|neon|skye|tejo|viper,"['astra', 'neon', 'skye', 'tejo', 'viper']",1,1,2,0.5,2,1.0,0.3457,1,2,2,0,1D-2I-2C-0S,2,1.0,0.6429,0.5,1.0,1.0,0
Eternal Fire,Fracture,2026,astra|cypher|neon|skye|tejo,"['astra', 'cypher', 'neon', 'skye', 'tejo']",1,2,3,0.3333333333333333,3,1.0,0.4362,1,2,1,1,1D-2I-1C-1S,3,1.0,0.6429,0.3333,1.0,1.0,0
Eternal Fire,Lotus,2026,cypher|fade|neon|omen|raze,"['cypher', 'fade', 'neon', 'omen', 'raze']",5,1,6,0.8333333333333334,6,1.0,0.6123,2,1,1,1,2D-1I-1C-1S,6,1.0,0.6429,0.8333,1.0,1.0,0
Eternal Fire,Pearl,2026,astra|cypher|fade|neon|phoenix,"['astra', 'cypher', 'fade', 'neon', 'phoenix']",3,0,3,1.0,3,1.0,0.4362,2,1,1,1,2D-1I-1C-1S,3,1.0,0.6429,1.0,1.0,1.0,0
Eternal Fire,Split,2026,fade|neon|omen|raze|viper,"['fade', 'neon', 'omen', 'raze', 'viper']",2,2,4,0.5,4,1.0,0.5064,2,1,2,0,2D-1I-2C-0S,4,1.0,0.6429,0.5,1.0,1.0,0
Evil Geniuses,Abyss,2026,astra|breach|sova|veto|yoru,"['astra', 'breach', 'sova', 'veto', 'yoru']",2,1,3,0.6666666666666666,3,1.0,0.4362,1,2,1,1,1D-2I-1C-1S,3,1.0,0.3686,0.5833,1.0,1.0,0
Evil Geniuses,Bind,2026,brimstone|fade|viper|waylay|yoru,"['brimstone', 'fade', 'viper', 'waylay', 'yoru']",0,2,2,0.0,4,0.5,0.3457,2,1,2,0,2D-1I-2C-0S,4,1.0,0.3686,0.3333,0.7,0.5,0
Evil Geniuses,Bind,2026,brimstone|neon|phoenix|skye|viper,"['brimstone', 'neon', 'phoenix', 'skye', 'viper']",0,2,2,0.0,4,0.5,0.3457,2,1,2,0,2D-1I-2C-0S,4,1.0,0.3686,0.3333,0.7,0.5,0
Evil Geniuses,Breeze,2026,harbor|kayo|neon|sova|viper,"['harbor', 'kayo', 'neon', 'sova', 'viper']",0,1,1,0.0,1,1.0,0.2181,1,2,2,0,1D-2I-2C-0S,1,1.0,0.3686,0.0,1.0,1.0,0
Evil Geniuses,Corrode,2026,omen|sova|viper|waylay|yoru,"['omen', 'sova', 'viper', 'waylay', 'yoru']",1,1,2,0.5,2,1.0,0.3457,2,1,2,0,2D-1I-2C-0S,2,1.0,0.3686,0.5,1.0,1.0,0
Evil Geniuses,Fracture,2026,breach|brimstone|chamber|neon|sova,"['breach', 'brimstone', 'chamber', 'neon', 'sova']",0,1,1,0.0,1,1.0,0.2181,1,2,1,1,1D-2I-1C-1S,1,1.0,0.3686,0.5,1.0,1.0,0
Evil Geniuses,Haven,2026,killjoy|neon|omen|sova|viper,"['killjoy', 'neon', 'omen', 'sova', 'viper']",3,3,6,0.5,6,1.0,0.6123,1,1,2,1,1D-1I-2C-1S,6,1.0,0.3686,0.2778,1.0,1.0,0
Evil Geniuses,Lotus,2026,fade|neon|omen|viper|vyse,"['fade', 'neon', 'omen', 'viper', 'vyse']",0,2,2,0.0,2,1.0,0.3457,1,1,2,1,1D-1I-2C-1S,2,1.0,0.3686,0.2688,1.0,1.0,0
Evil Geniuses,Pearl,2026,astra|fade|killjoy|neon|phoenix,"['astra', 'fade', 'killjoy', 'neon', 'phoenix']",0,2,2,0.0,4,0.5,0.3457,2,1,1,1,2D-1I-1C-1S,4,1.0,0.3686,0.25,0.7,0.5,0
Evil Geniuses,Pearl,2026,astra|killjoy|sova|waylay|yoru,"['astra', 'killjoy', 'sova', 'waylay', 'yoru']",1,1,2,0.5,4,0.5,0.3457,2,1,1,1,2D-1I-1C-1S,4,1.0,0.3686,0.25,0.7,0.5,0
FNATIC,Abyss,2026,astra|jett|kayo|sova|vyse,"['astra', 'jett', 'kayo', 'sova', 'vyse']",3,1,4,0.75,4,1.0,0.5064,1,2,1,1,1D-2I-1C-1S,4,1.0,0.5015,0.4583,1.0,1.0,0
FNATIC,Ascent,2026,jett|kayo|omen|sova|vyse,"['jett', 'kayo', 'omen', 'sova', 'vyse']",0,1,1,0.0,1,1.0,0.2181,1,2,1,1,1D-2I-1C-1S,1,1.0,0.5015,0.3452,1.0,1.0,0
FNATIC,Bind,2026,brimstone|fade|raze|viper|yoru,"['brimstone', 'fade', 'raze', 'viper', 'yoru']",2,2,4,0.5,6,0.6667,0.5064,2,1,2,0,2D-1I-2C-0S,6,1.0,0.5015,0.6007,0.8,0.6667,0
FNATIC,Bind,2026,brimstone|neon|skye|viper|waylay,"['brimstone', 'neon', 'skye', 'viper', 'waylay']",1,1,2,0.5,6,0.3333,0.3457,2,1,2,0,2D-1I-2C-0S,6,1.0,0.5015,0.6007,0.6,0.3333,0
FNATIC,Breeze,2026,astra|jett|neon|sova|viper,"['astra', 'jett', 'neon', 'sova', 'viper']",0,2,2,0.0,6,0.3333,0.3457,2,1,2,0,2D-1I-2C-0S,2,0.3333,0.5015,0.4583,0.7333,0.3333,0
FNATIC,Breeze,2026,harbor|kayo|neon|sova|viper,"['harbor', 'kayo', 'neon', 'sova', 'viper']",3,1,4,0.75,6,0.6667,0.5064,1,2,2,0,1D-2I-2C-0S,4,0.6667,0.5015,0.4583,0.8667,0.6667,0
FNATIC,Corrode,2026,astra|kayo|sova|vyse|waylay,"['astra', 'kayo', 'sova', 'vyse', 'waylay']",2,2,4,0.5,4,1.0,0.5064,1,2,1,1,1D-2I-1C-1S,4,1.0,0.5015,0.625,1.0,1.0,0
FNATIC,Fracture,2026,brimstone|cypher|fade|neon|phoenix,"['brimstone', 'cypher', 'fade', 'neon', 'phoenix']",2,0,2,1.0,2,1.0,0.3457,2,1,1,1,2D-1I-1C-1S,2,1.0,0.5015,0.8333,1.0,1.0,0
FNATIC,Haven,2026,cypher|neon|omen|phoenix|sova,"['cypher', 'neon', 'omen', 'phoenix', 'sova']",1,2,3,0.3333333333333333,5,0.6,0.4362,2,1,1,1,2D-1I-1C-1S,3,0.6,0.5015,0.5278,0.76,0.6,0
FNATIC,Haven,2026,killjoy|omen|sova|viper|yoru,"['killjoy', 'omen', 'sova', 'viper', 'yoru']",0,2,2,0.0,5,0.4,0.3457,1,1,2,1,1D-1I-2C-1S,2,0.4,0.5015,0.5278,0.64,0.4,0
FNATIC,Lotus,2026,fade|killjoy|neon|omen|viper,"['fade', 'killjoy', 'neon', 'omen', 'viper']",2,1,3,0.6666666666666666,3,1.0,0.4362,1,1,2,1,1D-1I-2C-1S,3,1.0,0.5015,0.6286,1.0,1.0,0
FNATIC,Split,2026,astra|fade|raze|viper|yoru,"['astra', 'fade', 'raze', 'viper', 'yoru']",3,1,4,0.75,6,0.6667,0.5064,2,1,2,0,2D-1I-2C-0S,6,1.0,0.5015,0.5731,0.8667,0.6667,0
FNATIC,Split,2026,astra|neon|raze|skye|viper,"['astra', 'neon', 'raze', 'skye', 'viper']",2,0,2,1.0,6,0.3333,0.3457,2,1,2,0,2D-1I-2C-0S,6,1.0,0.5015,0.5731,0.7333,0.3333,0
FULL SENSE,Abyss,2026,cypher|omen|sova|waylay|yoru,"['cypher', 'omen', 'sova', 'waylay', 'yoru']",0,1,1,0.0,1,1.0,0.2181,2,1,1,1,2D-1I-1C-1S,1,1.0,0.4893,0.0,1.0,1.0,0
FULL SENSE,Bind,2026,brimstone|fade|raze|viper|yoru,"['brimstone', 'fade', 'raze', 'viper', 'yoru']",0,1,1,0.0,3,0.3333,0.2181,2,1,2,0,2D-1I-2C-0S,3,1.0,0.4893,0.5,0.7333,0.3333,0
FULL SENSE,Bind,2026,brimstone|neon|raze|skye|viper,"['brimstone', 'neon', 'raze', 'skye', 'viper']",2,0,2,1.0,3,0.6667,0.3457,2,1,2,0,2D-1I-2C-0S,3,1.0,0.4893,0.5,0.8667,0.6667,0
FULL SENSE,Breeze,2026,fade|jett|omen|vyse|yoru,"['fade', 'jett', 'omen', 'vyse', 'yoru']",0,1,1,0.0,3,0.3333,0.2181,2,1,1,1,2D-1I-1C-1S,1,0.3333,0.4893,0.25,0.6,0.3333,0
FULL SENSE,Breeze,2026,jett|neon|omen|sova|viper,"['jett', 'neon', 'omen', 'sova', 'viper']",1,1,2,0.5,3,0.6667,0.3457,2,1,2,0,2D-1I-2C-0S,2,0.6667,0.4893,0.25,0.8,0.6667,0
FULL SENSE,Corrode,2026,cypher|fade|omen|waylay|yoru,"['cypher', 'fade', 'omen', 'waylay', 'yoru']",1,1,2,0.5,2,1.0,0.3457,2,1,1,1,2D-1I-1C-1S,2,1.0,0.4893,0.5,1.0,1.0,0
FULL SENSE,Fracture,2026,brimstone|cypher|fade|neon|phoenix,"['brimstone', 'cypher', 'fade', 'neon', 'phoenix']",2,2,4,0.5,4,1.0,0.5064,2,1,1,1,2D-1I-1C-1S,4,1.0,0.4893,0.5,1.0,1.0,0
FULL SENSE,Haven,2026,cypher|deadlock|omen|skye|waylay,"['cypher', 'deadlock', 'omen', 'skye', 'waylay']",1,1,2,0.5,3,0.6667,0.3457,1,1,1,2,1D-1I-1C-2S,2,0.6667,0.4893,0.25,0.8667,0.6667,0
FULL SENSE,Haven,2026,cypher|omen|sova|waylay|yoru,"['cypher', 'omen', 'sova', 'waylay', 'yoru']",0,1,1,0.0,3,0.3333,0.2181,2,1,1,1,2D-1I-1C-1S,1,0.3333,0.4893,0.25,0.7333,0.3333,0
FULL SENSE,Lotus,2026,jett|omen|raze|skye|vyse,"['jett', 'omen', 'raze', 'skye', 'vyse']",3,1,4,0.75,4,1.0,0.5064,2,1,1,1,2D-1I-1C-1S,4,1.0,0.4893,0.75,1.0,1.0,0
FULL SENSE,Pearl,2026,astra|cypher|fade|neon|phoenix,"['astra', 'cypher', 'fade', 'neon', 'phoenix']",3,2,5,0.6,7,0.7143,0.5638,2,1,1,1,2D-1I-1C-1S,7,1.0,0.4893,0.8,0.8286,0.7143,0
FULL SENSE,Pearl,2026,astra|fade|killjoy|raze|yoru,"['astra', 'fade', 'killjoy', 'raze', 'yoru']",2,0,2,1.0,7,0.2857,0.3457,2,1,1,1,2D-1I-1C-1S,7,1.0,0.4893,0.8,0.5714,0.2857,0
FULL SENSE,Split,2026,cypher|jett|omen|raze|skye,"['cypher', 'jett', 'omen', 'raze', 'skye']",2,0,2,1.0,6,0.3333,0.3457,2,1,1,1,2D-1I-1C-1S,2,0.3333,0.4893,0.75,0.6,0.3333,0
FULL SENSE,Split,2026,fade|omen|raze|viper|yoru,"['fade', 'omen', 'raze', 'viper', 'yoru']",2,2,4,0.5,6,0.6667,0.5064,2,1,2,0,2D-1I-2C-0S,4,0.6667,0.4893,0.75,0.8,0.6667,0
FURIA,Abyss,2026,astra|omen|sova|tejo|waylay,"['astra', 'omen', 'sova', 'tejo', 'waylay']",3,1,4,0.75,4,1.0,0.5064,1,2,2,0,1D-2I-2C-0S,4,1.0,0.2667,0.375,1.0,1.0,0
FURIA,Bind,2026,astra|fade|viper|waylay|yoru,"['astra', 'fade', 'viper', 'waylay', 'yoru']",0,2,2,0.0,2,1.0,0.3457,2,1,2,0,2D-1I-2C-0S,2,1.0,0.2667,0.125,1.0,1.0,0
FURIA,Breeze,2026,astra|harbor|jett|neon|sova,"['astra', 'harbor', 'jett', 'neon', 'sova']",1,2,3,0.3333333333333333,8,0.375,0.4362,2,1,2,0,2D-1I-2C-0S,8,1.0,0.2667,0.3,0.7,0.375,0
FURIA,Breeze,2026,astra|jett|sova|viper|yoru,"['astra', 'jett', 'sova', 'viper', 'yoru']",2,1,3,0.6666666666666666,8,0.375,0.4362,2,1,2,0,2D-1I-2C-0S,8,1.0,0.2667,0.3,0.75,0.625,0
FURIA,Breeze,2026,neon|omen|sova|viper|yoru,"['neon', 'omen', 'sova', 'viper', 'yoru']",1,1,2,0.5,8,0.25,0.3457,2,1,2,0,2D-1I-2C-0S,8,1.0,0.2667,0.3,0.625,0.25,0
FURIA,Haven,2026,cypher|neon|omen|phoenix|sova,"['cypher', 'neon', 'omen', 'phoenix', 'sova']",1,4,5,0.2,8,0.625,0.5638,2,1,1,1,2D-1I-1C-1S,5,0.625,0.2667,0.3733,0.85,0.625,0
FURIA,Haven,2026,killjoy|neon|omen|sova|viper,"['killjoy', 'neon', 'omen', 'sova', 'viper']",2,1,3,0.6666666666666666,8,0.375,0.4362,1,1,2,1,1D-1I-2C-1S,3,0.375,0.2667,0.3733,0.75,0.375,0
FURIA,Lotus,2026,fade|neon|omen|viper|vyse,"['fade', 'neon', 'omen', 'viper', 'vyse']",1,2,3,0.3333333333333333,3,1.0,0.4362,1,1,2,1,1D-1I-2C-1S,3,1.0,0.2667,0.3333,1.0,1.0,0
FURIA,Pearl,2026,astra|chamber|fade|kayo|neon,"['astra', 'chamber', 'fade', 'kayo', 'neon']",0,1,1,0.0,5,0.2,0.2181,1,2,1,1,1D-2I-1C-1S,1,0.2,0.2667,0.25,0.68,0.2,0
FURIA,Pearl,2026,astra|fade|killjoy|neon|phoenix,"['astra', 'fade', 'killjoy', 'neon', 'phoenix']",3,1,4,0.75,5,0.8,0.5064,2,1,1,1,2D-1I-1C-1S,4,0.8,0.2667,0.25,0.92,0.8,0
FURIA,Split,2026,fade|neon|omen|viper|vyse,"['fade', 'neon', 'omen', 'viper', 'vyse']",2,1,3,0.6666666666666666,7,0.4286,0.4362,1,1,2,1,1D-1I-2C-1S,3,0.4286,0.2667,0.2361,0.7714,0.4286,0
FURIA,Split,2026,fade|omen|viper|waylay|yoru,"['fade', 'omen', 'viper', 'waylay', 'yoru']",3,1,4,0.75,7,0.5714,0.5064,2,1,2,0,2D-1I-2C-0S,4,0.5714,0.2667,0.2361,0.8286,0.5714,0
FUT Esports,Abyss,2026,astra|cypher|kayo|sova|waylay,"['astra', 'cypher', 'kayo', 'sova', 'waylay']",0,2,2,0.0,2,1.0,0.3457,1,2,1,1,1D-2I-1C-1S,2,1.0,0.4077,0.1667,1.0,1.0,0
FUT Esports,Ascent,2026,cypher|neon|omen|phoenix|sova,"['cypher', 'neon', 'omen', 'phoenix', 'sova']",2,1,3,0.6666666666666666,3,1.0,0.4362,2,1,1,1,2D-1I-1C-1S,3,1.0,0.4077,0.5,1.0,1.0,0
FUT Esports,Bind,2026,brimstone|neon|raze|skye|viper,"['brimstone', 'neon', 'raze', 'skye', 'viper']",3,0,3,1.0,3,1.0,0.4362,2,1,2,0,2D-1I-2C-0S,3,1.0,0.4077,0.4556,1.0,1.0,0
FUT Esports,Breeze,2026,jett|neon|omen|sova|viper,"['jett', 'neon', 'omen', 'sova', 'viper']",1,1,2,0.5,2,1.0,0.3457,2,1,2,0,2D-1I-2C-0S,2,1.0,0.4077,0.5,1.0,1.0,0
FUT Esports,Corrode,2026,astra|fade|kayo|omen|waylay,"['astra', 'fade', 'kayo', 'omen', 'waylay']",1,0,1,1.0,1,1.0,0.2181,1,2,2,0,1D-2I-2C-0S,1,1.0,0.4077,1.0,1.0,1.0,0
FUT Esports,Fracture,2026,breach|brimstone|cypher|neon|raze,"['breach', 'brimstone', 'cypher', 'neon', 'raze']",0,1,1,0.0,1,1.0,0.2181,2,1,1,1,2D-1I-1C-1S,1,1.0,0.4077,0.6667,1.0,1.0,0
FUT Esports,Haven,2026,cypher|neon|omen|sova|waylay,"['cypher', 'neon', 'omen', 'sova', 'waylay']",3,1,4,0.75,5,0.8,0.5064,2,1,1,1,2D-1I-1C-1S,4,0.8,0.4077,0.3472,0.88,0.8,0
FUT Esports,Haven,2026,fade|killjoy|omen|viper|waylay,"['fade', 'killjoy', 'omen', 'viper', 'waylay']",0,1,1,0.0,5,0.2,0.2181,1,1,2,1,1D-1I-2C-1S,1,0.2,0.4077,0.3472,0.52,0.2,0
FUT Esports,Lotus,2026,fade|neon|omen|viper|waylay,"['fade', 'neon', 'omen', 'viper', 'waylay']",1,2,3,0.3333333333333333,3,1.0,0.4362,2,1,2,0,2D-1I-2C-0S,3,1.0,0.4077,0.4452,1.0,1.0,0
FUT Esports,Pearl,2026,astra|chamber|fade|tejo|waylay,"['astra', 'chamber', 'fade', 'tejo', 'waylay']",0,1,1,0.0,4,0.25,0.2181,1,2,1,1,1D-2I-1C-1S,1,0.25,0.4077,0.2222,0.55,0.25,0
FUT Esports,Pearl,2026,astra|cypher|fade|neon|phoenix,"['astra', 'cypher', 'fade', 'neon', 'phoenix']",0,3,3,0.0,4,0.75,0.4362,2,1,1,1,2D-1I-1C-1S,3,0.75,0.4077,0.2222,0.85,0.75,0
FUT Esports,Split,2026,astra|fade|neon|viper|waylay,"['astra', 'fade', 'neon', 'viper', 'waylay']",1,2,3,0.3333333333333333,7,0.4286,0.4362,2,1,2,0,2D-1I-2C-0S,7,1.0,0.4077,0.3889,0.6571,0.4286,0
FUT Esports,Split,2026,neon|omen|raze|skye|viper,"['neon', 'omen', 'raze', 'skye', 'viper']",2,2,4,0.5,7,0.5714,0.5064,2,1,2,0,2D-1I-2C-0S,7,1.0,0.4077,0.3889,0.7429,0.5714,0
FunPlus Phoenix,Bind,2026,brimstone|fade|raze|viper|yoru,"['brimstone', 'fade', 'raze', 'viper', 'yoru']",0,2,2,0.0,3,0.6667,0.3457,2,1,2,0,2D-1I-2C-0S,3,1.0,0.4128,0.2708,0.8,0.6667,0
FunPlus Phoenix,Bind,2026,brimstone|neon|skye|viper|waylay,"['brimstone', 'neon', 'skye', 'viper', 'waylay']",0,1,1,0.0,3,0.3333,0.2181,2,1,2,0,2D-1I-2C-0S,3,1.0,0.4128,0.2708,0.6,0.3333,0
FunPlus Phoenix,Fracture,2026,astra|neon|sage|tejo|waylay,"['astra', 'neon', 'sage', 'tejo', 'waylay']",1,1,2,0.5,2,1.0,0.3457,2,1,1,1,2D-1I-1C-1S,2,1.0,0.4128,0.5,1.0,1.0,0
FunPlus Phoenix,Haven,2026,killjoy|neon|omen|sova|viper,"['killjoy', 'neon', 'omen', 'sova', 'viper']",0,2,2,0.0,2,1.0,0.3457,1,1,2,1,1D-1I-2C-1S,2,1.0,0.4128,0.319,1.0,1.0,0
FunPlus Phoenix,Lotus,2026,fade|neon|omen|viper|waylay,"['fade', 'neon', 'omen', 'viper', 'waylay']",0,2,2,0.0,2,1.0,0.3457,2,1,2,0,2D-1I-2C-0S,2,1.0,0.4128,0.2667,1.0,1.0,0
FunPlus Phoenix,Pearl,2026,astra|fade|killjoy|neon|waylay,"['astra', 'fade', 'killjoy', 'neon', 'waylay']",3,1,4,0.75,7,0.5714,0.5064,2,1,1,1,2D-1I-1C-1S,4,0.5714,0.4128,0.7708,0.7429,0.5714,0
FunPlus Phoenix,Pearl,2026,brimstone|kayo|killjoy|neon|tejo,"['brimstone', 'kayo', 'killjoy', 'neon', 'tejo']",1,2,3,0.3333333333333333,7,0.4286,0.4362,1,2,1,1,1D-2I-1C-1S,3,0.4286,0.4128,0.7708,0.6571,0.4286,0
FunPlus Phoenix,Split,2026,fade|neon|omen|viper|waylay,"['fade', 'neon', 'omen', 'viper', 'waylay']",2,2,4,0.5,4,1.0,0.5064,2,1,2,0,2D-1I-2C-0S,4,1.0,0.4128,0.1667,1.0,1.0,0
G2 Esports,Abyss,2026,astra|breach|jett|tejo|yoru,"['astra', 'breach', 'jett', 'tejo', 'yoru']",0,1,1,0.0,4,0.25,0.2181,2,2,1,0,2D-2I-1C-0S,1,0.25,0.5899,0.56,0.4,0.25,0
G2 Esports,Abyss,2026,astra|harbor|neon|sova|waylay,"['astra', 'harbor', 'neon', 'sova', 'waylay']",3,0,3,1.0,4,0.75,0.4362,2,1,2,0,2D-1I-2C-0S,3,0.75,0.5899,0.56,0.8,0.75,0
G2 Esports,Ascent,2026,astra|phoenix|sova|vyse|yoru,"['astra', 'phoenix', 'sova', 'vyse', 'yoru']",1,2,3,0.3333333333333333,3,1.0,0.4362,2,1,1,1,2D-1I-1C-1S,3,1.0,0.5899,0.7381,1.0,1.0,0
G2 Esports,Bind,2026,brimstone|chamber|skye|viper|waylay,"['brimstone', 'chamber', 'skye', 'viper', 'waylay']",3,0,3,1.0,4,0.75,0.4362,1,1,2,1,1D-1I-2C-1S,4,1.0,0.5899,0.57,0.85,0.75,0
G2 Esports,Bind,2026,brimstone|fade|raze|viper|vyse,"['brimstone', 'fade', 'raze', 'viper', 'vyse']",0,1,1,0.0,4,0.25,0.2181,1,1,2,1,1D-1I-2C-1S,4,1.0,0.5899,0.57,0.55,0.25,0
G2 Esports,Breeze,2026,astra|harbor|neon|sova|vyse,"['astra', 'harbor', 'neon', 'sova', 'vyse']",2,1,3,0.6666666666666666,7,0.4286,0.4362,1,1,2,1,1D-1I-2C-1S,3,0.4286,0.5899,0.6042,0.7714,0.4286,0
G2 Esports,Breeze,2026,astra|neon|sova|viper|yoru,"['astra', 'neon', 'sova', 'viper', 'yoru']",3,1,4,0.75,7,0.5714,0.5064,2,1,2,0,2D-1I-2C-0S,4,0.5714,0.5899,0.6042,0.8286,0.5714,0
G2 Esports,Corrode,2026,astra|iso|skye|viper|waylay,"['astra', 'iso', 'skye', 'viper', 'waylay']",2,4,6,0.3333333333333333,6,1.0,0.6123,2,1,2,0,2D-1I-2C-0S,6,1.0,0.5899,0.4167,1.0,1.0,0
G2 Esports,Fracture,2026,brimstone|chamber|fade|neon|sage,"['brimstone', 'chamber', 'fade', 'neon', 'sage']",1,0,1,1.0,1,1.0,0.2181,1,1,1,2,1D-1I-1C-2S,1,1.0,0.5899,0.5556,1.0,1.0,0
G2 Esports,Haven,2026,astra|chamber|fade|neon|phoenix,"['astra', 'chamber', 'fade', 'neon', 'phoenix']",2,2,4,0.5,9,0.4444,0.5064,2,1,1,1,2D-1I-1C-1S,9,1.0,0.5899,0.6611,0.8889,0.4444,0
G2 Esports,Haven,2026,astra|chamber|fade|phoenix|yoru,"['astra', 'chamber', 'fade', 'phoenix', 'yoru']",5,0,5,1.0,9,0.5556,0.5638,2,1,1,1,2D-1I-1C-1S,9,1.0,0.5899,0.6611,0.9111,0.5556,0
G2 Esports,Lotus,2026,fade|omen|raze|viper|vyse,"['fade', 'omen', 'raze', 'viper', 'vyse']",5,1,6,0.8333333333333334,6,1.0,0.6123,1,1,2,1,1D-1I-2C-1S,6,1.0,0.5899,0.7337,1.0,1.0,0
G2 Esports,Pearl,2026,astra|fade|neon|phoenix|vyse,"['astra', 'fade', 'neon', 'phoenix', 'vyse']",5,0,5,1.0,6,0.8333,0.5638,2,1,1,1,2D-1I-1C-1S,6,1.0,0.5899,0.85,0.9,0.8333,0
G2 Esports,Pearl,2026,astra|phoenix|sova|veto|yoru,"['astra', 'phoenix', 'sova', 'veto', 'yoru']",1,0,1,1.0,6,0.1667,0.2181,2,1,1,1,2D-1I-1C-1S,6,1.0,0.5899,0.85,0.5,0.1667,3
G2 Esports,Split,2026,astra|fade|neon|viper|waylay,"['astra', 'fade', 'neon', 'viper', 'waylay']",1,2,3,0.3333333333333333,11,0.2727,0.4362,2,1,2,0,2D-1I-2C-0S,3,0.2727,0.5899,0.4393,0.7091,0.2727,0
G2 Esports,Split,2026,astra|fade|raze|viper|vyse,"['astra', 'fade', 'raze', 'viper', 'vyse']",2,3,5,0.4,11,0.4545,0.5638,1,1,2,1,1D-1I-2C-1S,5,0.4545,0.5899,0.4393,0.7273,0.4545,0
G2 Esports,Split,2026,breach|fade|omen|viper|waylay,"['breach', 'fade', 'omen', 'viper', 'waylay']",2,1,3,0.6666666666666666,11,0.2727,0.4362,1,2,2,0,1D-2I-2C-0S,3,0.2727,0.5899,0.4393,0.6182,0.2727,0
GIANTX,Abyss,2026,astra|breach|chamber|tejo|waylay,"['astra', 'breach', 'chamber', 'tejo', 'waylay']",2,1,3,0.6666666666666666,3,1.0,0.4362,1,2,1,1,1D-2I-1C-1S,3,1.0,0.3717,0.6667,1.0,1.0,0
GIANTX,Bind,2026,brimstone|neon|skye|tejo|viper,"['brimstone', 'neon', 'skye', 'tejo', 'viper']",0,1,1,0.0,4,0.25,0.2181,1,2,2,0,1D-2I-2C-0S,1,0.25,0.3717,0.1524,0.7,0.25,0
GIANTX,Bind,2026,brimstone|raze|sage|skye|viper,"['brimstone', 'raze', 'sage', 'skye', 'viper']",0,3,3,0.0,4,0.75,0.4362,1,1,2,1,1D-1I-2C-1S,3,0.75,0.3717,0.1524,0.9,0.75,0
GIANTX,Breeze,2026,jett|kayo|omen|sova|viper,"['jett', 'kayo', 'omen', 'sova', 'viper']",0,2,2,0.0,4,0.5,0.3457,1,2,2,0,1D-2I-2C-0S,4,1.0,0.3717,0.1667,0.8,0.5,0
GIANTX,Breeze,2026,neon|omen|skye|sova|viper,"['neon', 'omen', 'skye', 'sova', 'viper']",0,2,2,0.0,4,0.5,0.3457,1,2,2,0,1D-2I-2C-0S,4,1.0,0.3717,0.1667,0.8,0.5,0
GIANTX,Haven,2026,cypher|neon|omen|phoenix|sova,"['cypher', 'neon', 'omen', 'phoenix', 'sova']",3,1,4,0.75,5,0.8,0.5064,2,1,1,1,2D-1I-1C-1S,4,0.8,0.3717,0.5536,0.92,0.8,0
GIANTX,Haven,2026,neon|omen|sova|veto|viper,"['neon', 'omen', 'sova', 'veto', 'viper']",1,0,1,1.0,5,0.2,0.2181,1,1,2,1,1D-1I-2C-1S,1,0.2,0.3717,0.5536,0.68,0.2,0
GIANTX,Lotus,2026,chamber|fade|neon|omen|viper,"['chamber', 'fade', 'neon', 'omen', 'viper']",0,1,1,0.0,1,1.0,0.2181,1,1,2,1,1D-1I-2C-1S,1,1.0,0.3717,0.369,1.0,1.0,0
GIANTX,Pearl,2026,astra|cypher|fade|tejo|waylay,"['astra', 'cypher', 'fade', 'tejo', 'waylay']",0,2,2,0.0,4,0.5,0.3457,1,2,1,1,1D-2I-1C-1S,4,1.0,0.3717,0.125,0.6,0.5,0
GIANTX,Pearl,2026,astra|kayo|killjoy|neon|sova,"['astra', 'kayo', 'killjoy', 'neon', 'sova']",1,1,2,0.5,4,0.5,0.3457,1,2,1,1,1D-2I-1C-1S,4,1.0,0.3717,0.125,0.6,0.5,0
GIANTX,Split,2026,astra|neon|skye|viper|waylay,"['astra', 'neon', 'skye', 'viper', 'waylay']",2,1,3,0.6666666666666666,4,0.75,0.4362,2,1,2,0,2D-1I-2C-0S,3,0.75,0.3717,0.3333,0.85,0.75,0
GIANTX,Split,2026,breach|omen|raze|skye|viper,"['breach', 'omen', 'raze', 'skye', 'viper']",1,0,1,1.0,4,0.25,0.2181,1,2,2,0,1D-2I-2C-0S,1,0.25,0.3717,0.3333,0.55,0.25,0
Gen.G,Abyss,2026,astra|sova|veto|waylay|yoru,"['astra', 'sova', 'veto', 'waylay', 'yoru']",0,2,2,0.0,2,1.0,0.3457,2,1,1,1,2D-1I-1C-1S,2,1.0,0.466,0.5,1.0,1.0,0
Gen.G,Bind,2026,astra|raze|skye|viper|waylay,"['astra', 'raze', 'skye', 'viper', 'waylay']",0,1,1,0.0,2,0.5,0.2181,2,1,2,0,2D-1I-2C-0S,2,1.0,0.466,0.2372,0.6,0.5,0
Gen.G,Bind,2026,brimstone|fade|neon|viper|yoru,"['brimstone', 'fade', 'neon', 'viper', 'yoru']",0,1,1,0.0,2,0.5,0.2181,2,1,2,0,2D-1I-2C-0S,2,1.0,0.466,0.2372,0.6,0.5,0
Gen.G,Breeze,2026,astra|jett|sova|viper|yoru,"['astra', 'jett', 'sova', 'viper', 'yoru']",3,0,3,1.0,5,0.6,0.4362,2,1,2,0,2D-1I-2C-0S,5,1.0,0.466,0.5278,0.84,0.6,0
Gen.G,Breeze,2026,harbor|jett|neon|sova|viper,"['harbor', 'jett', 'neon', 'sova', 'viper']",0,2,2,0.0,5,0.4,0.3457,2,1,2,0,2D-1I-2C-0S,5,1.0,0.466,0.5278,0.76,0.4,0
Gen.G,Fracture,2026,breach|brimstone|cypher|neon|waylay,"['breach', 'brimstone', 'cypher', 'neon', 'waylay']",0,1,1,0.0,1,1.0,0.2181,2,1,1,1,2D-1I-1C-1S,1,1.0,0.466,0.1667,1.0,1.0,0
Gen.G,Haven,2026,chamber|fade|neon|omen|phoenix,"['chamber', 'fade', 'neon', 'omen', 'phoenix']",2,0,2,1.0,5,0.4,0.3457,2,1,1,1,2D-1I-1C-1S,5,1.0,0.466,0.7144,0.52,0.4,0
Gen.G,Haven,2026,cypher|jett|omen|sova|yoru,"['cypher', 'jett', 'omen', 'sova', 'yoru']",1,2,3,0.3333333333333333,5,0.6,0.4362,2,1,1,1,2D-1I-1C-1S,5,1.0,0.466,0.7144,0.68,0.6,0
Gen.G,Lotus,2026,fade|neon|omen|raze|vyse,"['fade', 'neon', 'omen', 'raze', 'vyse']",2,1,3,0.6666666666666666,3,1.0,0.4362,2,1,1,1,2D-1I-1C-1S,3,1.0,0.466,0.6739,1.0,1.0,0
Gen.G,Pearl,2026,astra|chamber|fade|neon|phoenix,"['astra', 'chamber', 'fade', 'neon', 'phoenix']",0,2,2,0.0,4,0.5,0.3457,2,1,1,1,2D-1I-1C-1S,4,1.0,0.466,0.25,0.7,0.5,0
Gen.G,Pearl,2026,astra|killjoy|neon|tejo|yoru,"['astra', 'killjoy', 'neon', 'tejo', 'yoru']",0,2,2,0.0,4,0.5,0.3457,2,1,1,1,2D-1I-1C-1S,4,1.0,0.466,0.25,0.7,0.5,0
Gen.G,Split,2026,astra|cypher|fade|neon|raze,"['astra', 'cypher', 'fade', 'neon', 'raze']",0,2,2,0.0,2,1.0,0.3457,2,1,1,1,2D-1I-1C-1S,2,1.0,0.466,0.3889,1.0,1.0,0
Gentle Mates,Abyss,2026,astra|brimstone|sova|waylay|yoru,"['astra', 'brimstone', 'sova', 'waylay', 'yoru']",2,2,4,0.5,4,1.0,0.5064,2,1,2,0,2D-1I-2C-0S,4,1.0,0.3633,0.5,1.0,1.0,0
Gentle Mates,Ascent,2026,cypher|jett|omen|phoenix|sova,"['cypher', 'jett', 'omen', 'phoenix', 'sova']",1,1,2,0.5,2,1.0,0.3457,2,1,1,1,2D-1I-1C-1S,2,1.0,0.3633,0.7083,1.0,1.0,0
Gentle Mates,Bind,2026,astra|fade|viper|waylay|yoru,"['astra', 'fade', 'viper', 'waylay', 'yoru']",4,1,5,0.8,6,0.8333,0.5638,2,1,2,0,2D-1I-2C-0S,6,1.0,0.3633,0.4333,0.9,0.8333,0
Gentle Mates,Bind,2026,brimstone|neon|skye|viper|waylay,"['brimstone', 'neon', 'skye', 'viper', 'waylay']",0,1,1,0.0,6,0.1667,0.2181,2,1,2,0,2D-1I-2C-0S,6,1.0,0.3633,0.4333,0.5,0.1667,3
Gentle Mates,Corrode,2026,astra|fade|viper|waylay|yoru,"['astra', 'fade', 'viper', 'waylay', 'yoru']",0,2,2,0.0,3,0.6667,0.3457,2,1,2,0,2D-1I-2C-0S,2,0.6667,0.3633,0.1111,0.7333,0.6667,0
Gentle Mates,Corrode,2026,astra|kayo|neon|phoenix|sova,"['astra', 'kayo', 'neon', 'phoenix', 'sova']",0,1,1,0.0,3,0.3333,0.2181,2,2,1,0,2D-2I-1C-0S,1,0.3333,0.3633,0.1111,0.4667,0.3333,0
Gentle Mates,Fracture,2026,breach|brimstone|fade|neon|veto,"['breach', 'brimstone', 'fade', 'neon', 'veto']",2,1,3,0.6666666666666666,3,1.0,0.4362,1,2,1,1,1D-2I-1C-1S,3,1.0,0.3633,0.2222,1.0,1.0,0
Gentle Mates,Haven,2026,astra|cypher|neon|sova|yoru,"['astra', 'cypher', 'neon', 'sova', 'yoru']",3,1,4,0.75,6,0.6667,0.5064,2,1,1,1,2D-1I-1C-1S,6,1.0,0.3633,0.3375,0.8,0.6667,0
Gentle Mates,Haven,2026,cypher|fade|neon|omen|phoenix,"['cypher', 'fade', 'neon', 'omen', 'phoenix']",0,2,2,0.0,6,0.3333,0.3457,2,1,1,1,2D-1I-1C-1S,6,1.0,0.3633,0.3375,0.6,0.3333,0
Gentle Mates,Lotus,2026,fade|neon|omen|raze|viper,"['fade', 'neon', 'omen', 'raze', 'viper']",1,3,4,0.25,4,1.0,0.5064,2,1,2,0,2D-1I-2C-0S,4,1.0,0.3633,0.0833,1.0,1.0,0
Gentle Mates,Pearl,2026,astra|cypher|fade|neon|phoenix,"['astra', 'cypher', 'fade', 'neon', 'phoenix']",3,0,3,1.0,8,0.375,0.4362,2,1,1,1,2D-1I-1C-1S,8,1.0,0.3633,0.6167,0.875,0.375,0
Gentle Mates,Pearl,2026,astra|cypher|fade|neon|yoru,"['astra', 'cypher', 'fade', 'neon', 'yoru']",4,1,5,0.8,8,0.625,0.5638,2,1,1,1,2D-1I-1C-1S,8,1.0,0.3633,0.6167,0.925,0.625,0
Gentle Mates,Split,2026,astra|fade|jett|raze|viper,"['astra', 'fade', 'jett', 'raze', 'viper']",0,2,2,0.0,6,0.3333,0.3457,2,1,2,0,2D-1I-2C-0S,6,1.0,0.3633,0.35,0.8667,0.3333,0
Gentle Mates,Split,2026,astra|fade|raze|viper|yoru,"['astra', 'fade', 'raze', 'viper', 'yoru']",3,1,4,0.75,6,0.6667,0.5064,2,1,2,0,2D-1I-2C-0S,6,1.0,0.3633,0.35,0.9333,0.6667,0
Global Esports,Abyss,2026,astra|omen|sova|veto|yoru,"['astra', 'omen', 'sova', 'veto', 'yoru']",3,0,3,1.0,3,1.0,0.4362,1,1,2,1,1D-1I-2C-1S,3,1.0,0.3472,0.5,1.0,1.0,0
Global Esports,Ascent,2026,kayo|omen|phoenix|sage|sova,"['kayo', 'omen', 'phoenix', 'sage', 'sova']",0,1,1,0.0,1,1.0,0.2181,1,2,1,1,1D-2I-1C-1S,1,1.0,0.3472,0.0556,1.0,1.0,0
Global Esports,Bind,2026,astra|fade|veto|waylay|yoru,"['astra', 'fade', 'veto', 'waylay', 'yoru']",0,1,1,0.0,3,0.3333,0.2181,2,1,1,1,2D-1I-1C-1S,1,0.3333,0.3472,0.125,0.3333,0.3333,0
Global Esports,Bind,2026,brimstone|deadlock|gekko|kayo|neon,"['brimstone', 'deadlock', 'gekko', 'kayo', 'neon']",1,1,2,0.5,3,0.6667,0.3457,1,2,1,1,1D-2I-1C-1S,2,0.6667,0.3472,0.125,0.6667,0.6667,0
Global Esports,Breeze,2026,astra|omen|sova|veto|yoru,"['astra', 'omen', 'sova', 'veto', 'yoru']",2,2,4,0.5,8,0.5,0.5064,1,1,2,1,1D-1I-2C-1S,4,0.5,0.3472,0.4167,0.6,0.5,0
Global Esports,Breeze,2026,chamber|neon|sage|sova|viper,"['chamber', 'neon', 'sage', 'sova', 'viper']",3,1,4,0.75,8,0.5,0.5064,1,1,1,2,1D-1I-1C-2S,4,0.5,0.3472,0.4167,0.6,0.5,0
Global Esports,Corrode,2026,fade|omen|sage|veto|waylay,"['fade', 'omen', 'sage', 'veto', 'waylay']",0,1,1,0.0,1,1.0,0.2181,1,1,1,2,1D-1I-1C-2S,1,1.0,0.3472,0.25,1.0,1.0,0
Global Esports,Fracture,2026,breach|brimstone|deadlock|raze|tejo,"['breach', 'brimstone', 'deadlock', 'raze', 'tejo']",0,1,1,0.0,1,1.0,0.2181,1,2,1,1,1D-2I-1C-1S,1,1.0,0.3472,0.0,1.0,1.0,0
Global Esports,Haven,2026,astra|chamber|jett|skye|sova,"['astra', 'chamber', 'jett', 'skye', 'sova']",2,0,2,1.0,5,0.4,0.3457,1,2,1,1,1D-2I-1C-1S,2,0.4,0.3472,0.4583,0.52,0.4,0
Global Esports,Haven,2026,cypher|deadlock|neon|omen|sova,"['cypher', 'deadlock', 'neon', 'omen', 'sova']",1,2,3,0.3333333333333333,5,0.6,0.4362,1,1,1,2,1D-1I-1C-2S,3,0.6,0.3472,0.4583,0.68,0.6,0
Global Esports,Lotus,2026,astra|deadlock|fade|omen|raze,"['astra', 'deadlock', 'fade', 'omen', 'raze']",1,2,3,0.3333333333333333,3,1.0,0.4362,1,1,2,1,1D-1I-2C-1S,3,1.0,0.3472,0.2143,1.0,1.0,0
Global Esports,Pearl,2026,astra|fade|killjoy|neon|phoenix,"['astra', 'fade', 'killjoy', 'neon', 'phoenix']",2,1,3,0.6666666666666666,4,0.75,0.4362,2,1,1,1,2D-1I-1C-1S,4,1.0,0.3472,0.4444,0.85,0.75,0
Global Esports,Pearl,2026,astra|fade|veto|waylay|yoru,"['astra', 'fade', 'veto', 'waylay', 'yoru']",0,1,1,0.0,4,0.25,0.2181,2,1,1,1,2D-1I-1C-1S,4,1.0,0.3472,0.4444,0.55,0.25,0
Global Esports,Split,2026,astra|fade|veto|viper|yoru,"['astra', 'fade', 'veto', 'viper', 'yoru']",2,2,4,0.5,8,0.5,0.5064,1,1,2,1,1D-1I-2C-1S,8,1.0,0.3472,0.48,0.8,0.5,0
Global Esports,Split,2026,fade|omen|raze|veto|viper,"['fade', 'omen', 'raze', 'veto', 'viper']",2,2,4,0.5,8,0.5,0.5064,1,1,2,1,1D-1I-2C-1S,8,1.0,0.3472,0.48,0.8,0.5,0
JDG Esports,Abyss,2026,astra|cypher|sova|waylay|yoru,"['astra', 'cypher', 'sova', 'waylay', 'yoru']",2,1,3,0.6666666666666666,3,1.0,0.4362,2,1,1,1,2D-1I-1C-1S,3,1.0,0.4534,0.5833,1.0,1.0,0
JDG Esports,Bind,2026,brimstone|fade|raze|viper|yoru,"['brimstone', 'fade', 'raze', 'viper', 'yoru']",1,1,2,0.5,4,0.5,0.3457,2,1,2,0,2D-1I-2C-0S,4,1.0,0.4534,0.4722,0.6,0.5,0
JDG Esports,Bind,2026,brimstone|neon|omen|skye|waylay,"['brimstone', 'neon', 'omen', 'skye', 'waylay']",1,1,2,0.5,4,0.5,0.3457,2,1,2,0,2D-1I-2C-0S,4,1.0,0.4534,0.4722,0.6,0.5,0
JDG Esports,Breeze,2026,astra|jett|sova|viper|yoru,"['astra', 'jett', 'sova', 'viper', 'yoru']",0,1,1,0.0,1,1.0,0.2181,2,1,2,0,2D-1I-2C-0S,1,1.0,0.4534,0.0,1.0,1.0,0
JDG Esports,Corrode,2026,fade|omen|viper|waylay|yoru,"['fade', 'omen', 'viper', 'waylay', 'yoru']",1,3,4,0.25,4,1.0,0.5064,2,1,2,0,2D-1I-2C-0S,4,1.0,0.4534,0.125,1.0,1.0,0
JDG Esports,Fracture,2026,brimstone|cypher|neon|skye|waylay,"['brimstone', 'cypher', 'neon', 'skye', 'waylay']",2,2,4,0.5,4,1.0,0.5064,2,1,1,1,2D-1I-1C-1S,4,1.0,0.4534,0.5,1.0,1.0,0
JDG Esports,Haven,2026,cypher|neon|omen|sova|waylay,"['cypher', 'neon', 'omen', 'sova', 'waylay']",3,4,7,0.42857142857142855,11,0.6364,0.6543,2,1,1,1,2D-1I-1C-1S,11,1.0,0.4534,0.4464,0.9273,0.6364,0
JDG Esports,Haven,2026,cypher|neon|omen|sova|yoru,"['cypher', 'neon', 'omen', 'sova', 'yoru']",3,1,4,0.75,11,0.3636,0.5064,2,1,1,1,2D-1I-1C-1S,11,1.0,0.4534,0.4464,0.8727,0.3636,0
JDG Esports,Lotus,2026,fade|killjoy|neon|omen|raze,"['fade', 'killjoy', 'neon', 'omen', 'raze']",1,3,4,0.25,4,1.0,0.5064,2,1,1,1,2D-1I-1C-1S,4,1.0,0.4534,0.3833,1.0,1.0,0
JDG Esports,Pearl,2026,astra|killjoy|neon|skye|waylay,"['astra', 'killjoy', 'neon', 'skye', 'waylay']",1,2,3,0.3333333333333333,5,0.6,0.4362,2,1,1,1,2D-1I-1C-1S,5,1.0,0.4534,0.5417,0.84,0.6,0
JDG Esports,Pearl,2026,astra|killjoy|neon|sova|yoru,"['astra', 'killjoy', 'neon', 'sova', 'yoru']",1,1,2,0.5,5,0.4,0.3457,2,1,1,1,2D-1I-1C-1S,5,1.0,0.4534,0.5417,0.76,0.4,0
JDG Esports,Split,2026,fade|omen|raze|viper|vyse,"['fade', 'omen', 'raze', 'viper', 'vyse']",1,0,1,1.0,3,0.3333,0.2181,1,1,2,1,1D-1I-2C-1S,1,0.3333,0.4534,0.625,0.8667,0.3333,0
JDG Esports,Split,2026,fade|omen|raze|viper|yoru,"['fade', 'omen', 'raze', 'viper', 'yoru']",1,1,2,0.5,3,0.6667,0.3457,2,1,2,0,2D-1I-2C-0S,2,0.6667,0.4534,0.625,0.9333,0.6667,0
KRÜ Esports,Abyss,2026,astra|kayo|sova|waylay|yoru,"['astra', 'kayo', 'sova', 'waylay', 'yoru']",1,1,2,0.5,2,1.0,0.3457,2,2,1,0,2D-2I-1C-0S,2,1.0,0.4417,0.4167,1.0,1.0,0
KRÜ Esports,Bind,2026,brimstone|chamber|skye|viper|waylay,"['brimstone', 'chamber', 'skye', 'viper', 'waylay']",0,1,1,0.0,3,0.3333,0.2181,1,1,2,1,1D-1I-2C-1S,3,1.0,0.4417,0.3667,0.6,0.3333,0
KRÜ Esports,Bind,2026,brimstone|fade|neon|viper|vyse,"['brimstone', 'fade', 'neon', 'viper', 'vyse']",1,1,2,0.5,3,0.6667,0.3457,1,1,2,1,1D-1I-2C-1S,3,1.0,0.4417,0.3667,0.8,0.6667,0
KRÜ Esports,Breeze,2026,harbor|kayo|neon|sova|viper,"['harbor', 'kayo', 'neon', 'sova', 'viper']",1,2,3,0.3333333333333333,5,0.6,0.4362,1,2,2,0,1D-2I-2C-0S,3,0.6,0.4417,0.3611,0.92,0.6,0
KRÜ Esports,Breeze,2026,jett|kayo|neon|sova|viper,"['jett', 'kayo', 'neon', 'sova', 'viper']",0,2,2,0.0,5,0.4,0.3457,2,2,1,0,2D-2I-1C-0S,2,0.4,0.4417,0.3611,0.88,0.4,0
KRÜ Esports,Haven,2026,cypher|fade|neon|omen|phoenix,"['cypher', 'fade', 'neon', 'omen', 'phoenix']",2,2,4,0.5,4,1.0,0.5064,2,1,1,1,2D-1I-1C-1S,4,1.0,0.4417,0.5967,1.0,1.0,0
KRÜ Esports,Lotus,2026,fade|neon|omen|viper|vyse,"['fade', 'neon', 'omen', 'viper', 'vyse']",4,1,5,0.8,5,1.0,0.5638,1,1,2,1,1D-1I-2C-1S,5,1.0,0.4417,0.4125,1.0,1.0,0
KRÜ Esports,Pearl,2026,astra|fade|killjoy|neon|yoru,"['astra', 'fade', 'killjoy', 'neon', 'yoru']",1,1,2,0.5,2,1.0,0.3457,2,1,1,1,2D-1I-1C-1S,2,1.0,0.4417,0.5,1.0,1.0,0
KRÜ Esports,Split,2026,astra|fade|raze|viper|yoru,"['astra', 'fade', 'raze', 'viper', 'yoru']",0,1,1,0.0,3,0.3333,0.2181,2,1,2,0,2D-1I-2C-0S,1,0.3333,0.4417,0.4167,0.6,0.3333,0
KRÜ Esports,Split,2026,fade|neon|omen|viper|vyse,"['fade', 'neon', 'omen', 'viper', 'vyse']",1,1,2,0.5,3,0.6667,0.3457,1,1,2,1,1D-1I-2C-1S,2,0.6667,0.4417,0.4167,0.8,0.6667,0
Karmine Corp,Abyss,2026,astra|jett|kayo|omen|sova,"['astra', 'jett', 'kayo', 'omen', 'sova']",2,0,2,1.0,2,1.0,0.3457,1,2,2,0,1D-2I-2C-0S,2,1.0,0.3587,0.5,1.0,1.0,0
Karmine Corp,Bind,2026,brimstone|gekko|raze|skye|viper,"['brimstone', 'gekko', 'raze', 'skye', 'viper']",0,1,1,0.0,1,1.0,0.2181,1,2,2,0,1D-2I-2C-0S,1,1.0,0.3587,0.32,1.0,1.0,0
Karmine Corp,Breeze,2026,astra|jett|omen|skye|sova,"['astra', 'jett', 'omen', 'skye', 'sova']",0,1,1,0.0,2,0.5,0.2181,1,2,2,0,1D-2I-2C-0S,1,0.5,0.3587,0.1111,0.8,0.5,0
Karmine Corp,Breeze,2026,astra|omen|phoenix|sova|yoru,"['astra', 'omen', 'phoenix', 'sova', 'yoru']",0,1,1,0.0,2,0.5,0.2181,2,1,2,0,2D-1I-2C-0S,1,0.5,0.3587,0.1111,0.8,0.5,0
Karmine Corp,Corrode,2026,astra|fade|omen|tejo|waylay,"['astra', 'fade', 'omen', 'tejo', 'waylay']",0,1,1,0.0,1,1.0,0.2181,1,2,2,0,1D-2I-2C-0S,1,1.0,0.3587,0.0,1.0,1.0,0
Karmine Corp,Fracture,2026,astra|fade|kayo|vyse|waylay,"['astra', 'fade', 'kayo', 'vyse', 'waylay']",0,2,2,0.0,2,1.0,0.3457,1,2,1,1,1D-2I-1C-1S,2,1.0,0.3587,0.0,1.0,1.0,0
Karmine Corp,Haven,2026,cypher|fade|neon|omen|phoenix,"['cypher', 'fade', 'neon', 'omen', 'phoenix']",3,1,4,0.75,7,0.5714,0.5064,2,1,1,1,2D-1I-1C-1S,7,1.0,0.3587,0.4167,0.8286,0.5714,0
Karmine Corp,Haven,2026,cypher|omen|phoenix|sova|yoru,"['cypher', 'omen', 'phoenix', 'sova', 'yoru']",1,2,3,0.3333333333333333,7,0.4286,0.4362,2,1,1,1,2D-1I-1C-1S,7,1.0,0.3587,0.4167,0.7714,0.4286,0
Karmine Corp,Lotus,2026,cypher|fade|neon|omen|phoenix,"['cypher', 'fade', 'neon', 'omen', 'phoenix']",0,3,3,0.0,3,1.0,0.4362,2,1,1,1,2D-1I-1C-1S,3,1.0,0.3587,0.4417,1.0,1.0,0
Karmine Corp,Pearl,2026,astra|fade|jett|tejo|veto,"['astra', 'fade', 'jett', 'tejo', 'veto']",0,2,2,0.0,3,0.6667,0.3457,1,2,1,1,1D-2I-1C-1S,3,1.0,0.3587,0.5556,0.8667,0.6667,0
Karmine Corp,Pearl,2026,astra|fade|killjoy|tejo|yoru,"['astra', 'fade', 'killjoy', 'tejo', 'yoru']",1,0,1,1.0,3,0.3333,0.2181,1,2,1,1,1D-2I-1C-1S,3,1.0,0.3587,0.5556,0.7333,0.3333,0
Karmine Corp,Split,2026,astra|skye|tejo|viper|waylay,"['astra', 'skye', 'tejo', 'viper', 'waylay']",0,3,3,0.0,3,1.0,0.4362,1,2,2,0,1D-2I-2C-0S,3,1.0,0.3587,0.275,1.0,1.0,0
Kiwoom DRX,Abyss,2026,cypher|kayo|omen|sova|waylay,"['cypher', 'kayo', 'omen', 'sova', 'waylay']",1,0,1,1.0,1,1.0,0.2181,1,2,1,1,1D-2I-1C-1S,1,1.0,0.494,1.0,1.0,1.0,0
Kiwoom DRX,Ascent,2026,jett|omen|sova|vyse|waylay,"['jett', 'omen', 'sova', 'vyse', 'waylay']",0,1,1,0.0,1,1.0,0.2181,2,1,1,1,2D-1I-1C-1S,1,1.0,0.494,0.0,1.0,1.0,0
Kiwoom DRX,Bind,2026,brimstone|fade|raze|viper|yoru,"['brimstone', 'fade', 'raze', 'viper', 'yoru']",1,2,3,0.3333333333333333,3,1.0,0.4362,2,1,2,0,2D-1I-2C-0S,3,1.0,0.494,0.3333,1.0,1.0,0
Kiwoom DRX,Breeze,2026,astra|jett|sova|viper|yoru,"['astra', 'jett', 'sova', 'viper', 'yoru']",1,1,2,0.5,4,0.5,0.3457,2,1,2,0,2D-1I-2C-0S,4,1.0,0.494,0.5,0.8,0.5,0
Kiwoom DRX,Breeze,2026,harbor|jett|neon|sova|viper,"['harbor', 'jett', 'neon', 'sova', 'viper']",1,1,2,0.5,4,0.5,0.3457,2,1,2,0,2D-1I-2C-0S,4,1.0,0.494,0.5,0.8,0.5,0
Kiwoom DRX,Corrode,2026,fade|kayo|omen|viper|waylay,"['fade', 'kayo', 'omen', 'viper', 'waylay']",2,1,3,0.6666666666666666,3,1.0,0.4362,1,2,2,0,1D-2I-2C-0S,3,1.0,0.494,0.6667,1.0,1.0,0
Kiwoom DRX,Fracture,2026,breach|brimstone|cypher|neon|raze,"['breach', 'brimstone', 'cypher', 'neon', 'raze']",2,2,4,0.5,4,1.0,0.5064,2,1,1,1,2D-1I-1C-1S,4,1.0,0.494,0.5,1.0,1.0,0
Kiwoom DRX,Haven,2026,breach|cypher|omen|tejo|waylay,"['breach', 'cypher', 'omen', 'tejo', 'waylay']",1,1,2,0.5,6,0.3333,0.3457,1,2,1,1,1D-2I-1C-1S,2,0.3333,0.494,0.625,0.6,0.3333,0
Kiwoom DRX,Haven,2026,cypher|jett|neon|omen|sova,"['cypher', 'jett', 'neon', 'omen', 'sova']",3,1,4,0.75,6,0.6667,0.5064,2,1,1,1,2D-1I-1C-1S,4,0.6667,0.494,0.625,0.8,0.6667,0
Kiwoom DRX,Lotus,2026,chamber|fade|neon|omen|raze,"['chamber', 'fade', 'neon', 'omen', 'raze']",2,2,4,0.5,4,1.0,0.5064,2,1,1,1,2D-1I-1C-1S,4,1.0,0.494,0.5,1.0,1.0,0
Kiwoom DRX,Pearl,2026,astra|chamber|fade|jett|neon,"['astra', 'chamber', 'fade', 'jett', 'neon']",2,1,3,0.6666666666666666,4,0.75,0.4362,2,1,1,1,2D-1I-1C-1S,4,1.0,0.494,0.3333,0.85,0.75,0
Kiwoom DRX,Pearl,2026,astra|cypher|neon|sova|yoru,"['astra', 'cypher', 'neon', 'sova', 'yoru']",0,1,1,0.0,4,0.25,0.2181,2,1,1,1,2D-1I-1C-1S,4,1.0,0.494,0.3333,0.55,0.25,0
Kiwoom DRX,Split,2026,astra|jett|raze|skye|vyse,"['astra', 'jett', 'raze', 'skye', 'vyse']",1,1,2,0.5,6,0.3333,0.3457,2,1,1,1,2D-1I-1C-1S,2,0.3333,0.494,0.5,0.6,0.3333,0
Kiwoom DRX,Split,2026,omen|raze|skye|tejo|viper,"['omen', 'raze', 'skye', 'tejo', 'viper']",2,2,4,0.5,6,0.6667,0.5064,1,2,2,0,1D-2I-2C-0S,4,0.6667,0.494,0.5,0.8,0.6667,0
LEVIATÁN,Ascent,2026,chamber|neon|omen|phoenix|sova,"['chamber', 'neon', 'omen', 'phoenix', 'sova']",3,0,3,1.0,3,1.0,0.4362,2,1,1,1,2D-1I-1C-1S,3,1.0,0.4981,0.5767,1.0,1.0,0
LEVIATÁN,Bind,2026,brimstone|fade|viper|waylay|yoru,"['brimstone', 'fade', 'viper', 'waylay', 'yoru']",2,2,4,0.5,7,0.5714,0.5064,2,1,2,0,2D-1I-2C-0S,7,1.0,0.4981,0.5833,0.7429,0.5714,0
LEVIATÁN,Bind,2026,brimstone|neon|phoenix|skye|viper,"['brimstone', 'neon', 'phoenix', 'skye', 'viper']",3,0,3,1.0,7,0.4286,0.4362,2,1,2,0,2D-1I-2C-0S,7,1.0,0.4981,0.5833,0.6571,0.4286,0
LEVIATÁN,Breeze,2026,astra|jett|sova|viper|yoru,"['astra', 'jett', 'sova', 'viper', 'yoru']",0,1,1,0.0,5,0.2,0.2181,2,1,2,0,2D-1I-2C-0S,5,1.0,0.4981,0.1667,0.52,0.2,0
LEVIATÁN,Breeze,2026,harbor|jett|neon|omen|sova,"['harbor', 'jett', 'neon', 'omen', 'sova']",0,4,4,0.0,5,0.8,0.5064,2,1,2,0,2D-1I-2C-0S,5,1.0,0.4981,0.1667,0.88,0.8,0
LEVIATÁN,Corrode,2026,chamber|fade|omen|viper|waylay,"['chamber', 'fade', 'omen', 'viper', 'waylay']",1,0,1,1.0,1,1.0,0.2181,1,1,2,1,1D-1I-2C-1S,1,1.0,0.4981,0.5,1.0,1.0,0
LEVIATÁN,Fracture,2026,breach|brimstone|neon|tejo|waylay,"['breach', 'brimstone', 'neon', 'tejo', 'waylay']",1,2,3,0.3333333333333333,3,1.0,0.4362,2,2,1,0,2D-2I-1C-0S,3,1.0,0.4981,0.2778,1.0,1.0,0
LEVIATÁN,Haven,2026,astra|chamber|neon|phoenix|sova,"['astra', 'chamber', 'neon', 'phoenix', 'sova']",2,2,4,0.5,4,1.0,0.5064,2,1,1,1,2D-1I-1C-1S,4,1.0,0.4981,0.5933,1.0,1.0,0
LEVIATÁN,Pearl,2026,astra|chamber|kayo|tejo|waylay,"['astra', 'chamber', 'kayo', 'tejo', 'waylay']",1,1,2,0.5,6,0.3333,0.3457,1,2,1,1,1D-2I-1C-1S,2,0.3333,0.4981,0.5,0.6,0.3333,0
LEVIATÁN,Pearl,2026,astra|chamber|neon|phoenix|sova,"['astra', 'chamber', 'neon', 'phoenix', 'sova']",2,2,4,0.5,6,0.6667,0.5064,2,1,1,1,2D-1I-1C-1S,4,0.6667,0.4981,0.5,0.8,0.6667,0
LEVIATÁN,Split,2026,fade|neon|omen|phoenix|viper,"['fade', 'neon', 'omen', 'phoenix', 'viper']",4,1,5,0.8,8,0.625,0.5638,2,1,2,0,2D-1I-2C-0S,8,1.0,0.4981,0.3267,0.85,0.625,0
LEVIATÁN,Split,2026,fade|omen|viper|waylay|yoru,"['fade', 'omen', 'viper', 'waylay', 'yoru']",1,2,3,0.3333333333333333,8,0.375,0.4362,2,1,2,0,2D-1I-2C-0S,8,1.0,0.4981,0.3267,0.75,0.375,0
LOUD,Abyss,2026,astra|chamber|kayo|sova|waylay,"['astra', 'chamber', 'kayo', 'sova', 'waylay']",0,2,2,0.0,2,1.0,0.3457,1,2,1,1,1D-2I-1C-1S,2,1.0,0.3736,0.0,1.0,1.0,0
LOUD,Bind,2026,brimstone|chamber|raze|skye|viper,"['brimstone', 'chamber', 'raze', 'skye', 'viper']",0,1,1,0.0,2,0.5,0.2181,1,1,2,1,1D-1I-2C-1S,1,0.5,0.3736,0.2857,0.7,0.5,0
LOUD,Bind,2026,brimstone|fade|tejo|viper|yoru,"['brimstone', 'fade', 'tejo', 'viper', 'yoru']",0,1,1,0.0,2,0.5,0.2181,1,2,2,0,1D-2I-2C-0S,1,0.5,0.3736,0.2857,0.7,0.5,0
LOUD,Breeze,2026,astra|harbor|kayo|neon|sova,"['astra', 'harbor', 'kayo', 'neon', 'sova']",3,1,4,0.75,5,0.8,0.5064,1,2,2,0,1D-2I-2C-0S,5,1.0,0.3736,0.8056,0.92,0.8,0
LOUD,Breeze,2026,astra|jett|kayo|sova|viper,"['astra', 'jett', 'kayo', 'sova', 'viper']",1,0,1,1.0,5,0.2,0.2181,1,2,2,0,1D-2I-2C-0S,5,1.0,0.3736,0.8056,0.68,0.2,0
LOUD,Haven,2026,killjoy|neon|omen|sova|viper,"['killjoy', 'neon', 'omen', 'sova', 'viper']",0,2,2,0.0,5,0.4,0.3457,1,1,2,1,1D-1I-2C-1S,5,1.0,0.3736,0.3611,0.88,0.4,0
LOUD,Haven,2026,neon|omen|sova|viper|vyse,"['neon', 'omen', 'sova', 'viper', 'vyse']",1,2,3,0.3333333333333333,5,0.6,0.4362,1,1,2,1,1D-1I-2C-1S,5,1.0,0.3736,0.3611,0.92,0.6,0
LOUD,Lotus,2026,fade|neon|omen|viper|vyse,"['fade', 'neon', 'omen', 'viper', 'vyse']",1,1,2,0.5,2,1.0,0.3457,1,1,2,1,1D-1I-2C-1S,2,1.0,0.3736,0.4524,1.0,1.0,0
LOUD,Pearl,2026,astra|chamber|kayo|neon|sova,"['astra', 'chamber', 'kayo', 'neon', 'sova']",1,1,2,0.5,3,0.6667,0.3457,1,2,1,1,1D-2I-1C-1S,3,1.0,0.3736,0.25,0.7333,0.6667,0
LOUD,Pearl,2026,astra|fade|killjoy|tejo|yoru,"['astra', 'fade', 'killjoy', 'tejo', 'yoru']",0,1,1,0.0,3,0.3333,0.2181,1,2,1,1,1D-2I-1C-1S,3,1.0,0.3736,0.25,0.4667,0.3333,0
LOUD,Split,2026,cypher|neon|omen|skye|viper,"['cypher', 'neon', 'omen', 'skye', 'viper']",0,3,3,0.0,3,1.0,0.4362,1,1,2,1,1D-1I-2C-1S,3,1.0,0.3736,0.2667,1.0,1.0,0
MIBR,Abyss,2026,astra|jett|kayo|omen|sova,"['astra', 'jett', 'kayo', 'omen', 'sova']",1,3,4,0.25,4,1.0,0.5064,1,2,2,0,1D-2I-2C-0S,4,1.0,0.4074,0.4107,1.0,1.0,0
MIBR,Ascent,2026,jett|omen|sage|sova|vyse,"['jett', 'omen', 'sage', 'sova', 'vyse']",0,1,1,0.0,1,1.0,0.2181,1,1,1,2,1D-1I-1C-2S,1,1.0,0.4074,0.0833,1.0,1.0,0
MIBR,Bind,2026,brimstone|fade|raze|viper|yoru,"['brimstone', 'fade', 'raze', 'viper', 'yoru']",2,0,2,1.0,3,0.6667,0.3457,2,1,2,0,2D-1I-2C-0S,3,1.0,0.4074,0.4375,0.8,0.6667,0
MIBR,Bind,2026,harbor|neon|raze|skye|viper,"['harbor', 'neon', 'raze', 'skye', 'viper']",0,1,1,0.0,3,0.3333,0.2181,2,1,2,0,2D-1I-2C-0S,3,1.0,0.4074,0.4375,0.6,0.3333,0
MIBR,Breeze,2026,astra|harbor|jett|neon|skye,"['astra', 'harbor', 'jett', 'neon', 'skye']",1,2,3,0.3333333333333333,6,0.5,0.4362,2,1,2,0,2D-1I-2C-0S,6,1.0,0.4074,0.5556,0.7,0.5,0
MIBR,Breeze,2026,astra|jett|sova|viper|yoru,"['astra', 'jett', 'sova', 'viper', 'yoru']",2,1,3,0.6666666666666666,6,0.5,0.4362,2,1,2,0,2D-1I-2C-0S,6,1.0,0.4074,0.5556,0.7,0.5,0
MIBR,Corrode,2026,kayo|omen|sova|viper|waylay,"['kayo', 'omen', 'sova', 'viper', 'waylay']",2,1,3,0.6666666666666666,3,1.0,0.4362,1,2,2,0,1D-2I-2C-0S,3,1.0,0.4074,0.8056,1.0,1.0,0
MIBR,Fracture,2026,brimstone|cypher|jett|neon|skye,"['brimstone', 'cypher', 'jett', 'neon', 'skye']",1,1,2,0.5,2,1.0,0.3457,2,1,1,1,2D-1I-1C-1S,2,1.0,0.4074,0.5,1.0,1.0,0
MIBR,Haven,2026,chamber|fade|jett|omen|phoenix,"['chamber', 'fade', 'jett', 'omen', 'phoenix']",2,1,3,0.6666666666666666,6,0.5,0.4362,2,1,1,1,2D-1I-1C-1S,3,0.5,0.4074,0.3472,0.6,0.5,0
MIBR,Haven,2026,killjoy|neon|omen|sova|viper,"['killjoy', 'neon', 'omen', 'sova', 'viper']",0,3,3,0.0,6,0.5,0.4362,1,1,2,1,1D-1I-2C-1S,3,0.5,0.4074,0.3472,0.6,0.5,0
MIBR,Lotus,2026,fade|neon|omen|raze|vyse,"['fade', 'neon', 'omen', 'raze', 'vyse']",1,0,1,1.0,1,1.0,0.2181,2,1,1,1,2D-1I-1C-1S,1,1.0,0.4074,0.4167,1.0,1.0,0
MIBR,Split,2026,astra|fade|neon|raze|vyse,"['astra', 'fade', 'neon', 'raze', 'vyse']",2,2,4,0.5,7,0.5714,0.5064,2,1,1,1,2D-1I-1C-1S,4,0.5714,0.4074,0.4306,0.7429,0.5714,0
MIBR,Split,2026,fade|omen|raze|viper|yoru,"['fade', 'omen', 'raze', 'viper', 'yoru']",1,2,3,0.3333333333333333,7,0.4286,0.4362,2,1,2,0,2D-1I-2C-0S,3,0.4286,0.4074,0.4306,0.6571,0.4286,0
Mega Minors,Abyss,2026,omen|sova|tejo|viper|waylay,"['omen', 'sova', 'tejo', 'viper', 'waylay']",5,2,7,0.7142857142857143,7,1.0,0.6543,1,2,2,0,1D-2I-2C-0S,7,1.0,0.484,0.6571,1.0,1.0,0
Mega Minors,Ascent,2026,jett|omen|sage|sova|vyse,"['jett', 'omen', 'sage', 'sova', 'vyse']",0,1,1,0.0,1,1.0,0.2181,1,1,1,2,1D-1I-1C-2S,1,1.0,0.484,0.1667,1.0,1.0,0
Mega Minors,Bind,2026,brimstone|fade|raze|viper|yoru,"['brimstone', 'fade', 'raze', 'viper', 'yoru']",1,1,2,0.5,3,0.6667,0.3457,2,1,2,0,2D-1I-2C-0S,2,0.6667,0.484,0.2778,0.8,0.6667,0
Mega Minors,Bind,2026,brimstone|skye|tejo|viper|waylay,"['brimstone', 'skye', 'tejo', 'viper', 'waylay']",0,1,1,0.0,3,0.3333,0.2181,1,2,2,0,1D-2I-2C-0S,1,0.3333,0.484,0.2778,0.6,0.3333,0
Mega Minors,Breeze,2026,astra|neon|sova|viper|yoru,"['astra', 'neon', 'sova', 'viper', 'yoru']",1,1,2,0.5,9,0.2222,0.3457,2,1,2,0,2D-1I-2C-0S,4,0.4444,0.484,0.6,0.5778,0.2222,0
Mega Minors,Breeze,2026,harbor|jett|kayo|sova|viper,"['harbor', 'jett', 'kayo', 'sova', 'viper']",4,1,5,0.8,9,0.5556,0.5638,1,2,2,0,1D-2I-2C-0S,5,0.5556,0.484,0.6,0.7778,0.5556,0
Mega Minors,Breeze,2026,jett|omen|sova|viper|yoru,"['jett', 'omen', 'sova', 'viper', 'yoru']",1,1,2,0.5,9,0.2222,0.3457,2,1,2,0,2D-1I-2C-0S,4,0.4444,0.484,0.6,0.6889,0.2222,0
Mega Minors,Corrode,2026,kayo|omen|sova|viper|waylay,"['kayo', 'omen', 'sova', 'viper', 'waylay']",1,1,2,0.5,3,0.6667,0.3457,1,2,2,0,1D-2I-2C-0S,3,1.0,0.484,0.5,0.9333,0.6667,0
Mega Minors,Corrode,2026,omen|skye|sova|viper|waylay,"['omen', 'skye', 'sova', 'viper', 'waylay']",0,1,1,0.0,3,0.3333,0.2181,1,2,2,0,1D-2I-2C-0S,3,1.0,0.484,0.5,0.8667,0.3333,0
Mega Minors,Fracture,2026,brimstone|cypher|fade|phoenix|waylay,"['brimstone', 'cypher', 'fade', 'phoenix', 'waylay']",3,0,3,1.0,3,1.0,0.4362,2,1,1,1,2D-1I-1C-1S,3,1.0,0.484,0.5,1.0,1.0,0
Mega Minors,Haven,2026,cypher|neon|omen|phoenix|sova,"['cypher', 'neon', 'omen', 'phoenix', 'sova']",3,0,3,1.0,7,0.4286,0.4362,2,1,1,1,2D-1I-1C-1S,3,0.4286,0.484,0.6357,0.7714,0.4286,0
Mega Minors,Haven,2026,killjoy|neon|omen|sova|viper,"['killjoy', 'neon', 'omen', 'sova', 'viper']",3,1,4,0.75,7,0.5714,0.5064,1,1,2,1,1D-1I-2C-1S,4,0.5714,0.484,0.6357,0.8286,0.5714,0
Mega Minors,Lotus,2026,fade|neon|omen|viper|vyse,"['fade', 'neon', 'omen', 'viper', 'vyse']",3,2,5,0.6,5,1.0,0.5638,1,1,2,1,1D-1I-2C-1S,5,1.0,0.484,0.4556,1.0,1.0,0
Mega Minors,Pearl,2026,astra|killjoy|neon|sova|tejo,"['astra', 'killjoy', 'neon', 'sova', 'tejo']",1,3,4,0.25,11,0.3636,0.5064,1,2,1,1,1D-2I-1C-1S,11,1.0,0.484,0.6518,0.8727,0.3636,0
Mega Minors,Pearl,2026,astra|killjoy|sova|tejo|waylay,"['astra', 'killjoy', 'sova', 'tejo', 'waylay']",6,1,7,0.8571428571428571,11,0.6364,0.6543,1,2,1,1,1D-2I-1C-1S,11,1.0,0.484,0.6518,0.9273,0.6364,0
Mega Minors,Split,2026,astra|skye|tejo|viper|waylay,"['astra', 'skye', 'tejo', 'viper', 'waylay']",1,2,3,0.3333333333333333,8,0.375,0.4362,1,2,2,0,1D-2I-2C-0S,3,0.375,0.484,0.2222,0.575,0.375,0
Mega Minors,Split,2026,deadlock|fade|neon|omen|viper,"['deadlock', 'fade', 'neon', 'omen', 'viper']",0,2,2,0.0,8,0.25,0.3457,1,1,2,1,1D-1I-2C-1S,5,0.625,0.484,0.2222,0.55,0.25,0
Mega Minors,Split,2026,neon|omen|skye|viper|vyse,"['neon', 'omen', 'skye', 'viper', 'vyse']",1,2,3,0.3333333333333333,8,0.375,0.4362,1,1,2,1,1D-1I-2C-1S,5,0.625,0.484,0.2222,0.675,0.375,0
Natus Vincere,Abyss,2026,astra|omen|raze|skye|tejo,"['astra', 'omen', 'raze', 'skye', 'tejo']",0,1,1,0.0,1,1.0,0.2181,1,2,2,0,1D-2I-2C-0S,1,1.0,0.4109,0.5,1.0,1.0,0
Natus Vincere,Bind,2026,brimstone|chamber|neon|skye|viper,"['brimstone', 'chamber', 'neon', 'skye', 'viper']",1,2,3,0.3333333333333333,6,0.5,0.4362,1,1,2,1,1D-1I-2C-1S,3,0.5,0.4109,0.3056,0.8,0.5,0
Natus Vincere,Bind,2026,brimstone|raze|skye|tejo|viper,"['brimstone', 'raze', 'skye', 'tejo', 'viper']",1,2,3,0.3333333333333333,6,0.5,0.4362,1,2,2,0,1D-2I-2C-0S,3,0.5,0.4109,0.3056,0.8,0.5,0
Natus Vincere,Breeze,2026,astra|neon|sova|viper|yoru,"['astra', 'neon', 'sova', 'viper', 'yoru']",1,1,2,0.5,3,0.6667,0.3457,2,1,2,0,2D-1I-2C-0S,2,0.6667,0.4109,0.5417,0.8667,0.6667,0
Natus Vincere,Breeze,2026,cypher|neon|phoenix|sova|viper,"['cypher', 'neon', 'phoenix', 'sova', 'viper']",1,0,1,1.0,3,0.3333,0.2181,2,1,1,1,2D-1I-1C-1S,1,0.3333,0.4109,0.5417,0.7333,0.3333,0
Natus Vincere,Fracture,2026,chamber|fade|neon|omen|viper,"['chamber', 'fade', 'neon', 'omen', 'viper']",1,0,1,1.0,1,1.0,0.2181,1,1,2,1,1D-1I-2C-1S,1,1.0,0.4109,0.625,1.0,1.0,0
Natus Vincere,Haven,2026,killjoy|omen|sova|viper|yoru,"['killjoy', 'omen', 'sova', 'viper', 'yoru']",1,2,3,0.3333333333333333,3,1.0,0.4362,1,1,2,1,1D-1I-2C-1S,3,1.0,0.4109,0.5,1.0,1.0,0
Natus Vincere,Lotus,2026,chamber|fade|neon|omen|viper,"['chamber', 'fade', 'neon', 'omen', 'viper']",2,2,4,0.5,4,1.0,0.5064,1,1,2,1,1D-1I-2C-1S,4,1.0,0.4109,0.1667,1.0,1.0,0
Natus Vincere,Pearl,2026,astra|chamber|neon|sova|tejo,"['astra', 'chamber', 'neon', 'sova', 'tejo']",0,2,2,0.0,2,1.0,0.3457,1,2,1,1,1D-2I-1C-1S,2,1.0,0.4109,0.1667,1.0,1.0,0
Natus Vincere,Split,2026,chamber|omen|raze|skye|viper,"['chamber', 'omen', 'raze', 'skye', 'viper']",2,1,3,0.6666666666666666,5,0.6,0.4362,1,1,2,1,1D-1I-2C-1S,3,0.6,0.4109,0.5733,0.84,0.6,0
Natus Vincere,Split,2026,fade|neon|omen|raze|viper,"['fade', 'neon', 'omen', 'raze', 'viper']",1,1,2,0.5,5,0.4,0.3457,2,1,2,0,2D-1I-2C-0S,2,0.4,0.4109,0.5733,0.76,0.4,0
Nongshim RedForce,Abyss,2026,astra|omen|sova|waylay|yoru,"['astra', 'omen', 'sova', 'waylay', 'yoru']",0,1,1,0.0,4,0.25,0.2181,2,1,2,0,2D-1I-2C-0S,1,0.25,0.5232,0.3333,0.85,0.25,0
Nongshim RedForce,Abyss,2026,cypher|omen|sova|waylay|yoru,"['cypher', 'omen', 'sova', 'waylay', 'yoru']",2,1,3,0.6666666666666666,4,0.75,0.4362,2,1,1,1,2D-1I-1C-1S,3,0.75,0.5232,0.3333,0.95,0.75,0
Nongshim RedForce,Bind,2026,brimstone|fade|neon|viper|yoru,"['brimstone', 'fade', 'neon', 'viper', 'yoru']",3,0,3,1.0,4,0.75,0.4362,2,1,2,0,2D-1I-2C-0S,4,1.0,0.5232,0.75,0.9,0.75,0
Nongshim RedForce,Bind,2026,brimstone|neon|raze|skye|viper,"['brimstone', 'neon', 'raze', 'skye', 'viper']",1,0,1,1.0,4,0.25,0.2181,2,1,2,0,2D-1I-2C-0S,4,1.0,0.5232,0.75,0.7,0.25,0
Nongshim RedForce,Breeze,2026,astra|neon|sova|viper|yoru,"['astra', 'neon', 'sova', 'viper', 'yoru']",1,0,1,1.0,4,0.25,0.2181,2,1,2,0,2D-1I-2C-0S,4,1.0,0.5232,0.8333,0.7,0.25,0
Nongshim RedForce,Breeze,2026,harbor|neon|phoenix|sova|viper,"['harbor', 'neon', 'phoenix', 'sova', 'viper']",2,1,3,0.6666666666666666,4,0.75,0.4362,2,1,2,0,2D-1I-2C-0S,4,1.0,0.5232,0.8333,0.9,0.75,0
Nongshim RedForce,Corrode,2026,fade|neon|omen|viper|yoru,"['fade', 'neon', 'omen', 'viper', 'yoru']",4,1,5,0.8,5,1.0,0.5638,2,1,2,0,2D-1I-2C-0S,5,1.0,0.5232,0.7333,1.0,1.0,0
Nongshim RedForce,Fracture,2026,breach|brimstone|cypher|neon|tejo,"['breach', 'brimstone', 'cypher', 'neon', 'tejo']",2,1,3,0.6666666666666666,3,1.0,0.4362,1,2,1,1,1D-2I-1C-1S,3,1.0,0.5232,0.3333,1.0,1.0,0
Nongshim RedForce,Haven,2026,killjoy|neon|omen|phoenix|sova,"['killjoy', 'neon', 'omen', 'phoenix', 'sova']",0,3,3,0.0,7,0.4286,0.4362,2,1,1,1,2D-1I-1C-1S,7,1.0,0.5232,0.5,0.8857,0.4286,0
Nongshim RedForce,Haven,2026,killjoy|neon|omen|sova|yoru,"['killjoy', 'neon', 'omen', 'sova', 'yoru']",4,0,4,1.0,7,0.5714,0.5064,2,1,1,1,2D-1I-1C-1S,7,1.0,0.5232,0.5,0.9143,0.5714,0
Nongshim RedForce,Lotus,2026,breach|fade|neon|omen|waylay,"['breach', 'fade', 'neon', 'omen', 'waylay']",0,2,2,0.0,2,1.0,0.3457,2,2,1,0,2D-2I-1C-0S,2,1.0,0.5232,0.4375,1.0,1.0,0
Nongshim RedForce,Pearl,2026,astra|chamber|fade|neon|phoenix,"['astra', 'chamber', 'fade', 'neon', 'phoenix']",3,0,3,1.0,3,1.0,0.4362,2,1,1,1,2D-1I-1C-1S,3,1.0,0.5232,0.9167,1.0,1.0,0
Nongshim RedForce,Split,2026,fade|neon|omen|viper|waylay,"['fade', 'neon', 'omen', 'viper', 'waylay']",0,2,2,0.0,7,0.2857,0.3457,2,1,2,0,2D-1I-2C-0S,7,1.0,0.5232,0.5125,0.8571,0.2857,0
Nongshim RedForce,Split,2026,fade|neon|omen|viper|yoru,"['fade', 'neon', 'omen', 'viper', 'yoru']",4,1,5,0.8,7,0.7143,0.5638,2,1,2,0,2D-1I-2C-0S,7,1.0,0.5232,0.5125,0.9429,0.7143,0
Nova Esports,Abyss,2026,astra|breach|tejo|veto|waylay,"['astra', 'breach', 'tejo', 'veto', 'waylay']",1,0,1,1.0,1,1.0,0.2181,1,2,1,1,1D-2I-1C-1S,1,1.0,0.3725,0.75,1.0,1.0,0
Nova Esports,Bind,2026,brimstone|chamber|neon|skye|viper,"['brimstone', 'chamber', 'neon', 'skye', 'viper']",0,1,1,0.0,1,1.0,0.2181,1,1,2,1,1D-1I-2C-1S,1,1.0,0.3725,0.35,1.0,1.0,0
Nova Esports,Breeze,2026,jett|neon|omen|sova|viper,"['jett', 'neon', 'omen', 'sova', 'viper']",0,2,2,0.0,2,1.0,0.3457,2,1,2,0,2D-1I-2C-0S,2,1.0,0.3725,0.0,1.0,1.0,0
Nova Esports,Corrode,2026,fade|kayo|neon|omen|veto,"['fade', 'kayo', 'neon', 'omen', 'veto']",0,1,1,0.0,1,1.0,0.2181,1,2,1,1,1D-2I-1C-1S,1,1.0,0.3725,0.25,1.0,1.0,0
Nova Esports,Fracture,2026,brimstone|cypher|neon|skye|waylay,"['brimstone', 'cypher', 'neon', 'skye', 'waylay']",1,1,2,0.5,2,1.0,0.3457,2,1,1,1,2D-1I-1C-1S,2,1.0,0.3725,0.4444,1.0,1.0,0
Nova Esports,Haven,2026,cypher|neon|omen|sova|yoru,"['cypher', 'neon', 'omen', 'sova', 'yoru']",0,1,1,0.0,3,0.3333,0.2181,2,1,1,1,2D-1I-1C-1S,1,0.3333,0.3725,0.1667,0.7333,0.3333,0
Nova Esports,Haven,2026,killjoy|neon|omen|sova|viper,"['killjoy', 'neon', 'omen', 'sova', 'viper']",0,2,2,0.0,3,0.6667,0.3457,1,1,2,1,1D-1I-2C-1S,2,0.6667,0.3725,0.1667,0.8667,0.6667,0
Nova Esports,Lotus,2026,cypher|fade|neon|omen|viper,"['cypher', 'fade', 'neon', 'omen', 'viper']",1,1,2,0.5,2,1.0,0.3457,1,1,2,1,1D-1I-2C-1S,2,1.0,0.3725,0.1667,1.0,1.0,0
Nova Esports,Pearl,2026,astra|fade|killjoy|neon|tejo,"['astra', 'fade', 'killjoy', 'neon', 'tejo']",0,2,2,0.0,2,1.0,0.3457,1,2,1,1,1D-2I-1C-1S,2,1.0,0.3725,0.3333,1.0,1.0,0
Nova Esports,Split,2026,fade|omen|raze|viper|vyse,"['fade', 'omen', 'raze', 'viper', 'vyse']",0,1,1,0.0,3,0.3333,0.2181,1,1,2,1,1D-1I-2C-1S,1,0.3333,0.3725,0.4167,0.7333,0.3333,0
Nova Esports,Split,2026,omen|raze|skye|viper|waylay,"['omen', 'raze', 'skye', 'viper', 'waylay']",0,2,2,0.0,3,0.6667,0.3457,2,1,2,0,2D-1I-2C-0S,2,0.6667,0.3725,0.4167,0.8667,0.6667,0
PCIFIC Esports,Abyss,2026,brimstone|kayo|omen|tejo|waylay,"['brimstone', 'kayo', 'omen', 'tejo', 'waylay']",1,2,3,0.3333333333333333,3,1.0,0.4362,1,2,2,0,1D-2I-2C-0S,3,1.0,0.2303,0.3333,1.0,1.0,0
PCIFIC Esports,Bind,2026,astra|fade|veto|viper|yoru,"['astra', 'fade', 'veto', 'viper', 'yoru']",1,0,1,1.0,1,1.0,0.2181,1,1,2,1,1D-1I-2C-1S,1,1.0,0.2303,1.0,1.0,1.0,0
PCIFIC Esports,Breeze,2026,astra|omen|sova|waylay|yoru,"['astra', 'omen', 'sova', 'waylay', 'yoru']",0,1,1,0.0,2,0.5,0.2181,2,1,2,0,2D-1I-2C-0S,1,0.5,0.2303,0.0,0.7,0.5,0
PCIFIC Esports,Breeze,2026,jett|kayo|omen|sova|viper,"['jett', 'kayo', 'omen', 'sova', 'viper']",0,1,1,0.0,2,0.5,0.2181,1,2,2,0,1D-2I-2C-0S,1,0.5,0.2303,0.0,0.7,0.5,0
PCIFIC Esports,Fracture,2026,astra|neon|skye|tejo|veto,"['astra', 'neon', 'skye', 'tejo', 'veto']",0,1,1,0.0,1,1.0,0.2181,1,2,1,1,1D-2I-1C-1S,1,1.0,0.2303,0.0,1.0,1.0,0
PCIFIC Esports,Haven,2026,chamber|neon|omen|sova|viper,"['chamber', 'neon', 'omen', 'sova', 'viper']",0,2,2,0.0,2,1.0,0.3457,1,1,2,1,1D-1I-2C-1S,2,1.0,0.2303,0.0,1.0,1.0,0
PCIFIC Esports,Lotus,2026,deadlock|fade|neon|omen|sage,"['deadlock', 'fade', 'neon', 'omen', 'sage']",0,2,2,0.0,2,1.0,0.3457,1,1,1,2,1D-1I-1C-2S,2,1.0,0.2303,0.0,1.0,1.0,0
PCIFIC Esports,Pearl,2026,astra|fade|killjoy|sage|yoru,"['astra', 'fade', 'killjoy', 'sage', 'yoru']",0,1,1,0.0,2,0.5,0.2181,1,1,1,2,1D-1I-1C-2S,1,0.5,0.2303,0.5,0.7,0.5,0
PCIFIC Esports,Pearl,2026,astra|fade|neon|raze|veto,"['astra', 'fade', 'neon', 'raze', 'veto']",1,0,1,1.0,2,0.5,0.2181,2,1,1,1,2D-1I-1C-1S,1,0.5,0.2303,0.5,0.7,0.5,0
PCIFIC Esports,Split,2026,astra|fade|neon|raze|viper,"['astra', 'fade', 'neon', 'raze', 'viper']",1,4,5,0.2,7,0.7143,0.5638,2,1,2,0,2D-1I-2C-0S,5,0.7143,0.2303,0.1,0.8286,0.7143,0
PCIFIC Esports,Split,2026,fade|kayo|omen|viper|waylay,"['fade', 'kayo', 'omen', 'viper', 'waylay']",0,2,2,0.0,7,0.2857,0.3457,1,2,2,0,1D-2I-2C-0S,2,0.2857,0.2303,0.1,0.5714,0.2857,0
Paper Rex,Abyss,2026,omen|sova|vyse|waylay|yoru,"['omen', 'sova', 'vyse', 'waylay', 'yoru']",0,1,1,0.0,1,1.0,0.2181,2,1,1,1,2D-1I-1C-1S,1,1.0,0.5164,0.3333,1.0,1.0,0
Paper Rex,Ascent,2026,omen|sage|sova|vyse|yoru,"['omen', 'sage', 'sova', 'vyse', 'yoru']",2,1,3,0.6666666666666666,3,1.0,0.4362,1,1,1,2,1D-1I-1C-2S,3,1.0,0.5164,0.5095,1.0,1.0,0
Paper Rex,Bind,2026,brimstone|fade|raze|viper|yoru,"['brimstone', 'fade', 'raze', 'viper', 'yoru']",1,2,3,0.3333333333333333,4,0.75,0.4362,2,1,2,0,2D-1I-2C-0S,3,0.75,0.5164,0.375,0.85,0.75,0
Paper Rex,Bind,2026,brimstone|gekko|harbor|raze|skye,"['brimstone', 'gekko', 'harbor', 'raze', 'skye']",0,1,1,0.0,4,0.25,0.2181,1,2,2,0,1D-2I-2C-0S,1,0.25,0.5164,0.375,0.55,0.25,0
Paper Rex,Breeze,2026,jett|neon|omen|sova|viper,"['jett', 'neon', 'omen', 'sova', 'viper']",3,2,5,0.6,13,0.3846,0.5638,2,1,2,0,2D-1I-2C-0S,13,1.0,0.5164,0.3375,0.8769,0.3846,0
Paper Rex,Breeze,2026,jett|omen|sova|viper|yoru,"['jett', 'omen', 'sova', 'viper', 'yoru']",6,2,8,0.75,13,0.6154,0.6914,2,1,2,0,2D-1I-2C-0S,13,1.0,0.5164,0.3375,0.9231,0.6154,0
Paper Rex,Corrode,2026,fade|omen|phoenix|viper|waylay,"['fade', 'omen', 'phoenix', 'viper', 'waylay']",1,2,3,0.3333333333333333,8,0.375,0.4362,2,1,2,0,2D-1I-2C-0S,3,0.375,0.5164,0.3111,0.875,0.375,0
Paper Rex,Corrode,2026,fade|omen|viper|vyse|waylay,"['fade', 'omen', 'viper', 'vyse', 'waylay']",3,2,5,0.6,8,0.625,0.5638,1,1,2,1,1D-1I-2C-1S,5,0.625,0.5164,0.3111,0.925,0.625,0
Paper Rex,Fracture,2026,breach|brimstone|killjoy|neon|raze,"['breach', 'brimstone', 'killjoy', 'neon', 'raze']",2,1,3,0.6666666666666666,3,1.0,0.4362,2,1,1,1,2D-1I-1C-1S,3,1.0,0.5164,0.7556,1.0,1.0,0
Paper Rex,Haven,2026,chamber|fade|jett|omen|phoenix,"['chamber', 'fade', 'jett', 'omen', 'phoenix']",1,1,2,0.5,8,0.25,0.3457,2,1,1,1,2D-1I-1C-1S,8,1.0,0.5164,0.3933,0.85,0.25,0
Paper Rex,Haven,2026,chamber|fade|omen|phoenix|yoru,"['chamber', 'fade', 'omen', 'phoenix', 'yoru']",4,2,6,0.6666666666666666,8,0.75,0.6123,2,1,1,1,2D-1I-1C-1S,8,1.0,0.5164,0.3933,0.95,0.75,0
Paper Rex,Lotus,2026,jett|omen|raze|skye|vyse,"['jett', 'omen', 'raze', 'skye', 'vyse']",5,1,6,0.8333333333333334,6,1.0,0.6123,2,1,1,1,2D-1I-1C-1S,6,1.0,0.5164,0.6476,1.0,1.0,0
Paper Rex,Pearl,2026,astra|chamber|neon|sova|yoru,"['astra', 'chamber', 'neon', 'sova', 'yoru']",2,1,3,0.6666666666666666,10,0.3,0.4362,2,1,1,1,2D-1I-1C-1S,10,1.0,0.5164,0.4861,0.68,0.3,0
Paper Rex,Pearl,2026,astra|fade|jett|phoenix|vyse,"['astra', 'fade', 'jett', 'phoenix', 'vyse']",2,1,3,0.6666666666666666,10,0.3,0.4362,2,1,1,1,2D-1I-1C-1S,10,1.0,0.5164,0.4861,0.52,0.3,0
Paper Rex,Pearl,2026,astra|neon|sova|vyse|yoru,"['astra', 'neon', 'sova', 'vyse', 'yoru']",1,3,4,0.25,10,0.4,0.5064,2,1,1,1,2D-1I-1C-1S,10,1.0,0.5164,0.4861,0.76,0.7,0
Paper Rex,Split,2026,fade|omen|raze|viper|yoru,"['fade', 'omen', 'raze', 'viper', 'yoru']",7,2,9,0.7777777777777778,14,0.6429,0.7245,2,1,2,0,2D-1I-2C-0S,14,1.0,0.5164,0.682,0.8571,0.6429,0
Paper Rex,Split,2026,jett|omen|raze|skye|viper,"['jett', 'omen', 'raze', 'skye', 'viper']",5,0,5,1.0,14,0.3571,0.5638,2,1,2,0,2D-1I-2C-0S,14,1.0,0.5164,0.682,0.7429,0.3571,0
Rex Regum Qeon,Abyss,2026,astra|brimstone|sova|waylay|yoru,"['astra', 'brimstone', 'sova', 'waylay', 'yoru']",1,1,2,0.5,2,1.0,0.3457,2,1,2,0,2D-1I-2C-0S,2,1.0,0.4492,0.2778,1.0,1.0,0
Rex Regum Qeon,Ascent,2026,chamber|jett|omen|sova|vyse,"['chamber', 'jett', 'omen', 'sova', 'vyse']",0,1,1,0.0,1,1.0,0.2181,1,1,1,2,1D-1I-1C-2S,1,1.0,0.4492,0.3333,1.0,1.0,0
Rex Regum Qeon,Bind,2026,brimstone|chamber|raze|skye|viper,"['brimstone', 'chamber', 'raze', 'skye', 'viper']",1,1,2,0.5,4,0.5,0.3457,1,1,2,1,1D-1I-2C-1S,2,0.5,0.4492,0.25,0.8,0.5,0
Rex Regum Qeon,Bind,2026,brimstone|neon|skye|viper|waylay,"['brimstone', 'neon', 'skye', 'viper', 'waylay']",1,1,2,0.5,4,0.5,0.3457,2,1,2,0,2D-1I-2C-0S,2,0.5,0.4492,0.25,0.8,0.5,0
Rex Regum Qeon,Breeze,2026,astra|jett|sova|viper|yoru,"['astra', 'jett', 'sova', 'viper', 'yoru']",0,3,3,0.0,6,0.5,0.4362,2,1,2,0,2D-1I-2C-0S,3,0.5,0.4492,0.3333,0.7,0.5,0
Rex Regum Qeon,Breeze,2026,harbor|kayo|neon|sova|viper,"['harbor', 'kayo', 'neon', 'sova', 'viper']",1,2,3,0.3333333333333333,6,0.5,0.4362,1,2,2,0,1D-2I-2C-0S,3,0.5,0.4492,0.3333,0.7,0.5,0
Rex Regum Qeon,Corrode,2026,chamber|fade|neon|omen|viper,"['chamber', 'fade', 'neon', 'omen', 'viper']",3,0,3,1.0,3,1.0,0.4362,1,1,2,1,1D-1I-2C-1S,3,1.0,0.4492,0.75,1.0,1.0,0
Rex Regum Qeon,Fracture,2026,brimstone|neon|raze|skye|veto,"['brimstone', 'neon', 'raze', 'skye', 'veto']",3,0,3,1.0,3,1.0,0.4362,2,1,1,1,2D-1I-1C-1S,3,1.0,0.4492,0.6667,1.0,1.0,0
Rex Regum Qeon,Haven,2026,cypher|jett|neon|omen|sova,"['cypher', 'jett', 'neon', 'omen', 'sova']",2,2,4,0.5,7,0.5714,0.5064,2,1,1,1,2D-1I-1C-1S,4,0.5714,0.4492,0.4537,0.8286,0.5714,0
Rex Regum Qeon,Haven,2026,killjoy|neon|omen|sova|viper,"['killjoy', 'neon', 'omen', 'sova', 'viper']",1,2,3,0.3333333333333333,7,0.4286,0.4362,1,1,2,1,1D-1I-2C-1S,3,0.4286,0.4492,0.4537,0.7714,0.4286,0
Rex Regum Qeon,Lotus,2026,chamber|fade|neon|omen|viper,"['chamber', 'fade', 'neon', 'omen', 'viper']",3,0,3,1.0,3,1.0,0.4362,1,1,2,1,1D-1I-2C-1S,3,1.0,0.4492,0.4286,1.0,1.0,0
Rex Regum Qeon,Pearl,2026,astra|chamber|kayo|neon|sova,"['astra', 'chamber', 'kayo', 'neon', 'sova']",0,3,3,0.0,6,0.5,0.4362,1,2,1,1,1D-2I-1C-1S,6,1.0,0.4492,0.3333,0.9,0.5,0
Rex Regum Qeon,Pearl,2026,astra|chamber|neon|sova|tejo,"['astra', 'chamber', 'neon', 'sova', 'tejo']",1,2,3,0.3333333333333333,6,0.5,0.4362,1,2,1,1,1D-2I-1C-1S,6,1.0,0.4492,0.3333,0.9,0.5,0
Rex Regum Qeon,Split,2026,neon|omen|skye|viper|waylay,"['neon', 'omen', 'skye', 'viper', 'waylay']",1,1,2,0.5,2,1.0,0.3457,2,1,2,0,2D-1I-2C-0S,2,1.0,0.4492,0.7333,1.0,1.0,0
Sentinels,Abyss,2026,astra|breach|tejo|waylay|yoru,"['astra', 'breach', 'tejo', 'waylay', 'yoru']",1,0,1,1.0,1,1.0,0.2181,2,2,1,0,2D-2I-1C-0S,1,1.0,0.421,0.4375,1.0,1.0,0
Sentinels,Bind,2026,brimstone|chamber|skye|viper|waylay,"['brimstone', 'chamber', 'skye', 'viper', 'waylay']",0,1,1,0.0,2,0.5,0.2181,1,1,2,1,1D-1I-2C-1S,1,0.5,0.421,0.3981,0.7,0.5,0
Sentinels,Bind,2026,harbor|neon|raze|skye|viper,"['harbor', 'neon', 'raze', 'skye', 'viper']",1,0,1,1.0,2,0.5,0.2181,2,1,2,0,2D-1I-2C-0S,1,0.5,0.421,0.3981,0.7,0.5,0
Sentinels,Breeze,2026,astra|neon|skye|viper|yoru,"['astra', 'neon', 'skye', 'viper', 'yoru']",0,1,1,0.0,4,0.25,0.2181,2,1,2,0,2D-1I-2C-0S,4,1.0,0.421,0.2222,0.55,0.25,0
Sentinels,Breeze,2026,harbor|iso|neon|sova|viper,"['harbor', 'iso', 'neon', 'sova', 'viper']",2,1,3,0.6666666666666666,4,0.75,0.4362,2,1,2,0,2D-1I-2C-0S,4,1.0,0.421,0.2222,0.85,0.75,0
Sentinels,Corrode,2026,fade|neon|omen|viper|waylay,"['fade', 'neon', 'omen', 'viper', 'waylay']",0,2,2,0.0,2,1.0,0.3457,2,1,2,0,2D-1I-2C-0S,2,1.0,0.421,0.4,1.0,1.0,0
Sentinels,Fracture,2026,brimstone|cypher|fade|neon|raze,"['brimstone', 'cypher', 'fade', 'neon', 'raze']",0,1,1,0.0,1,1.0,0.2181,2,1,1,1,2D-1I-1C-1S,1,1.0,0.421,0.0,1.0,1.0,0
Sentinels,Haven,2026,killjoy|neon|omen|sova|viper,"['killjoy', 'neon', 'omen', 'sova', 'viper']",2,1,3,0.6666666666666666,3,1.0,0.4362,1,1,2,1,1D-1I-2C-1S,3,1.0,0.421,0.431,1.0,1.0,0
Sentinels,Lotus,2026,fade|neon|omen|raze|veto,"['fade', 'neon', 'omen', 'raze', 'veto']",0,2,2,0.0,2,1.0,0.3457,2,1,1,1,2D-1I-1C-1S,2,1.0,0.421,0.506,1.0,1.0,0
Sentinels,Pearl,2026,astra|killjoy|sova|waylay|yoru,"['astra', 'killjoy', 'sova', 'waylay', 'yoru']",1,0,1,1.0,1,1.0,0.2181,2,1,1,1,2D-1I-1C-1S,1,1.0,0.421,0.85,1.0,1.0,0
Sentinels,Split,2026,fade|omen|viper|waylay|yoru,"['fade', 'omen', 'viper', 'waylay', 'yoru']",0,2,2,0.0,4,0.5,0.3457,2,1,2,0,2D-1I-2C-0S,2,0.5,0.421,0.4833,0.7,0.5,0
Sentinels,Split,2026,neon|omen|sage|skye|viper,"['neon', 'omen', 'sage', 'skye', 'viper']",1,1,2,0.5,4,0.5,0.3457,1,1,2,1,1D-1I-2C-1S,2,0.5,0.421,0.4833,0.7,0.5,0
T1,Abyss,2026,astra|sova|tejo|waylay|yoru,"['astra', 'sova', 'tejo', 'waylay', 'yoru']",1,0,1,1.0,1,1.0,0.2181,2,2,1,0,2D-2I-1C-0S,1,1.0,0.4741,0.3333,1.0,1.0,0
T1,Ascent,2026,jett|kayo|killjoy|omen|sova,"['jett', 'kayo', 'killjoy', 'omen', 'sova']",1,0,1,1.0,1,1.0,0.2181,1,2,1,1,1D-2I-1C-1S,1,1.0,0.4741,0.4933,1.0,1.0,0
T1,Bind,2026,brimstone|chamber|neon|skye|viper,"['brimstone', 'chamber', 'neon', 'skye', 'viper']",1,1,2,0.5,6,0.3333,0.3457,1,1,2,1,1D-1I-2C-1S,2,0.3333,0.4741,0.6095,0.6,0.3333,0
T1,Bind,2026,brimstone|fade|viper|waylay|yoru,"['brimstone', 'fade', 'viper', 'waylay', 'yoru']",4,0,4,1.0,6,0.6667,0.5064,2,1,2,0,2D-1I-2C-0S,4,0.6667,0.4741,0.6095,0.8,0.6667,0
T1,Breeze,2026,astra|jett|sova|viper|yoru,"['astra', 'jett', 'sova', 'viper', 'yoru']",2,3,5,0.4,8,0.625,0.5638,2,1,2,0,2D-1I-2C-0S,5,0.625,0.4741,0.5556,0.775,0.625,0
T1,Breeze,2026,harbor|kayo|neon|sova|viper,"['harbor', 'kayo', 'neon', 'sova', 'viper']",2,1,3,0.6666666666666666,8,0.375,0.4362,1,2,2,0,1D-2I-2C-0S,3,0.375,0.4741,0.5556,0.625,0.375,0
T1,Corrode,2026,fade|omen|viper|waylay|yoru,"['fade', 'omen', 'viper', 'waylay', 'yoru']",0,1,1,0.0,1,1.0,0.2181,2,1,2,0,2D-1I-2C-0S,1,1.0,0.4741,0.2222,1.0,1.0,0
T1,Haven,2026,chamber|neon|omen|phoenix|sova,"['chamber', 'neon', 'omen', 'phoenix', 'sova']",3,0,3,1.0,7,0.4286,0.4362,2,1,1,1,2D-1I-1C-1S,5,0.7143,0.4741,0.6583,0.7714,0.4286,0
T1,Haven,2026,iso|killjoy|neon|omen|sova,"['iso', 'killjoy', 'neon', 'omen', 'sova']",1,1,2,0.5,7,0.2857,0.3457,2,1,1,1,2D-1I-1C-1S,5,0.7143,0.4741,0.6583,0.7714,0.2857,0
T1,Haven,2026,killjoy|neon|omen|sova|viper,"['killjoy', 'neon', 'omen', 'sova', 'viper']",1,1,2,0.5,7,0.2857,0.3457,1,1,2,1,1D-1I-2C-1S,2,0.2857,0.4741,0.6583,0.7714,0.2857,0
T1,Lotus,2026,fade|killjoy|neon|omen|viper,"['fade', 'killjoy', 'neon', 'omen', 'viper']",2,2,4,0.5,4,1.0,0.5064,1,1,2,1,1D-1I-2C-1S,4,1.0,0.4741,0.4643,1.0,1.0,0
T1,Pearl,2026,astra|chamber|killjoy|neon|skye,"['astra', 'chamber', 'killjoy', 'neon', 'skye']",4,1,5,0.8,8,0.625,0.5638,1,1,1,2,1D-1I-1C-2S,5,0.625,0.4741,0.7667,0.85,0.625,0
T1,Pearl,2026,astra|killjoy|neon|sova|yoru,"['astra', 'killjoy', 'neon', 'sova', 'yoru']",2,1,3,0.6666666666666666,8,0.375,0.4362,2,1,1,1,2D-1I-1C-1S,3,0.375,0.4741,0.7667,0.75,0.375,0
T1,Split,2026,fade|neon|omen|raze|viper,"['fade', 'neon', 'omen', 'raze', 'viper']",0,1,1,0.0,5,0.2,0.2181,2,1,2,0,2D-1I-2C-0S,5,1.0,0.4741,0.25,0.84,0.2,0
T1,Split,2026,fade|omen|raze|viper|yoru,"['fade', 'omen', 'raze', 'viper', 'yoru']",3,1,4,0.75,5,0.8,0.5064,2,1,2,0,2D-1I-2C-0S,5,1.0,0.4741,0.25,0.96,0.8,0
TYLOO,Abyss,2026,astra|sova|veto|waylay|yoru,"['astra', 'sova', 'veto', 'waylay', 'yoru']",1,1,2,0.5,2,1.0,0.3457,2,1,1,1,2D-1I-1C-1S,2,1.0,0.4371,0.25,1.0,1.0,0
TYLOO,Bind,2026,brimstone|fade|raze|viper|yoru,"['brimstone', 'fade', 'raze', 'viper', 'yoru']",1,1,2,0.5,6,0.3333,0.3457,2,1,2,0,2D-1I-2C-0S,6,1.0,0.4371,0.65,0.6,0.3333,0
TYLOO,Bind,2026,brimstone|neon|skye|viper|waylay,"['brimstone', 'neon', 'skye', 'viper', 'waylay']",3,1,4,0.75,6,0.6667,0.5064,2,1,2,0,2D-1I-2C-0S,6,1.0,0.4371,0.65,0.8,0.6667,0
TYLOO,Breeze,2026,astra|jett|kayo|sova|viper,"['astra', 'jett', 'kayo', 'sova', 'viper']",3,0,3,1.0,4,0.75,0.4362,1,2,2,0,1D-2I-2C-0S,3,0.75,0.4371,1.0,0.95,0.75,0
TYLOO,Breeze,2026,astra|jett|sova|viper|yoru,"['astra', 'jett', 'sova', 'viper', 'yoru']",1,0,1,1.0,4,0.25,0.2181,2,1,2,0,2D-1I-2C-0S,1,0.25,0.4371,1.0,0.85,0.25,0
TYLOO,Corrode,2026,fade|neon|omen|viper|yoru,"['fade', 'neon', 'omen', 'viper', 'yoru']",2,2,4,0.5,4,1.0,0.5064,2,1,2,0,2D-1I-2C-0S,4,1.0,0.4371,0.5833,1.0,1.0,0
TYLOO,Fracture,2026,brimstone|cypher|neon|skye|tejo,"['brimstone', 'cypher', 'neon', 'skye', 'tejo']",3,1,4,0.75,4,1.0,0.5064,1,2,1,1,1D-2I-1C-1S,4,1.0,0.4371,0.4722,1.0,1.0,0
TYLOO,Haven,2026,cypher|neon|omen|sova|waylay,"['cypher', 'neon', 'omen', 'sova', 'waylay']",2,3,5,0.4,8,0.625,0.5638,2,1,1,1,2D-1I-1C-1S,5,0.625,0.4371,0.38,0.85,0.625,0
TYLOO,Haven,2026,killjoy|neon|omen|sova|viper,"['killjoy', 'neon', 'omen', 'sova', 'viper']",2,1,3,0.6666666666666666,8,0.375,0.4362,1,1,2,1,1D-1I-2C-1S,3,0.375,0.4371,0.38,0.75,0.375,0
TYLOO,Pearl,2026,astra|cypher|fade|neon|phoenix,"['astra', 'cypher', 'fade', 'neon', 'phoenix']",0,4,4,0.0,6,0.6667,0.5064,2,1,1,1,2D-1I-1C-1S,6,1.0,0.4371,0.125,0.8,0.6667,0
TYLOO,Pearl,2026,astra|killjoy|neon|sova|yoru,"['astra', 'killjoy', 'neon', 'sova', 'yoru']",1,1,2,0.5,6,0.3333,0.3457,2,1,1,1,2D-1I-1C-1S,6,1.0,0.4371,0.125,0.6,0.3333,0
TYLOO,Split,2026,fade|omen|viper|waylay|yoru,"['fade', 'omen', 'viper', 'waylay', 'yoru']",2,1,3,0.6666666666666666,7,0.4286,0.4362,2,1,2,0,2D-1I-2C-0S,7,1.0,0.4371,0.4583,0.7714,0.4286,0
TYLOO,Split,2026,neon|omen|skye|viper|waylay,"['neon', 'omen', 'skye', 'viper', 'waylay']",2,2,4,0.5,7,0.5714,0.5064,2,1,2,0,2D-1I-2C-0S,7,1.0,0.4371,0.4583,0.8286,0.5714,0
Team Heretics,Abyss,2026,astra|cypher|jett|kayo|sova,"['astra', 'cypher', 'jett', 'kayo', 'sova']",0,3,3,0.0,3,1.0,0.4362,1,2,1,1,1D-2I-1C-1S,3,1.0,0.553,0.3571,1.0,1.0,0
Team Heretics,Ascent,2026,cypher|jett|neon|omen|sova,"['cypher', 'jett', 'neon', 'omen', 'sova']",4,0,4,1.0,4,1.0,0.5064,2,1,1,1,2D-1I-1C-1S,4,1.0,0.553,0.6852,1.0,1.0,0
Team Heretics,Bind,2026,astra|chamber|neon|skye|viper,"['astra', 'chamber', 'neon', 'skye', 'viper']",0,2,2,0.0,5,0.4,0.3457,1,1,2,1,1D-1I-2C-1S,2,0.4,0.553,0.6515,0.52,0.4,0
Team Heretics,Bind,2026,brimstone|fade|gekko|viper|waylay,"['brimstone', 'fade', 'gekko', 'viper', 'waylay']",1,2,3,0.3333333333333333,5,0.6,0.4362,1,2,2,0,1D-2I-2C-0S,3,0.6,0.553,0.6515,0.68,0.6,0
Team Heretics,Breeze,2026,chamber|neon|sage|sova|viper,"['chamber', 'neon', 'sage', 'sova', 'viper']",3,1,4,0.75,4,1.0,0.5064,1,1,1,2,1D-1I-1C-2S,4,1.0,0.553,0.4167,1.0,1.0,0
Team Heretics,Corrode,2026,brimstone|fade|jett|tejo|viper,"['brimstone', 'fade', 'jett', 'tejo', 'viper']",1,0,1,1.0,1,1.0,0.2181,1,2,2,0,1D-2I-2C-0S,1,1.0,0.553,0.8333,1.0,1.0,0
Team Heretics,Fracture,2026,brimstone|cypher|fade|neon|raze,"['brimstone', 'cypher', 'fade', 'neon', 'raze']",4,1,5,0.8,5,1.0,0.5638,2,1,1,1,2D-1I-1C-1S,5,1.0,0.553,0.4333,1.0,1.0,0
Team Heretics,Haven,2026,cypher|jett|neon|omen|sova,"['cypher', 'jett', 'neon', 'omen', 'sova']",1,2,3,0.3333333333333333,8,0.375,0.4362,2,1,1,1,2D-1I-1C-1S,8,1.0,0.553,0.5333,0.875,0.375,0
Team Heretics,Haven,2026,cypher|neon|omen|sova|yoru,"['cypher', 'neon', 'omen', 'sova', 'yoru']",4,1,5,0.8,8,0.625,0.5638,2,1,1,1,2D-1I-1C-1S,8,1.0,0.553,0.5333,0.925,0.625,0
Team Heretics,Lotus,2026,fade|neon|omen|raze|vyse,"['fade', 'neon', 'omen', 'raze', 'vyse']",6,3,9,0.6666666666666666,9,1.0,0.7245,2,1,1,1,2D-1I-1C-1S,9,1.0,0.553,0.5532,1.0,1.0,0
Team Heretics,Pearl,2026,astra|chamber|jett|neon|skye,"['astra', 'chamber', 'jett', 'neon', 'skye']",1,3,4,0.25,4,1.0,0.5064,2,1,1,1,2D-1I-1C-1S,4,1.0,0.553,0.5625,1.0,1.0,0
Team Heretics,Split,2026,astra|fade|neon|raze|vyse,"['astra', 'fade', 'neon', 'raze', 'vyse']",2,0,2,1.0,3,0.6667,0.3457,2,1,1,1,2D-1I-1C-1S,2,0.6667,0.553,0.4325,0.8,0.6667,0
Team Heretics,Split,2026,fade|omen|raze|viper|yoru,"['fade', 'omen', 'raze', 'viper', 'yoru']",0,1,1,0.0,3,0.3333,0.2181,2,1,2,0,2D-1I-2C-0S,1,0.3333,0.553,0.4325,0.6,0.3333,0
Team Liquid,Abyss,2026,astra|harbor|neon|skye|yoru,"['astra', 'harbor', 'neon', 'skye', 'yoru']",0,1,1,0.0,4,0.25,0.2181,2,1,2,0,2D-1I-2C-0S,1,0.25,0.4583,0.4722,0.4,0.25,0
Team Liquid,Abyss,2026,cypher|neon|omen|sova|waylay,"['cypher', 'neon', 'omen', 'sova', 'waylay']",2,1,3,0.6666666666666666,4,0.75,0.4362,2,1,1,1,2D-1I-1C-1S,3,0.75,0.4583,0.4722,0.8,0.75,0
Team Liquid,Ascent,2026,cypher|neon|omen|phoenix|sova,"['cypher', 'neon', 'omen', 'phoenix', 'sova']",1,1,2,0.5,2,1.0,0.3457,2,1,1,1,2D-1I-1C-1S,2,1.0,0.4583,0.5333,1.0,1.0,0
Team Liquid,Bind,2026,brimstone|neon|phoenix|skye|viper,"['brimstone', 'neon', 'phoenix', 'skye', 'viper']",2,0,2,1.0,7,0.2857,0.3457,2,1,2,0,2D-1I-2C-0S,7,1.0,0.4583,0.7143,0.8571,0.2857,0
Team Liquid,Bind,2026,brimstone|neon|skye|viper|waylay,"['brimstone', 'neon', 'skye', 'viper', 'waylay']",4,1,5,0.8,7,0.7143,0.5638,2,1,2,0,2D-1I-2C-0S,7,1.0,0.4583,0.7143,0.9429,0.7143,0
Team Liquid,Breeze,2026,kayo|neon|omen|sova|viper,"['kayo', 'neon', 'omen', 'sova', 'viper']",0,1,1,0.0,8,0.125,0.2181,1,2,2,0,1D-2I-2C-0S,1,0.125,0.4583,0.2381,0.825,0.125,1
Team Liquid,Breeze,2026,neon|omen|sova|viper|yoru,"['neon', 'omen', 'sova', 'viper', 'yoru']",5,2,7,0.7142857142857143,8,0.875,0.6543,2,1,2,0,2D-1I-2C-0S,7,0.875,0.4583,0.2381,0.975,0.875,0
Team Liquid,Corrode,2026,kayo|neon|omen|sova|waylay,"['kayo', 'neon', 'omen', 'sova', 'waylay']",1,3,4,0.25,4,1.0,0.5064,2,2,1,0,2D-2I-1C-0S,4,1.0,0.4583,0.1944,1.0,1.0,0
Team Liquid,Fracture,2026,breach|brimstone|killjoy|neon|raze,"['breach', 'brimstone', 'killjoy', 'neon', 'raze']",0,1,1,0.0,1,1.0,0.2181,2,1,1,1,2D-1I-1C-1S,1,1.0,0.4583,0.3556,1.0,1.0,0
Team Liquid,Haven,2026,killjoy|neon|omen|phoenix|skye,"['killjoy', 'neon', 'omen', 'phoenix', 'skye']",1,1,2,0.5,2,1.0,0.3457,2,1,1,1,2D-1I-1C-1S,2,1.0,0.4583,0.5,1.0,1.0,0
Team Liquid,Lotus,2026,cypher|fade|neon|omen|raze,"['cypher', 'fade', 'neon', 'omen', 'raze']",2,1,3,0.6666666666666666,3,1.0,0.4362,2,1,1,1,2D-1I-1C-1S,3,1.0,0.4583,0.4583,1.0,1.0,0
Team Liquid,Pearl,2026,astra|fade|killjoy|neon|phoenix,"['astra', 'fade', 'killjoy', 'neon', 'phoenix']",2,1,3,0.6666666666666666,7,0.4286,0.4362,2,1,1,1,2D-1I-1C-1S,6,0.8571,0.4583,0.2667,0.6286,0.4286,0
Team Liquid,Pearl,2026,brimstone|fade|killjoy|waylay|yoru,"['brimstone', 'fade', 'killjoy', 'waylay', 'yoru']",2,1,3,0.6666666666666666,7,0.4286,0.4362,2,1,1,1,2D-1I-1C-1S,6,0.8571,0.4583,0.2667,0.6286,0.4286,0
Team Liquid,Pearl,2026,harbor|neon|skye|viper|waylay,"['harbor', 'neon', 'skye', 'viper', 'waylay']",0,1,1,0.0,7,0.1429,0.2181,2,1,2,0,2D-1I-2C-0S,1,0.1429,0.4583,0.2667,0.3143,0.1429,3
Team Liquid,Split,2026,astra|fade|raze|viper|yoru,"['astra', 'fade', 'raze', 'viper', 'yoru']",1,2,3,0.3333333333333333,7,0.4286,0.4362,2,1,2,0,2D-1I-2C-0S,7,1.0,0.4583,0.5855,0.7143,0.4286,0
Team Liquid,Split,2026,astra|neon|raze|skye|viper,"['astra', 'neon', 'raze', 'skye', 'viper']",2,1,3,0.6666666666666666,7,0.4286,0.4362,2,1,2,0,2D-1I-2C-0S,7,1.0,0.4583,0.5855,0.7714,0.5714,0
Team Liquid,Split,2026,neon|omen|skye|viper|waylay,"['neon', 'omen', 'skye', 'viper', 'waylay']",1,0,1,1.0,7,0.1429,0.2181,2,1,2,0,2D-1I-2C-0S,7,1.0,0.4583,0.5855,0.4857,0.1429,2
Team Secret,Abyss,2026,astra|jett|sova|vyse|yoru,"['astra', 'jett', 'sova', 'vyse', 'yoru']",0,1,1,0.0,1,1.0,0.2181,2,1,1,1,2D-1I-1C-1S,1,1.0,0.371,0.3333,1.0,1.0,0
Team Secret,Bind,2026,brimstone|fade|raze|viper|yoru,"['brimstone', 'fade', 'raze', 'viper', 'yoru']",1,1,2,0.5,2,1.0,0.3457,2,1,2,0,2D-1I-2C-0S,2,1.0,0.371,0.75,1.0,1.0,0
Team Secret,Breeze,2026,astra|kayo|neon|sova|viper,"['astra', 'kayo', 'neon', 'sova', 'viper']",1,2,3,0.3333333333333333,3,1.0,0.4362,1,2,2,0,1D-2I-2C-0S,3,1.0,0.371,0.381,1.0,1.0,0
Team Secret,Fracture,2026,brimstone|cypher|neon|skye|tejo,"['brimstone', 'cypher', 'neon', 'skye', 'tejo']",1,1,2,0.5,2,1.0,0.3457,1,2,1,1,1D-2I-1C-1S,2,1.0,0.371,0.25,1.0,1.0,0
Team Secret,Haven,2026,killjoy|neon|omen|sova|viper,"['killjoy', 'neon', 'omen', 'sova', 'viper']",0,1,1,0.0,1,1.0,0.2181,1,1,2,1,1D-1I-2C-1S,1,1.0,0.371,0.0,1.0,1.0,0
Team Secret,Lotus,2026,fade|neon|omen|viper|vyse,"['fade', 'neon', 'omen', 'viper', 'vyse']",0,2,2,0.0,2,1.0,0.3457,1,1,2,1,1D-1I-2C-1S,2,1.0,0.371,0.3381,1.0,1.0,0
Team Secret,Pearl,2026,astra|chamber|killjoy|neon|skye,"['astra', 'chamber', 'killjoy', 'neon', 'skye']",0,2,2,0.0,2,1.0,0.3457,1,1,1,2,1D-1I-1C-2S,2,1.0,0.371,0.1667,1.0,1.0,0
Team Secret,Split,2026,cypher|neon|omen|skye|viper,"['cypher', 'neon', 'omen', 'skye', 'viper']",1,2,3,0.3333333333333333,6,0.5,0.4362,1,1,2,1,1D-1I-2C-1S,3,0.5,0.371,0.3889,0.7,0.5,0
Team Secret,Split,2026,fade|omen|viper|waylay|yoru,"['fade', 'omen', 'viper', 'waylay', 'yoru']",0,3,3,0.0,6,0.5,0.4362,2,1,2,0,2D-1I-2C-0S,3,0.5,0.371,0.3889,0.7,0.5,0
Team Vitality,Abyss,2026,astra|sova|veto|waylay|yoru,"['astra', 'sova', 'veto', 'waylay', 'yoru']",1,2,3,0.3333333333333333,3,1.0,0.4362,2,1,1,1,2D-1I-1C-1S,3,1.0,0.4264,0.5,1.0,1.0,0
Team Vitality,Ascent,2026,neon|omen|phoenix|sova|vyse,"['neon', 'omen', 'phoenix', 'sova', 'vyse']",0,2,2,0.0,2,1.0,0.3457,2,1,1,1,2D-1I-1C-1S,2,1.0,0.4264,0.42,1.0,1.0,0
Team Vitality,Bind,2026,brimstone|fade|neon|phoenix|viper,"['brimstone', 'fade', 'neon', 'phoenix', 'viper']",0,1,1,0.0,3,0.3333,0.2181,2,1,2,0,2D-1I-2C-0S,1,0.3333,0.4264,0.1667,0.6,0.3333,0
Team Vitality,Bind,2026,brimstone|raze|skye|tejo|viper,"['brimstone', 'raze', 'skye', 'tejo', 'viper']",0,2,2,0.0,3,0.6667,0.3457,1,2,2,0,1D-2I-2C-0S,2,0.6667,0.4264,0.1667,0.8,0.6667,0
Team Vitality,Breeze,2026,harbor|jett|kayo|sova|viper,"['harbor', 'jett', 'kayo', 'sova', 'viper']",2,2,4,0.5,8,0.5,0.5064,1,2,2,0,1D-2I-2C-0S,4,0.5,0.4264,0.6875,0.8,0.5,0
Team Vitality,Breeze,2026,jett|omen|sova|viper|yoru,"['jett', 'omen', 'sova', 'viper', 'yoru']",3,1,4,0.75,8,0.5,0.5064,2,1,2,0,2D-1I-2C-0S,4,0.5,0.4264,0.6875,0.8,0.5,0
Team Vitality,Corrode,2026,astra|chamber|phoenix|sova|yoru,"['astra', 'chamber', 'phoenix', 'sova', 'yoru']",3,0,3,1.0,3,1.0,0.4362,2,1,1,1,2D-1I-1C-1S,3,1.0,0.4264,1.0,1.0,1.0,0
Team Vitality,Haven,2026,killjoy|neon|omen|sova|viper,"['killjoy', 'neon', 'omen', 'sova', 'viper']",3,2,5,0.6,6,0.8333,0.5638,1,1,2,1,1D-1I-2C-1S,6,1.0,0.4264,0.2367,0.9667,0.8333,0
Team Vitality,Haven,2026,killjoy|omen|sova|viper|yoru,"['killjoy', 'omen', 'sova', 'viper', 'yoru']",0,1,1,0.0,6,0.1667,0.2181,1,1,2,1,1D-1I-2C-1S,6,1.0,0.4264,0.2367,0.8333,0.1667,1
Team Vitality,Lotus,2026,fade|neon|omen|viper|vyse,"['fade', 'neon', 'omen', 'viper', 'vyse']",2,2,4,0.5,4,1.0,0.5064,1,1,2,1,1D-1I-2C-1S,4,1.0,0.4264,0.5,1.0,1.0,0
Team Vitality,Pearl,2026,astra|chamber|kayo|neon|sova,"['astra', 'chamber', 'kayo', 'neon', 'sova']",4,0,4,1.0,5,0.8,0.5064,1,2,1,1,1D-2I-1C-1S,5,1.0,0.4264,0.5,0.84,0.8,0
Team Vitality,Pearl,2026,astra|fade|sage|tejo|yoru,"['astra', 'fade', 'sage', 'tejo', 'yoru']",0,1,1,0.0,5,0.2,0.2181,1,2,1,1,1D-2I-1C-1S,5,1.0,0.4264,0.5,0.36,0.2,0
Team Vitality,Split,2026,fade|neon|omen|raze|viper,"['fade', 'neon', 'omen', 'raze', 'viper']",2,2,4,0.5,4,1.0,0.5064,2,1,2,0,2D-1I-2C-0S,4,1.0,0.4264,0.4167,1.0,1.0,0
Titan Esports Club,Abyss,2026,astra|neon|sova|tejo|waylay,"['astra', 'neon', 'sova', 'tejo', 'waylay']",0,1,1,0.0,1,1.0,0.2181,2,2,1,0,2D-2I-1C-0S,1,1.0,0.3928,0.3333,1.0,1.0,0
Titan Esports Club,Bind,2026,brimstone|fade|skye|viper|waylay,"['brimstone', 'fade', 'skye', 'viper', 'waylay']",1,1,2,0.5,3,0.6667,0.3457,1,2,2,0,1D-2I-2C-0S,2,0.6667,0.3928,0.4722,0.9333,0.6667,0
Titan Esports Club,Bind,2026,brimstone|neon|skye|viper|waylay,"['brimstone', 'neon', 'skye', 'viper', 'waylay']",1,0,1,1.0,3,0.3333,0.2181,2,1,2,0,2D-1I-2C-0S,1,0.3333,0.3928,0.4722,0.8667,0.3333,0
Titan Esports Club,Breeze,2026,astra|neon|sova|viper|waylay,"['astra', 'neon', 'sova', 'viper', 'waylay']",1,3,4,0.25,6,0.6667,0.5064,2,1,2,0,2D-1I-2C-0S,6,1.0,0.3928,0.6875,0.9333,0.6667,0
Titan Esports Club,Breeze,2026,astra|neon|sova|viper|yoru,"['astra', 'neon', 'sova', 'viper', 'yoru']",1,1,2,0.5,6,0.3333,0.3457,2,1,2,0,2D-1I-2C-0S,6,1.0,0.3928,0.6875,0.8667,0.3333,0
Titan Esports Club,Corrode,2026,kayo|omen|sova|viper|waylay,"['kayo', 'omen', 'sova', 'viper', 'waylay']",1,1,2,0.5,2,1.0,0.3457,1,2,2,0,1D-2I-2C-0S,2,1.0,0.3928,0.25,1.0,1.0,0
Titan Esports Club,Fracture,2026,brimstone|cypher|neon|skye|waylay,"['brimstone', 'cypher', 'neon', 'skye', 'waylay']",3,3,6,0.5,6,1.0,0.6123,2,1,1,1,2D-1I-1C-1S,6,1.0,0.3928,0.4444,1.0,1.0,0
Titan Esports Club,Haven,2026,cypher|neon|omen|sova|waylay,"['cypher', 'neon', 'omen', 'sova', 'waylay']",0,1,1,0.0,4,0.25,0.2181,2,1,1,1,2D-1I-1C-1S,1,0.25,0.3928,0.2667,0.7,0.25,0
Titan Esports Club,Haven,2026,killjoy|neon|omen|sova|viper,"['killjoy', 'neon', 'omen', 'sova', 'viper']",2,1,3,0.6666666666666666,4,0.75,0.4362,1,1,2,1,1D-1I-2C-1S,3,0.75,0.3928,0.2667,0.9,0.75,0
Titan Esports Club,Lotus,2026,fade|neon|omen|raze|viper,"['fade', 'neon', 'omen', 'raze', 'viper']",0,2,2,0.0,2,1.0,0.3457,2,1,2,0,2D-1I-2C-0S,2,1.0,0.3928,0.2333,1.0,1.0,0
Titan Esports Club,Pearl,2026,astra|fade|killjoy|neon|phoenix,"['astra', 'fade', 'killjoy', 'neon', 'phoenix']",1,0,1,1.0,1,1.0,0.2181,2,1,1,1,2D-1I-1C-1S,1,1.0,0.3928,0.5,1.0,1.0,0
Titan Esports Club,Split,2026,fade|neon|omen|viper|yoru,"['fade', 'neon', 'omen', 'viper', 'yoru']",0,2,2,0.0,6,0.3333,0.3457,2,1,2,0,2D-1I-2C-0S,6,1.0,0.3928,0.35,0.7333,0.3333,0
Titan Esports Club,Split,2026,neon|omen|skye|viper|waylay,"['neon', 'omen', 'skye', 'viper', 'waylay']",1,3,4,0.25,6,0.6667,0.5064,2,1,2,0,2D-1I-2C-0S,6,1.0,0.3928,0.35,0.8667,0.6667,0
Trace Esports,Abyss,2026,astra|breach|sova|waylay|yoru,"['astra', 'breach', 'sova', 'waylay', 'yoru']",1,3,4,0.25,4,1.0,0.5064,2,2,1,0,2D-2I-1C-0S,4,1.0,0.3829,0.15,1.0,1.0,0
Trace Esports,Ascent,2026,jett|omen|phoenix|sova|vyse,"['jett', 'omen', 'phoenix', 'sova', 'vyse']",0,1,1,0.0,1,1.0,0.2181,2,1,1,1,2D-1I-1C-1S,1,1.0,0.3829,0.375,1.0,1.0,0
Trace Esports,Bind,2026,brimstone|fade|raze|viper|yoru,"['brimstone', 'fade', 'raze', 'viper', 'yoru']",1,1,2,0.5,5,0.4,0.3457,2,1,2,0,2D-1I-2C-0S,5,1.0,0.3829,0.4143,0.64,0.4,0
Trace Esports,Bind,2026,brimstone|neon|skye|viper|waylay,"['brimstone', 'neon', 'skye', 'viper', 'waylay']",1,2,3,0.3333333333333333,5,0.6,0.4362,2,1,2,0,2D-1I-2C-0S,5,1.0,0.3829,0.4143,0.76,0.6,0
Trace Esports,Breeze,2026,jett|omen|phoenix|sova|viper,"['jett', 'omen', 'phoenix', 'sova', 'viper']",2,1,3,0.6666666666666666,4,0.75,0.4362,2,1,2,0,2D-1I-2C-0S,4,1.0,0.3829,0.2917,0.95,0.75,0
Trace Esports,Breeze,2026,jett|omen|sova|viper|yoru,"['jett', 'omen', 'sova', 'viper', 'yoru']",0,1,1,0.0,4,0.25,0.2181,2,1,2,0,2D-1I-2C-0S,4,1.0,0.3829,0.2917,0.85,0.25,0
Trace Esports,Corrode,2026,fade|kayo|omen|viper|waylay,"['fade', 'kayo', 'omen', 'viper', 'waylay']",1,0,1,1.0,1,1.0,0.2181,1,2,2,0,1D-2I-2C-0S,1,1.0,0.3829,0.5,1.0,1.0,0
Trace Esports,Fracture,2026,breach|brimstone|cypher|neon|tejo,"['breach', 'brimstone', 'cypher', 'neon', 'tejo']",0,1,1,0.0,1,1.0,0.2181,1,2,1,1,1D-2I-1C-1S,1,1.0,0.3829,0.0,1.0,1.0,0
Trace Esports,Haven,2026,killjoy|neon|omen|sova|viper,"['killjoy', 'neon', 'omen', 'sova', 'viper']",0,3,3,0.0,3,1.0,0.4362,1,1,2,1,1D-1I-2C-1S,3,1.0,0.3829,0.3056,1.0,1.0,0
Trace Esports,Lotus,2026,fade|omen|raze|veto|viper,"['fade', 'omen', 'raze', 'veto', 'viper']",3,4,7,0.42857142857142855,7,1.0,0.6543,1,1,2,1,1D-1I-2C-1S,7,1.0,0.3829,0.559,1.0,1.0,0
Trace Esports,Pearl,2026,astra|chamber|neon|sova|tejo,"['astra', 'chamber', 'neon', 'sova', 'tejo']",0,1,1,0.0,1,1.0,0.2181,1,2,1,1,1D-2I-1C-1S,1,1.0,0.3829,0.4444,1.0,1.0,0
Trace Esports,Split,2026,neon|omen|skye|viper|waylay,"['neon', 'omen', 'skye', 'viper', 'waylay']",4,1,5,0.8,5,1.0,0.5638,2,1,2,0,2D-1I-2C-0S,5,1.0,0.3829,0.7167,1.0,1.0,0
ULF Esports,Abyss,2026,astra|breach|jett|sova|waylay,"['astra', 'breach', 'jett', 'sova', 'waylay']",1,0,1,1.0,1,1.0,0.2181,2,2,1,0,2D-2I-1C-0S,1,1.0,0.2857,1.0,1.0,1.0,0
ULF Esports,Bind,2026,brimstone|chamber|skye|viper|waylay,"['brimstone', 'chamber', 'skye', 'viper', 'waylay']",0,1,1,0.0,1,1.0,0.2181,1,1,2,1,1D-1I-2C-1S,1,1.0,0.2857,0.0,1.0,1.0,0
ULF Esports,Breeze,2026,astra|jett|neon|sova|viper,"['astra', 'jett', 'neon', 'sova', 'viper']",0,2,2,0.0,2,1.0,0.3457,2,1,2,0,2D-1I-2C-0S,2,1.0,0.2857,0.0,1.0,1.0,0
ULF Esports,Corrode,2026,astra|breach|fade|neon|omen,"['astra', 'breach', 'fade', 'neon', 'omen']",0,1,1,0.0,1,1.0,0.2181,1,2,2,0,1D-2I-2C-0S,1,1.0,0.2857,0.0,1.0,1.0,0
ULF Esports,Haven,2026,killjoy|neon|omen|sova|viper,"['killjoy', 'neon', 'omen', 'sova', 'viper']",0,1,1,0.0,1,1.0,0.2181,1,1,2,1,1D-1I-2C-1S,1,1.0,0.2857,0.0,1.0,1.0,0
ULF Esports,Pearl,2026,astra|chamber|kayo|neon|sova,"['astra', 'chamber', 'kayo', 'neon', 'sova']",0,1,1,0.0,1,1.0,0.2181,1,2,1,1,1D-2I-1C-1S,1,1.0,0.2857,0.0,1.0,1.0,0
ULF Esports,Split,2026,breach|fade|omen|viper|waylay,"['breach', 'fade', 'omen', 'viper', 'waylay']",2,0,2,1.0,2,1.0,0.3457,1,2,2,0,1D-2I-2C-0S,2,1.0,0.2857,1.0,1.0,1.0,0
VARREL,Abyss,2026,astra|harbor|sova|veto|yoru,"['astra', 'harbor', 'sova', 'veto', 'yoru']",0,1,1,0.0,1,1.0,0.2181,1,1,2,1,1D-1I-2C-1S,1,1.0,0.2024,0.0,1.0,1.0,0
VARREL,Bind,2026,astra|brimstone|raze|skye|yoru,"['astra', 'brimstone', 'raze', 'skye', 'yoru']",0,1,1,0.0,3,0.3333,0.2181,2,1,2,0,2D-1I-2C-0S,3,1.0,0.2024,0.25,0.6,0.3333,0
VARREL,Bind,2026,brimstone|neon|phoenix|skye|viper,"['brimstone', 'neon', 'phoenix', 'skye', 'viper']",1,1,2,0.5,3,0.6667,0.3457,2,1,2,0,2D-1I-2C-0S,3,1.0,0.2024,0.25,0.8,0.6667,0
VARREL,Breeze,2026,astra|jett|sova|viper|yoru,"['astra', 'jett', 'sova', 'viper', 'yoru']",0,1,1,0.0,2,0.5,0.2181,2,1,2,0,2D-1I-2C-0S,1,0.5,0.2024,0.0,0.7,0.5,0
VARREL,Breeze,2026,chamber|neon|omen|sova|viper,"['chamber', 'neon', 'omen', 'sova', 'viper']",0,1,1,0.0,2,0.5,0.2181,1,1,2,1,1D-1I-2C-1S,1,0.5,0.2024,0.0,0.7,0.5,0
VARREL,Corrode,2026,brimstone|omen|raze|sova|waylay,"['brimstone', 'omen', 'raze', 'sova', 'waylay']",1,0,1,1.0,1,1.0,0.2181,2,1,2,0,2D-1I-2C-0S,1,1.0,0.2024,1.0,1.0,1.0,0
VARREL,Fracture,2026,breach|brimstone|neon|raze|tejo,"['breach', 'brimstone', 'neon', 'raze', 'tejo']",0,2,2,0.0,2,1.0,0.3457,2,2,1,0,2D-2I-1C-0S,2,1.0,0.2024,0.0,1.0,1.0,0
VARREL,Haven,2026,cypher|jett|omen|sova|yoru,"['cypher', 'jett', 'omen', 'sova', 'yoru']",0,1,1,0.0,4,0.25,0.2181,2,1,1,1,2D-1I-1C-1S,4,1.0,0.2024,0.1667,0.7,0.25,0
VARREL,Haven,2026,cypher|neon|omen|sova|waylay,"['cypher', 'neon', 'omen', 'sova', 'waylay']",1,2,3,0.3333333333333333,4,0.75,0.4362,2,1,1,1,2D-1I-1C-1S,4,1.0,0.2024,0.1667,0.9,0.75,0
VARREL,Lotus,2026,fade|neon|omen|raze|viper,"['fade', 'neon', 'omen', 'raze', 'viper']",0,2,2,0.0,2,1.0,0.3457,2,1,2,0,2D-1I-2C-0S,2,1.0,0.2024,0.0,1.0,1.0,0
VARREL,Pearl,2026,astra|cypher|sova|waylay|yoru,"['astra', 'cypher', 'sova', 'waylay', 'yoru']",1,0,1,1.0,2,0.5,0.2181,2,1,1,1,2D-1I-1C-1S,1,0.5,0.2024,0.5,0.7,0.5,0
VARREL,Pearl,2026,astra|fade|kayo|killjoy|waylay,"['astra', 'fade', 'kayo', 'killjoy', 'waylay']",0,1,1,0.0,2,0.5,0.2181,1,2,1,1,1D-2I-1C-1S,1,0.5,0.2024,0.5,0.7,0.5,0
VARREL,Split,2026,astra|deadlock|jett|skye|tejo,"['astra', 'deadlock', 'jett', 'skye', 'tejo']",0,1,1,0.0,3,0.3333,0.2181,1,2,1,1,1D-2I-1C-1S,1,0.3333,0.2024,0.0,0.3333,0.3333,0
VARREL,Split,2026,fade|omen|raze|viper|yoru,"['fade', 'omen', 'raze', 'viper', 'yoru']",0,2,2,0.0,3,0.6667,0.3457,2,1,2,0,2D-1I-2C-0S,2,0.6667,0.2024,0.0,0.6667,0.6667,0
Wolves Esports,Abyss,2026,astra|sova|veto|waylay|yoru,"['astra', 'sova', 'veto', 'waylay', 'yoru']",1,3,4,0.25,4,1.0,0.5064,2,1,1,1,2D-1I-1C-1S,4,1.0,0.3997,0.625,1.0,1.0,0
Wolves Esports,Bind,2026,brimstone|chamber|skye|viper|waylay,"['brimstone', 'chamber', 'skye', 'viper', 'waylay']",2,1,3,0.6666666666666666,5,0.6,0.4362,1,1,2,1,1D-1I-2C-1S,3,0.6,0.3997,0.1944,0.84,0.6,0
Wolves Esports,Bind,2026,brimstone|neon|raze|skye|viper,"['brimstone', 'neon', 'raze', 'skye', 'viper']",0,2,2,0.0,5,0.4,0.3457,2,1,2,0,2D-1I-2C-0S,2,0.4,0.3997,0.1944,0.76,0.4,0
Wolves Esports,Breeze,2026,astra|jett|kayo|sova|viper,"['astra', 'jett', 'kayo', 'sova', 'viper']",0,1,1,0.0,3,0.3333,0.2181,1,2,2,0,1D-2I-2C-0S,1,0.3333,0.3997,0.1667,0.8667,0.3333,0
Wolves Esports,Breeze,2026,astra|jett|sova|viper|yoru,"['astra', 'jett', 'sova', 'viper', 'yoru']",0,2,2,0.0,3,0.6667,0.3457,2,1,2,0,2D-1I-2C-0S,2,0.6667,0.3997,0.1667,0.9333,0.6667,0
Wolves Esports,Fracture,2026,breach|brimstone|cypher|tejo|waylay,"['breach', 'brimstone', 'cypher', 'tejo', 'waylay']",1,2,3,0.3333333333333333,3,1.0,0.4362,1,2,1,1,1D-2I-1C-1S,3,1.0,0.3997,0.2222,1.0,1.0,0
Wolves Esports,Haven,2026,killjoy|neon|omen|sova|viper,"['killjoy', 'neon', 'omen', 'sova', 'viper']",2,1,3,0.6666666666666666,3,1.0,0.4362,1,1,2,1,1D-1I-2C-1S,3,1.0,0.3997,0.6389,1.0,1.0,0
Wolves Esports,Lotus,2026,fade|killjoy|omen|viper|waylay,"['fade', 'killjoy', 'omen', 'viper', 'waylay']",0,5,5,0.0,5,1.0,0.5638,1,1,2,1,1D-1I-2C-1S,5,1.0,0.3997,0.25,1.0,1.0,0
Wolves Esports,Pearl,2026,astra|fade|killjoy|tejo|yoru,"['astra', 'fade', 'killjoy', 'tejo', 'yoru']",1,0,1,1.0,2,0.5,0.2181,1,2,1,1,1D-2I-1C-1S,2,1.0,0.3997,0.9,0.8,0.5,0
Wolves Esports,Pearl,2026,astra|killjoy|sova|tejo|waylay,"['astra', 'killjoy', 'sova', 'tejo', 'waylay']",1,0,1,1.0,2,0.5,0.2181,1,2,1,1,1D-2I-1C-1S,2,1.0,0.3997,0.9,0.8,0.5,0
Wolves Esports,Split,2026,chamber|omen|raze|skye|viper,"['chamber', 'omen', 'raze', 'skye', 'viper']",0,1,1,0.0,1,1.0,0.2181,1,1,2,1,1D-1I-2C-1S,1,1.0,0.3997,0.3333,1.0,1.0,0
Xi Lai Gaming,Abyss,2026,astra|omen|sova|waylay|yoru,"['astra', 'omen', 'sova', 'waylay', 'yoru']",2,3,5,0.4,5,1.0,0.5638,2,1,2,0,2D-1I-2C-0S,5,1.0,0.5253,0.1333,1.0,1.0,0
Xi Lai Gaming,Bind,2026,brimstone|fade|viper|waylay|yoru,"['brimstone', 'fade', 'viper', 'waylay', 'yoru']",2,0,2,1.0,7,0.2857,0.3457,2,1,2,0,2D-1I-2C-0S,7,1.0,0.5253,0.85,0.7143,0.2857,0
Xi Lai Gaming,Bind,2026,brimstone|neon|skye|viper|waylay,"['brimstone', 'neon', 'skye', 'viper', 'waylay']",5,0,5,1.0,7,0.7143,0.5638,2,1,2,0,2D-1I-2C-0S,7,1.0,0.5253,0.85,0.8857,0.7143,0
Xi Lai Gaming,Breeze,2026,jett|omen|sova|viper|yoru,"['jett', 'omen', 'sova', 'viper', 'yoru']",1,1,2,0.5,7,0.2857,0.3457,2,1,2,0,2D-1I-2C-0S,2,0.2857,0.5253,0.45,0.7143,0.2857,0
Xi Lai Gaming,Breeze,2026,kayo|neon|omen|sova|viper,"['kayo', 'neon', 'omen', 'sova', 'viper']",2,3,5,0.4,7,0.7143,0.5638,1,2,2,0,1D-2I-2C-0S,5,0.7143,0.5253,0.45,0.8857,0.7143,0
Xi Lai Gaming,Fracture,2026,brimstone|cypher|neon|skye|tejo,"['brimstone', 'cypher', 'neon', 'skye', 'tejo']",1,1,2,0.5,2,1.0,0.3457,1,2,1,1,1D-2I-1C-1S,2,1.0,0.5253,0.65,1.0,1.0,0
Xi Lai Gaming,Haven,2026,killjoy|neon|omen|sova|viper,"['killjoy', 'neon', 'omen', 'sova', 'viper']",3,4,7,0.42857142857142855,7,1.0,0.6543,1,1,2,1,1D-1I-2C-1S,7,1.0,0.5253,0.619,1.0,1.0,0
Xi Lai Gaming,Lotus,2026,cypher|neon|omen|skye|viper,"['cypher', 'neon', 'omen', 'skye', 'viper']",6,2,8,0.75,8,1.0,0.6914,1,1,2,1,1D-1I-2C-1S,8,1.0,0.5253,0.7414,1.0,1.0,0
Xi Lai Gaming,Pearl,2026,astra|chamber|kayo|neon|tejo,"['astra', 'chamber', 'kayo', 'neon', 'tejo']",1,1,2,0.5,5,0.4,0.3457,1,2,1,1,1D-2I-1C-1S,2,0.4,0.5253,0.4792,0.52,0.4,0
Xi Lai Gaming,Pearl,2026,astra|fade|killjoy|waylay|yoru,"['astra', 'fade', 'killjoy', 'waylay', 'yoru']",2,1,3,0.6666666666666666,5,0.6,0.4362,2,1,1,1,2D-1I-1C-1S,3,0.6,0.5253,0.4792,0.68,0.6,0
Xi Lai Gaming,Split,2026,fade|omen|viper|waylay|yoru,"['fade', 'omen', 'viper', 'waylay', 'yoru']",2,1,3,0.6666666666666666,8,0.375,0.4362,2,1,2,0,2D-1I-2C-0S,8,1.0,0.5253,0.8167,0.75,0.375,0
Xi Lai Gaming,Split,2026,neon|omen|skye|viper|waylay,"['neon', 'omen', 'skye', 'viper', 'waylay']",3,2,5,0.6,8,0.625,0.5638,2,1,2,0,2D-1I-2C-0S,8,1.0,0.5253,0.8167,0.85,0.625,0
ZETA DIVISION,Abyss,2026,astra|omen|sova|waylay|yoru,"['astra', 'omen', 'sova', 'waylay', 'yoru']",1,1,2,0.5,2,1.0,0.3457,2,1,2,0,2D-1I-2C-0S,2,1.0,0.3396,0.5,1.0,1.0,0
ZETA DIVISION,Bind,2026,brimstone|neon|skye|viper|waylay,"['brimstone', 'neon', 'skye', 'viper', 'waylay']",1,1,2,0.5,4,0.5,0.3457,2,1,2,0,2D-1I-2C-0S,4,1.0,0.3396,0.6,0.9,0.5,0
ZETA DIVISION,Bind,2026,brimstone|raze|skye|viper|waylay,"['brimstone', 'raze', 'skye', 'viper', 'waylay']",1,1,2,0.5,4,0.5,0.3457,2,1,2,0,2D-1I-2C-0S,4,1.0,0.3396,0.6,0.9,0.5,0
ZETA DIVISION,Breeze,2026,harbor|kayo|neon|sova|viper,"['harbor', 'kayo', 'neon', 'sova', 'viper']",1,0,1,1.0,1,1.0,0.2181,1,2,2,0,1D-2I-2C-0S,1,1.0,0.3396,0.5,1.0,1.0,0
ZETA DIVISION,Corrode,2026,fade|neon|omen|viper|yoru,"['fade', 'neon', 'omen', 'viper', 'yoru']",0,1,1,0.0,1,1.0,0.2181,2,1,2,0,2D-1I-2C-0S,1,1.0,0.3396,0.25,1.0,1.0,0
ZETA DIVISION,Fracture,2026,breach|brimstone|neon|veto|waylay,"['breach', 'brimstone', 'neon', 'veto', 'waylay']",1,2,3,0.3333333333333333,3,1.0,0.4362,2,1,1,1,2D-1I-1C-1S,3,1.0,0.3396,0.1111,1.0,1.0,0
ZETA DIVISION,Haven,2026,cypher|neon|omen|skye|waylay,"['cypher', 'neon', 'omen', 'skye', 'waylay']",0,2,2,0.0,4,0.5,0.3457,2,1,1,1,2D-1I-1C-1S,4,1.0,0.3396,0.1667,0.8,0.5,0
ZETA DIVISION,Haven,2026,cypher|neon|omen|sova|yoru,"['cypher', 'neon', 'omen', 'sova', 'yoru']",0,2,2,0.0,4,0.5,0.3457,2,1,1,1,2D-1I-1C-1S,4,1.0,0.3396,0.1667,0.8,0.5,0
ZETA DIVISION,Lotus,2026,fade|neon|omen|raze|viper,"['fade', 'neon', 'omen', 'raze', 'viper']",0,2,2,0.0,2,1.0,0.3457,2,1,2,0,2D-1I-2C-0S,2,1.0,0.3396,0.375,1.0,1.0,0
ZETA DIVISION,Pearl,2026,astra|cypher|fade|neon|phoenix,"['astra', 'cypher', 'fade', 'neon', 'phoenix']",0,1,1,0.0,1,1.0,0.2181,2,1,1,1,2D-1I-1C-1S,1,1.0,0.3396,0.5,1.0,1.0,0
ZETA DIVISION,Split,2026,fade|neon|omen|viper|yoru,"['fade', 'neon', 'omen', 'viper', 'yoru']",1,2,3,0.3333333333333333,5,0.6,0.4362,2,1,2,0,2D-1I-2C-0S,5,1.0,0.3396,0.2222,0.84,0.6,0
ZETA DIVISION,Split,2026,neon|omen|skye|viper|waylay,"['neon', 'omen', 'skye', 'viper', 'waylay']",1,1,2,0.5,5,0.4,0.3457,2,1,2,0,2D-1I-2C-0S,5,1.0,0.3396,0.2222,0.76,0.4,0
